region,window,group,q,point,lo,hi,n
dmn_within,100,"('Dp1Yey', 'LCTB92')",1.0,0.2211701226234436,0.21744638681411743,0.223807398468256,8668
dmn_within,100,"('Dp1Yey', 'LCTB92')",5.0,0.24803043007850648,0.24698662757873535,0.24925434589385986,8668
dmn_within,100,"('Dp1Yey', 'LCTB92')",50.0,0.3250576853752136,0.32359722554683684,0.3269308805465698,8668
dmn_within,100,"('Dp1Yey', 'LCTB92')",95.0,0.6229987516999241,0.6106568601354956,0.6322134032845497,8668
dmn_within,100,"('Dp1Yey', 'LCTB92')",99.0,0.7018715047836304,0.6981574441790581,0.7050659427046776,8668
dmn_within,100,"('Dp1Yey', 'VEH')",1.0,0.18139636576175688,0.1763431429862976,0.19056168615818023,8668
dmn_within,100,"('Dp1Yey', 'VEH')",5.0,0.21477247774600983,0.2131542245298624,0.21642639473080635,8668
dmn_within,100,"('Dp1Yey', 'VEH')",50.0,0.32127508521080017,0.31906962022185326,0.3233554124832153,8668
dmn_within,100,"('Dp1Yey', 'VEH')",95.0,0.4611706703901291,0.4562231063842773,0.46659916639328003,8668
dmn_within,100,"('Dp1Yey', 'VEH')",99.0,0.5606305399537086,0.5437551736831665,0.5781242452412844,8668
dmn_within,100,"('WT', 'LCTB92')",1.0,0.10481485188007354,0.10338345739245415,0.10612567292153836,11032
dmn_within,100,"('WT', 'LCTB92')",5.0,0.12918940484523772,0.12753132283687593,0.13125155255198478,11032
dmn_within,100,"('WT', 'LCTB92')",50.0,0.3365948796272278,0.3326883912086487,0.34099462628364563,11032
dmn_within,100,"('WT', 'LCTB92')",95.0,0.5335371538996696,0.5293098032474516,0.5376060009002686,11032
dmn_within,100,"('WT', 'LCTB92')",99.0,0.5822260811924934,0.5792126357555389,0.5850519895553591,11032
dmn_within,100,"('WT', 'VEH')",1.0,0.16933268010616304,0.1678893029689789,0.17050418466329575,9456
dmn_within,100,"('WT', 'VEH')",5.0,0.18165938556194305,0.18044421561062335,0.1830085813999176,9456
dmn_within,100,"('WT', 'VEH')",50.0,0.3817543387413025,0.3801204562187195,0.38375982865691183,9456
dmn_within,100,"('WT', 'VEH')",95.0,0.5973296910524368,0.5912108942866325,0.6093543767929077,9456
dmn_within,100,"('WT', 'VEH')",99.0,0.6533003896474839,0.6512182012200356,0.6548204720020294,9456
dmn_within,10,"('Dp1Yey', 'LCTB92')",1.0,0.4519965201616287,0.44372820198535917,0.46100460228323936,20548
dmn_within,10,"('Dp1Yey', 'LCTB92')",5.0,0.5783455729484558,0.5729470118880272,0.5831351660564542,20548
dmn_within,10,"('Dp1Yey', 'LCTB92')",50.0,0.8161524161696434,0.8137650564312935,0.8180999413132668,20548
dmn_within,10,"('Dp1Yey', 'LCTB92')",95.0,0.969994864333421,0.9679979874938727,0.9718410062906332,20548
dmn_within,10,"('Dp1Yey', 'LCTB92')",99.0,1.0184476082772012,1.0154173141345382,1.0218048333930783,20548
dmn_within,10,"('Dp1Yey', 'VEH')",1.0,0.446619513630867,0.43783795833587646,0.4560477101802826,20548
dmn_within,10,"('Dp1Yey', 'VEH')",5.0,0.5870197638869286,0.5802990749478341,0.5940088644623757,20548
dmn_within,10,"('Dp1Yey', 'VEH')",50.0,0.8273135349154472,0.8256145268678665,0.8288075625896454,20548
dmn_within,10,"('Dp1Yey', 'VEH')",95.0,0.9609992884099483,0.9594475156487896,0.9625385209918021,20548
dmn_within,10,"('Dp1Yey', 'VEH')",99.0,1.000991396359168,0.9974533904623241,1.0043909770783503,20548
dmn_within,10,"('WT', 'LCTB92')",1.0,0.41178143858909605,0.40505117177963257,0.41703689098358154,26152
dmn_within,10,"('WT', 'LCTB92')",5.0,0.5393074706196785,0.5342502686008811,0.5440794095396996,26152
dmn_within,10,"('WT', 'LCTB92')",50.0,0.8308564200997353,0.8288244064897299,0.8327522603794932,26152
dmn_within,10,"('WT', 'LCTB92')",95.0,0.9844381900969892,0.982418341669254,0.9858436222188172,26152
dmn_within,10,"('WT', 'LCTB92')",99.0,1.0214397740177807,1.0195844173431396,1.0243315491825342,26152
dmn_within,10,"('WT', 'VEH')",1.0,0.5276335060596467,0.5201639831066132,0.5341465335711837,22416
dmn_within,10,"('WT', 'VEH')",5.0,0.6334891393780708,0.6287085818126797,0.6397391624748707,22416
dmn_within,10,"('WT', 'VEH')",50.0,0.8669251874089241,0.8653508337214589,0.8687686763703824,22416
dmn_within,10,"('WT', 'VEH')",95.0,0.9921856292057782,0.9910537727701012,0.9937801130261505,22416
dmn_within,10,"('WT', 'VEH')",99.0,1.0289000168442723,1.0260706216120161,1.0321910828351974,22416
dmn_within,11,"('Dp1Yey', 'LCTB92')",1.0,0.4280722290277481,0.4218362271785736,0.4398202760517597,20416
dmn_within,11,"('Dp1Yey', 'LCTB92')",5.0,0.558095246553421,0.5539714843034744,0.5627374026924372,20416
dmn_within,11,"('Dp1Yey', 'LCTB92')",50.0,0.7994096279144287,0.797140897065401,0.8014758354052901,20416
dmn_within,11,"('Dp1Yey', 'LCTB92')",95.0,0.9574710251763463,0.95560034327209,0.9595601091627032,20416
dmn_within,11,"('Dp1Yey', 'LCTB92')",99.0,1.0056124502560122,1.0022868812945671,1.0085297292715398,20416
dmn_within,11,"('Dp1Yey', 'VEH')",1.0,0.4184716731309891,0.4113246202468872,0.4291858017444611,20416
dmn_within,11,"('Dp1Yey', 'VEH')",5.0,0.5667728260159492,0.5604767305776477,0.573385170288384,20416
dmn_within,11,"('Dp1Yey', 'VEH')",50.0,0.8104518726468086,0.8085623668506742,0.8122910410165787,20416
dmn_within,11,"('Dp1Yey', 'VEH')",95.0,0.9492559479549527,0.9471614950802177,0.9507892621913925,20416
dmn_within,11,"('Dp1Yey', 'VEH')",99.0,0.9915161612909287,0.9878211399447173,0.9948924613732376,20416
dmn_within,11,"('WT', 'LCTB92')",1.0,0.3852034246921539,0.37696554660797116,0.39180478036403654,25984
dmn_within,11,"('WT', 'LCTB92')",5.0,0.5131564125418663,0.5070615298300981,0.5189891300722956,25984
dmn_within,11,"('WT', 'LCTB92')",50.0,0.8136916607618332,0.8116418953984976,0.8159312764182687,25984
dmn_within,11,"('WT', 'LCTB92')",95.0,0.973257630970329,0.9713278559478931,0.9752104710787535,25984
dmn_within,11,"('WT', 'LCTB92')",99.0,1.0142227912787347,1.0121982907876372,1.0164384972304101,25984
dmn_within,11,"('WT', 'VEH')",1.0,0.5046369883418084,0.4987781799435616,0.5117656828016042,22272
dmn_within,11,"('WT', 'VEH')",5.0,0.6115514770150184,0.6066183835268021,0.6172895208001137,22272
dmn_within,11,"('WT', 'VEH')",50.0,0.8529326319694519,0.8510894760489464,0.8546282574534416,22272
dmn_within,11,"('WT', 'VEH')",95.0,0.9827365417964756,0.9806403483264149,0.9844977449509316,22272
dmn_within,11,"('WT', 'VEH')",99.0,1.0195300995185972,1.0163541084672325,1.0221598595380783,22272
dmn_within,12,"('Dp1Yey', 'LCTB92')",1.0,0.4133770161867142,0.403350830078125,0.42361706495285034,20284
dmn_within,12,"('Dp1Yey', 'LCTB92')",5.0,0.5463196188211441,0.5419309093058109,0.5508058071136475,20284
dmn_within,12,"('Dp1Yey', 'LCTB92')",50.0,0.7843747138977051,0.7823174284771085,0.7864770423620939,20284
dmn_within,12,"('Dp1Yey', 'LCTB92')",95.0,0.9448545511811972,0.9426198440790176,0.9477364780660719,20284
dmn_within,12,"('Dp1Yey', 'LCTB92')",99.0,0.9934297529468306,0.9896101951599121,0.9967877832427612,20284
dmn_within,12,"('Dp1Yey', 'VEH')",1.0,0.4019196528196335,0.3955689913034439,0.4114782214164734,20284
dmn_within,12,"('Dp1Yey', 'VEH')",5.0,0.5507460430264474,0.5448582425713538,0.5567628463357687,20284
dmn_within,12,"('Dp1Yey', 'VEH')",50.0,0.7931906506419182,0.790731811709702,0.7950544059276581,20284
dmn_within,12,"('Dp1Yey', 'VEH')",95.0,0.9357876438647508,0.9335051402449608,0.9378882311284542,20284
dmn_within,12,"('Dp1Yey', 'VEH')",99.0,0.9825210821256041,0.9790105941579673,0.9846800034213807,20284
dmn_within,12,"('WT', 'LCTB92')",1.0,0.35996000170707704,0.34803694851696493,0.3695737244933843,25816
dmn_within,12,"('WT', 'LCTB92')",5.0,0.494891494512558,0.48930895812809466,0.50026074051857,25816
dmn_within,12,"('WT', 'LCTB92')",50.0,0.7987790629267693,0.7967926185578108,0.8010938763618469,25816
dmn_within,12,"('WT', 'LCTB92')",95.0,0.9604724161326885,0.9584997175261378,0.9626244008541107,25816
dmn_within,12,"('WT', 'LCTB92')",99.0,1.0085774053819476,1.006536949618021,1.011332425230648,25816
dmn_within,12,"('WT', 'VEH')",1.0,0.48517602860927583,0.4790035727620125,0.4931717304289341,22128
dmn_within,12,"('WT', 'VEH')",5.0,0.5929345518350602,0.5887159666791558,0.5985007024183869,22128
dmn_within,12,"('WT', 'VEH')",50.0,0.8410940244793892,0.8391713742166758,0.842780571244657,22128
dmn_within,12,"('WT', 'VEH')",95.0,0.9728755121119319,0.9711891436087899,0.9744952141307294,22128
dmn_within,12,"('WT', 'VEH')",99.0,1.0112839898560195,1.0088121201843023,1.015226326547563,22128
dmn_within,13,"('Dp1Yey', 'LCTB92')",1.0,0.3987408035993576,0.3899151086807251,0.40958578884601593,20152
dmn_within,13,"('Dp1Yey', 'LCTB92')",5.0,0.5325056433677673,0.5286011666059495,0.5362076904252172,20152
dmn_within,13,"('Dp1Yey', 'LCTB92')",50.0,0.7688670307397842,0.7667205259203911,0.7710131905972958,20152
dmn_within,13,"('Dp1Yey', 'LCTB92')",95.0,0.9296513050794601,0.9272570710629225,0.932703341851011,20152
dmn_within,13,"('Dp1Yey', 'LCTB92')",99.0,0.9816077795810998,0.9786481682239102,0.9853222062119749,20152
dmn_within,13,"('Dp1Yey', 'VEH')",1.0,0.39183613717556,0.3839864830374718,0.39875237230956556,20152
dmn_within,13,"('Dp1Yey', 'VEH')",5.0,0.5339088857173919,0.5283902572467923,0.5411577820777893,20152
dmn_within,13,"('Dp1Yey', 'VEH')",50.0,0.7767096310853958,0.7742870939895511,0.7788057718425989,20152
dmn_within,13,"('Dp1Yey', 'VEH')",95.0,0.9228493433445693,0.92130346596241,0.9246738210320473,20152
dmn_within,13,"('Dp1Yey', 'VEH')",99.0,0.9698373668827122,0.9674198997765779,0.9740290708299746,20152
dmn_within,13,"('WT', 'LCTB92')",1.0,0.3466422235965729,0.33847373723983765,0.3528570568859577,25648
dmn_within,13,"('WT', 'LCTB92')",5.0,0.4766357481479645,0.47184157371520996,0.48110411189496516,25648
dmn_within,13,"('WT', 'LCTB92')",50.0,0.7811122462153435,0.7789451472461224,0.7831140840426087,25648
dmn_within,13,"('WT', 'LCTB92')",95.0,0.9495745258405802,0.9475388317275792,0.9518404313223435,25648
dmn_within,13,"('WT', 'LCTB92')",99.0,1.0009464383503655,0.9984889659332111,1.003865020787343,25648
dmn_within,13,"('WT', 'VEH')",1.0,0.4687966197729111,0.46056516593694685,0.4784405827522278,21984
dmn_within,13,"('WT', 'VEH')",5.0,0.5764909863471985,0.5711360111832618,0.5824743211269379,21984
dmn_within,13,"('WT', 'VEH')",50.0,0.8273564800620079,0.8255611035972834,0.8292375853285193,21984
dmn_within,13,"('WT', 'VEH')",95.0,0.9624632256105542,0.96034407957457,0.9642967686476186,21984
dmn_within,13,"('WT', 'VEH')",99.0,1.0033182184793983,1.0004796650743584,1.007566308055771,21984
dmn_within,14,"('Dp1Yey', 'LCTB92')",1.0,0.38645377933979036,0.3792616415023804,0.39663671314716337,20020
dmn_within,14,"('Dp1Yey', 'LCTB92')",5.0,0.5151028275489807,0.510789866745472,0.5202973440289498,20020
dmn_within,14,"('Dp1Yey', 'LCTB92')",50.0,0.7555704936385155,0.7534019144251942,0.7578010322526098,20020
dmn_within,14,"('Dp1Yey', 'LCTB92')",95.0,0.9189656298607588,0.9161756104417145,0.9210453854594379,20020
dmn_within,14,"('Dp1Yey', 'LCTB92')",99.0,0.9695931466110052,0.9666760922502736,0.9729428514838219,20020
dmn_within,14,"('Dp1Yey', 'VEH')",1.0,0.3823970699310303,0.3752647638320923,0.3898672413825989,20020
dmn_within,14,"('Dp1Yey', 'VEH')",5.0,0.5182045891880989,0.5136586919426918,0.5239529311656952,20020
dmn_within,14,"('Dp1Yey', 'VEH')",50.0,0.7596097812056541,0.7574867598712445,0.7618175087496638,20020
dmn_within,14,"('Dp1Yey', 'VEH')",95.0,0.9143799934536218,0.9124963073059916,0.9161103516817093,20020
dmn_within,14,"('Dp1Yey', 'VEH')",99.0,0.9593751223385335,0.9564956767950208,0.961912834747695,20020
dmn_within,14,"('WT', 'LCTB92')",1.0,0.34088681638240814,0.3343014121055603,0.3476431089639664,25480
dmn_within,14,"('WT', 'LCTB92')",5.0,0.4622295081615448,0.4567634901404381,0.46669846773147583,25480
dmn_within,14,"('WT', 'LCTB92')",50.0,0.7650993093848228,0.7628849379718303,0.76760134100914,25480
dmn_within,14,"('WT', 'LCTB92')",95.0,0.939131187275052,0.9366036008484662,0.9414809565991163,25480
dmn_within,14,"('WT', 'LCTB92')",99.0,0.9935595647851005,0.9903988028308375,0.9960954952985048,25480
dmn_within,14,"('WT', 'VEH')",1.0,0.45163178861141207,0.446941762059927,0.45973772048950196,21840
dmn_within,14,"('WT', 'VEH')",5.0,0.5625965893268585,0.557558338418603,0.5668284471333027,21840
dmn_within,14,"('WT', 'VEH')",50.0,0.8131489008665085,0.8112617889419198,0.8151955164968967,21840
dmn_within,14,"('WT', 'VEH')",95.0,0.9510400380939246,0.9492179776355624,0.9527594504365697,21840
dmn_within,14,"('WT', 'VEH')",99.0,0.9907225375622511,0.9881906881928444,0.9945825445869705,21840
dmn_within,15,"('Dp1Yey', 'LCTB92')",1.0,0.38075109481811525,0.3721348903924227,0.3877894914150238,19888
dmn_within,15,"('Dp1Yey', 'LCTB92')",5.0,0.5005637481808662,0.4962981766462326,0.5050153732299805,19888
dmn_within,15,"('Dp1Yey', 'LCTB92')",50.0,0.7411338984966278,0.7382849037647248,0.7433448731899261,19888
dmn_within,15,"('Dp1Yey', 'LCTB92')",95.0,0.9069388609379527,0.9047019779682159,0.9090114622842519,19888
dmn_within,15,"('Dp1Yey', 'LCTB92')",99.0,0.9614718936756259,0.9581947602406149,0.9657427294151858,19888
dmn_within,15,"('Dp1Yey', 'VEH')",1.0,0.3772247737646103,0.3674611638188362,0.3879359620809555,19888
dmn_within,15,"('Dp1Yey', 'VEH')",5.0,0.5019304916262627,0.495020192861557,0.5070996131002903,19888
dmn_within,15,"('Dp1Yey', 'VEH')",50.0,0.7450339049100876,0.7431191764771938,0.7472120583057403,19888
dmn_within,15,"('Dp1Yey', 'VEH')",95.0,0.903582766279578,0.9008356365375221,0.90586411209777,19888
dmn_within,15,"('Dp1Yey', 'VEH')",99.0,0.9462888344749809,0.9442067624144256,0.9498814551485703,19888
dmn_within,15,"('WT', 'LCTB92')",1.0,0.32695787370204926,0.3184588748216629,0.3331187826395035,25312
dmn_within,15,"('WT', 'LCTB92')",5.0,0.44915237426757815,0.44368743896484375,0.45339528024196624,25312
dmn_within,15,"('WT', 'LCTB92')",50.0,0.7512617856264114,0.749264270067215,0.7534431252628565,25312
dmn_within,15,"('WT', 'LCTB92')",95.0,0.9303243581205605,0.9281855922192335,0.9325446538161486,25312
dmn_within,15,"('WT', 'LCTB92')",99.0,0.985940010473132,0.982062569222413,0.9892152491956949,25312
dmn_within,15,"('WT', 'VEH')",1.0,0.44378558695316317,0.43894726037979126,0.45169206768274306,21696
dmn_within,15,"('WT', 'VEH')",5.0,0.5479226037859917,0.5434935420751572,0.5520585378631949,21696
dmn_within,15,"('WT', 'VEH')",50.0,0.7999337837100029,0.7981886450201273,0.8018592752516269,21696
dmn_within,15,"('WT', 'VEH')",95.0,0.9410393871366978,0.9387206714600325,0.9428162121446804,21696
dmn_within,15,"('WT', 'VEH')",99.0,0.98336095912382,0.9804458357393742,0.9864525974728167,21696
dmn_within,16,"('Dp1Yey', 'LCTB92')",1.0,0.37448369562625883,0.3660197637975216,0.3869520962238312,19756
dmn_within,16,"('Dp1Yey', 'LCTB92')",5.0,0.4889722615480423,0.48446732573211193,0.492796603217721,19756
dmn_within,16,"('Dp1Yey', 'LCTB92')",50.0,0.7255735397338867,0.7234252393245697,0.7276356719434262,19756
dmn_within,16,"('Dp1Yey', 'LCTB92')",95.0,0.8953184448182583,0.8926303165499121,0.8977667391300201,19756
dmn_within,16,"('Dp1Yey', 'LCTB92')",99.0,0.9554868144914508,0.9513134997338057,0.9603994423523547,19756
dmn_within,16,"('Dp1Yey', 'VEH')",1.0,0.37735105156898496,0.3676791976392269,0.3877154482901097,19756
dmn_within,16,"('Dp1Yey', 'VEH')",5.0,0.48788559436798096,0.4811221957206726,0.4919585734605789,19756
dmn_within,16,"('Dp1Yey', 'VEH')",50.0,0.7304108738899231,0.7280108146369457,0.7329966127872467,19756
dmn_within,16,"('Dp1Yey', 'VEH')",95.0,0.8929005842655897,0.8908872689586133,0.8952758200466633,19756
dmn_within,16,"('Dp1Yey', 'VEH')",99.0,0.9413368219509721,0.9378499597217891,0.945557584241033,19756
dmn_within,16,"('WT', 'LCTB92')",1.0,0.30951284170150756,0.30317357890307906,0.31701505729556084,25144
dmn_within,16,"('WT', 'LCTB92')",5.0,0.4365067660808563,0.43121878504753114,0.44244182251393793,25144
dmn_within,16,"('WT', 'LCTB92')",50.0,0.7384129911661148,0.7364679113030433,0.7405586369335652,25144
dmn_within,16,"('WT', 'LCTB92')",95.0,0.9215013645589352,0.9186170399188995,0.9236650910228489,25144
dmn_within,16,"('WT', 'LCTB92')",99.0,0.9765952994674444,0.9726593592576682,0.9799695517867804,25144
dmn_within,16,"('WT', 'VEH')",1.0,0.43497345626354217,0.42915657818317415,0.4408652925491333,21552
dmn_within,16,"('WT', 'VEH')",5.0,0.5378432080149651,0.5338622441887856,0.5425059316679836,21552
dmn_within,16,"('WT', 'VEH')",50.0,0.7876692339777946,0.7858186781406402,0.7898105358704924,21552
dmn_within,16,"('WT', 'VEH')",95.0,0.9304126471281052,0.9283234243560583,0.931911084940657,21552
dmn_within,16,"('WT', 'VEH')",99.0,0.9755118262395265,0.9726030739955605,0.9791127149495307,21552
dmn_within,17,"('Dp1Yey', 'LCTB92')",1.0,0.37201100051403047,0.3531346321105957,0.38346487283706665,19624
dmn_within,17,"('Dp1Yey', 'LCTB92')",5.0,0.47818103432655334,0.47377392947673796,0.48213350772857666,19624
dmn_within,17,"('Dp1Yey', 'LCTB92')",50.0,0.7122358530759811,0.7098677605390549,0.7144540250301361,19624
dmn_within,17,"('Dp1Yey', 'LCTB92')",95.0,0.8867467880249021,0.8834808971360326,0.8900903496891259,19624
dmn_within,17,"('Dp1Yey', 'LCTB92')",99.0,0.9454329807311297,0.9423603191971779,0.9488971894606948,19624
dmn_within,17,"('Dp1Yey', 'VEH')",1.0,0.37271368443965913,0.36513242828845976,0.38314287960529325,19624
dmn_within,17,"('Dp1Yey', 'VEH')",5.0,0.47091716825962066,0.4665056556463242,0.4765090488642454,19624
dmn_within,17,"('Dp1Yey', 'VEH')",50.0,0.716248020529747,0.7139460433274507,0.7184918373823166,19624
dmn_within,17,"('Dp1Yey', 'VEH')",95.0,0.8815235991030931,0.8784993552882224,0.8844323474913834,19624
dmn_within,17,"('Dp1Yey', 'VEH')",99.0,0.9346093665063382,0.9313206970691681,0.9386286317426711,19624
dmn_within,17,"('WT', 'LCTB92')",1.0,0.3022129386663437,0.2960740625858307,0.30885106325149536,24976
dmn_within,17,"('WT', 'LCTB92')",5.0,0.427062451839447,0.42140390127897265,0.43141984939575195,24976
dmn_within,17,"('WT', 'LCTB92')",50.0,0.7249870747327805,0.72278305105865,0.7276295125484467,24976
dmn_within,17,"('WT', 'LCTB92')",95.0,0.9120751582086086,0.9098406356293708,0.9148384560830891,24976
dmn_within,17,"('WT', 'LCTB92')",99.0,0.9676442472264171,0.963762553408742,0.9712864118628204,24976
dmn_within,17,"('WT', 'VEH')",1.0,0.4229473084211349,0.41865354776382446,0.42865237474441525,21408
dmn_within,17,"('WT', 'VEH')",5.0,0.5292570933699607,0.5242302273958921,0.5335715728625656,21408
dmn_within,17,"('WT', 'VEH')",50.0,0.7772376388311386,0.7752616384997963,0.779101481102407,21408
dmn_within,17,"('WT', 'VEH')",95.0,0.9218779798597098,0.9199983082711696,0.9234119623899459,21408
dmn_within,17,"('WT', 'VEH')",99.0,0.9644407133385541,0.9607942121848464,0.9673566147685051,21408
dmn_within,18,"('Dp1Yey', 'LCTB92')",1.0,0.36205404162406923,0.34537637531757354,0.3785873055458069,19492
dmn_within,18,"('Dp1Yey', 'LCTB92')",5.0,0.4677869886159897,0.46310360424220565,0.47242890045046804,19492
dmn_within,18,"('Dp1Yey', 'LCTB92')",50.0,0.700371190905571,0.697749026119709,0.7024723462760448,19492
dmn_within,18,"('Dp1Yey', 'LCTB92')",95.0,0.878152510151267,0.8749747477471829,0.8808122128248215,19492
dmn_within,18,"('Dp1Yey', 'LCTB92')",99.0,0.933271594941616,0.9309291765093803,0.9377254284918308,19492
dmn_within,18,"('Dp1Yey', 'VEH')",1.0,0.368439057469368,0.3611447616964578,0.37676342859864226,19492
dmn_within,18,"('Dp1Yey', 'VEH')",5.0,0.4643788725137711,0.4600041128695011,0.46990036964416504,19492
dmn_within,18,"('Dp1Yey', 'VEH')",50.0,0.7045136094093323,0.7020529508590698,0.7066226743161679,19492
dmn_within,18,"('Dp1Yey', 'VEH')",95.0,0.8668484888970852,0.8642268481478096,0.8692053064703942,19492
dmn_within,18,"('Dp1Yey', 'VEH')",99.0,0.9245061518996954,0.9203203657809645,0.9276529460400343,19492
dmn_within,18,"('WT', 'LCTB92')",1.0,0.29662280559539794,0.2897001583874226,0.302150194555521,24808
dmn_within,18,"('WT', 'LCTB92')",5.0,0.4155645102262497,0.410771381855011,0.42099374525249006,24808
dmn_within,18,"('WT', 'LCTB92')",50.0,0.7115709185600281,0.709373326972127,0.7138661485165357,24808
dmn_within,18,"('WT', 'LCTB92')",95.0,0.9054038863629102,0.9028923449665308,0.9078024741634726,24808
dmn_within,18,"('WT', 'LCTB92')",99.0,0.9601280388236046,0.9556184096261859,0.9635243714358658,24808
dmn_within,18,"('WT', 'VEH')",1.0,0.4155557632446289,0.41147100925445557,0.4209495788812637,21264
dmn_within,18,"('WT', 'VEH')",5.0,0.5175594300031662,0.5124232783168554,0.522202904522419,21264
dmn_within,18,"('WT', 'VEH')",50.0,0.7662045806646347,0.7642254780977964,0.7684142589569092,21264
dmn_within,18,"('WT', 'VEH')",95.0,0.9132703207433224,0.911635656338185,0.9152219019737092,21264
dmn_within,18,"('WT', 'VEH')",99.0,0.9549952895566817,0.9518309601396322,0.9597921818494797,21264
dmn_within,19,"('Dp1Yey', 'LCTB92')",1.0,0.3560804897546768,0.3385525345802307,0.3734613060951233,19360
dmn_within,19,"('Dp1Yey', 'LCTB92')",5.0,0.4560749173164368,0.4522148370742798,0.4610303899645805,19360
dmn_within,19,"('Dp1Yey', 'LCTB92')",50.0,0.6890570223331451,0.6870709776878356,0.6914019584655762,19360
dmn_within,19,"('Dp1Yey', 'LCTB92')",95.0,0.868849590420723,0.8657497112080454,0.8718570023775101,19360
dmn_within,19,"('Dp1Yey', 'LCTB92')",99.0,0.9236821266263723,0.9200423861090093,0.9283804816212504,19360
dmn_within,19,"('Dp1Yey', 'VEH')",1.0,0.3639408338069916,0.3578711152076721,0.3718689370155335,19360
dmn_within,19,"('Dp1Yey', 'VEH')",5.0,0.45436781644821167,0.4500364661216736,0.45987819679081443,19360
dmn_within,19,"('Dp1Yey', 'VEH')",50.0,0.6913831681013107,0.6887249507009983,0.6937030591070652,19360
dmn_within,19,"('Dp1Yey', 'VEH')",95.0,0.8546513579785824,0.8517056949436664,0.8575953082367778,19360
dmn_within,19,"('Dp1Yey', 'VEH')",99.0,0.9125287554413081,0.9104943546652794,0.9149040815234184,19360
dmn_within,19,"('WT', 'LCTB92')",1.0,0.2935119432210922,0.287587014734745,0.3000298236310482,24640
dmn_within,19,"('WT', 'LCTB92')",5.0,0.40342373549938204,0.3985670459270477,0.407973039150238,24640
dmn_within,19,"('WT', 'LCTB92')",50.0,0.6995746940374374,0.6975339993834495,0.7019853789359332,24640
dmn_within,19,"('WT', 'LCTB92')",95.0,0.8949328914284705,0.8926068367157132,0.8982494123280048,24640
dmn_within,19,"('WT', 'LCTB92')",99.0,0.952434064000845,0.9489225898310543,0.9560970439761879,24640
dmn_within,19,"('WT', 'VEH')",1.0,0.40795149028301236,0.402711797952652,0.41459399461746216,21120
dmn_within,19,"('WT', 'VEH')",5.0,0.5057003289461136,0.5008352994918823,0.5109947987273336,21120
dmn_within,19,"('WT', 'VEH')",50.0,0.7553452700376511,0.7532578397542238,0.757442631945014,21120
dmn_within,19,"('WT', 'VEH')",95.0,0.903647942841053,0.901743294056505,0.9057268989924342,21120
dmn_within,19,"('WT', 'VEH')",99.0,0.9488245065882803,0.9449399448931217,0.9517466276884079,21120
dmn_within,20,"('Dp1Yey', 'LCTB92')",1.0,0.35182559669017793,0.3386279344558716,0.36118608713150024,19228
dmn_within,20,"('Dp1Yey', 'LCTB92')",5.0,0.44352251589298247,0.44039732217788696,0.4485845625400543,19228
dmn_within,20,"('Dp1Yey', 'LCTB92')",50.0,0.6770413964986801,0.6748667307198047,0.6794411938637495,19228
dmn_within,20,"('Dp1Yey', 'LCTB92')",95.0,0.8615200005471706,0.858335551675409,0.8648165298998355,19228
dmn_within,20,"('Dp1Yey', 'LCTB92')",99.0,0.9175045096874237,0.9130281617417931,0.9210303485374898,19228
dmn_within,20,"('Dp1Yey', 'VEH')",1.0,0.36138431310653685,0.3537991935014725,0.3677869246006012,19228
dmn_within,20,"('Dp1Yey', 'VEH')",5.0,0.4480726271867752,0.4444830924272537,0.45209950536489485,19228
dmn_within,20,"('Dp1Yey', 'VEH')",50.0,0.6789469569921494,0.676969413459301,0.6810252800583839,19228
dmn_within,20,"('Dp1Yey', 'VEH')",95.0,0.843618331849575,0.8406980782747269,0.8459866344928739,19228
dmn_within,20,"('Dp1Yey', 'VEH')",99.0,0.9024764601141214,0.8984711439907549,0.9063632553070784,19228
dmn_within,20,"('WT', 'LCTB92')",1.0,0.2885957837104797,0.2809427546262741,0.2959378955811262,24472
dmn_within,20,"('WT', 'LCTB92')",5.0,0.39153299629688265,0.3846544901281595,0.3979012097418308,24472
dmn_within,20,"('WT', 'LCTB92')",50.0,0.6875167042016983,0.685023856908083,0.6901828050613403,24472
dmn_within,20,"('WT', 'LCTB92')",95.0,0.8836186014115811,0.880317368861288,0.8862601094972342,24472
dmn_within,20,"('WT', 'LCTB92')",99.0,0.9461978850141168,0.9419512462615971,0.9479989180611447,24472
dmn_within,20,"('WT', 'VEH')",1.0,0.39947208762168884,0.3941059112548828,0.4049707934260368,20976
dmn_within,20,"('WT', 'VEH')",5.0,0.4979328215122223,0.49313978739082814,0.5037630014121532,20976
dmn_within,20,"('WT', 'VEH')",50.0,0.7450654357671738,0.7431145928800106,0.7471880178898573,20976
dmn_within,20,"('WT', 'VEH')",95.0,0.8961463961750269,0.8939520097337663,0.8986621732823551,20976
dmn_within,20,"('WT', 'VEH')",99.0,0.9417560743167996,0.9389541185460984,0.9467282308265567,20976
dmn_within,21,"('Dp1Yey', 'LCTB92')",1.0,0.3461513310670853,0.34015618219971655,0.3534866839647293,19096
dmn_within,21,"('Dp1Yey', 'LCTB92')",5.0,0.43532052636146545,0.4326556008309126,0.438777207583189,19096
dmn_within,21,"('Dp1Yey', 'LCTB92')",50.0,0.6638264656066895,0.6612540453672409,0.666128845512867,19096
dmn_within,21,"('Dp1Yey', 'LCTB92')",95.0,0.8531121164560318,0.8499227166175842,0.8564274907112122,19096
dmn_within,21,"('Dp1Yey', 'LCTB92')",99.0,0.9103189777582884,0.9062050804495811,0.9151355981826782,19096
dmn_within,21,"('Dp1Yey', 'VEH')",1.0,0.34558536708354953,0.33716684579849243,0.3572438945621252,19096
dmn_within,21,"('Dp1Yey', 'VEH')",5.0,0.4425632953643799,0.4388977587223053,0.44599299840629103,19096
dmn_within,21,"('Dp1Yey', 'VEH')",50.0,0.6677450686693192,0.6653856687247753,0.670024149492383,19096
dmn_within,21,"('Dp1Yey', 'VEH')",95.0,0.8313479200005531,0.8285226449370384,0.8334804326295853,19096
dmn_within,21,"('Dp1Yey', 'VEH')",99.0,0.8895044956356285,0.8859167236834764,0.8931077644228935,19096
dmn_within,21,"('WT', 'LCTB92')",1.0,0.2736719501018524,0.266868793964386,0.2804864287376404,24304
dmn_within,21,"('WT', 'LCTB92')",5.0,0.37957040071487425,0.3741746164858341,0.3859102664887905,24304
dmn_within,21,"('WT', 'LCTB92')",50.0,0.6753172278404236,0.6728489946573972,0.6772360645234585,24304
dmn_within,21,"('WT', 'LCTB92')",95.0,0.8704841896891592,0.867977167032659,0.8736372609436511,24304
dmn_within,21,"('WT', 'LCTB92')",99.0,0.9371154334396125,0.9341848371922971,0.9400425739586353,24304
dmn_within,21,"('WT', 'VEH')",1.0,0.3818904209136963,0.37649559140205385,0.3898842930793762,20832
dmn_within,21,"('WT', 'VEH')",5.0,0.49168752431869506,0.48552125692367554,0.4964946091920137,20832
dmn_within,21,"('WT', 'VEH')",50.0,0.7346991151571274,0.7324256598949432,0.7368210885673762,20832
dmn_within,21,"('WT', 'VEH')",95.0,0.887442347407341,0.8855477049946785,0.8899057976901531,20832
dmn_within,21,"('WT', 'VEH')",99.0,0.9403039593622088,0.9365765866786236,0.9435000970363616,20832
dmn_within,22,"('Dp1Yey', 'LCTB92')",1.0,0.3467350697517395,0.34147536754608154,0.35158265233039854,18964
dmn_within,22,"('Dp1Yey', 'LCTB92')",5.0,0.4280605763196945,0.42420369386672974,0.4324256181716919,18964
dmn_within,22,"('Dp1Yey', 'LCTB92')",50.0,0.6523355096578598,0.6499056369066238,0.6548538506031036,18964
dmn_within,22,"('Dp1Yey', 'LCTB92')",95.0,0.8435452096164225,0.840344374626875,0.846494830679148,18964
dmn_within,22,"('Dp1Yey', 'LCTB92')",99.0,0.9019845145940778,0.8970014213714748,0.9049035012722015,18964
dmn_within,22,"('Dp1Yey', 'VEH')",1.0,0.3404753029346466,0.3335245054960251,0.34854140914976595,18964
dmn_within,22,"('Dp1Yey', 'VEH')",5.0,0.4379447281360626,0.4339925915002823,0.44227282106876376,18964
dmn_within,22,"('Dp1Yey', 'VEH')",50.0,0.6556046158075333,0.6533021379262209,0.6578645695000886,18964
dmn_within,22,"('Dp1Yey', 'VEH')",95.0,0.8206508412957191,0.8179109860025343,0.8227739018201828,18964
dmn_within,22,"('Dp1Yey', 'VEH')",99.0,0.8760332456976175,0.8730972153171895,0.8796450279653072,18964
dmn_within,22,"('WT', 'LCTB92')",1.0,0.26578191816806795,0.25924657583236693,0.27196242809295657,24136
dmn_within,22,"('WT', 'LCTB92')",5.0,0.3688756674528122,0.36293791234493256,0.3729984909296036,24136
dmn_within,22,"('WT', 'LCTB92')",50.0,0.6624305546283722,0.6602880079299212,0.6653303071856499,24136
dmn_within,22,"('WT', 'LCTB92')",95.0,0.8606941811740398,0.8582894518040121,0.8633524924516678,24136
dmn_within,22,"('WT', 'LCTB92')",99.0,0.9308104123920203,0.9269905317574744,0.9337951451726257,24136
dmn_within,22,"('WT', 'VEH')",1.0,0.37369958341121673,0.36894514568150044,0.3791557550430298,20688
dmn_within,22,"('WT', 'VEH')",5.0,0.48349952399730683,0.47874033004045485,0.48919550180435184,20688
dmn_within,22,"('WT', 'VEH')",50.0,0.723440408706665,0.7209383532404899,0.725815013051033,20688
dmn_within,22,"('WT', 'VEH')",95.0,0.8815396804362534,0.8789749518036842,0.8834675487782805,20688
dmn_within,22,"('WT', 'VEH')",99.0,0.9355064254999161,0.9322392258793116,0.9394139952063566,20688
dmn_within,23,"('Dp1Yey', 'LCTB92')",1.0,0.3450082641839981,0.3404048103094101,0.3488076329231262,18832
dmn_within,23,"('Dp1Yey', 'LCTB92')",5.0,0.41902724504470823,0.41589494578540326,0.42320429652929303,18832
dmn_within,23,"('Dp1Yey', 'LCTB92')",50.0,0.6425185203552246,0.6402773927897215,0.6450797397643327,18832
dmn_within,23,"('Dp1Yey', 'LCTB92')",95.0,0.8330718114972114,0.8298700027167797,0.8368954598717391,18832
dmn_within,23,"('Dp1Yey', 'LCTB92')",99.0,0.8913038155436515,0.8874321598242967,0.8949305787682533,18832
dmn_within,23,"('Dp1Yey', 'VEH')",1.0,0.3387258678674698,0.3284046232700348,0.3486027717590332,18832
dmn_within,23,"('Dp1Yey', 'VEH')",5.0,0.4329427480697632,0.42926687002182007,0.4360749453306198,18832
dmn_within,23,"('Dp1Yey', 'VEH')",50.0,0.6443880647420883,0.6422963134944439,0.6463267963379622,18832
dmn_within,23,"('Dp1Yey', 'VEH')",95.0,0.8083194129168988,0.8056456126645207,0.8106374973990024,18832
dmn_within,23,"('Dp1Yey', 'VEH')",99.0,0.8681343984603876,0.8613586298339063,0.8715272409543395,18832
dmn_within,23,"('WT', 'LCTB92')",1.0,0.2626547169685364,0.25552379369735717,0.2683854675292969,23968
dmn_within,23,"('WT', 'LCTB92')",5.0,0.3569616675376892,0.35327684581279756,0.3612679180502892,23968
dmn_within,23,"('WT', 'LCTB92')",50.0,0.6531576812267303,0.6510129489004612,0.6552867889404297,23968
dmn_within,23,"('WT', 'LCTB92')",95.0,0.8532692760229108,0.8512410335242747,0.8561258870363234,23968
dmn_within,23,"('WT', 'LCTB92')",99.0,0.9225735397636888,0.9193708804249758,0.9253176376223564,23968
dmn_within,23,"('WT', 'VEH')",1.0,0.3611981701850891,0.3565821051597595,0.3667788350433111,20544
dmn_within,23,"('WT', 'VEH')",5.0,0.47254806756973267,0.46834921367466453,0.4774762795865536,20544
dmn_within,23,"('WT', 'VEH')",50.0,0.7132719308137894,0.7107039976865053,0.7154196795076132,20544
dmn_within,23,"('WT', 'VEH')",95.0,0.8769308958202601,0.8749632637761534,0.8790595690533518,20544
dmn_within,23,"('WT', 'VEH')",99.0,0.931596277207136,0.9290126167237758,0.9350904339551925,20544
dmn_within,24,"('Dp1Yey', 'LCTB92')",1.0,0.3448461478948593,0.34201813280582427,0.34732911348342893,18700
dmn_within,24,"('Dp1Yey', 'LCTB92')",5.0,0.4103906214237213,0.4072330364584923,0.4138649452477694,18700
dmn_within,24,"('Dp1Yey', 'LCTB92')",50.0,0.6319047659635544,0.6297569707036018,0.6341119188815355,18700
dmn_within,24,"('Dp1Yey', 'LCTB92')",95.0,0.8231816612184047,0.8198321583867072,0.8258636603876947,18700
dmn_within,24,"('Dp1Yey', 'LCTB92')",99.0,0.8776267289370296,0.8737701177597046,0.88233335602656,18700
dmn_within,24,"('Dp1Yey', 'VEH')",1.0,0.33363292694091795,0.32490544199943544,0.34104734659194946,18700
dmn_within,24,"('Dp1Yey', 'VEH')",5.0,0.4264980614185333,0.42217232584953307,0.43056555688381193,18700
dmn_within,24,"('Dp1Yey', 'VEH')",50.0,0.6341345459222794,0.6313982307910919,0.6360772684216499,18700
dmn_within,24,"('Dp1Yey', 'VEH')",95.0,0.795090290904045,0.7917854449339211,0.797656261920929,18700
dmn_within,24,"('Dp1Yey', 'VEH')",99.0,0.8557346297800534,0.8525685358047481,0.8620274323821063,18700
dmn_within,24,"('WT', 'LCTB92')",1.0,0.25631873607635497,0.24827831983566284,0.26224708557128906,23800
dmn_within,24,"('WT', 'LCTB92')",5.0,0.3490187466144562,0.3444359749555588,0.35383261755108836,23800
dmn_within,24,"('WT', 'LCTB92')",50.0,0.6439605951309204,0.6417141679674387,0.6464236378669739,23800
dmn_within,24,"('WT', 'LCTB92')",95.0,0.8461914621293545,0.84323345053941,0.8488864287734031,23800
dmn_within,24,"('WT', 'LCTB92')",99.0,0.9142023237794638,0.909889277821405,0.9168997859954833,23800
dmn_within,24,"('WT', 'VEH')",1.0,0.3474815183877945,0.342828186750412,0.35332067759335034,20400
dmn_within,24,"('WT', 'VEH')",5.0,0.46096225678920744,0.4555457554757595,0.46607748277485367,20400
dmn_within,24,"('WT', 'VEH')",50.0,0.7033773809671402,0.7008602090179921,0.7056488644331693,20400
dmn_within,24,"('WT', 'VEH')",95.0,0.873151122778654,0.8703362646326422,0.875661252066493,20400
dmn_within,24,"('WT', 'VEH')",99.0,0.9280628197640178,0.9239446958955377,0.9328348413109779,20400
dmn_within,25,"('Dp1Yey', 'LCTB92')",1.0,0.34237008929252627,0.3393436074256897,0.3465554392337799,18568
dmn_within,25,"('Dp1Yey', 'LCTB92')",5.0,0.4031644821166992,0.4000205005705357,0.4071768134832382,18568
dmn_within,25,"('Dp1Yey', 'LCTB92')",50.0,0.6219681203365326,0.6202483378350735,0.6244774837046861,18568
dmn_within,25,"('Dp1Yey', 'LCTB92')",95.0,0.8135542601346969,0.8110826992802317,0.8155953940376639,18568
dmn_within,25,"('Dp1Yey', 'LCTB92')",99.0,0.8675858229398725,0.8644028660170734,0.8706499679610133,18568
dmn_within,25,"('Dp1Yey', 'VEH')",1.0,0.33435569286346434,0.329585884809494,0.3404921889305115,18568
dmn_within,25,"('Dp1Yey', 'VEH')",5.0,0.4186834037303925,0.41498656272888185,0.42236489057540894,18568
dmn_within,25,"('Dp1Yey', 'VEH')",50.0,0.6249746680259705,0.622664999216795,0.6269364211708307,18568
dmn_within,25,"('Dp1Yey', 'VEH')",95.0,0.7820083133876322,0.779856925215572,0.7844245206192135,18568
dmn_within,25,"('Dp1Yey', 'VEH')",99.0,0.8423217374086377,0.8386552873291072,0.8470061609335243,18568
dmn_within,25,"('WT', 'LCTB92')",1.0,0.2443874055147171,0.23979838013648988,0.25004693053662774,23632
dmn_within,25,"('WT', 'LCTB92')",5.0,0.3413634657859802,0.33767381906509397,0.3465760886669159,23632
dmn_within,25,"('WT', 'LCTB92')",50.0,0.6350042372941971,0.6328191608190536,0.6374033402651549,23632
dmn_within,25,"('WT', 'LCTB92')",95.0,0.8368493065238,0.8342252470552921,0.8395934335887433,23632
dmn_within,25,"('WT', 'LCTB92')",99.0,0.9032506829500189,0.8991519041359423,0.907498337328434,23632
dmn_within,25,"('WT', 'VEH')",1.0,0.33829436004161834,0.3348287343978882,0.34334200620651245,20256
dmn_within,25,"('WT', 'VEH')",5.0,0.4470032602548599,0.4431314881891012,0.45215579085052016,20256
dmn_within,25,"('WT', 'VEH')",50.0,0.6945047974586487,0.6919248349964618,0.6967189386487007,20256
dmn_within,25,"('WT', 'VEH')",95.0,0.8673899993300438,0.8648614883422852,0.869449214078486,20256
dmn_within,25,"('WT', 'VEH')",99.0,0.921891362592578,0.9178337518125773,0.9252367511391643,20256
dmn_within,26,"('Dp1Yey', 'LCTB92')",1.0,0.3378560543060303,0.3355498304963112,0.33983850479125977,18436
dmn_within,26,"('Dp1Yey', 'LCTB92')",5.0,0.39752888679504395,0.39362433962523935,0.4017060399055481,18436
dmn_within,26,"('Dp1Yey', 'LCTB92')",50.0,0.6123895645141602,0.6099225964397192,0.6141777239739895,18436
dmn_within,26,"('Dp1Yey', 'LCTB92')",95.0,0.8057449385523796,0.803068220615387,0.8084080594591796,18436
dmn_within,26,"('Dp1Yey', 'LCTB92')",99.0,0.8589172326028349,0.854872717317194,0.8623847573995591,18436
dmn_within,26,"('Dp1Yey', 'VEH')",1.0,0.33254674077033997,0.32782262563705444,0.3384278515726328,18436
dmn_within,26,"('Dp1Yey', 'VEH')",5.0,0.411170095205307,0.40672828257083893,0.41559518277645113,18436
dmn_within,26,"('Dp1Yey', 'VEH')",50.0,0.614754855632782,0.6126660257577896,0.6170662604272366,18436
dmn_within,26,"('Dp1Yey', 'VEH')",95.0,0.7737462595105171,0.7714471645653248,0.7758379206061363,18436
dmn_within,26,"('Dp1Yey', 'VEH')",99.0,0.8260668247938162,0.8220563530921936,0.8333354860916743,18436
dmn_within,26,"('WT', 'LCTB92')",1.0,0.2339080947637558,0.2307401826530695,0.23815589131414888,23464
dmn_within,26,"('WT', 'LCTB92')",5.0,0.33714717626571655,0.33210891462862496,0.34211957454681396,23464
dmn_within,26,"('WT', 'LCTB92')",50.0,0.6269757747650146,0.6243088781833649,0.6292449839413166,23464
dmn_within,26,"('WT', 'LCTB92')",95.0,0.826228118687868,0.823848670348525,0.8292307147756217,23464
dmn_within,26,"('WT', 'LCTB92')",99.0,0.8939823299646378,0.889071022570133,0.8982016146183014,23464
dmn_within,26,"('WT', 'VEH')",1.0,0.3355161738395691,0.33096426725387573,0.34201371669769287,20112
dmn_within,26,"('WT', 'VEH')",5.0,0.4347708523273468,0.42915526643395424,0.44008045792579653,20112
dmn_within,26,"('WT', 'VEH')",50.0,0.6857371479272842,0.6839273273944855,0.6883330643177032,20112
dmn_within,26,"('WT', 'VEH')",95.0,0.861315181106329,0.8593515650555493,0.8636729836463929,20112
dmn_within,26,"('WT', 'VEH')",99.0,0.9183239337056875,0.9154333882778883,0.9214304424822329,20112
dmn_within,27,"('Dp1Yey', 'LCTB92')",1.0,0.3311159962415695,0.3285832405090332,0.3341299033164978,18304
dmn_within,27,"('Dp1Yey', 'LCTB92')",5.0,0.3921872884035111,0.38843435049057007,0.39533353999257087,18304
dmn_within,27,"('Dp1Yey', 'LCTB92')",50.0,0.6027878969907761,0.6006395891308784,0.605104235932231,18304
dmn_within,27,"('Dp1Yey', 'LCTB92')",95.0,0.7959270387887953,0.7928426071815192,0.7989242121577262,18304
dmn_within,27,"('Dp1Yey', 'LCTB92')",99.0,0.8505937831103806,0.8468866653218873,0.8538099248707296,18304
dmn_within,27,"('Dp1Yey', 'VEH')",1.0,0.3306651204824448,0.32369673252105713,0.33622436797618865,18304
dmn_within,27,"('Dp1Yey', 'VEH')",5.0,0.40641877353191375,0.4025046874582767,0.4106867352128029,18304
dmn_within,27,"('Dp1Yey', 'VEH')",50.0,0.6064718812704086,0.6043698992580175,0.6083109319210053,18304
dmn_within,27,"('Dp1Yey', 'VEH')",95.0,0.7660044066607952,0.76369708776474,0.7686316050402816,18304
dmn_within,27,"('Dp1Yey', 'VEH')",99.0,0.8121377933025361,0.8085688774287701,0.8165951083600521,18304
dmn_within,27,"('WT', 'LCTB92')",1.0,0.22618666291236877,0.22267673507332802,0.23080963492393494,23296
dmn_within,27,"('WT', 'LCTB92')",5.0,0.3314380943775177,0.3270606994628906,0.3361704349517822,23296
dmn_within,27,"('WT', 'LCTB92')",50.0,0.6191055774688721,0.6162022352218628,0.6213356215506792,23296
dmn_within,27,"('WT', 'LCTB92')",95.0,0.817037183791399,0.8147547505795956,0.8192754537798465,23296
dmn_within,27,"('WT', 'LCTB92')",99.0,0.8791489273309707,0.8739769321680069,0.8889605741947886,23296
dmn_within,27,"('WT', 'VEH')",1.0,0.33258302450180055,0.3271316885948181,0.3402709025144577,19968
dmn_within,27,"('WT', 'VEH')",5.0,0.42480731904506686,0.4182248875498772,0.4307234168052673,19968
dmn_within,27,"('WT', 'VEH')",50.0,0.6780583411455154,0.6755905125290156,0.6803747266530991,19968
dmn_within,27,"('WT', 'VEH')",95.0,0.8541600503027438,0.8518587350845337,0.8574727334082126,19968
dmn_within,27,"('WT', 'VEH')",99.0,0.9169486851990222,0.9128950387239456,0.9204568832423533,19968
dmn_within,28,"('Dp1Yey', 'LCTB92')",1.0,0.32632516622543334,0.3235259934961796,0.32855301797389985,18172
dmn_within,28,"('Dp1Yey', 'LCTB92')",5.0,0.3862163871526718,0.382133349776268,0.38977131463587283,18172
dmn_within,28,"('Dp1Yey', 'LCTB92')",50.0,0.5928016901016235,0.5912127230316401,0.5947323590517044,18172
dmn_within,28,"('Dp1Yey', 'LCTB92')",95.0,0.7846997424960137,0.7815684187598526,0.7884321831166745,18172
dmn_within,28,"('Dp1Yey', 'LCTB92')",99.0,0.8431068800389768,0.8382305159159007,0.8485390837490566,18172
dmn_within,28,"('Dp1Yey', 'VEH')",1.0,0.3285050964355469,0.3251251530647278,0.33350098252296445,18172
dmn_within,28,"('Dp1Yey', 'VEH')",5.0,0.40294550359249115,0.39942637167871,0.4070654362440109,18172
dmn_within,28,"('Dp1Yey', 'VEH')",50.0,0.5969614535570145,0.5951848857104778,0.5990195859223604,18172
dmn_within,28,"('Dp1Yey', 'VEH')",95.0,0.7556942358613015,0.7540217432007196,0.7581666693091392,18172
dmn_within,28,"('Dp1Yey', 'VEH')",99.0,0.8041445297002793,0.8007556073367595,0.8083812296390533,18172
dmn_within,28,"('WT', 'LCTB92')",1.0,0.2188674306869507,0.2147337794303894,0.22207951486110689,23128
dmn_within,28,"('WT', 'LCTB92')",5.0,0.3209524154663086,0.313570645004511,0.32720681458711626,23128
dmn_within,28,"('WT', 'LCTB92')",50.0,0.6112970858812332,0.6090230941772461,0.6134125497192144,23128
dmn_within,28,"('WT', 'LCTB92')",95.0,0.8072716459631919,0.8051938854902982,0.8096375316381454,23128
dmn_within,28,"('WT', 'LCTB92')",99.0,0.8674878425896165,0.862386720329523,0.8728095471411943,23128
dmn_within,28,"('WT', 'VEH')",1.0,0.3283059525489807,0.3211510181427002,0.33386980414390566,19824
dmn_within,28,"('WT', 'VEH')",5.0,0.4140134632587433,0.4087417183071375,0.42150384187698364,19824
dmn_within,28,"('WT', 'VEH')",50.0,0.6699957549571991,0.6676156520843506,0.67246382124722,19824
dmn_within,28,"('WT', 'VEH')",95.0,0.8487153939902782,0.8456714226305485,0.8520852660574018,19824
dmn_within,28,"('WT', 'VEH')",99.0,0.9151461220532656,0.910205027371645,0.9189054230079058,19824
dmn_within,29,"('Dp1Yey', 'LCTB92')",1.0,0.32183407485485077,0.3183294761329889,0.325207736492157,18040
dmn_within,29,"('Dp1Yey', 'LCTB92')",5.0,0.3799563556909561,0.3763436138629913,0.3833237212896347,18040
dmn_within,29,"('Dp1Yey', 'LCTB92')",50.0,0.5850244760513306,0.5833676904439926,0.5869374096393585,18040
dmn_within,29,"('Dp1Yey', 'LCTB92')",95.0,0.7749073535203933,0.7712887727096677,0.777856658026576,18040
dmn_within,29,"('Dp1Yey', 'LCTB92')",99.0,0.8357933928072453,0.8323911061435938,0.8398097604513168,18040
dmn_within,29,"('Dp1Yey', 'VEH')",1.0,0.3292765438556671,0.32400941848754883,0.3334215497970581,18040
dmn_within,29,"('Dp1Yey', 'VEH')",5.0,0.3968308627605438,0.3931682201474905,0.4007484170794487,18040
dmn_within,29,"('Dp1Yey', 'VEH')",50.0,0.5879562348127365,0.5862989809364081,0.5899050906300545,18040
dmn_within,29,"('Dp1Yey', 'VEH')",95.0,0.7461542934179306,0.743624511398375,0.7491116046905517,18040
dmn_within,29,"('Dp1Yey', 'VEH')",99.0,0.8001763366162779,0.7945764660835266,0.8047842386364942,18040
dmn_within,29,"('WT', 'LCTB92')",1.0,0.21309499084949493,0.2082164461016655,0.218089799284935,22960
dmn_within,29,"('WT', 'LCTB92')",5.0,0.31038346886634827,0.3051546812057495,0.317390344068408,22960
dmn_within,29,"('WT', 'LCTB92')",50.0,0.60474893450737,0.6025008387863636,0.6066846549510956,22960
dmn_within,29,"('WT', 'LCTB92')",95.0,0.7994103170931339,0.7966927699744701,0.8019658476114273,22960
dmn_within,29,"('WT', 'LCTB92')",99.0,0.8564971213042736,0.85247847667709,0.860756689555943,22960
dmn_within,29,"('WT', 'VEH')",1.0,0.32038896679878237,0.3149601012468338,0.3259405928850174,19680
dmn_within,29,"('WT', 'VEH')",5.0,0.40416122376918795,0.4005146661400795,0.4101228773593903,19680
dmn_within,29,"('WT', 'VEH')",50.0,0.6610907316207886,0.6587105382233858,0.6631416082382202,19680
dmn_within,29,"('WT', 'VEH')",95.0,0.8435767993330956,0.840886028315872,0.84636049779132,19680
dmn_within,29,"('WT', 'VEH')",99.0,0.9135979843884706,0.9081034640576684,0.9177747251093388,19680
dmn_within,30,"('Dp1Yey', 'LCTB92')",1.0,0.3169412225484848,0.31347272266447546,0.32183022263646127,17908
dmn_within,30,"('Dp1Yey', 'LCTB92')",5.0,0.3749327927827835,0.37096148736774925,0.37837733924388883,17908
dmn_within,30,"('Dp1Yey', 'LCTB92')",50.0,0.5772425085306168,0.5751450061798096,0.5789638046175242,17908
dmn_within,30,"('Dp1Yey', 'LCTB92')",95.0,0.7653543435037136,0.7621195052191614,0.7689330369234084,17908
dmn_within,30,"('Dp1Yey', 'LCTB92')",99.0,0.8274985663592815,0.8235042244195938,0.8312344700098038,17908
dmn_within,30,"('Dp1Yey', 'VEH')",1.0,0.32502884924411773,0.3202050082981587,0.3304882633686066,17908
dmn_within,30,"('Dp1Yey', 'VEH')",5.0,0.3918249011039734,0.38729172945022583,0.395573353767395,17908
dmn_within,30,"('Dp1Yey', 'VEH')",50.0,0.5802086591720581,0.5784571237862111,0.5818723291158676,17908
dmn_within,30,"('Dp1Yey', 'VEH')",95.0,0.7384593859314915,0.7354236384108662,0.7409670576453207,17908
dmn_within,30,"('Dp1Yey', 'VEH')",99.0,0.7927646116912367,0.7882583570480347,0.7975039738416673,17908
dmn_within,30,"('WT', 'LCTB92')",1.0,0.20799528777599335,0.20395549063384533,0.21233699925243854,22792
dmn_within,30,"('WT', 'LCTB92')",5.0,0.30171113312244413,0.29468750655651094,0.30842020735144615,22792
dmn_within,30,"('WT', 'LCTB92')",50.0,0.5979186296463013,0.5956462051719427,0.6001122787594795,22792
dmn_within,30,"('WT', 'LCTB92')",95.0,0.7910519771277905,0.7886250294186176,0.7930335882492363,22792
dmn_within,30,"('WT', 'LCTB92')",99.0,0.8464172086119652,0.84317152389884,0.8502120747715236,22792
dmn_within,30,"('WT', 'VEH')",1.0,0.3119518876075745,0.30536245316267013,0.31959468126296997,19536
dmn_within,30,"('WT', 'VEH')",5.0,0.39800629019737244,0.3939886000007391,0.40201902389526367,19536
dmn_within,30,"('WT', 'VEH')",50.0,0.6526372730731964,0.6504231221973896,0.6552106481045484,19536
dmn_within,30,"('WT', 'VEH')",95.0,0.8389187641441822,0.8358399304561317,0.8418723121285439,19536
dmn_within,30,"('WT', 'VEH')",99.0,0.9137766830623151,0.9096501246094704,0.916969008743763,19536
dmn_within,31,"('Dp1Yey', 'LCTB92')",1.0,0.3137877881526947,0.30805426836013794,0.31828117594122884,17776
dmn_within,31,"('Dp1Yey', 'LCTB92')",5.0,0.37059077620506287,0.365419003367424,0.3742868900299072,17776
dmn_within,31,"('Dp1Yey', 'LCTB92')",50.0,0.56961989402771,0.5672960575670004,0.5715017691254616,17776
dmn_within,31,"('Dp1Yey', 'LCTB92')",95.0,0.7573997676372528,0.7541687650606036,0.7607116758823395,17776
dmn_within,31,"('Dp1Yey', 'LCTB92')",99.0,0.8179285228252411,0.8140053600072861,0.8223510533571243,17776
dmn_within,31,"('Dp1Yey', 'VEH')",1.0,0.31852930784225464,0.31498654186725616,0.32446151971817017,17776
dmn_within,31,"('Dp1Yey', 'VEH')",5.0,0.3865921348333359,0.3835519552230835,0.3898159861564636,17776
dmn_within,31,"('Dp1Yey', 'VEH')",50.0,0.5723538845777512,0.5706622514873743,0.5741569940000772,17776
dmn_within,31,"('Dp1Yey', 'VEH')",95.0,0.7280656844377518,0.7259969675913454,0.7308108806610107,17776
dmn_within,31,"('Dp1Yey', 'VEH')",99.0,0.7837625667452812,0.7801319807767868,0.7889878451824188,17776
dmn_within,31,"('WT', 'LCTB92')",1.0,0.20465540111064912,0.200603447958827,0.2087381110340357,22624
dmn_within,31,"('WT', 'LCTB92')",5.0,0.29121044278144836,0.28495150804519653,0.2983582681417465,22624
dmn_within,31,"('WT', 'LCTB92')",50.0,0.5909886360168457,0.5884955625981092,0.5929174348711967,22624
dmn_within,31,"('WT', 'LCTB92')",95.0,0.7823375180363654,0.7799490243196487,0.7841621340624988,22624
dmn_within,31,"('WT', 'LCTB92')",99.0,0.8400524374842645,0.8365497091412545,0.8437435030937195,22624
dmn_within,31,"('WT', 'VEH')",1.0,0.3050396454334259,0.2988022518157959,0.3110263592004776,19392
dmn_within,31,"('WT', 'VEH')",5.0,0.3908662050962448,0.3863428496569395,0.3943314128369093,19392
dmn_within,31,"('WT', 'VEH')",50.0,0.6459897309541702,0.6436997950077057,0.6481857746839523,19392
dmn_within,31,"('WT', 'VEH')",95.0,0.8337079383432865,0.830339936222881,0.837592232786119,19392
dmn_within,31,"('WT', 'VEH')",99.0,0.9079929584264755,0.903401647316292,0.9160278147961944,19392
dmn_within,32,"('Dp1Yey', 'LCTB92')",1.0,0.3025591039657593,0.2987226128578186,0.3114241415262222,17644
dmn_within,32,"('Dp1Yey', 'LCTB92')",5.0,0.3662547320127487,0.3619955433905125,0.3700213898718357,17644
dmn_within,32,"('Dp1Yey', 'LCTB92')",50.0,0.5619505643844604,0.5598929226398468,0.563851960003376,17644
dmn_within,32,"('Dp1Yey', 'LCTB92')",95.0,0.7501935645937918,0.746185381449759,0.7536026137694715,17644
dmn_within,32,"('Dp1Yey', 'LCTB92')",99.0,0.8062931238114833,0.8017094092033803,0.8111635744571686,17644
dmn_within,32,"('Dp1Yey', 'VEH')",1.0,0.3184582269191742,0.3117210865020752,0.3242813885211945,17644
dmn_within,32,"('Dp1Yey', 'VEH')",5.0,0.3841661036014557,0.38172619640827177,0.38665294647216797,17644
dmn_within,32,"('Dp1Yey', 'VEH')",50.0,0.5648405849933624,0.5631780505180359,0.5667103961110115,17644
dmn_within,32,"('Dp1Yey', 'VEH')",95.0,0.7201370969414711,0.7182466939091683,0.7222959583997727,17644
dmn_within,32,"('Dp1Yey', 'VEH')",99.0,0.7745430010557175,0.771414585929364,0.7789725363254547,17644
dmn_within,32,"('WT', 'LCTB92')",1.0,0.20179665386676787,0.19875012338161469,0.20496716648340224,22456
dmn_within,32,"('WT', 'LCTB92')",5.0,0.28073543310165405,0.2745060343295336,0.286653995513916,22456
dmn_within,32,"('WT', 'LCTB92')",50.0,0.5832136869430542,0.5809497036039829,0.5856649935245514,22456
dmn_within,32,"('WT', 'LCTB92')",95.0,0.7750751227140427,0.7727623885497451,0.7771119348704815,22456
dmn_within,32,"('WT', 'LCTB92')",99.0,0.8333063796162605,0.8289928004145625,0.83662049472332,22456
dmn_within,32,"('WT', 'VEH')",1.0,0.2963407039642334,0.2873456701040268,0.3057208693027496,19248
dmn_within,32,"('WT', 'VEH')",5.0,0.3822396516799927,0.3780603975057602,0.38687396980822086,19248
dmn_within,32,"('WT', 'VEH')",50.0,0.6400743722915649,0.6376320719718933,0.6421262610703706,19248
dmn_within,32,"('WT', 'VEH')",95.0,0.8292631894350047,0.8249137848615646,0.8322147437930107,19248
dmn_within,32,"('WT', 'VEH')",99.0,0.8987217783927917,0.8934694189690044,0.9069434702396393,19248
dmn_within,33,"('Dp1Yey', 'LCTB92')",1.0,0.29608444690704344,0.2914278507232666,0.30015146315097807,17512
dmn_within,33,"('Dp1Yey', 'LCTB92')",5.0,0.3628616362810135,0.35940974950790405,0.3666894095391035,17512
dmn_within,33,"('Dp1Yey', 'LCTB92')",50.0,0.5541951358318329,0.5521567013114691,0.5560271047055722,17512
dmn_within,33,"('Dp1Yey', 'LCTB92')",95.0,0.7399138882756233,0.7364135667681695,0.7430723971128465,17512
dmn_within,33,"('Dp1Yey', 'LCTB92')",99.0,0.7977736634016036,0.7923617762327193,0.8029399666450915,17512
dmn_within,33,"('Dp1Yey', 'VEH')",1.0,0.3187744104862213,0.3122544652223587,0.3231930962055921,17512
dmn_within,33,"('Dp1Yey', 'VEH')",5.0,0.37919544577598574,0.3766760493069887,0.38309821419417855,17512
dmn_within,33,"('Dp1Yey', 'VEH')",50.0,0.5589661002159119,0.5573204085230827,0.560768761113286,17512
dmn_within,33,"('Dp1Yey', 'VEH')",95.0,0.713542078435421,0.7111826404929161,0.715401599444449,17512
dmn_within,33,"('Dp1Yey', 'VEH')",99.0,0.7679519492387772,0.7623257826268672,0.7720238256566226,17512
dmn_within,33,"('WT', 'LCTB92')",1.0,0.198471342921257,0.19437474012374878,0.20110447588562966,22288
dmn_within,33,"('WT', 'LCTB92')",5.0,0.27068881392478944,0.2643238753080368,0.27916876375675204,22288
dmn_within,33,"('WT', 'LCTB92')",50.0,0.5754483789205551,0.5729606505483389,0.5778385195881128,22288
dmn_within,33,"('WT', 'LCTB92')",95.0,0.7681177854537964,0.7656539717875415,0.7709396863356233,22288
dmn_within,33,"('WT', 'LCTB92')",99.0,0.8245739333331586,0.821837807148695,0.8295609460510316,22288
dmn_within,33,"('WT', 'VEH')",1.0,0.29123786330223084,0.2805379959642887,0.3012908601760864,19104
dmn_within,33,"('WT', 'VEH')",5.0,0.3754078567028046,0.37158918380737305,0.3786319402605295,19104
dmn_within,33,"('WT', 'VEH')",50.0,0.6340140700340271,0.632002430409193,0.6360670629888773,19104
dmn_within,33,"('WT', 'VEH')",95.0,0.8238815560936926,0.8206053615361449,0.826724418029189,19104
dmn_within,33,"('WT', 'VEH')",99.0,0.8917887325584893,0.8858443114906551,0.8969515338540077,19104
dmn_within,34,"('Dp1Yey', 'LCTB92')",1.0,0.2917629712820053,0.28739190101623535,0.2950870200544596,17380
dmn_within,34,"('Dp1Yey', 'LCTB92')",5.0,0.3603430360555649,0.35621833711862566,0.36272618494927883,17380
dmn_within,34,"('Dp1Yey', 'LCTB92')",50.0,0.5464347451925278,0.5446181271225214,0.5483512841165066,17380
dmn_within,34,"('Dp1Yey', 'LCTB92')",95.0,0.7301106095314025,0.7272575351223349,0.7325149819999933,17380
dmn_within,34,"('Dp1Yey', 'LCTB92')",99.0,0.7924749030172824,0.7885921722240739,0.7971715983562169,17380
dmn_within,34,"('Dp1Yey', 'VEH')",1.0,0.31675437211990354,0.3104757797718048,0.3223342299461365,17380
dmn_within,34,"('Dp1Yey', 'VEH')",5.0,0.37672629058361057,0.3732877057790756,0.3811576634645462,17380
dmn_within,34,"('Dp1Yey', 'VEH')",50.0,0.5539654344320297,0.5519989717751741,0.5562298271805048,17380
dmn_within,34,"('Dp1Yey', 'VEH')",95.0,0.7055388078093529,0.703423166424036,0.7079440747201442,17380
dmn_within,34,"('Dp1Yey', 'VEH')",99.0,0.7592481337487696,0.7532466050982475,0.7635192190110683,17380
dmn_within,34,"('WT', 'LCTB92')",1.0,0.1936967170238495,0.1919885265827179,0.19602072352170943,22120
dmn_within,34,"('WT', 'LCTB92')",5.0,0.26103112399578093,0.25443437695503235,0.2685588598251343,22120
dmn_within,34,"('WT', 'LCTB92')",50.0,0.5690419226884842,0.5669635243713855,0.5711702104657889,22120
dmn_within,34,"('WT', 'LCTB92')",95.0,0.7613344259560106,0.7589468938298524,0.7640296287834644,22120
dmn_within,34,"('WT', 'LCTB92')",99.0,0.8175260385870934,0.813162895668298,0.8210600912570953,22120
dmn_within,34,"('WT', 'VEH')",1.0,0.2839028662443161,0.27803721487522126,0.29331302642822266,18960
dmn_within,34,"('WT', 'VEH')",5.0,0.3699745833873749,0.3654695431143045,0.3744467496871948,18960
dmn_within,34,"('WT', 'VEH')",50.0,0.627661257982254,0.6253196507692337,0.6299975357949734,18960
dmn_within,34,"('WT', 'VEH')",95.0,0.8195763371884822,0.8161044238135217,0.8224903911352156,18960
dmn_within,34,"('WT', 'VEH')",99.0,0.8829680531471967,0.8792334785107523,0.8912668922226874,18960
dmn_within,35,"('Dp1Yey', 'LCTB92')",1.0,0.29007245182991026,0.28161478221416475,0.2932586674839258,17248
dmn_within,35,"('Dp1Yey', 'LCTB92')",5.0,0.3556266039609909,0.35191869877278803,0.3588019626587629,17248
dmn_within,35,"('Dp1Yey', 'LCTB92')",50.0,0.5389281511306763,0.5372347362339497,0.5408858444541693,17248
dmn_within,35,"('Dp1Yey', 'LCTB92')",95.0,0.722059091925621,0.7182819249853492,0.7247928857803344,17248
dmn_within,35,"('Dp1Yey', 'LCTB92')",99.0,0.7854558888077735,0.7804645448923111,0.790086949318647,17248
dmn_within,35,"('Dp1Yey', 'VEH')",1.0,0.31374209344387055,0.30845907151699065,0.318196512311697,17248
dmn_within,35,"('Dp1Yey', 'VEH')",5.0,0.37427064776420593,0.3687158226966858,0.3783482180535793,17248
dmn_within,35,"('Dp1Yey', 'VEH')",50.0,0.5494766235351562,0.54734724201262,0.5516163878142833,17248
dmn_within,35,"('Dp1Yey', 'VEH')",95.0,0.6989407569169996,0.6965131002664565,0.7019889339804645,17248
dmn_within,35,"('Dp1Yey', 'VEH')",99.0,0.7490303537249564,0.7455550177693367,0.7540610040836033,17248
dmn_within,35,"('WT', 'LCTB92')",1.0,0.1914975416660309,0.18864983320236206,0.19291081184148787,21952
dmn_within,35,"('WT', 'LCTB92')",5.0,0.25185270309448243,0.2470044358819723,0.2581830124557018,21952
dmn_within,35,"('WT', 'LCTB92')",50.0,0.5624032020568848,0.5604459024965763,0.5644817166030407,21952
dmn_within,35,"('WT', 'LCTB92')",95.0,0.7556857839226723,0.7534712312184274,0.7581489980593323,21952
dmn_within,35,"('WT', 'LCTB92')",99.0,0.8112246005237108,0.8073037272207447,0.8144404483288527,21952
dmn_within,35,"('WT', 'VEH')",1.0,0.2767649829387665,0.27134744822978973,0.28681514859199525,18816
dmn_within,35,"('WT', 'VEH')",5.0,0.3650962561368942,0.36121484637260437,0.36946453154087067,18816
dmn_within,35,"('WT', 'VEH')",50.0,0.6226970851421356,0.6202324215322733,0.6253311779350043,18816
dmn_within,35,"('WT', 'VEH')",95.0,0.8124992996454239,0.8095566413365305,0.8159426536411047,18816
dmn_within,35,"('WT', 'VEH')",99.0,0.8776414643973108,0.8719107665121552,0.8840133970696479,18816
dmn_within,36,"('Dp1Yey', 'LCTB92')",1.0,0.2813159763813019,0.27537642121315004,0.2879682051390409,17116
dmn_within,36,"('Dp1Yey', 'LCTB92')",5.0,0.3512093126773834,0.3476138457655907,0.3545528300106525,17116
dmn_within,36,"('Dp1Yey', 'LCTB92')",50.0,0.5326916724443436,0.5310642573982477,0.5345275402069092,17116
dmn_within,36,"('Dp1Yey', 'LCTB92')",95.0,0.7147765010595322,0.7110984297469258,0.7172441780567169,17116
dmn_within,36,"('Dp1Yey', 'LCTB92')",99.0,0.7780043698847292,0.7744758665561672,0.7819753609597677,17116
dmn_within,36,"('Dp1Yey', 'VEH')",1.0,0.3132181853055954,0.3072009784728289,0.31705957651138306,17116
dmn_within,36,"('Dp1Yey', 'VEH')",5.0,0.369747057557106,0.36648526787757874,0.3731492180377245,17116
dmn_within,36,"('Dp1Yey', 'VEH')",50.0,0.5439192354679108,0.5422208327800035,0.5460911501199007,17116
dmn_within,36,"('Dp1Yey', 'VEH')",95.0,0.6930841282010078,0.691450834646821,0.6955137794837356,17116
dmn_within,36,"('Dp1Yey', 'VEH')",99.0,0.7401897042989728,0.7365897816047066,0.7423751023039221,17116
dmn_within,36,"('WT', 'LCTB92')",1.0,0.1867942303419113,0.18410849571228027,0.1888129872083664,21784
dmn_within,36,"('WT', 'LCTB92')",5.0,0.24469247460365295,0.24062714777886868,0.2511229813098908,21784
dmn_within,36,"('WT', 'LCTB92')",50.0,0.5560501664876938,0.5539039690047503,0.5580072958022356,21784
dmn_within,36,"('WT', 'LCTB92')",95.0,0.7503505155444142,0.7478080093860626,0.7527436939440666,21784
dmn_within,36,"('WT', 'LCTB92')",99.0,0.8034479483962058,0.8009590338543057,0.8084259657338257,21784
dmn_within,36,"('WT', 'VEH')",1.0,0.27375025033950806,0.2669279932975769,0.28076624870300293,18672
dmn_within,36,"('WT', 'VEH')",5.0,0.36041594147682193,0.3561890870332718,0.36519779078662395,18672
dmn_within,36,"('WT', 'VEH')",50.0,0.6170174926519394,0.6140210330486298,0.6197399202734232,18672
dmn_within,36,"('WT', 'VEH')",95.0,0.8075658909976483,0.8038055177778006,0.8109618470072747,18672
dmn_within,36,"('WT', 'VEH')",99.0,0.87351813018322,0.8679714478179812,0.8783159777522087,18672
dmn_within,37,"('Dp1Yey', 'LCTB92')",1.0,0.27479810893535617,0.2678489685058594,0.2818226073235274,16984
dmn_within,37,"('Dp1Yey', 'LCTB92')",5.0,0.34626627862453463,0.34389982745051384,0.3496600353717804,16984
dmn_within,37,"('Dp1Yey', 'LCTB92')",50.0,0.5271692872047424,0.5253477998077869,0.5290112048387527,16984
dmn_within,37,"('Dp1Yey', 'LCTB92')",95.0,0.7079923450946808,0.7053748875856399,0.7110662283748388,16984
dmn_within,37,"('Dp1Yey', 'LCTB92')",99.0,0.7743365722894667,0.7698087839260696,0.7769994288682938,16984
dmn_within,37,"('Dp1Yey', 'VEH')",1.0,0.3104613125324249,0.30651076018810275,0.3158375854194164,16984
dmn_within,37,"('Dp1Yey', 'VEH')",5.0,0.36540054678916933,0.3619073510169983,0.368847131729126,16984
dmn_within,37,"('Dp1Yey', 'VEH')",50.0,0.5384568125009537,0.5366975367069244,0.540351353213191,16984
dmn_within,37,"('Dp1Yey', 'VEH')",95.0,0.6889777600765228,0.6864749193191528,0.6911306938156485,16984
dmn_within,37,"('Dp1Yey', 'VEH')",99.0,0.730365490913391,0.7281131950989365,0.7328334116935729,16984
dmn_within,37,"('WT', 'LCTB92')",1.0,0.18008967339992524,0.17802315652370454,0.18313089311122893,21616
dmn_within,37,"('WT', 'LCTB92')",5.0,0.24021078646183014,0.23664557188749313,0.24389314278960228,21616
dmn_within,37,"('WT', 'LCTB92')",50.0,0.5494170486927032,0.54740284755826,0.5512332022190094,21616
dmn_within,37,"('WT', 'LCTB92')",95.0,0.7445858344435692,0.7415541278198361,0.7467514537274837,21616
dmn_within,37,"('WT', 'LCTB92')",99.0,0.7967252701520918,0.79203523248434,0.8008750071749091,21616
dmn_within,37,"('WT', 'VEH')",1.0,0.2720058512687683,0.2646799212694168,0.2797556906491518,18528
dmn_within,37,"('WT', 'VEH')",5.0,0.3561414659023285,0.35346466302871704,0.3594582676887512,18528
dmn_within,37,"('WT', 'VEH')",50.0,0.6114246100187302,0.6085183918476105,0.6144992873072624,18528
dmn_within,37,"('WT', 'VEH')",95.0,0.8041720621287821,0.8013513575494289,0.8074764609336853,18528
dmn_within,37,"('WT', 'VEH')",99.0,0.8685065788030624,0.8648509724214671,0.8732523965612053,18528
dmn_within,38,"('Dp1Yey', 'LCTB92')",1.0,0.2731929910182953,0.2665330296754837,0.2784507855474949,16852
dmn_within,38,"('Dp1Yey', 'LCTB92')",5.0,0.3433956474065781,0.34048649549484256,0.3463606403768063,16852
dmn_within,38,"('Dp1Yey', 'LCTB92')",50.0,0.521235316991806,0.5194852896034717,0.5231296923011541,16852
dmn_within,38,"('Dp1Yey', 'LCTB92')",95.0,0.7000825509428977,0.6979270279407501,0.7031789124011993,16852
dmn_within,38,"('Dp1Yey', 'LCTB92')",99.0,0.7692106758058072,0.7644251357503236,0.7738045980036259,16852
dmn_within,38,"('Dp1Yey', 'VEH')",1.0,0.31071393489837645,0.3056866526603699,0.3145431130826473,16852
dmn_within,38,"('Dp1Yey', 'VEH')",5.0,0.36147141754627227,0.35833721108734606,0.3650126288831234,16852
dmn_within,38,"('Dp1Yey', 'VEH')",50.0,0.5333831757307053,0.5315271049737931,0.5352802276611328,16852
dmn_within,38,"('Dp1Yey', 'VEH')",95.0,0.6841859370470047,0.6817455098032952,0.6862191259860992,16852
dmn_within,38,"('Dp1Yey', 'VEH')",99.0,0.7206603619456294,0.7185381990894676,0.7247559726238251,16852
dmn_within,38,"('WT', 'LCTB92')",1.0,0.17717231392860414,0.17489877879619598,0.18050909353792668,21448
dmn_within,38,"('WT', 'LCTB92')",5.0,0.23400491774082186,0.2299124147742987,0.23813183754682543,21448
dmn_within,38,"('WT', 'LCTB92')",50.0,0.5419120937585831,0.5399474844336509,0.5442638486623764,21448
dmn_within,38,"('WT', 'LCTB92')",95.0,0.7374603167176246,0.7355608055368066,0.7395115910097954,21448
dmn_within,38,"('WT', 'LCTB92')",99.0,0.7885250902175901,0.7845588506758212,0.7925276872515679,21448
dmn_within,38,"('WT', 'VEH')",1.0,0.2693106245994568,0.26491438801586625,0.2779299922585487,18384
dmn_within,38,"('WT', 'VEH')",5.0,0.35204850733280185,0.34780774466693404,0.35526528060436247,18384
dmn_within,38,"('WT', 'VEH')",50.0,0.6076202690601349,0.6049195278435946,0.6104436486959457,18384
dmn_within,38,"('WT', 'VEH')",95.0,0.7998759113252163,0.7965905219316483,0.8028759790584445,18384
dmn_within,38,"('WT', 'VEH')",99.0,0.8658046905696376,0.8626344352960587,0.8689416199922562,18384
dmn_within,39,"('Dp1Yey', 'LCTB92')",1.0,0.27298503458499906,0.26648393511772156,0.2783322644084692,16720
dmn_within,39,"('Dp1Yey', 'LCTB92')",5.0,0.33991982936859133,0.3376067431271076,0.3426584628969431,16720
dmn_within,39,"('Dp1Yey', 'LCTB92')",50.0,0.5146321952342987,0.5126166187226773,0.5167275052517653,16720
dmn_within,39,"('Dp1Yey', 'LCTB92')",95.0,0.6938120424747467,0.6911936527490616,0.6967844242602587,16720
dmn_within,39,"('Dp1Yey', 'LCTB92')",99.0,0.7629798127710825,0.7581207583546652,0.7678112751245505,16720
dmn_within,39,"('Dp1Yey', 'VEH')",1.0,0.30503611266613007,0.30011026859283446,0.309441459774971,16720
dmn_within,39,"('Dp1Yey', 'VEH')",5.0,0.3582745999097824,0.3557357907295227,0.3611799228191376,16720
dmn_within,39,"('Dp1Yey', 'VEH')",50.0,0.5278918743133545,0.5258822739124298,0.5302157994359732,16720
dmn_within,39,"('Dp1Yey', 'VEH')",95.0,0.6771819725632667,0.6750733527168631,0.6792435020208358,16720
dmn_within,39,"('Dp1Yey', 'VEH')",99.0,0.7149480643868447,0.7127038405761125,0.7174011561274529,16720
dmn_within,39,"('WT', 'LCTB92')",1.0,0.17528431117534637,0.17145026445388795,0.17896345913410186,21280
dmn_within,39,"('WT', 'LCTB92')",5.0,0.22728143334388734,0.22376668453216553,0.23194383181631564,21280
dmn_within,39,"('WT', 'LCTB92')",50.0,0.5342589169740677,0.5320096544921398,0.53640366345644,21280
dmn_within,39,"('WT', 'LCTB92')",95.0,0.731514447927475,0.7295396998524666,0.7340616025030613,21280
dmn_within,39,"('WT', 'LCTB92')",99.0,0.7847894269227981,0.7808401844874023,0.7895223670899868,21280
dmn_within,39,"('WT', 'VEH')",1.0,0.26620361506938933,0.262199843198061,0.2748521246910095,18240
dmn_within,39,"('WT', 'VEH')",5.0,0.34654839932918546,0.34265272200107577,0.3507492899894714,18240
dmn_within,39,"('WT', 'VEH')",50.0,0.6043595969676971,0.6025912143290043,0.6064701527357101,18240
dmn_within,39,"('WT', 'VEH')",95.0,0.7944759078323841,0.7908745668828486,0.7971641421318054,18240
dmn_within,39,"('WT', 'VEH')",99.0,0.8620074598491192,0.8592296002209189,0.8661379367113113,18240
dmn_within,40,"('Dp1Yey', 'LCTB92')",1.0,0.2756285625696182,0.2650395631790161,0.28389312674105166,16588
dmn_within,40,"('Dp1Yey', 'LCTB92')",5.0,0.3370061725378036,0.334893189817667,0.34011935912072655,16588
dmn_within,40,"('Dp1Yey', 'LCTB92')",50.0,0.5096204280853271,0.5076271168887615,0.5115161828696728,16588
dmn_within,40,"('Dp1Yey', 'LCTB92')",95.0,0.6886789053678513,0.6856238409876823,0.6917876765504479,16588
dmn_within,40,"('Dp1Yey', 'LCTB92')",99.0,0.756604065746069,0.7517189723365009,0.7613364640884102,16588
dmn_within,40,"('Dp1Yey', 'VEH')",1.0,0.29760904490947726,0.29292455554008484,0.3033005452156067,16588
dmn_within,40,"('Dp1Yey', 'VEH')",5.0,0.3553418070077896,0.35250049255788324,0.3578821138292551,16588
dmn_within,40,"('Dp1Yey', 'VEH')",50.0,0.522246465086937,0.5203111223876477,0.5244708307087421,16588
dmn_within,40,"('Dp1Yey', 'VEH')",95.0,0.6721142724156379,0.6705894886702298,0.6737747803330422,16588
dmn_within,40,"('Dp1Yey', 'VEH')",99.0,0.7067771986126901,0.7030340153202415,0.7095527052879333,16588
dmn_within,40,"('WT', 'LCTB92')",1.0,0.17064974069595337,0.16818926513195037,0.17365897834300995,21112
dmn_within,40,"('WT', 'LCTB92')",5.0,0.22233393788337708,0.21868288218975065,0.22595499753952025,21112
dmn_within,40,"('WT', 'LCTB92')",50.0,0.527940422296524,0.5255618572235108,0.5298871882259846,21112
dmn_within,40,"('WT', 'LCTB92')",95.0,0.7255859985947609,0.723299898505211,0.7280328949540855,21112
dmn_within,40,"('WT', 'LCTB92')",99.0,0.7785937148332595,0.7742435266412795,0.783244188427925,21112
dmn_within,40,"('WT', 'VEH')",1.0,0.26274849474430084,0.2599581956863403,0.2687698006629944,18096
dmn_within,40,"('WT', 'VEH')",5.0,0.34041889011859894,0.33748696111142634,0.34401253834366796,18096
dmn_within,40,"('WT', 'VEH')",50.0,0.5999378114938736,0.5978825729340315,0.6020129457116127,18096
dmn_within,40,"('WT', 'VEH')",95.0,0.7881553806364536,0.785572447348386,0.791679635643959,18096
dmn_within,40,"('WT', 'VEH')",99.0,0.8609370306134223,0.8557941140048204,0.8659700021147726,18096
dmn_within,41,"('Dp1Yey', 'LCTB92')",1.0,0.2774944007396698,0.2634541770070792,0.28427648544311523,16456
dmn_within,41,"('Dp1Yey', 'LCTB92')",5.0,0.3356979936361313,0.33392671681940556,0.3379002809524536,16456
dmn_within,41,"('Dp1Yey', 'LCTB92')",50.0,0.5050876587629318,0.5028675261884927,0.5069505423307419,16456
dmn_within,41,"('Dp1Yey', 'LCTB92')",95.0,0.6837403550744057,0.6800948455929756,0.6878184378147125,16456
dmn_within,41,"('Dp1Yey', 'LCTB92')",99.0,0.7505919158458711,0.7456671983003618,0.7576812481507659,16456
dmn_within,41,"('Dp1Yey', 'VEH')",1.0,0.297568479180336,0.29282534420490264,0.29987967766821383,16456
dmn_within,41,"('Dp1Yey', 'VEH')",5.0,0.35083596408367157,0.34821759797632695,0.35364401079714297,16456
dmn_within,41,"('Dp1Yey', 'VEH')",50.0,0.5170783400535583,0.5151806678622961,0.5192546013742685,16456
dmn_within,41,"('Dp1Yey', 'VEH')",95.0,0.6669249013066292,0.6646071970462799,0.6684025451540947,16456
dmn_within,41,"('Dp1Yey', 'VEH')",99.0,0.7005896300077441,0.6975992150232195,0.7032778263092041,16456
dmn_within,41,"('WT', 'LCTB92')",1.0,0.1657884418964386,0.1629285192638636,0.16960889101028442,20944
dmn_within,41,"('WT', 'LCTB92')",5.0,0.2176156759262085,0.21456434801220894,0.22076384589076042,20944
dmn_within,41,"('WT', 'LCTB92')",50.0,0.5222335159778595,0.5200058504939079,0.5240307152271271,20944
dmn_within,41,"('WT', 'LCTB92')",95.0,0.7193760529160499,0.7172967657446858,0.7221374037489293,20944
dmn_within,41,"('WT', 'LCTB92')",99.0,0.7736907549202442,0.7696583317220209,0.7790550513416528,20944
dmn_within,41,"('WT', 'VEH')",1.0,0.26159162521362306,0.2570016384124756,0.2674646365642548,17952
dmn_within,41,"('WT', 'VEH')",5.0,0.3342820554971695,0.3294248801469803,0.338871219009161,17952
dmn_within,41,"('WT', 'VEH')",50.0,0.5950206369161606,0.5928979501128196,0.597195029258728,17952
dmn_within,41,"('WT', 'VEH')",95.0,0.7830071784555913,0.7803389334119857,0.7855654656887054,17952
dmn_within,41,"('WT', 'VEH')",99.0,0.8560231287777426,0.850829434726388,0.8609482496976852,17952
dmn_within,42,"('Dp1Yey', 'LCTB92')",1.0,0.2699628973007202,0.25467430770397187,0.2836240655183792,16324
dmn_within,42,"('Dp1Yey', 'LCTB92')",5.0,0.333644038438797,0.33182272113859657,0.33572763822972773,16324
dmn_within,42,"('Dp1Yey', 'LCTB92')",50.0,0.5015542954206467,0.49907755479216576,0.5037981368601322,16324
dmn_within,42,"('Dp1Yey', 'LCTB92')",95.0,0.6795075476169585,0.6758977711573241,0.6831477386504412,16324
dmn_within,42,"('Dp1Yey', 'LCTB92')",99.0,0.7431800904870035,0.7382198400050403,0.7497367262840271,16324
dmn_within,42,"('Dp1Yey', 'VEH')",1.0,0.2975836819410324,0.29436338622868063,0.30063139259815214,16324
dmn_within,42,"('Dp1Yey', 'VEH')",5.0,0.3472513735294342,0.3440655217319727,0.35013553634285927,16324
dmn_within,42,"('Dp1Yey', 'VEH')",50.0,0.5119789242744446,0.5100832879543304,0.5137565284967422,16324
dmn_within,42,"('Dp1Yey', 'VEH')",95.0,0.661257666349411,0.659529623389244,0.6633064718171952,16324
dmn_within,42,"('Dp1Yey', 'VEH')",99.0,0.6944621616601944,0.692591450765729,0.6967433053702117,16324
dmn_within,42,"('WT', 'LCTB92')",1.0,0.16260354220867157,0.1606382578611374,0.1657011117786169,20776
dmn_within,42,"('WT', 'LCTB92')",5.0,0.2144690901041031,0.21146986894309522,0.21814968138933183,20776
dmn_within,42,"('WT', 'LCTB92')",50.0,0.5165688693523407,0.5146630607545376,0.5182218439877033,20776
dmn_within,42,"('WT', 'LCTB92')",95.0,0.7141272127628326,0.711833999492228,0.7164918817579746,20776
dmn_within,42,"('WT', 'LCTB92')",99.0,0.766524001955986,0.7632436789572239,0.771099762711674,20776
dmn_within,42,"('WT', 'VEH')",1.0,0.26025128841400147,0.2555684095621109,0.2666702657938004,17808
dmn_within,42,"('WT', 'VEH')",5.0,0.3286663830280304,0.3241861528158188,0.33288865208625795,17808
dmn_within,42,"('WT', 'VEH')",50.0,0.5906858444213867,0.5883293099701404,0.5928459338843822,17808
dmn_within,42,"('WT', 'VEH')",95.0,0.7789782680571077,0.776698363572359,0.7819987284950912,17808
dmn_within,42,"('WT', 'VEH')",99.0,0.8489886052906513,0.8440847652703525,0.8539550304412842,17808
dmn_within,43,"('Dp1Yey', 'LCTB92')",1.0,0.2728274434804916,0.2519540479630232,0.2831629172861576,16192
dmn_within,43,"('Dp1Yey', 'LCTB92')",5.0,0.3311309844255447,0.3295058323442936,0.3327114135026932,16192
dmn_within,43,"('Dp1Yey', 'LCTB92')",50.0,0.4985736310482025,0.4964279420673847,0.5006152093410492,16192
dmn_within,43,"('Dp1Yey', 'LCTB92')",95.0,0.6755885288119314,0.6711291611567138,0.6796021774411201,16192
dmn_within,43,"('Dp1Yey', 'LCTB92')",99.0,0.7355980557203293,0.7301604110002518,0.7439366844296457,16192
dmn_within,43,"('Dp1Yey', 'VEH')",1.0,0.293443146944046,0.2898678779602051,0.29887434184551237,16192
dmn_within,43,"('Dp1Yey', 'VEH')",5.0,0.34472362995147704,0.3420470356941223,0.3476853758096695,16192
dmn_within,43,"('Dp1Yey', 'VEH')",50.0,0.507034420967102,0.5050521839410067,0.5088484309613704,16192
dmn_within,43,"('Dp1Yey', 'VEH')",95.0,0.6589941456913948,0.6567327863350509,0.660471136122942,16192
dmn_within,43,"('Dp1Yey', 'VEH')",99.0,0.6889804235100746,0.6873005422949792,0.6916773617267609,16192
dmn_within,43,"('WT', 'LCTB92')",1.0,0.1588693231344223,0.15545641005039215,0.16230919462442397,20608
dmn_within,43,"('WT', 'LCTB92')",5.0,0.21154762506484986,0.20882574558258057,0.2142704650759697,20608
dmn_within,43,"('WT', 'LCTB92')",50.0,0.5108566135168076,0.5085684832185506,0.5128355130553246,20608
dmn_within,43,"('WT', 'LCTB92')",95.0,0.7080171898007392,0.7059199532866475,0.7108419088646768,20608
dmn_within,43,"('WT', 'LCTB92')",99.0,0.7653559345006943,0.761442517336458,0.7689742588549853,20608
dmn_within,43,"('WT', 'VEH')",1.0,0.2575417864322662,0.2535620938241482,0.26424153983592985,17664
dmn_within,43,"('WT', 'VEH')",5.0,0.3233755260705948,0.3198188543319702,0.3275307875871658,17664
dmn_within,43,"('WT', 'VEH')",50.0,0.5868484675884247,0.5842211227864027,0.5890118595212698,17664
dmn_within,43,"('WT', 'VEH')",95.0,0.7750948742032051,0.7718663066625595,0.7777031108736991,17664
dmn_within,43,"('WT', 'VEH')",99.0,0.8403746709227559,0.8367196169942618,0.8443518579006195,17664
dmn_within,44,"('Dp1Yey', 'LCTB92')",1.0,0.26540282487869266,0.24729403972625733,0.2803329527378082,16060
dmn_within,44,"('Dp1Yey', 'LCTB92')",5.0,0.32894880771636964,0.3260973087698221,0.3309291372448206,16060
dmn_within,44,"('Dp1Yey', 'LCTB92')",50.0,0.494628369808197,0.49216287657618524,0.4966303169727325,16060
dmn_within,44,"('Dp1Yey', 'LCTB92')",95.0,0.6705409824848175,0.6672047087177634,0.6741233363002539,16060
dmn_within,44,"('Dp1Yey', 'LCTB92')",99.0,0.7319882476329802,0.7266499410718678,0.7437607097625731,16060
dmn_within,44,"('Dp1Yey', 'VEH')",1.0,0.29073794424533844,0.28631138801574707,0.2937694571763277,16060
dmn_within,44,"('Dp1Yey', 'VEH')",5.0,0.3425182193517685,0.3398799355328083,0.34480881690979004,16060
dmn_within,44,"('Dp1Yey', 'VEH')",50.0,0.5003281384706497,0.4986315369606018,0.5020095556974411,16060
dmn_within,44,"('Dp1Yey', 'VEH')",95.0,0.6547160193324089,0.652372376434505,0.6569556823000312,16060
dmn_within,44,"('Dp1Yey', 'VEH')",99.0,0.6866117563843727,0.6836149873882532,0.6880756756812334,16060
dmn_within,44,"('WT', 'LCTB92')",1.0,0.15375181257724763,0.15087422370910644,0.15793254110217095,20440
dmn_within,44,"('WT', 'LCTB92')",5.0,0.20766381919384003,0.20436497777700424,0.21077615022659302,20440
dmn_within,44,"('WT', 'LCTB92')",50.0,0.505435436964035,0.5033346608281135,0.5075119707733393,20440
dmn_within,44,"('WT', 'LCTB92')",95.0,0.7046796098351479,0.7023856103420257,0.706699010618031,20440
dmn_within,44,"('WT', 'LCTB92')",99.0,0.7662694281339647,0.7613427612707019,0.7702266220748425,20440
dmn_within,44,"('WT', 'VEH')",1.0,0.25704843282699585,0.25155494034290315,0.26143282651901245,17520
dmn_within,44,"('WT', 'VEH')",5.0,0.3182042449712753,0.31559744372963905,0.32134644590318207,17520
dmn_within,44,"('WT', 'VEH')",50.0,0.5833167880773544,0.580858051776886,0.5859261006116867,17520
dmn_within,44,"('WT', 'VEH')",95.0,0.7711488343775272,0.7682490515522659,0.7740217690542339,17520
dmn_within,44,"('WT', 'VEH')",99.0,0.834627446830273,0.8299297994375232,0.838226363360882,17520
dmn_within,45,"('Dp1Yey', 'LCTB92')",1.0,0.2634718424081802,0.24866880199313163,0.2760213976204395,15928
dmn_within,45,"('Dp1Yey', 'LCTB92')",5.0,0.3257357835769653,0.3235292075574398,0.3286703234165907,15928
dmn_within,45,"('Dp1Yey', 'LCTB92')",50.0,0.48934289813041687,0.48736971616744995,0.491715420037508,15928
dmn_within,45,"('Dp1Yey', 'LCTB92')",95.0,0.6677637055516242,0.6643880046904087,0.6709038317203522,15928
dmn_within,45,"('Dp1Yey', 'LCTB92')",99.0,0.7335971894860265,0.7252897480130193,0.7480790615081787,15928
dmn_within,45,"('Dp1Yey', 'VEH')",1.0,0.2870073235034943,0.28406157791614534,0.2909857694208622,15928
dmn_within,45,"('Dp1Yey', 'VEH')",5.0,0.33850946128368375,0.3364588986337185,0.3405063756555319,15928
dmn_within,45,"('Dp1Yey', 'VEH')",50.0,0.49502965807914734,0.4935462482273579,0.49661236479878423,15928
dmn_within,45,"('Dp1Yey', 'VEH')",95.0,0.6511418119072914,0.6484827056527137,0.6530715472996235,15928
dmn_within,45,"('Dp1Yey', 'VEH')",99.0,0.6843548130989073,0.681829945422709,0.6865004819631576,15928
dmn_within,45,"('WT', 'LCTB92')",1.0,0.15005890548229217,0.14744034557044505,0.15315814709663392,20272
dmn_within,45,"('WT', 'LCTB92')",5.0,0.20438697040081025,0.20121626257896424,0.2084139298647642,20272
dmn_within,45,"('WT', 'LCTB92')",50.0,0.499176949262619,0.49669819623231887,0.5017131865024567,20272
dmn_within,45,"('WT', 'LCTB92')",95.0,0.700244365632534,0.6976895406842232,0.7021105289459229,20272
dmn_within,45,"('WT', 'LCTB92')",99.0,0.7660283087193966,0.761045515537262,0.7707049631252885,20272
dmn_within,45,"('WT', 'VEH')",1.0,0.25235217809677124,0.24802319705486298,0.2577468752861023,17376
dmn_within,45,"('WT', 'VEH')",5.0,0.3158888965845108,0.3121534585952759,0.31867241896688936,17376
dmn_within,45,"('WT', 'VEH')",50.0,0.5802572667598724,0.5780326563864946,0.5833256460726262,17376
dmn_within,45,"('WT', 'VEH')",95.0,0.766989428550005,0.7644493231549859,0.7699367105960846,17376
dmn_within,45,"('WT', 'VEH')",99.0,0.828547477722168,0.8225209277123213,0.832176923751831,17376
dmn_within,46,"('Dp1Yey', 'LCTB92')",1.0,0.25904558002948763,0.2477291226387024,0.27261700071394446,15796
dmn_within,46,"('Dp1Yey', 'LCTB92')",5.0,0.32320891320705414,0.32073636800050737,0.32638683915138245,15796
dmn_within,46,"('Dp1Yey', 'LCTB92')",50.0,0.4841517508029938,0.4818867228925228,0.4860816329717636,15796
dmn_within,46,"('Dp1Yey', 'LCTB92')",95.0,0.6646708101034164,0.6613880775868892,0.6669423568993806,15796
dmn_within,46,"('Dp1Yey', 'LCTB92')",99.0,0.7406559646129607,0.7272364854812622,0.7544187307357788,15796
dmn_within,46,"('Dp1Yey', 'VEH')",1.0,0.2836786866188049,0.28039979934692383,0.28680484294891356,15796
dmn_within,46,"('Dp1Yey', 'VEH')",5.0,0.3351631611585617,0.3329017944633961,0.33713093400001526,15796
dmn_within,46,"('Dp1Yey', 'VEH')",50.0,0.49040839076042175,0.488472530990839,0.4921731650829315,15796
dmn_within,46,"('Dp1Yey', 'VEH')",95.0,0.6467723846435547,0.6447675377130508,0.648922274634242,15796
dmn_within,46,"('Dp1Yey', 'VEH')",99.0,0.6802005544304844,0.6774752054736018,0.6831245273351669,15796
dmn_within,46,"('WT', 'LCTB92')",1.0,0.1480240774154663,0.14409938037395478,0.15048125776648522,20104
dmn_within,46,"('WT', 'LCTB92')",5.0,0.20164801180362701,0.19707133240997793,0.20637381076812744,20104
dmn_within,46,"('WT', 'LCTB92')",50.0,0.49341925978660583,0.49100511521101,0.4959344148635864,20104
dmn_within,46,"('WT', 'LCTB92')",95.0,0.6958900466561316,0.6936236321926117,0.6982890665531158,20104
dmn_within,46,"('WT', 'LCTB92')",99.0,0.7634984843432905,0.7570980049669744,0.7690582802891733,20104
dmn_within,46,"('WT', 'VEH')",1.0,0.24900099039077758,0.24624390363693238,0.25325775544345375,17232
dmn_within,46,"('WT', 'VEH')",5.0,0.31057252883911135,0.3065300676971674,0.3147078505903482,17232
dmn_within,46,"('WT', 'VEH')",50.0,0.5778138339519501,0.5754497945308685,0.5800658021122217,17232
dmn_within,46,"('WT', 'VEH')",95.0,0.7632674865424633,0.7607979373633861,0.76593759059906,17232
dmn_within,46,"('WT', 'VEH')",99.0,0.8229762800037861,0.8182444919645779,0.8284429508671164,17232
dmn_within,47,"('Dp1Yey', 'LCTB92')",1.0,0.25390145123004915,0.24514404509961607,0.26912997938692573,15664
dmn_within,47,"('Dp1Yey', 'LCTB92')",5.0,0.31944750249385834,0.3171923965215683,0.32224037893116475,15664
dmn_within,47,"('Dp1Yey', 'LCTB92')",50.0,0.478963702917099,0.47646057680249215,0.48151286840438845,15664
dmn_within,47,"('Dp1Yey', 'LCTB92')",95.0,0.6603887423872944,0.6572676301002502,0.6634550392627716,15664
dmn_within,47,"('Dp1Yey', 'LCTB92')",99.0,0.7446184027194973,0.7286175191402435,0.754307520538567,15664
dmn_within,47,"('Dp1Yey', 'VEH')",1.0,0.27951121211051944,0.2764126658439636,0.28168785052001477,15664
dmn_within,47,"('Dp1Yey', 'VEH')",5.0,0.330470883846283,0.32844603404402734,0.33245489917695525,15664
dmn_within,47,"('Dp1Yey', 'VEH')",50.0,0.48484528064727783,0.4827847480773926,0.487038791179657,15664
dmn_within,47,"('Dp1Yey', 'VEH')",95.0,0.6421142205595969,0.6404270604252815,0.644161154963076,15664
dmn_within,47,"('Dp1Yey', 'VEH')",99.0,0.6774691948294639,0.6727687984704969,0.6803077960014342,15664
dmn_within,47,"('WT', 'LCTB92')",1.0,0.14355705976486205,0.14127647876739502,0.1461778163909912,19936
dmn_within,47,"('WT', 'LCTB92')",5.0,0.19940805435180664,0.194651497900486,0.20403403043746948,19936
dmn_within,47,"('WT', 'LCTB92')",50.0,0.4888611137866974,0.48603743612766265,0.4911387264728546,19936
dmn_within,47,"('WT', 'LCTB92')",95.0,0.6938221603631973,0.6915399359539152,0.6958344876766205,19936
dmn_within,47,"('WT', 'LCTB92')",99.0,0.7577249236404896,0.7529044304415589,0.7618561238050461,19936
dmn_within,47,"('WT', 'VEH')",1.0,0.2454109698534012,0.24247668519616125,0.2507581478357315,17088
dmn_within,47,"('WT', 'VEH')",5.0,0.30591386258602143,0.30101750038564207,0.3099613996595144,17088
dmn_within,47,"('WT', 'VEH')",50.0,0.573850616812706,0.5710628926753998,0.5762213341891765,17088
dmn_within,47,"('WT', 'VEH')",95.0,0.7598967663943768,0.7562197905406356,0.763422781843692,17088
dmn_within,47,"('WT', 'VEH')",99.0,0.8144221095740797,0.8095088752545422,0.8201356679201126,17088
dmn_within,48,"('Dp1Yey', 'LCTB92')",1.0,0.25177020609378814,0.2425698279738426,0.2646794319152832,15532
dmn_within,48,"('Dp1Yey', 'LCTB92')",5.0,0.31774495244026185,0.31588082313537597,0.32009267807006836,15532
dmn_within,48,"('Dp1Yey', 'LCTB92')",50.0,0.473781943321228,0.4721546068787575,0.47548002004623413,15532
dmn_within,48,"('Dp1Yey', 'LCTB92')",95.0,0.655241148173809,0.6520718708634377,0.658578238524496,15532
dmn_within,48,"('Dp1Yey', 'LCTB92')",99.0,0.7469656205177311,0.7334314171373855,0.7549869418144226,15532
dmn_within,48,"('Dp1Yey', 'VEH')",1.0,0.2733463788032532,0.2722845458984375,0.27633912546932693,15532
dmn_within,48,"('Dp1Yey', 'VEH')",5.0,0.32567559778690336,0.3236546243727207,0.3280971646308899,15532
dmn_within,48,"('Dp1Yey', 'VEH')",50.0,0.4791894257068634,0.4773334860801697,0.4808685451745987,15532
dmn_within,48,"('Dp1Yey', 'VEH')",95.0,0.6386318683624267,0.6368281185626984,0.6402998551726341,15532
dmn_within,48,"('Dp1Yey', 'VEH')",99.0,0.6715085422992707,0.6681976264715195,0.674970561631024,15532
dmn_within,48,"('WT', 'LCTB92')",1.0,0.14025362014770507,0.13876479268074035,0.1427619214951992,19768
dmn_within,48,"('WT', 'LCTB92')",5.0,0.1976585030555725,0.19274432726204396,0.20280192494392396,19768
dmn_within,48,"('WT', 'LCTB92')",50.0,0.48406755924224854,0.48115378618240356,0.487201090157032,19768
dmn_within,48,"('WT', 'LCTB92')",95.0,0.6925462812185287,0.6894402280822391,0.6952681432664387,19768
dmn_within,48,"('WT', 'LCTB92')",99.0,0.7542952591180798,0.7485383168235417,0.7584029607474797,19768
dmn_within,48,"('WT', 'VEH')",1.0,0.24287148475646972,0.2407955539226532,0.24539607763290405,16944
dmn_within,48,"('WT', 'VEH')",5.0,0.2988023519515991,0.29449627101421355,0.30410552136600016,16944
dmn_within,48,"('WT', 'VEH')",50.0,0.5696656703948975,0.5672031685709953,0.5720265060663223,16944
dmn_within,48,"('WT', 'VEH')",95.0,0.7559201471507547,0.7524796456098556,0.7600270508415993,16944
dmn_within,48,"('WT', 'VEH')",99.0,0.8110390889644622,0.8061528338640929,0.8147764210402966,16944
dmn_within,49,"('Dp1Yey', 'LCTB92')",1.0,0.2461733877658844,0.24232757130265237,0.26125629782676696,15400
dmn_within,49,"('Dp1Yey', 'LCTB92')",5.0,0.3166974186897278,0.31367748975753784,0.3198448896408081,15400
dmn_within,49,"('Dp1Yey', 'LCTB92')",50.0,0.47036492824554443,0.46861762553453445,0.4723731204867363,15400
dmn_within,49,"('Dp1Yey', 'LCTB92')",95.0,0.6522659480571746,0.6483051478862762,0.656747618280351,15400
dmn_within,49,"('Dp1Yey', 'LCTB92')",99.0,0.7425681865215302,0.73395389790833,0.7546576261520386,15400
dmn_within,49,"('Dp1Yey', 'VEH')",1.0,0.27009384989738466,0.26898126661777494,0.27185332229733467,15400
dmn_within,49,"('Dp1Yey', 'VEH')",5.0,0.3211864292621613,0.3189649277180433,0.32376725077629087,15400
dmn_within,49,"('Dp1Yey', 'VEH')",50.0,0.47360435128211975,0.47169200927019117,0.4755612313747406,15400
dmn_within,49,"('Dp1Yey', 'VEH')",95.0,0.634450127184391,0.6326163616403937,0.6359402626752854,15400
dmn_within,49,"('Dp1Yey', 'VEH')",99.0,0.667302819788456,0.6645292937755585,0.670565928220749,15400
dmn_within,49,"('WT', 'LCTB92')",1.0,0.1383281511068344,0.13629985842108727,0.13952572263777255,19600
dmn_within,49,"('WT', 'LCTB92')",5.0,0.19629426896572114,0.18907048404216767,0.20156853795051574,19600
dmn_within,49,"('WT', 'LCTB92')",50.0,0.4792313873767853,0.47605819404125216,0.48252591118216515,19600
dmn_within,49,"('WT', 'LCTB92')",95.0,0.6882389739155769,0.6850067365914583,0.6908881887793541,19600
dmn_within,49,"('WT', 'LCTB92')",99.0,0.7491889756917953,0.7453462980911135,0.7515459209680557,19600
dmn_within,49,"('WT', 'VEH')",1.0,0.2399241214990616,0.23793959617614746,0.2416558802127838,16800
dmn_within,49,"('WT', 'VEH')",5.0,0.2904211074113846,0.28703209809958935,0.29527440294623375,16800
dmn_within,49,"('WT', 'VEH')",50.0,0.5656153708696365,0.5631417732685804,0.5677758667618036,16800
dmn_within,49,"('WT', 'VEH')",95.0,0.7529090039432049,0.7505902856588363,0.755797240845859,16800
dmn_within,49,"('WT', 'VEH')",99.0,0.808643446862697,0.8040144668519494,0.8120979905128477,16800
dmn_within,50,"('Dp1Yey', 'LCTB92')",1.0,0.24558796286582946,0.24220733284950258,0.25723675191402434,15268
dmn_within,50,"('Dp1Yey', 'LCTB92')",5.0,0.31361507177352904,0.3108043074607849,0.3168383180350065,15268
dmn_within,50,"('Dp1Yey', 'LCTB92')",50.0,0.46741029620170593,0.4651259914040565,0.46935610845685005,15268
dmn_within,50,"('Dp1Yey', 'LCTB92')",95.0,0.6509479954838753,0.645858909189701,0.6558435380458831,15268
dmn_within,50,"('Dp1Yey', 'LCTB92')",99.0,0.7449069938063622,0.7380795478820801,0.7545311003923416,15268
dmn_within,50,"('Dp1Yey', 'VEH')",1.0,0.26869751393795016,0.2669852477163076,0.2703873623162508,15268
dmn_within,50,"('Dp1Yey', 'VEH')",5.0,0.3154991835355759,0.31266351640224455,0.31797200441360474,15268
dmn_within,50,"('Dp1Yey', 'VEH')",50.0,0.4684298038482666,0.4668004229664803,0.4701246753334999,15268
dmn_within,50,"('Dp1Yey', 'VEH')",95.0,0.629759232699871,0.6278194138407708,0.6315779326483607,15268
dmn_within,50,"('Dp1Yey', 'VEH')",99.0,0.6610393759608268,0.6579252663254738,0.6652790471911431,15268
dmn_within,50,"('WT', 'LCTB92')",1.0,0.13604809641838073,0.13412852436304093,0.13766175508499146,19432
dmn_within,50,"('WT', 'LCTB92')",5.0,0.19507238566875457,0.18670580022037028,0.2016332422196865,19432
dmn_within,50,"('WT', 'LCTB92')",50.0,0.47540733218193054,0.4720219373703003,0.47899852842092516,19432
dmn_within,50,"('WT', 'LCTB92')",95.0,0.6847484365105629,0.6819708434864878,0.6872607693076134,19432
dmn_within,50,"('WT', 'LCTB92')",99.0,0.7427248653769489,0.7397131383419034,0.7462629577517509,19432
dmn_within,50,"('WT', 'VEH')",1.0,0.2360053092241287,0.23437726497650146,0.23772976525127887,16656
dmn_within,50,"('WT', 'VEH')",5.0,0.2840787172317505,0.2807717427611351,0.28767259418964386,16656
dmn_within,50,"('WT', 'VEH')",50.0,0.5610435456037521,0.5585169665515423,0.5632943067699671,16656
dmn_within,50,"('WT', 'VEH')",95.0,0.7494077533483505,0.7469911426305771,0.7525273263454437,16656
dmn_within,50,"('WT', 'VEH')",99.0,0.8023715995252133,0.7983874976634979,0.8059082180261612,16656
dmn_within,51,"('Dp1Yey', 'LCTB92')",1.0,0.24505941569805145,0.24165446758270265,0.25433024153113365,15136
dmn_within,51,"('Dp1Yey', 'LCTB92')",5.0,0.3117882311344147,0.3087813351303339,0.31539511308074,15136
dmn_within,51,"('Dp1Yey', 'LCTB92')",50.0,0.46363455057144165,0.4619215130805969,0.4652413122355938,15136
dmn_within,51,"('Dp1Yey', 'LCTB92')",95.0,0.6488862261176109,0.6439879259094596,0.6530696153640747,15136
dmn_within,51,"('Dp1Yey', 'LCTB92')",99.0,0.744946613907814,0.7360013425350188,0.7516232258081436,15136
dmn_within,51,"('Dp1Yey', 'VEH')",1.0,0.2653796672821045,0.26329011090099813,0.2669587731361389,15136
dmn_within,51,"('Dp1Yey', 'VEH')",5.0,0.3090377300977707,0.3064555410295725,0.311606764793396,15136
dmn_within,51,"('Dp1Yey', 'VEH')",50.0,0.4629663825035095,0.4609204687178135,0.4647958271205425,15136
dmn_within,51,"('Dp1Yey', 'VEH')",95.0,0.624430701136589,0.6226169507950544,0.6264044186100364,15136
dmn_within,51,"('Dp1Yey', 'VEH')",99.0,0.6531531602144242,0.6505024712532759,0.6567348200455307,15136
dmn_within,51,"('WT', 'LCTB92')",1.0,0.1336312073469162,0.13167065382003784,0.1353672990500927,19264
dmn_within,51,"('WT', 'LCTB92')",5.0,0.1944742500782013,0.18594563797116284,0.20123109683394433,19264
dmn_within,51,"('WT', 'LCTB92')",50.0,0.4715135097503662,0.46791972666978837,0.47467345520854,19264
dmn_within,51,"('WT', 'LCTB92')",95.0,0.682888266444206,0.6799476437270642,0.6855305279791354,19264
dmn_within,51,"('WT', 'LCTB92')",99.0,0.7386280882358549,0.7361041552573443,0.7415928412899374,19264
dmn_within,51,"('WT', 'VEH')",1.0,0.23336573243141173,0.23218681454658507,0.23457303670048713,16512
dmn_within,51,"('WT', 'VEH')",5.0,0.2794696271419525,0.27577829986810687,0.2824335618317127,16512
dmn_within,51,"('WT', 'VEH')",50.0,0.5561285614967346,0.5536220822483301,0.5592444892972708,16512
dmn_within,51,"('WT', 'VEH')",95.0,0.7477762907743454,0.7438078584522009,0.750274658203125,16512
dmn_within,51,"('WT', 'VEH')",99.0,0.7944393020868301,0.7919285640120506,0.7974579425156114,16512
dmn_within,52,"('Dp1Yey', 'LCTB92')",1.0,0.24924463927745819,0.24243475556373595,0.25453430882096284,15004
dmn_within,52,"('Dp1Yey', 'LCTB92')",5.0,0.31121211349964145,0.307626274228096,0.3139450460672379,15004
dmn_within,52,"('Dp1Yey', 'LCTB92')",50.0,0.4598701596260071,0.45802871957421304,0.4615900605916977,15004
dmn_within,52,"('Dp1Yey', 'LCTB92')",95.0,0.6469549134373664,0.643187221884727,0.6498569263517856,15004
dmn_within,52,"('Dp1Yey', 'LCTB92')",99.0,0.7457556077837941,0.7377696633338928,0.7504956871271133,15004
dmn_within,52,"('Dp1Yey', 'VEH')",1.0,0.2606711483001709,0.25841253995895386,0.2621951901912689,15004
dmn_within,52,"('Dp1Yey', 'VEH')",5.0,0.3041186213493347,0.300756573677063,0.30604697331786157,15004
dmn_within,52,"('Dp1Yey', 'VEH')",50.0,0.4577808082103729,0.455970698595047,0.4597112834453583,15004
dmn_within,52,"('Dp1Yey', 'VEH')",95.0,0.6186252504587171,0.616717051193118,0.6208778411149977,15004
dmn_within,52,"('Dp1Yey', 'VEH')",99.0,0.6475523257255553,0.6455195234641432,0.6500811278820038,15004
dmn_within,52,"('WT', 'LCTB92')",1.0,0.13207471370697021,0.1305985450744629,0.1342042798548937,19096
dmn_within,52,"('WT', 'LCTB92')",5.0,0.19186316430568695,0.18622875213623047,0.19829620011150834,19096
dmn_within,52,"('WT', 'LCTB92')",50.0,0.46809783577919006,0.4650673270225525,0.47118258774280547,19096
dmn_within,52,"('WT', 'LCTB92')",95.0,0.6791213527321815,0.6764150261878967,0.6816709935665131,19096
dmn_within,52,"('WT', 'LCTB92')",99.0,0.7368062108755111,0.7334755161404608,0.7389242947101593,19096
dmn_within,52,"('WT', 'VEH')",1.0,0.2305639237165451,0.22944402694702148,0.23228187856078147,16368
dmn_within,52,"('WT', 'VEH')",5.0,0.27365235686302186,0.27058258056640627,0.27908659547567366,16368
dmn_within,52,"('WT', 'VEH')",50.0,0.5524881184101105,0.5499520897865295,0.5551008731126785,16368
dmn_within,52,"('WT', 'VEH')",95.0,0.7429597780108451,0.7400086224079132,0.7466197777912019,16368
dmn_within,52,"('WT', 'VEH')",99.0,0.7914376929402351,0.7887336015701294,0.7945650987327099,16368
dmn_within,53,"('Dp1Yey', 'LCTB92')",1.0,0.2514715963602066,0.245233952999115,0.25563573375344273,14872
dmn_within,53,"('Dp1Yey', 'LCTB92')",5.0,0.3079734414815903,0.3048523187637329,0.31116169691085815,14872
dmn_within,53,"('Dp1Yey', 'LCTB92')",50.0,0.45692646503448486,0.45463109016418457,0.4591654233634472,14872
dmn_within,53,"('Dp1Yey', 'LCTB92')",95.0,0.6476480603218079,0.6426167845726012,0.6509078443050385,14872
dmn_within,53,"('Dp1Yey', 'LCTB92')",99.0,0.744327379465103,0.736226244956255,0.7492165511846541,14872
dmn_within,53,"('Dp1Yey', 'VEH')",1.0,0.2547577202320099,0.25275585770606995,0.25736914813518524,14872
dmn_within,53,"('Dp1Yey', 'VEH')",5.0,0.3004154920578003,0.2978703544288874,0.30282795429229736,14872
dmn_within,53,"('Dp1Yey', 'VEH')",50.0,0.45367157459259033,0.45150029510259626,0.45549395903944967,14872
dmn_within,53,"('Dp1Yey', 'VEH')",95.0,0.6141938552260399,0.6122862137109041,0.6163838317617771,14872
dmn_within,53,"('Dp1Yey', 'VEH')",99.0,0.643620959818363,0.6404732063412666,0.6472021958231926,14872
dmn_within,53,"('WT', 'LCTB92')",1.0,0.131440886259079,0.12969084812700749,0.1333032395243645,18928
dmn_within,53,"('WT', 'LCTB92')",5.0,0.18922682702541352,0.18374521732330323,0.1964266300201416,18928
dmn_within,53,"('WT', 'LCTB92')",50.0,0.4656102955341339,0.46342045068740845,0.4682931900024414,18928
dmn_within,53,"('WT', 'LCTB92')",95.0,0.6761152938008308,0.6733814778923988,0.6789061640575528,18928
dmn_within,53,"('WT', 'LCTB92')",99.0,0.7349360027909279,0.7315453974977135,0.7376213216781615,18928
dmn_within,53,"('WT', 'VEH')",1.0,0.22738557279109956,0.22537162603437902,0.22938738234341144,16224
dmn_within,53,"('WT', 'VEH')",5.0,0.2701460301876068,0.26667298726737504,0.27378581166267396,16224
dmn_within,53,"('WT', 'VEH')",50.0,0.5489954650402069,0.5471490737050771,0.5514060378074646,16224
dmn_within,53,"('WT', 'VEH')",95.0,0.7388266503810882,0.7352259976416826,0.742457015812397,16224
dmn_within,53,"('WT', 'VEH')",99.0,0.7880769026279449,0.7854269652776421,0.7913424074649811,16224
dmn_within,54,"('Dp1Yey', 'LCTB92')",1.0,0.25131227016448976,0.2466078380793333,0.25437709766626354,14740
dmn_within,54,"('Dp1Yey', 'LCTB92')",5.0,0.3065077841281891,0.30184556245803834,0.3110942324995995,14740
dmn_within,54,"('Dp1Yey', 'LCTB92')",50.0,0.4531780183315277,0.45101410150527954,0.45532146468758583,14740
dmn_within,54,"('Dp1Yey', 'LCTB92')",95.0,0.6463800847530364,0.6415048956871032,0.6496664017438889,14740
dmn_within,54,"('Dp1Yey', 'LCTB92')",99.0,0.7413090273737911,0.7341597735881807,0.7494320559501649,14740
dmn_within,54,"('Dp1Yey', 'VEH')",1.0,0.251037740111351,0.24658478021621705,0.2534096480458975,14740
dmn_within,54,"('Dp1Yey', 'VEH')",5.0,0.2968352258205414,0.29455554485321045,0.29977303743362427,14740
dmn_within,54,"('Dp1Yey', 'VEH')",50.0,0.44985345005989075,0.44796958565711975,0.45123863518238067,14740
dmn_within,54,"('Dp1Yey', 'VEH')",95.0,0.6085159048438071,0.6069317003712058,0.6107622712850571,14740
dmn_within,54,"('Dp1Yey', 'VEH')",99.0,0.6416016083955765,0.6378065872490408,0.6449611368775368,14740
dmn_within,54,"('WT', 'LCTB92')",1.0,0.1296687161922455,0.126783549785614,0.13205158710479736,18760
dmn_within,54,"('WT', 'LCTB92')",5.0,0.1875581294298172,0.18269772529602052,0.19272912211716176,18760
dmn_within,54,"('WT', 'LCTB92')",50.0,0.4628868103027344,0.460094778239727,0.46550359651446344,18760
dmn_within,54,"('WT', 'LCTB92')",95.0,0.6721817448735237,0.6693315282464026,0.6752632374316454,18760
dmn_within,54,"('WT', 'LCTB92')",99.0,0.7330779254436492,0.7296393614560366,0.7359259405732155,18760
dmn_within,54,"('WT', 'VEH')",1.0,0.2245759904384613,0.22250192999839782,0.2263658630847931,16080
dmn_within,54,"('WT', 'VEH')",5.0,0.2663102954626083,0.26290321350097656,0.27020110383629803,16080
dmn_within,54,"('WT', 'VEH')",50.0,0.5447870790958405,0.542847603559494,0.5471628375351429,16080
dmn_within,54,"('WT', 'VEH')",95.0,0.732069157063961,0.7284770309925079,0.735864520072937,16080
dmn_within,54,"('WT', 'VEH')",99.0,0.784956413656473,0.7805381119251251,0.7874397714436053,16080
dmn_within,55,"('Dp1Yey', 'LCTB92')",1.0,0.2502389645576477,0.24581868755817413,0.2532910120487213,14608
dmn_within,55,"('Dp1Yey', 'LCTB92')",5.0,0.30290648341178894,0.29847618944942955,0.31118713825941086,14608
dmn_within,55,"('Dp1Yey', 'LCTB92')",50.0,0.4488406777381897,0.4466878555715084,0.4513575494289398,14608
dmn_within,55,"('Dp1Yey', 'LCTB92')",95.0,0.6440959826111794,0.6402309864759445,0.6478815646842122,14608
dmn_within,55,"('Dp1Yey', 'LCTB92')",99.0,0.7374514186382295,0.7292337119579315,0.745780912026763,14608
dmn_within,55,"('Dp1Yey', 'VEH')",1.0,0.24377225637435912,0.24089914321899414,0.24684745073318481,14608
dmn_within,55,"('Dp1Yey', 'VEH')",5.0,0.29364484250545503,0.29171544313430786,0.29596559703350067,14608
dmn_within,55,"('Dp1Yey', 'VEH')",50.0,0.44557803869247437,0.4437329851090908,0.4472036361694336,14608
dmn_within,55,"('Dp1Yey', 'VEH')",95.0,0.6042838424444199,0.6024696294590831,0.606090160869062,14608
dmn_within,55,"('Dp1Yey', 'VEH')",99.0,0.640120223760605,0.6372532176971436,0.6441623568534851,14608
dmn_within,55,"('WT', 'LCTB92')",1.0,0.12635059416294098,0.12326583683490754,0.12926077842712402,18592
dmn_within,55,"('WT', 'LCTB92')",5.0,0.18582507967948914,0.1800106167793274,0.19086943969130518,18592
dmn_within,55,"('WT', 'LCTB92')",50.0,0.4597362279891968,0.45671107470989225,0.4623751699924469,18592
dmn_within,55,"('WT', 'LCTB92')",95.0,0.6673813357949256,0.6650914837792516,0.6701857775449753,18592
dmn_within,55,"('WT', 'LCTB92')",99.0,0.7330818995833397,0.7286517208814621,0.7357317930459977,18592
dmn_within,55,"('WT', 'VEH')",1.0,0.22150213718414308,0.21950572729110718,0.22387755811214446,15936
dmn_within,55,"('WT', 'VEH')",5.0,0.26139816641807556,0.25749365575611594,0.26598319597542286,15936
dmn_within,55,"('WT', 'VEH')",50.0,0.5404666066169739,0.5381298117339611,0.543237192183733,15936
dmn_within,55,"('WT', 'VEH')",95.0,0.7264165803790092,0.7236010804772377,0.7293423712253571,15936
dmn_within,55,"('WT', 'VEH')",99.0,0.7787018820643424,0.7751642763614655,0.7827624857425689,15936
dmn_within,56,"('Dp1Yey', 'LCTB92')",1.0,0.2496645748615265,0.2474728226661682,0.25191307067871094,14476
dmn_within,56,"('Dp1Yey', 'LCTB92')",5.0,0.3019120693206787,0.29742859303951263,0.3089674096554518,14476
dmn_within,56,"('Dp1Yey', 'LCTB92')",50.0,0.4451397955417633,0.4424797996878624,0.44739902317523955,14476
dmn_within,56,"('Dp1Yey', 'LCTB92')",95.0,0.6401068344712257,0.6361387446522713,0.6436739861965179,14476
dmn_within,56,"('Dp1Yey', 'LCTB92')",99.0,0.7370449081063271,0.727932021021843,0.7474178150296211,14476
dmn_within,56,"('Dp1Yey', 'VEH')",1.0,0.23768287897109985,0.2341543659567833,0.24107739329338074,14476
dmn_within,56,"('Dp1Yey', 'VEH')",5.0,0.29065048694610596,0.28856734931468964,0.2932290881872177,14476
dmn_within,56,"('Dp1Yey', 'VEH')",50.0,0.441715270280838,0.43980211168527605,0.4432985924184322,14476
dmn_within,56,"('Dp1Yey', 'VEH')",95.0,0.5999279171228409,0.5986530151218176,0.6021946668624878,14476
dmn_within,56,"('Dp1Yey', 'VEH')",99.0,0.6380310729146004,0.6354843819513917,0.6403218228369951,14476
dmn_within,56,"('WT', 'LCTB92')",1.0,0.12368310987949371,0.12183201059699059,0.1258959174156189,18424
dmn_within,56,"('WT', 'LCTB92')",5.0,0.182553967833519,0.17900166131556033,0.18878853917121888,18424
dmn_within,56,"('WT', 'LCTB92')",50.0,0.455661803483963,0.452789918333292,0.4585079550743103,18424
dmn_within,56,"('WT', 'LCTB92')",95.0,0.6627472653985024,0.6606162720173597,0.6649082099273799,18424
dmn_within,56,"('WT', 'LCTB92')",99.0,0.7290199264883995,0.7248922889754179,0.7333389025926592,18424
dmn_within,56,"('WT', 'VEH')",1.0,0.21930620074272156,0.21682565331459044,0.22072136402130127,15792
dmn_within,56,"('WT', 'VEH')",5.0,0.2584425687789917,0.25475215911865234,0.2624930143356323,15792
dmn_within,56,"('WT', 'VEH')",50.0,0.5364340841770172,0.534021869674325,0.5386344492435455,15792
dmn_within,56,"('WT', 'VEH')",95.0,0.7201758593320846,0.7176643669605254,0.7230316818505523,15792
dmn_within,56,"('WT', 'VEH')",99.0,0.7746862462162971,0.7725576777756215,0.7779182195663452,15792
dmn_within,57,"('Dp1Yey', 'LCTB92')",1.0,0.24912250518798829,0.24721938371658325,0.25096261501312256,14344
dmn_within,57,"('Dp1Yey', 'LCTB92')",5.0,0.30174305737018586,0.29633023440837863,0.30680394172668457,14344
dmn_within,57,"('Dp1Yey', 'LCTB92')",50.0,0.44022271037101746,0.4380382299423218,0.4423525705933571,14344
dmn_within,57,"('Dp1Yey', 'LCTB92')",95.0,0.6363553524017334,0.6329408323392272,0.6401337778195739,14344
dmn_within,57,"('Dp1Yey', 'LCTB92')",99.0,0.7386885741353035,0.7313046374917028,0.7465734443068505,14344
dmn_within,57,"('Dp1Yey', 'VEH')",1.0,0.23128992259502412,0.22822248935699463,0.23764967176318164,14344
dmn_within,57,"('Dp1Yey', 'VEH')",5.0,0.2873794585466385,0.2847707161307335,0.2894364379346371,14344
dmn_within,57,"('Dp1Yey', 'VEH')",50.0,0.4370245337486267,0.43543338775634766,0.43893614411354065,14344
dmn_within,57,"('Dp1Yey', 'VEH')",95.0,0.5962145477533338,0.5939282358810305,0.5984954833984375,14344
dmn_within,57,"('Dp1Yey', 'VEH')",99.0,0.6354054909944534,0.6324866712093353,0.6385334432125092,14344
dmn_within,57,"('WT', 'LCTB92')",1.0,0.12323048710823059,0.12098385989665986,0.12581771612167358,18256
dmn_within,57,"('WT', 'LCTB92')",5.0,0.182374507188797,0.17855221033096313,0.1874101772904396,18256
dmn_within,57,"('WT', 'LCTB92')",50.0,0.4520401060581207,0.4488470606505871,0.454575777053833,18256
dmn_within,57,"('WT', 'LCTB92')",95.0,0.658466026186943,0.6565421335399151,0.6606597328558564,18256
dmn_within,57,"('WT', 'LCTB92')",99.0,0.7228382632136345,0.7189196780323983,0.7272816762328148,18256
dmn_within,57,"('WT', 'VEH')",1.0,0.2162255984544754,0.21455199480056764,0.2183732268959284,15648
dmn_within,57,"('WT', 'VEH')",5.0,0.2562080889940262,0.25297738797962666,0.2590082339942455,15648
dmn_within,57,"('WT', 'VEH')",50.0,0.5324319154024124,0.5303802352398634,0.5348717451095581,15648
dmn_within,57,"('WT', 'VEH')",95.0,0.714124783873558,0.7117043448612094,0.7169510776177048,15648
dmn_within,57,"('WT', 'VEH')",99.0,0.7703759935498238,0.7668869129121308,0.7729159301519394,15648
dmn_within,58,"('Dp1Yey', 'LCTB92')",1.0,0.24872261583805083,0.24584108591079712,0.2505211901664734,14212
dmn_within,58,"('Dp1Yey', 'LCTB92')",5.0,0.30072987973690035,0.29550790786743164,0.3043015594035387,14212
dmn_within,58,"('Dp1Yey', 'LCTB92')",50.0,0.4367251992225647,0.4348568931221962,0.43894678354263306,14212
dmn_within,58,"('Dp1Yey', 'LCTB92')",95.0,0.632730758190155,0.6294488623738287,0.6352317973971366,14212
dmn_within,58,"('Dp1Yey', 'LCTB92')",99.0,0.7420180112123488,0.7354243695735931,0.7484534832835197,14212
dmn_within,58,"('Dp1Yey', 'VEH')",1.0,0.2263217979669571,0.22170024906098842,0.2350292205810547,14212
dmn_within,58,"('Dp1Yey', 'VEH')",5.0,0.28469419479370117,0.28247440457344053,0.2868660625815392,14212
dmn_within,58,"('Dp1Yey', 'VEH')",50.0,0.43412238359451294,0.4323310874402523,0.43609980791807174,14212
dmn_within,58,"('Dp1Yey', 'VEH')",95.0,0.5904902279376983,0.5885460719466209,0.5926640387251974,14212
dmn_within,58,"('Dp1Yey', 'VEH')",99.0,0.6334867200255393,0.629791796207428,0.6368457387015223,14212
dmn_within,58,"('WT', 'LCTB92')",1.0,0.12301589846611023,0.12062045423686504,0.12486642599105835,18088
dmn_within,58,"('WT', 'LCTB92')",5.0,0.18071919977664946,0.17713338136672974,0.18649746425449848,18088
dmn_within,58,"('WT', 'LCTB92')",50.0,0.44804826378822327,0.44559683054685595,0.4507087469100952,18088
dmn_within,58,"('WT', 'LCTB92')",95.0,0.6545247495174407,0.6531095173954962,0.6565201676636931,18088
dmn_within,58,"('WT', 'LCTB92')",99.0,0.7181004554033282,0.7127167561650282,0.7240637242794037,18088
dmn_within,58,"('WT', 'VEH')",1.0,0.21471221268177032,0.21304644286632538,0.21598520693182946,15504
dmn_within,58,"('WT', 'VEH')",5.0,0.2523972600698471,0.25023430585861206,0.25495653979480265,15504
dmn_within,58,"('WT', 'VEH')",50.0,0.5291704535484314,0.5271886888891458,0.5311715167015791,15504
dmn_within,58,"('WT', 'VEH')",95.0,0.7108466178178787,0.7074227010086176,0.7131971418857574,15504
dmn_within,58,"('WT', 'VEH')",99.0,0.765891028046608,0.7620977237820625,0.7686037633717059,15504
dmn_within,59,"('Dp1Yey', 'LCTB92')",1.0,0.2476435959339142,0.24456411600112915,0.2505871057510376,14080
dmn_within,59,"('Dp1Yey', 'LCTB92')",5.0,0.2968810975551605,0.294403076171875,0.3005933260172606,14080
dmn_within,59,"('Dp1Yey', 'LCTB92')",50.0,0.4337466359138489,0.4319022953510284,0.4358055703341961,14080
dmn_within,59,"('Dp1Yey', 'LCTB92')",95.0,0.6296420067548751,0.6269415527582168,0.6324760407209397,14080
dmn_within,59,"('Dp1Yey', 'LCTB92')",99.0,0.7427655404806133,0.7351883893907066,0.7490069183111185,14080
dmn_within,59,"('Dp1Yey', 'VEH')",1.0,0.2167312651872635,0.21285978734493255,0.2297355933487415,14080
dmn_within,59,"('Dp1Yey', 'VEH')",5.0,0.28288649320602416,0.2811253786087036,0.2852485775947571,14080
dmn_within,59,"('Dp1Yey', 'VEH')",50.0,0.4321134686470032,0.43020856752991676,0.43403921872377393,14080
dmn_within,59,"('Dp1Yey', 'VEH')",95.0,0.5866610005497932,0.5837678998708724,0.5890432715415954,14080
dmn_within,59,"('Dp1Yey', 'VEH')",99.0,0.6317228770256041,0.6287748560756441,0.6339948177337646,14080
dmn_within,59,"('WT', 'LCTB92')",1.0,0.12248786270618439,0.12055462598800659,0.12439125776290894,17920
dmn_within,59,"('WT', 'LCTB92')",5.0,0.1802880972623825,0.1764554500579834,0.18414849042892456,17920
dmn_within,59,"('WT', 'LCTB92')",50.0,0.4445972144603729,0.44190400168299676,0.44738642275333407,17920
dmn_within,59,"('WT', 'LCTB92')",95.0,0.650028595328331,0.6481788228079677,0.6516464665532112,17920
dmn_within,59,"('WT', 'LCTB92')",99.0,0.7150239402055742,0.7054830868244185,0.7206963899731639,17920
dmn_within,59,"('WT', 'VEH')",1.0,0.21306559026241303,0.2109445941746235,0.21506507949531078,15360
dmn_within,59,"('WT', 'VEH')",5.0,0.24918453097343446,0.2473168522119522,0.252236785441637,15360
dmn_within,59,"('WT', 'VEH')",50.0,0.5250692367553711,0.5230882100760936,0.5269576709717512,15360
dmn_within,59,"('WT', 'VEH')",95.0,0.7077564895153046,0.7036153287068009,0.709857901930809,15360
dmn_within,59,"('WT', 'VEH')",99.0,0.7610419318079948,0.757913509670645,0.7637243458628654,15360
dmn_within,5,"('Dp1Yey', 'LCTB92')",1.0,0.6056508406996727,0.5977982878684998,0.6162561631202698,21208
dmn_within,5,"('Dp1Yey', 'LCTB92')",5.0,0.7216618195176124,0.7168564975261689,0.726583092212677,21208
dmn_within,5,"('Dp1Yey', 'LCTB92')",50.0,0.9279755353927612,0.9266422047279775,0.9294132702052593,21208
dmn_within,5,"('Dp1Yey', 'LCTB92')",95.0,1.0288086012937128,1.0274827368557453,1.0301758108893408,21208
dmn_within,5,"('Dp1Yey', 'LCTB92')",99.0,1.0542889449372888,1.052137665450573,1.0560035528987646,21208
dmn_within,5,"('Dp1Yey', 'VEH')",1.0,0.5842921903729439,0.5736789264380932,0.5996628999710083,21208
dmn_within,5,"('Dp1Yey', 'VEH')",5.0,0.7242603108286858,0.7174791604280472,0.7293739318847656,21208
dmn_within,5,"('Dp1Yey', 'VEH')",50.0,0.9268632382154465,0.9254400589503348,0.9282731789164245,21208
dmn_within,5,"('Dp1Yey', 'VEH')",95.0,1.0277815885841846,1.0266415717569182,1.0290894600329918,21208
dmn_within,5,"('Dp1Yey', 'VEH')",99.0,1.0556710263341667,1.0540473372116685,1.0570864006876945,21208
dmn_within,5,"('WT', 'LCTB92')",1.0,0.574884866476059,0.5648219785094262,0.5868484973907471,26992
dmn_within,5,"('WT', 'LCTB92')",5.0,0.7271330952644348,0.7218692094087601,0.7316880837082863,26992
dmn_within,5,"('WT', 'LCTB92')",50.0,0.9323253743350506,0.931092481687665,0.9336590682156384,26992
dmn_within,5,"('WT', 'LCTB92')",95.0,1.0334596579894424,1.0324548081448301,1.0344547658041119,26992
dmn_within,5,"('WT', 'LCTB92')",99.0,1.0602108643576502,1.0582967842491344,1.0620182867608963,26992
dmn_within,5,"('WT', 'VEH')",1.0,0.6324514627456665,0.6219328656792641,0.6439430132508278,23136
dmn_within,5,"('WT', 'VEH')",5.0,0.769813135266304,0.7652058005332947,0.7749199494719505,23136
dmn_within,5,"('WT', 'VEH')",50.0,0.9493809826672077,0.9483011227101088,0.9506753748748451,23136
dmn_within,5,"('WT', 'VEH')",95.0,1.0376194762066007,1.0365177877247334,1.03864751663059,23136
dmn_within,5,"('WT', 'VEH')",99.0,1.0648212518543005,1.0630742235854267,1.0663947205990554,23136
dmn_within,60,"('Dp1Yey', 'LCTB92')",1.0,0.24735551476478576,0.2439714229106903,0.2520236528068781,13948
dmn_within,60,"('Dp1Yey', 'LCTB92')",5.0,0.29430792927742006,0.2912486791610718,0.2991224370151758,13948
dmn_within,60,"('Dp1Yey', 'LCTB92')",50.0,0.43122515082359314,0.42933499813079834,0.4327471725642681,13948
dmn_within,60,"('Dp1Yey', 'LCTB92')",95.0,0.6272899508476257,0.6238796650245786,0.6295685712620616,13948
dmn_within,60,"('Dp1Yey', 'LCTB92')",99.0,0.7419584509730339,0.7309470474720001,0.7508572787046432,13948
dmn_within,60,"('Dp1Yey', 'VEH')",1.0,0.21172540187835692,0.2040322494506836,0.2281147187948227,13948
dmn_within,60,"('Dp1Yey', 'VEH')",5.0,0.28097440898418424,0.27858437806367875,0.28326596021652223,13948
dmn_within,60,"('Dp1Yey', 'VEH')",50.0,0.43060243129730225,0.42857730463147165,0.4323194928467274,13948
dmn_within,60,"('Dp1Yey', 'VEH')",95.0,0.5828463196754455,0.5801247954368591,0.5849765205755829,13948
dmn_within,60,"('Dp1Yey', 'VEH')",99.0,0.6270853883028031,0.6234779763519764,0.6311089736223222,13948
dmn_within,60,"('WT', 'LCTB92')",1.0,0.12224357068538666,0.12079685105383396,0.12380724479258061,17752
dmn_within,60,"('WT', 'LCTB92')",5.0,0.17821157574653626,0.1745232343673706,0.1825278803706169,17752
dmn_within,60,"('WT', 'LCTB92')",50.0,0.44133877754211426,0.43820205256342887,0.44472089111804963,17752
dmn_within,60,"('WT', 'LCTB92')",95.0,0.6459225699305535,0.6434926986694336,0.6479964703321457,17752
dmn_within,60,"('WT', 'LCTB92')",99.0,0.7069080129265803,0.6963459643721589,0.7143623247742665,17752
dmn_within,60,"('WT', 'VEH')",1.0,0.20906707346439363,0.2064310610294342,0.2114203542470932,15216
dmn_within,60,"('WT', 'VEH')",5.0,0.2465502768754959,0.24422687292099,0.2488853931427002,15216
dmn_within,60,"('WT', 'VEH')",50.0,0.520852655172348,0.5186107438057661,0.5228609524667263,15216
dmn_within,60,"('WT', 'VEH')",95.0,0.7031921371817589,0.6987785995006561,0.7067887151613832,15216
dmn_within,60,"('WT', 'VEH')",99.0,0.7565414957702161,0.7546637952327728,0.7597449079714717,15216
dmn_within,61,"('Dp1Yey', 'LCTB92')",1.0,0.2490699589252472,0.245323526263237,0.25246602296829224,13816
dmn_within,61,"('Dp1Yey', 'LCTB92')",5.0,0.29176943004131317,0.287760491669178,0.2969127759337425,13816
dmn_within,61,"('Dp1Yey', 'LCTB92')",50.0,0.42897042632102966,0.42744734063744544,0.4307693839073181,13816
dmn_within,61,"('Dp1Yey', 'LCTB92')",95.0,0.62517199665308,0.6220366805791855,0.6273798679932951,13816
dmn_within,61,"('Dp1Yey', 'LCTB92')",99.0,0.74367997199297,0.726776510477066,0.7569564698077744,13816
dmn_within,61,"('Dp1Yey', 'VEH')",1.0,0.2086970776319504,0.20142546124756336,0.21698585085570815,13816
dmn_within,61,"('Dp1Yey', 'VEH')",5.0,0.27824994921684265,0.2757330387830734,0.28095881827175617,13816
dmn_within,61,"('Dp1Yey', 'VEH')",50.0,0.428877055644989,0.4269433692097664,0.43083927035331726,13816
dmn_within,61,"('Dp1Yey', 'VEH')",95.0,0.5809671729803085,0.5792384743690491,0.583141416311264,13816
dmn_within,61,"('Dp1Yey', 'VEH')",99.0,0.6214777782559395,0.6188733667135239,0.6242767870426178,13816
dmn_within,61,"('WT', 'LCTB92')",1.0,0.12180035591125489,0.12017439974844456,0.12362142860889436,17584
dmn_within,61,"('WT', 'LCTB92')",5.0,0.17628085017204284,0.17310303449630737,0.18044857427477837,17584
dmn_within,61,"('WT', 'LCTB92')",50.0,0.4388042092323303,0.4356372654438019,0.442239261418581,17584
dmn_within,61,"('WT', 'LCTB92')",95.0,0.6411257892847061,0.639131040871143,0.6429323505610227,17584
dmn_within,61,"('WT', 'LCTB92')",99.0,0.6958489465713483,0.6850685706734647,0.7038628455027933,17584
dmn_within,61,"('WT', 'VEH')",1.0,0.2066502845287323,0.20452639561891556,0.20870711025595665,15072
dmn_within,61,"('WT', 'VEH')",5.0,0.24368858337402344,0.24133365452289582,0.24711292684078218,15072
dmn_within,61,"('WT', 'VEH')",50.0,0.5166759192943573,0.5145541429519653,0.5190135091543198,15072
dmn_within,61,"('WT', 'VEH')",95.0,0.6994677379727363,0.6957886243611574,0.7022861178591847,15072
dmn_within,61,"('WT', 'VEH')",99.0,0.7540947462618344,0.7506396408379076,0.7574020546674725,15072
dmn_within,62,"('Dp1Yey', 'LCTB92')",1.0,0.2479269164800644,0.24521523714065552,0.2511759403645992,13684
dmn_within,62,"('Dp1Yey', 'LCTB92')",5.0,0.28877410590648656,0.28496931977570056,0.29444099254906175,13684
dmn_within,62,"('Dp1Yey', 'LCTB92')",50.0,0.4265497922897339,0.42490191757678986,0.42800564095377924,13684
dmn_within,62,"('Dp1Yey', 'LCTB92')",95.0,0.6234393790364265,0.6205094678699967,0.6264247000217438,13684
dmn_within,62,"('Dp1Yey', 'LCTB92')",99.0,0.7463288739323617,0.7243458589911461,0.7587541275583207,13684
dmn_within,62,"('Dp1Yey', 'VEH')",1.0,0.20503230452537538,0.19912105798721313,0.2134568120241165,13684
dmn_within,62,"('Dp1Yey', 'VEH')",5.0,0.2757410824298859,0.27400365136563776,0.27844934761524204,13684
dmn_within,62,"('Dp1Yey', 'VEH')",50.0,0.42633602023124695,0.4244543306529522,0.42872844859957693,13684
dmn_within,62,"('Dp1Yey', 'VEH')",95.0,0.5799001678824425,0.577492356300354,0.5820079559087753,13684
dmn_within,62,"('Dp1Yey', 'VEH')",99.0,0.6228007149696351,0.6194280311465263,0.6268257805705071,13684
dmn_within,62,"('WT', 'LCTB92')",1.0,0.12135583758354188,0.11999918222427368,0.12302163161337376,17416
dmn_within,62,"('WT', 'LCTB92')",5.0,0.17354275286197662,0.1707240343093872,0.17884942218661307,17416
dmn_within,62,"('WT', 'LCTB92')",50.0,0.4353785514831543,0.43172699213027954,0.4387891091406345,17416
dmn_within,62,"('WT', 'LCTB92')",95.0,0.6368831396102905,0.6352316778153181,0.6390554392710328,17416
dmn_within,62,"('WT', 'LCTB92')",99.0,0.6832637816667553,0.6771114215254783,0.6943671559169887,17416
dmn_within,62,"('WT', 'VEH')",1.0,0.2051172983646393,0.20023409864306452,0.20770612876117228,14928
dmn_within,62,"('WT', 'VEH')",5.0,0.24130463004112243,0.23905352354049683,0.24489188194274902,14928
dmn_within,62,"('WT', 'VEH')",50.0,0.5123715698719025,0.5097008492797613,0.514343149587512,14928
dmn_within,62,"('WT', 'VEH')",95.0,0.6953586593270302,0.6919546157494186,0.6983133345097302,14928
dmn_within,62,"('WT', 'VEH')",99.0,0.7475515428185462,0.7427511408105493,0.7524201926589011,14928
dmn_within,63,"('Dp1Yey', 'LCTB92')",1.0,0.2484393835067749,0.2463509440422058,0.25096929490566255,13552
dmn_within,63,"('Dp1Yey', 'LCTB92')",5.0,0.28561899065971375,0.28210450917482377,0.2930822814255953,13552
dmn_within,63,"('Dp1Yey', 'LCTB92')",50.0,0.4243432283401489,0.4230396583676338,0.4256936840713024,13552
dmn_within,63,"('Dp1Yey', 'LCTB92')",95.0,0.6233459517359734,0.6197642032802102,0.6265045553445816,13552
dmn_within,63,"('Dp1Yey', 'LCTB92')",99.0,0.7424522420763968,0.725575508981943,0.7541514493860302,13552
dmn_within,63,"('Dp1Yey', 'VEH')",1.0,0.20599908053874968,0.19830137491226196,0.21211476743221283,13552
dmn_within,63,"('Dp1Yey', 'VEH')",5.0,0.2726852595806122,0.2707394604384899,0.27515422336757184,13552
dmn_within,63,"('Dp1Yey', 'VEH')",50.0,0.423845499753952,0.42197133526206015,0.425938218832016,13552
dmn_within,63,"('Dp1Yey', 'VEH')",95.0,0.5768413603305816,0.574185225367546,0.5794009349122643,13552
dmn_within,63,"('Dp1Yey', 'VEH')",99.0,0.6269811502099036,0.6221545258164405,0.6323708295822144,13552
dmn_within,63,"('WT', 'LCTB92')",1.0,0.1222737467288971,0.12029514193534852,0.12448958341777325,17248
dmn_within,63,"('WT', 'LCTB92')",5.0,0.17266740798950195,0.16916907615959645,0.1774880152195692,17248
dmn_within,63,"('WT', 'LCTB92')",50.0,0.43075472116470337,0.4272263929247856,0.43460482358932495,17248
dmn_within,63,"('WT', 'LCTB92')",95.0,0.6336905375123024,0.631520688533783,0.6351780652999878,17248
dmn_within,63,"('WT', 'LCTB92')",99.0,0.6785337504744526,0.672412218615412,0.6839338016286493,17248
dmn_within,63,"('WT', 'VEH')",1.0,0.20338468372821808,0.19666549801826477,0.20637176695466042,14784
dmn_within,63,"('WT', 'VEH')",5.0,0.23986675441265107,0.23733062595129015,0.24303376212716102,14784
dmn_within,63,"('WT', 'VEH')",50.0,0.5071536898612976,0.504935696721077,0.5089696355164051,14784
dmn_within,63,"('WT', 'VEH')",95.0,0.6912971258163452,0.6882943719625472,0.6942958578467369,14784
dmn_within,63,"('WT', 'VEH')",99.0,0.741057211458683,0.73611069470644,0.744916558265686,14784
dmn_within,64,"('Dp1Yey', 'LCTB92')",1.0,0.24796847701072694,0.2453638271689415,0.25100988149642944,13420
dmn_within,64,"('Dp1Yey', 'LCTB92')",5.0,0.28444589078426363,0.281132338270545,0.291366159170866,13420
dmn_within,64,"('Dp1Yey', 'LCTB92')",50.0,0.42184698581695557,0.4202562212944031,0.42335302084684373,13420
dmn_within,64,"('Dp1Yey', 'LCTB92')",95.0,0.622605051100254,0.6197762339189646,0.6263452695310113,13420
dmn_within,64,"('Dp1Yey', 'LCTB92')",99.0,0.7405788695812224,0.7287431955337524,0.7472344189882277,13420
dmn_within,64,"('Dp1Yey', 'VEH')",1.0,0.2024281644821167,0.19793627083301543,0.21289396286010742,13420
dmn_within,64,"('Dp1Yey', 'VEH')",5.0,0.2705921620130539,0.26795759283006193,0.27314167022705077,13420
dmn_within,64,"('Dp1Yey', 'VEH')",50.0,0.4216313064098358,0.41959455609321594,0.42383687794208524,13420
dmn_within,64,"('Dp1Yey', 'VEH')",95.0,0.5736315697431564,0.5713043752312659,0.575899064540863,13420
dmn_within,64,"('Dp1Yey', 'VEH')",99.0,0.62748151242733,0.6218879365921018,0.6328955140709874,13420
dmn_within,64,"('WT', 'LCTB92')",1.0,0.12264237344264985,0.12128428535163402,0.12427651882171631,17080
dmn_within,64,"('WT', 'LCTB92')",5.0,0.17315673828125,0.16869795322418216,0.17677843272686006,17080
dmn_within,64,"('WT', 'LCTB92')",50.0,0.4277058243751526,0.42322579175233843,0.4317265413701534,17080
dmn_within,64,"('WT', 'LCTB92')",95.0,0.6299425274133682,0.6280906976759434,0.6316119074821472,17080
dmn_within,64,"('WT', 'LCTB92')",99.0,0.6745874792337416,0.6697099630832671,0.679633030295371,17080
dmn_within,64,"('WT', 'VEH')",1.0,0.20139343440532684,0.19691883012652395,0.20451253652572632,14640
dmn_within,64,"('WT', 'VEH')",5.0,0.23787845373153688,0.23469775915145874,0.2406351923942566,14640
dmn_within,64,"('WT', 'VEH')",50.0,0.5027441531419754,0.5003051497042179,0.5049847472459078,14640
dmn_within,64,"('WT', 'VEH')",95.0,0.6878965601325034,0.6849192023277282,0.6909871278703212,14640
dmn_within,64,"('WT', 'VEH')",99.0,0.7322732743620872,0.7291811692714691,0.7367781698703766,14640
dmn_within,65,"('Dp1Yey', 'LCTB92')",1.0,0.24870255589485168,0.2458396553993225,0.25085309565067293,13288
dmn_within,65,"('Dp1Yey', 'LCTB92')",5.0,0.2831970155239105,0.27925399839878084,0.29076807796955106,13288
dmn_within,65,"('Dp1Yey', 'LCTB92')",50.0,0.41910240054130554,0.4173871412873268,0.42085474729537964,13288
dmn_within,65,"('Dp1Yey', 'LCTB92')",95.0,0.6236179754137993,0.6201968509331346,0.6266876201704145,13288
dmn_within,65,"('Dp1Yey', 'LCTB92')",99.0,0.7412659284472465,0.7337917983531952,0.7439954903721809,13288
dmn_within,65,"('Dp1Yey', 'VEH')",1.0,0.2045181006193161,0.19942986965179443,0.21186382830142975,13288
dmn_within,65,"('Dp1Yey', 'VEH')",5.0,0.2681091815233231,0.265266092941165,0.270377394631505,13288
dmn_within,65,"('Dp1Yey', 'VEH')",50.0,0.41875237226486206,0.4162698984146118,0.4212259352207184,13288
dmn_within,65,"('Dp1Yey', 'VEH')",95.0,0.5702550485730171,0.5670794874429703,0.5725458562374115,13288
dmn_within,65,"('Dp1Yey', 'VEH')",99.0,0.6232728099822994,0.6154745477437973,0.631939172744751,13288
dmn_within,65,"('WT', 'LCTB92')",1.0,0.12144834458827973,0.11990385591983795,0.12279385328292847,16912
dmn_within,65,"('WT', 'LCTB92')",5.0,0.17094587683677676,0.16676878929138184,0.17615556716918945,16912
dmn_within,65,"('WT', 'LCTB92')",50.0,0.42421114444732666,0.4202148914337158,0.4291392579674721,16912
dmn_within,65,"('WT', 'LCTB92')",95.0,0.626618917286396,0.6252031624317169,0.6281327822431921,16912
dmn_within,65,"('WT', 'LCTB92')",99.0,0.6690777638554573,0.6637724476680159,0.6764263513162729,16912
dmn_within,65,"('WT', 'VEH')",1.0,0.19805854856967925,0.19527995586395264,0.20185506343841553,14496
dmn_within,65,"('WT', 'VEH')",5.0,0.235792875289917,0.2335003763437271,0.2394205927848816,14496
dmn_within,65,"('WT', 'VEH')",50.0,0.4980945289134979,0.4958908259868622,0.5006777152419091,14496
dmn_within,65,"('WT', 'VEH')",95.0,0.683715395629406,0.6811241503804922,0.6870570112019777,14496
dmn_within,65,"('WT', 'VEH')",99.0,0.7250126436352728,0.7222446321696042,0.7306073546409598,14496
dmn_within,66,"('Dp1Yey', 'LCTB92')",1.0,0.24961855709552766,0.24694175720214845,0.25119305938482284,13156
dmn_within,66,"('Dp1Yey', 'LCTB92')",5.0,0.2816668897867203,0.27800679095089437,0.2891392055898905,13156
dmn_within,66,"('Dp1Yey', 'LCTB92')",50.0,0.41756170988082886,0.4155474901199341,0.41924784407019616,13156
dmn_within,66,"('Dp1Yey', 'LCTB92')",95.0,0.6245454549789429,0.6207351461052895,0.6282755259424448,13156
dmn_within,66,"('Dp1Yey', 'LCTB92')",99.0,0.739456342160702,0.7315685242414476,0.7422823023423554,13156
dmn_within,66,"('Dp1Yey', 'VEH')",1.0,0.2079293042421341,0.20313825093209745,0.21321827173233032,13156
dmn_within,66,"('Dp1Yey', 'VEH')",5.0,0.26409873366355896,0.2621058374643326,0.2672082781791687,13156
dmn_within,66,"('Dp1Yey', 'VEH')",50.0,0.4151564836502075,0.4131695032119751,0.41767987608909607,13156
dmn_within,66,"('Dp1Yey', 'VEH')",95.0,0.5642716065049171,0.5613528404384851,0.5680876672267914,13156
dmn_within,66,"('Dp1Yey', 'VEH')",99.0,0.6165652319788939,0.6105975695326924,0.6260935068130493,13156
dmn_within,66,"('WT', 'LCTB92')",1.0,0.12026026725769043,0.11889287710189819,0.1223745768070221,16744
dmn_within,66,"('WT', 'LCTB92')",5.0,0.16976360678672792,0.1638599157333374,0.1752287954092026,16744
dmn_within,66,"('WT', 'LCTB92')",50.0,0.42096400260925293,0.41708725690841675,0.4253908708691597,16744
dmn_within,66,"('WT', 'LCTB92')",95.0,0.6228593096137047,0.6214413940906525,0.6244599729776381,16744
dmn_within,66,"('WT', 'LCTB92')",99.0,0.6642027074098587,0.6591916382312775,0.6694526903629302,16744
dmn_within,66,"('WT', 'VEH')",1.0,0.19677677631378174,0.19400928676128387,0.20095038712024688,14352
dmn_within,66,"('WT', 'VEH')",5.0,0.23477194905281068,0.23166689276695251,0.23788942396640778,14352
dmn_within,66,"('WT', 'VEH')",50.0,0.49494123458862305,0.49256672263145446,0.4971384212374687,14352
dmn_within,66,"('WT', 'VEH')",95.0,0.6772942483425138,0.674342691898346,0.6815264406427741,14352
dmn_within,66,"('WT', 'VEH')",99.0,0.7250900208950042,0.719077689051628,0.7277703285217285,14352
dmn_within,67,"('Dp1Yey', 'LCTB92')",1.0,0.24936687767505647,0.24703770875930786,0.2510308629274368,13024
dmn_within,67,"('Dp1Yey', 'LCTB92')",5.0,0.2818138748407364,0.27856445737183094,0.2861935109645128,13024
dmn_within,67,"('Dp1Yey', 'LCTB92')",50.0,0.41489744186401367,0.4134298861026764,0.41669750213623047,13024
dmn_within,67,"('Dp1Yey', 'LCTB92')",95.0,0.6240385130047795,0.6194003224372864,0.6275765243917701,13024
dmn_within,67,"('Dp1Yey', 'LCTB92')",99.0,0.7351963284611702,0.7292630859985949,0.7399531304836273,13024
dmn_within,67,"('Dp1Yey', 'VEH')",1.0,0.2101701247692108,0.20568817853927612,0.21688354015350342,13024
dmn_within,67,"('Dp1Yey', 'VEH')",5.0,0.2615420609712601,0.25931936502456665,0.26404665648937226,13024
dmn_within,67,"('Dp1Yey', 'VEH')",50.0,0.41271597146987915,0.41070055291056634,0.41490092873573303,13024
dmn_within,67,"('Dp1Yey', 'VEH')",95.0,0.5592315271496773,0.5565089017152786,0.5624625816941259,13024
dmn_within,67,"('Dp1Yey', 'VEH')",99.0,0.611879613697529,0.6071428367346526,0.6158550977706909,13024
dmn_within,67,"('WT', 'LCTB92')",1.0,0.11977629363536835,0.1179211288690567,0.12166661024093628,16576
dmn_within,67,"('WT', 'LCTB92')",5.0,0.16747087240219116,0.16245172917842865,0.17391441017389295,16576
dmn_within,67,"('WT', 'LCTB92')",50.0,0.41834360361099243,0.412784431129694,0.4227941453456879,16576
dmn_within,67,"('WT', 'LCTB92')",95.0,0.6185048297047615,0.6167848184704781,0.6201030686497688,16576
dmn_within,67,"('WT', 'LCTB92')",99.0,0.657287172973156,0.6533850504085421,0.6607723236083984,16576
dmn_within,67,"('WT', 'VEH')",1.0,0.1960708212852478,0.19328298330307006,0.1995638608932495,14208
dmn_within,67,"('WT', 'VEH')",5.0,0.23397540748119355,0.2296297937631607,0.2367650270462036,14208
dmn_within,67,"('WT', 'VEH')",50.0,0.49155598878860474,0.48926400393247604,0.4934945203363895,14208
dmn_within,67,"('WT', 'VEH')",95.0,0.67139922529459,0.6676560152322053,0.6761117818206549,14208
dmn_within,67,"('WT', 'VEH')",99.0,0.7207737803459168,0.717143714427948,0.724762886762619,14208
dmn_within,68,"('Dp1Yey', 'LCTB92')",1.0,0.24864681243896483,0.24632805585861206,0.2506131771802902,12892
dmn_within,68,"('Dp1Yey', 'LCTB92')",5.0,0.2818324029445648,0.27877784967422486,0.2847135712951422,12892
dmn_within,68,"('Dp1Yey', 'LCTB92')",50.0,0.4124414920806885,0.41082933768630026,0.41424710378050805,12892
dmn_within,68,"('Dp1Yey', 'LCTB92')",95.0,0.6227390155196189,0.6186153516173363,0.6275169253349304,12892
dmn_within,68,"('Dp1Yey', 'LCTB92')",99.0,0.7367866614460945,0.7283371906355024,0.7410683035850525,12892
dmn_within,68,"('Dp1Yey', 'VEH')",1.0,0.2149357432126999,0.2083860892057419,0.2201553601026535,12892
dmn_within,68,"('Dp1Yey', 'VEH')",5.0,0.25879663825035093,0.2571016032248736,0.2606378363072872,12892
dmn_within,68,"('Dp1Yey', 'VEH')",50.0,0.41026249527931213,0.40826672315597534,0.4122373640537262,12892
dmn_within,68,"('Dp1Yey', 'VEH')",95.0,0.5555937290191649,0.5526054665073752,0.5586709976196289,12892
dmn_within,68,"('Dp1Yey', 'VEH')",99.0,0.6088931852579117,0.6052110427618027,0.6117340213134884,12892
dmn_within,68,"('WT', 'LCTB92')",1.0,0.11938100397586822,0.11752956119179725,0.12118750810623169,16408
dmn_within,68,"('WT', 'LCTB92')",5.0,0.1642237514257431,0.15987910702824593,0.16929086238145827,16408
dmn_within,68,"('WT', 'LCTB92')",50.0,0.4155987799167633,0.4109084069728851,0.4191826581954956,16408
dmn_within,68,"('WT', 'LCTB92')",95.0,0.6131529673933983,0.6113607639819384,0.6148063108325005,16408
dmn_within,68,"('WT', 'LCTB92')",99.0,0.6485509529709816,0.6466954977810384,0.6520499436557292,16408
dmn_within,68,"('WT', 'VEH')",1.0,0.19644123196601868,0.19248539209365845,0.1989952865242958,14064
dmn_within,68,"('WT', 'VEH')",5.0,0.2313530445098877,0.22847249232232572,0.23468259669840336,14064
dmn_within,68,"('WT', 'VEH')",50.0,0.48729342222213745,0.4853486932814121,0.4894160233438015,14064
dmn_within,68,"('WT', 'VEH')",95.0,0.6685734301805495,0.6643546393513678,0.6726772755756973,14064
dmn_within,68,"('WT', 'VEH')",99.0,0.7169256719946862,0.7141406000107523,0.7195123434066772,14064
dmn_within,69,"('Dp1Yey', 'LCTB92')",1.0,0.2466994708776474,0.2441839903742075,0.2501624822616577,12760
dmn_within,69,"('Dp1Yey', 'LCTB92')",5.0,0.28206090033054354,0.27920322179794316,0.2848868823796511,12760
dmn_within,69,"('Dp1Yey', 'LCTB92')",50.0,0.4092727601528168,0.4073440723121166,0.41144721060991285,12760
dmn_within,69,"('Dp1Yey', 'LCTB92')",95.0,0.6217161819338798,0.6161873638629913,0.6260976389050482,12760
dmn_within,69,"('Dp1Yey', 'LCTB92')",99.0,0.7338514649868011,0.7245532220602035,0.739292174577713,12760
dmn_within,69,"('Dp1Yey', 'VEH')",1.0,0.21985694408416748,0.21482516705989838,0.22297048568725586,12760
dmn_within,69,"('Dp1Yey', 'VEH')",5.0,0.25691517293453214,0.25487895905971525,0.25886261463165283,12760
dmn_within,69,"('Dp1Yey', 'VEH')",50.0,0.4076170027256012,0.40561118721961975,0.409885061532259,12760
dmn_within,69,"('Dp1Yey', 'VEH')",95.0,0.5527186259627342,0.5491333450376987,0.5555041223764419,12760
dmn_within,69,"('Dp1Yey', 'VEH')",99.0,0.6052774977684021,0.6017979275137185,0.6079310178756714,12760
dmn_within,69,"('WT', 'LCTB92')",1.0,0.1190452241897583,0.11774200201034546,0.12085049867630004,16240
dmn_within,69,"('WT', 'LCTB92')",5.0,0.15980916917324067,0.15611546233296394,0.16601483523845673,16240
dmn_within,69,"('WT', 'LCTB92')",50.0,0.41252684593200684,0.40799418091773987,0.41643449664115906,16240
dmn_within,69,"('WT', 'LCTB92')",95.0,0.6087427780032157,0.6068071027472615,0.6107440784573555,16240
dmn_within,69,"('WT', 'LCTB92')",99.0,0.6446533495187761,0.640901098549366,0.6481298979818821,16240
dmn_within,69,"('WT', 'VEH')",1.0,0.19555610418319702,0.19273821115493775,0.19777435867488383,13920
dmn_within,69,"('WT', 'VEH')",5.0,0.2307495266199112,0.22799109816551208,0.23387566722929476,13920
dmn_within,69,"('WT', 'VEH')",50.0,0.4833548367023468,0.48149008452892306,0.48523692786693573,13920
dmn_within,69,"('WT', 'VEH')",95.0,0.6645483687520027,0.6608991411328315,0.6679182857275009,13920
dmn_within,69,"('WT', 'VEH')",99.0,0.7163637790083884,0.7122950612604618,0.7183636128902435,13920
dmn_within,6,"('Dp1Yey', 'LCTB92')",1.0,0.561798170208931,0.5512496802955866,0.5717989206314087,21076
dmn_within,6,"('Dp1Yey', 'LCTB92')",5.0,0.6839736998081207,0.6792702823877335,0.6890091199427844,21076
dmn_within,6,"('Dp1Yey', 'LCTB92')",50.0,0.9046389646828175,0.9030147641897202,0.9062459015287458,21076
dmn_within,6,"('Dp1Yey', 'LCTB92')",95.0,1.0162291354499757,1.0143898278474808,1.0179137356113643,21076
dmn_within,6,"('Dp1Yey', 'LCTB92')",99.0,1.0473948316648602,1.0458675399422646,1.0491932583972812,21076
dmn_within,6,"('Dp1Yey', 'VEH')",1.0,0.5553321912884712,0.5461119115352631,0.5625958215445279,21076
dmn_within,6,"('Dp1Yey', 'VEH')",5.0,0.6902623474597931,0.6833014264702797,0.6958069801330566,21076
dmn_within,6,"('Dp1Yey', 'VEH')",50.0,0.9050818048417568,0.9034987638704479,0.9063845736905932,21076
dmn_within,6,"('Dp1Yey', 'VEH')",95.0,1.015560716157779,1.0141249280422926,1.0167469354346395,21076
dmn_within,6,"('Dp1Yey', 'VEH')",99.0,1.0460103210061789,1.043713589035906,1.0475511429831386,21076
dmn_within,6,"('WT', 'LCTB92')",1.0,0.5377517396211624,0.5291946530342102,0.5455358257219195,26824
dmn_within,6,"('WT', 'LCTB92')",5.0,0.6791442513465882,0.6739388371258974,0.6847806442528963,26824
dmn_within,6,"('WT', 'LCTB92')",50.0,0.9119588807225227,0.9105924293398857,0.9132175299338996,26824
dmn_within,6,"('WT', 'LCTB92')",95.0,1.021439427603036,1.0201463960111141,1.022967852652073,26824
dmn_within,6,"('WT', 'LCTB92')",99.0,1.0535834646224975,1.0516951858876273,1.0558873865576461,26824
dmn_within,6,"('WT', 'VEH')",1.0,0.6128505480289459,0.6054180455207825,0.6252404427528381,22992
dmn_within,6,"('WT', 'VEH')",5.0,0.7425037279725075,0.7385930269956589,0.7460769521445035,22992
dmn_within,6,"('WT', 'VEH')",50.0,0.9312173910439014,0.9299790188670158,0.9325515952892601,22992
dmn_within,6,"('WT', 'VEH')",95.0,1.0284778636880219,1.0270919466018675,1.0298597221262753,22992
dmn_within,6,"('WT', 'VEH')",99.0,1.059484881013632,1.0577174578169362,1.0613941084221006,22992
dmn_within,70,"('Dp1Yey', 'LCTB92')",1.0,0.2468922233581543,0.24368256330490112,0.25014787912368774,12628
dmn_within,70,"('Dp1Yey', 'LCTB92')",5.0,0.28228144645690917,0.2802520453929901,0.2844540717452764,12628
dmn_within,70,"('Dp1Yey', 'LCTB92')",50.0,0.40509137511253357,0.40282261073589326,0.4074206903576851,12628
dmn_within,70,"('Dp1Yey', 'LCTB92')",95.0,0.6191609561443329,0.6152933850884437,0.6266159524768591,12628
dmn_within,70,"('Dp1Yey', 'LCTB92')",99.0,0.7319403505325317,0.7261853700131178,0.7364576756954193,12628
dmn_within,70,"('Dp1Yey', 'VEH')",1.0,0.22178772687911988,0.21808074535429478,0.22498259642720222,12628
dmn_within,70,"('Dp1Yey', 'VEH')",5.0,0.255813530087471,0.25291293263435366,0.2579658627510071,12628
dmn_within,70,"('Dp1Yey', 'VEH')",50.0,0.40563318133354187,0.4031997323036194,0.4079929620027542,12628
dmn_within,70,"('Dp1Yey', 'VEH')",95.0,0.5491053566336631,0.5461130321025848,0.5522921681404114,12628
dmn_within,70,"('Dp1Yey', 'VEH')",99.0,0.5988143077492714,0.5953473290801047,0.6019383668899536,12628
dmn_within,70,"('WT', 'LCTB92')",1.0,0.11814913153648376,0.1161760687828064,0.11979350745677948,16072
dmn_within,70,"('WT', 'LCTB92')",5.0,0.15698584318161013,0.15377193689346313,0.1622789566963911,16072
dmn_within,70,"('WT', 'LCTB92')",50.0,0.4086368978023529,0.4043236501514912,0.41278672218322754,16072
dmn_within,70,"('WT', 'LCTB92')",95.0,0.6051864191889763,0.6030332492664456,0.6068211749196053,16072
dmn_within,70,"('WT', 'LCTB92')",99.0,0.6366800335049627,0.6331573224067687,0.6401168363839387,16072
dmn_within,70,"('WT', 'VEH')",1.0,0.194175124168396,0.19029603898525238,0.1968299299478531,13776
dmn_within,70,"('WT', 'VEH')",5.0,0.22976893186569214,0.2276891116052866,0.23332935571670532,13776
dmn_within,70,"('WT', 'VEH')",50.0,0.4783743619918823,0.4764954574406147,0.4806686706840992,13776
dmn_within,70,"('WT', 'VEH')",95.0,0.6601110473275185,0.6570836305618286,0.6633695276454091,13776
dmn_within,70,"('WT', 'VEH')",99.0,0.7142989411950111,0.7124610543251038,0.7181650102138519,13776
dmn_within,71,"('Dp1Yey', 'LCTB92')",1.0,0.246902135014534,0.24343593716621398,0.2500124967843294,12496
dmn_within,71,"('Dp1Yey', 'LCTB92')",5.0,0.28286586701869965,0.28088653087615967,0.2846595197916031,12496
dmn_within,71,"('Dp1Yey', 'LCTB92')",50.0,0.4015500843524933,0.3993845582008362,0.40347537621855734,12496
dmn_within,71,"('Dp1Yey', 'LCTB92')",95.0,0.6185470446944237,0.6146009312942624,0.6241205036640167,12496
dmn_within,71,"('Dp1Yey', 'LCTB92')",99.0,0.7319329440593717,0.7227108776569366,0.7367190139740706,12496
dmn_within,71,"('Dp1Yey', 'VEH')",1.0,0.22440697252750397,0.21796171739697456,0.22728336751461028,12496
dmn_within,71,"('Dp1Yey', 'VEH')",5.0,0.2537534236907959,0.25096605718135834,0.2562390863895416,12496
dmn_within,71,"('Dp1Yey', 'VEH')",50.0,0.40287554264068604,0.4009049229323864,0.4050937592983246,12496
dmn_within,71,"('Dp1Yey', 'VEH')",95.0,0.5472175776958466,0.5439411476254463,0.5498250126838684,12496
dmn_within,71,"('Dp1Yey', 'VEH')",99.0,0.5919658347964287,0.589070590175688,0.5950053945183753,12496
dmn_within,71,"('WT', 'LCTB92')",1.0,0.11645665228366851,0.11551481485366821,0.11846033632755279,15904
dmn_within,71,"('WT', 'LCTB92')",5.0,0.15600427091121674,0.15329498052597046,0.15967196226119995,15904
dmn_within,71,"('WT', 'LCTB92')",50.0,0.405119389295578,0.4011297047138214,0.4088086850941181,15904
dmn_within,71,"('WT', 'LCTB92')",95.0,0.6004796564579008,0.5981635637208819,0.6023573878407478,15904
dmn_within,71,"('WT', 'LCTB92')",99.0,0.6311282429099082,0.6293938225135207,0.6337117239460346,15904
dmn_within,71,"('WT', 'VEH')",1.0,0.1930722826719284,0.18941297709941865,0.19531071186065674,13632
dmn_within,71,"('WT', 'VEH')",5.0,0.2302993565797806,0.22794337645173074,0.2329213560372591,13632
dmn_within,71,"('WT', 'VEH')",50.0,0.47436240315437317,0.4720324449241161,0.47641390562057495,13632
dmn_within,71,"('WT', 'VEH')",95.0,0.6557547450065612,0.6527469158172607,0.65877096503973,13632
dmn_within,71,"('WT', 'VEH')",99.0,0.7148450988531114,0.7091705933213235,0.7193676314204933,13632
dmn_within,72,"('Dp1Yey', 'LCTB92')",1.0,0.24706880390644073,0.24429649114608765,0.2495873486995697,12364
dmn_within,72,"('Dp1Yey', 'LCTB92')",5.0,0.2830580770969391,0.2815153447538614,0.28459631502628324,12364
dmn_within,72,"('Dp1Yey', 'LCTB92')",50.0,0.39843466877937317,0.39660322666168213,0.4006213091313839,12364
dmn_within,72,"('Dp1Yey', 'LCTB92')",95.0,0.616841112077236,0.6119131306558847,0.6231794822588561,12364
dmn_within,72,"('Dp1Yey', 'LCTB92')",99.0,0.7292895480990408,0.7163666486740112,0.7375542128086089,12364
dmn_within,72,"('Dp1Yey', 'VEH')",1.0,0.22393742501735686,0.21576114216446876,0.22745829820632935,12364
dmn_within,72,"('Dp1Yey', 'VEH')",5.0,0.25259429812431333,0.25001296401023865,0.2554665178060532,12364
dmn_within,72,"('Dp1Yey', 'VEH')",50.0,0.4007238745689392,0.39871785044670105,0.4025021642446518,12364
dmn_within,72,"('Dp1Yey', 'VEH')",95.0,0.5438155367970466,0.5406307958066459,0.5465194585174321,12364
dmn_within,72,"('Dp1Yey', 'VEH')",99.0,0.5847150367498396,0.5811927778869863,0.5875598192214966,12364
dmn_within,72,"('WT', 'LCTB92')",1.0,0.11544849574565888,0.11426351070404053,0.11752176284790039,15736
dmn_within,72,"('WT', 'LCTB92')",5.0,0.15510787069797516,0.15247595310211182,0.15852139107882976,15736
dmn_within,72,"('WT', 'LCTB92')",50.0,0.4012725055217743,0.3974428176879883,0.4049910604953766,15736
dmn_within,72,"('WT', 'LCTB92')",95.0,0.5961229801177979,0.5944514850154519,0.5981774628162384,15736
dmn_within,72,"('WT', 'LCTB92')",99.0,0.6281036779284477,0.626361072063446,0.6303564876317977,15736
dmn_within,72,"('WT', 'VEH')",1.0,0.1933055466413498,0.1911613639742136,0.19545092523097993,13488
dmn_within,72,"('WT', 'VEH')",5.0,0.22966596484184265,0.22581241719424724,0.2328607489168644,13488
dmn_within,72,"('WT', 'VEH')",50.0,0.47026535868644714,0.46785103604197503,0.47257286310195923,13488
dmn_within,72,"('WT', 'VEH')",95.0,0.6517658814787864,0.6494241654872894,0.6542178341373801,13488
dmn_within,72,"('WT', 'VEH')",99.0,0.7121195086836813,0.7080994296967983,0.7170961399972439,13488
dmn_within,73,"('Dp1Yey', 'LCTB92')",1.0,0.24907585144042968,0.24511700868606567,0.25155162811279297,12232
dmn_within,73,"('Dp1Yey', 'LCTB92')",5.0,0.283191978931427,0.2815008670836687,0.2843633770942688,12232
dmn_within,73,"('Dp1Yey', 'LCTB92')",50.0,0.3964325487613678,0.39390379935503006,0.39860030487179754,12232
dmn_within,73,"('Dp1Yey', 'LCTB92')",95.0,0.6156718254089355,0.6101309657096863,0.625278128683567,12232
dmn_within,73,"('Dp1Yey', 'LCTB92')",99.0,0.7284325984120371,0.7132774801552307,0.7360753446817399,12232
dmn_within,73,"('Dp1Yey', 'VEH')",1.0,0.22221019446849824,0.21550339579582214,0.22578745056688784,12232
dmn_within,73,"('Dp1Yey', 'VEH')",5.0,0.25197024643421173,0.24921995401382446,0.254616379737854,12232
dmn_within,73,"('Dp1Yey', 'VEH')",50.0,0.397788405418396,0.3955574035644531,0.3994561657309532,12232
dmn_within,73,"('Dp1Yey', 'VEH')",95.0,0.5410009905695913,0.5383384934812783,0.5437421500682831,12232
dmn_within,73,"('Dp1Yey', 'VEH')",99.0,0.5783050805330276,0.5739489656686787,0.5817243158817291,12232
dmn_within,73,"('WT', 'LCTB92')",1.0,0.11417317390441895,0.11311686329543591,0.11605106055736542,15568
dmn_within,73,"('WT', 'LCTB92')",5.0,0.15383215248584747,0.15142446756362915,0.15714847281575203,15568
dmn_within,73,"('WT', 'LCTB92')",50.0,0.39809852838516235,0.3942202225327492,0.4018245734274387,15568
dmn_within,73,"('WT', 'LCTB92')",95.0,0.5905817240476608,0.5887395292520523,0.5919523538276553,15568
dmn_within,73,"('WT', 'LCTB92')",99.0,0.626084440946579,0.6234152259081602,0.6280208426713944,15568
dmn_within,73,"('WT', 'VEH')",1.0,0.19277524530887605,0.1908600276708603,0.19502481758594514,13344
dmn_within,73,"('WT', 'VEH')",5.0,0.2279911994934082,0.22297561466693877,0.2306634157150984,13344
dmn_within,73,"('WT', 'VEH')",50.0,0.46696510910987854,0.46444101855158804,0.46919384598731995,13344
dmn_within,73,"('WT', 'VEH')",95.0,0.6488937318325043,0.6463341919705267,0.6514966830611228,13344
dmn_within,73,"('WT', 'VEH')",99.0,0.7105193549394607,0.7061677873134613,0.7143250610828399,13344
dmn_within,74,"('Dp1Yey', 'LCTB92')",1.0,0.24947142243385315,0.2453630018234253,0.2521912854909897,12100
dmn_within,74,"('Dp1Yey', 'LCTB92')",5.0,0.28269662857055666,0.28131571412086487,0.2846694166958332,12100
dmn_within,74,"('Dp1Yey', 'LCTB92')",50.0,0.3940941393375397,0.39150873497128486,0.39638814330101013,12100
dmn_within,74,"('Dp1Yey', 'LCTB92')",95.0,0.6136866271495818,0.6078251361846924,0.6247029572725296,12100
dmn_within,74,"('Dp1Yey', 'LCTB92')",99.0,0.729630459547043,0.7142461182102564,0.7337954640388489,12100
dmn_within,74,"('Dp1Yey', 'VEH')",1.0,0.22183718919754028,0.21823370456695557,0.22457706928253174,12100
dmn_within,74,"('Dp1Yey', 'VEH')",5.0,0.2496035575866699,0.24772268533706665,0.25259595513343813,12100
dmn_within,74,"('Dp1Yey', 'VEH')",50.0,0.39442116022109985,0.3924714118242264,0.39627898558974267,12100
dmn_within,74,"('Dp1Yey', 'VEH')",95.0,0.5390624433755875,0.5367543399333954,0.541385419741273,12100
dmn_within,74,"('Dp1Yey', 'VEH')",99.0,0.5728538280725479,0.568434327840805,0.576392960548401,12100
dmn_within,74,"('WT', 'LCTB92')",1.0,0.1137722647190094,0.11245495080947876,0.11558073563873768,15400
dmn_within,74,"('WT', 'LCTB92')",5.0,0.15375114977359772,0.15115731954574585,0.15652493491768837,15400
dmn_within,74,"('WT', 'LCTB92')",50.0,0.3954657018184662,0.39149068892002103,0.3995464064180851,15400
dmn_within,74,"('WT', 'LCTB92')",95.0,0.5857674539089202,0.583752129971981,0.5874006473273039,15400
dmn_within,74,"('WT', 'LCTB92')",99.0,0.623155837059021,0.6203055381774902,0.6259817898273468,15400
dmn_within,74,"('WT', 'VEH')",1.0,0.19294949471950532,0.1903214454650879,0.19505443572998046,13200
dmn_within,74,"('WT', 'VEH')",5.0,0.22491842210292817,0.22097824193537235,0.22914619468152525,13200
dmn_within,74,"('WT', 'VEH')",50.0,0.46441715955734253,0.461746484041214,0.46693419516086576,13200
dmn_within,74,"('WT', 'VEH')",95.0,0.6470834702253342,0.6437440380454063,0.6501162052154541,13200
dmn_within,74,"('WT', 'VEH')",99.0,0.7087655910849572,0.7049301266670227,0.7116894211173058,13200
dmn_within,75,"('Dp1Yey', 'LCTB92')",1.0,0.24802268624305726,0.24603931367397308,0.25267710399627685,11968
dmn_within,75,"('Dp1Yey', 'LCTB92')",5.0,0.28233893811702726,0.280351532921195,0.2844052314758301,11968
dmn_within,75,"('Dp1Yey', 'LCTB92')",50.0,0.3911368250846863,0.38908880949020386,0.39337030053138733,11968
dmn_within,75,"('Dp1Yey', 'LCTB92')",95.0,0.6113909021019935,0.6066014945507049,0.6209200679138303,11968
dmn_within,75,"('Dp1Yey', 'LCTB92')",99.0,0.7280183598399163,0.7205644249916077,0.7338954591527581,11968
dmn_within,75,"('Dp1Yey', 'VEH')",1.0,0.22125789046287536,0.21743954837322235,0.22476448893547057,11968
dmn_within,75,"('Dp1Yey', 'VEH')",5.0,0.24848052263259887,0.24612669348716737,0.2504260025918484,11968
dmn_within,75,"('Dp1Yey', 'VEH')",50.0,0.3911181390285492,0.38916659653186797,0.39301512241363523,11968
dmn_within,75,"('Dp1Yey', 'VEH')",95.0,0.5355042770504952,0.532492995262146,0.5379402660951018,11968
dmn_within,75,"('Dp1Yey', 'VEH')",99.0,0.56980863571167,0.5658970000371337,0.5733088403642178,11968
dmn_within,75,"('WT', 'LCTB92')",1.0,0.1134244042634964,0.11162222504615783,0.11482727527618408,15232
dmn_within,75,"('WT', 'LCTB92')",5.0,0.15303751230239868,0.1502063274383545,0.15575054012238979,15232
dmn_within,75,"('WT', 'LCTB92')",50.0,0.3929767608642578,0.38947045654058454,0.3965070560574532,15232
dmn_within,75,"('WT', 'LCTB92')",95.0,0.5812167838215827,0.5788358078151938,0.5830170747637748,15232
dmn_within,75,"('WT', 'LCTB92')",99.0,0.6161208665370942,0.6130974739789964,0.6188850104808807,15232
dmn_within,75,"('WT', 'VEH')",1.0,0.19388313591480255,0.19064912043511867,0.195429664850235,13056
dmn_within,75,"('WT', 'VEH')",5.0,0.22307796776294708,0.21872198581695557,0.22749704271554946,13056
dmn_within,75,"('WT', 'VEH')",50.0,0.46154922246932983,0.4586588740348816,0.4643088988959789,13056
dmn_within,75,"('WT', 'VEH')",95.0,0.6425825580954552,0.6392616119235754,0.6465401088818907,13056
dmn_within,75,"('WT', 'VEH')",99.0,0.7083878859877589,0.7055108508467677,0.7117845118045807,13056
dmn_within,76,"('Dp1Yey', 'LCTB92')",1.0,0.2493939518928528,0.24731630086898804,0.2522316038608551,11836
dmn_within,76,"('Dp1Yey', 'LCTB92')",5.0,0.2819630801677704,0.2804314836859703,0.28378693759441376,11836
dmn_within,76,"('Dp1Yey', 'LCTB92')",50.0,0.38850364089012146,0.38668759167194366,0.3908433564007282,11836
dmn_within,76,"('Dp1Yey', 'LCTB92')",95.0,0.6097237169742584,0.6037368476390839,0.6187040319666266,11836
dmn_within,76,"('Dp1Yey', 'LCTB92')",99.0,0.7246590062975883,0.718109956383705,0.7280378550291058,11836
dmn_within,76,"('Dp1Yey', 'VEH')",1.0,0.21961062550544738,0.2153233289718628,0.22171567678451537,11836
dmn_within,76,"('Dp1Yey', 'VEH')",5.0,0.2475154846906662,0.24527586810290813,0.24962829053401947,11836
dmn_within,76,"('Dp1Yey', 'VEH')",50.0,0.38778939843177795,0.3859818860888481,0.3899318501353264,11836
dmn_within,76,"('Dp1Yey', 'VEH')",95.0,0.5306797027587891,0.5270206332206726,0.5330402553081512,11836
dmn_within,76,"('Dp1Yey', 'VEH')",99.0,0.5640845030546189,0.5615366703271866,0.5697628259658813,11836
dmn_within,76,"('WT', 'LCTB92')",1.0,0.1132742416858673,0.11128984346985817,0.11528217792510986,15064
dmn_within,76,"('WT', 'LCTB92')",5.0,0.15195564031600953,0.14933887124061584,0.15460167825222015,15064
dmn_within,76,"('WT', 'LCTB92')",50.0,0.3912586569786072,0.3878111742436886,0.39425341933965685,15064
dmn_within,76,"('WT', 'LCTB92')",95.0,0.5769465059041977,0.5746155679225922,0.5791751146316528,15064
dmn_within,76,"('WT', 'LCTB92')",99.0,0.6100414842367171,0.607315719127655,0.6134045200720426,15064
dmn_within,76,"('WT', 'VEH')",1.0,0.19352147698402405,0.19152104139328002,0.19475332897901534,12912
dmn_within,76,"('WT', 'VEH')",5.0,0.22238643765449526,0.21876031160354614,0.22689655423164368,12912
dmn_within,76,"('WT', 'VEH')",50.0,0.4580191373825073,0.4551451802253723,0.46106276512145994,12912
dmn_within,76,"('WT', 'VEH')",95.0,0.6376267954707145,0.6340234630182385,0.6413504968211055,12912
dmn_within,76,"('WT', 'VEH')",99.0,0.7076476022601127,0.7041638398170467,0.7120773999541993,12912
dmn_within,77,"('Dp1Yey', 'LCTB92')",1.0,0.25045156717300415,0.24849694967269897,0.252526661157608,11704
dmn_within,77,"('Dp1Yey', 'LCTB92')",5.0,0.28197822272777556,0.2804063558578491,0.2834561221301556,11704
dmn_within,77,"('Dp1Yey', 'LCTB92')",50.0,0.3856861889362335,0.3841986060142517,0.3876617901027203,11704
dmn_within,77,"('Dp1Yey', 'LCTB92')",95.0,0.6094300404191018,0.602040022611618,0.6196706742048264,11704
dmn_within,77,"('Dp1Yey', 'LCTB92')",99.0,0.720240034162998,0.7147943242490282,0.7249224185943604,11704
dmn_within,77,"('Dp1Yey', 'VEH')",1.0,0.2152406871318817,0.21180161952972412,0.21843595743179323,11704
dmn_within,77,"('Dp1Yey', 'VEH')",5.0,0.2462673544883728,0.24465711645781996,0.24818451419472695,11704
dmn_within,77,"('Dp1Yey', 'VEH')",50.0,0.3850240111351013,0.3831467978656292,0.3867935538291931,11704
dmn_within,77,"('Dp1Yey', 'VEH')",95.0,0.5250868141651154,0.5218377299606801,0.52820536904037,11704
dmn_within,77,"('Dp1Yey', 'VEH')",99.0,0.5623547139763831,0.5590448495745657,0.5652930222824215,11704
dmn_within,77,"('WT', 'LCTB92')",1.0,0.11373919546604157,0.11221438646316528,0.11494922637939453,14896
dmn_within,77,"('WT', 'LCTB92')",5.0,0.14982646703720093,0.147633009031415,0.15340477228164673,14896
dmn_within,77,"('WT', 'LCTB92')",50.0,0.38829365372657776,0.38525171875953673,0.3913492262363434,14896
dmn_within,77,"('WT', 'LCTB92')",95.0,0.5718726068735123,0.5695807751268148,0.5740552496165037,14896
dmn_within,77,"('WT', 'LCTB92')",99.0,0.6075537517666817,0.6044622659683228,0.6110592186450958,14896
dmn_within,77,"('WT', 'VEH')",1.0,0.19294092893600465,0.1908784419298172,0.1954492982774973,12768
dmn_within,77,"('WT', 'VEH')",5.0,0.22215781807899476,0.21863411627709867,0.22647125162184237,12768
dmn_within,77,"('WT', 'VEH')",50.0,0.45571500062942505,0.45287343859672546,0.4582963287830353,12768
dmn_within,77,"('WT', 'VEH')",95.0,0.6334505021572112,0.6299306181073189,0.6373423755541444,12768
dmn_within,77,"('WT', 'VEH')",99.0,0.7075432196259498,0.7029850780963898,0.7103785276412964,12768
dmn_within,78,"('Dp1Yey', 'LCTB92')",1.0,0.25220069229602815,0.2501111912727356,0.2539191126823425,11572
dmn_within,78,"('Dp1Yey', 'LCTB92')",5.0,0.2809831887483597,0.2794346809387207,0.2820400595664978,11572
dmn_within,78,"('Dp1Yey', 'LCTB92')",50.0,0.3830720782279968,0.3810709275305271,0.38502044379711153,11572
dmn_within,78,"('Dp1Yey', 'LCTB92')",95.0,0.6085134431719772,0.5970859363675114,0.6191272944211959,11572
dmn_within,78,"('Dp1Yey', 'LCTB92')",99.0,0.7174208918213844,0.7114438876509666,0.7226907908916473,11572
dmn_within,78,"('Dp1Yey', 'VEH')",1.0,0.2132657313346863,0.20931434631347656,0.21656203269958496,11572
dmn_within,78,"('Dp1Yey', 'VEH')",5.0,0.24562081098556518,0.2434703179448843,0.2469937413930893,11572
dmn_within,78,"('Dp1Yey', 'VEH')",50.0,0.3829871416091919,0.38151173293590546,0.38470253348350525,11572
dmn_within,78,"('Dp1Yey', 'VEH')",95.0,0.5214310705661771,0.5182269141823053,0.5242416539415717,11572
dmn_within,78,"('Dp1Yey', 'VEH')",99.0,0.5582008340954775,0.552507937185466,0.5626614332199097,11572
dmn_within,78,"('WT', 'LCTB92')",1.0,0.11342687070369721,0.1125175952911377,0.1154564619064331,14728
dmn_within,78,"('WT', 'LCTB92')",5.0,0.14906063973903658,0.14604593217372894,0.15194025747478007,14728
dmn_within,78,"('WT', 'LCTB92')",50.0,0.38524192571640015,0.3827873468399048,0.3879509888589382,14728
dmn_within,78,"('WT', 'LCTB92')",95.0,0.5675637781620025,0.5652917936444283,0.5695765018463135,14728
dmn_within,78,"('WT', 'LCTB92')",99.0,0.6053023159503936,0.6016158810034393,0.6085320100486278,14728
dmn_within,78,"('WT', 'VEH')",1.0,0.19279822170734406,0.18973267078399658,0.19523731291294097,12624
dmn_within,78,"('WT', 'VEH')",5.0,0.22180138230323793,0.21835894286632537,0.22668552696704866,12624
dmn_within,78,"('WT', 'VEH')",50.0,0.4531004726886749,0.44994240179657935,0.4557903677225113,12624
dmn_within,78,"('WT', 'VEH')",95.0,0.6284395933151243,0.6248730719089508,0.6324652325734493,12624
dmn_within,78,"('WT', 'VEH')",99.0,0.7044303172826768,0.7012603780627252,0.7072002291679382,12624
dmn_within,79,"('Dp1Yey', 'LCTB92')",1.0,0.2546336007118225,0.2524873207062483,0.25656246960163115,11440
dmn_within,79,"('Dp1Yey', 'LCTB92')",5.0,0.2783386766910553,0.27735612183809283,0.2796517693996429,11440
dmn_within,79,"('Dp1Yey', 'LCTB92')",50.0,0.3799533247947693,0.37802653163671496,0.38203275203704834,11440
dmn_within,79,"('Dp1Yey', 'LCTB92')",95.0,0.6071954265236852,0.5969108965620396,0.6184121832251548,11440
dmn_within,79,"('Dp1Yey', 'LCTB92')",99.0,0.7156773695349694,0.711478975251317,0.7197384536266327,11440
dmn_within,79,"('Dp1Yey', 'VEH')",1.0,0.2104296725988388,0.20363995671272278,0.21579402685165405,11440
dmn_within,79,"('Dp1Yey', 'VEH')",5.0,0.24329958260059356,0.24189209938049316,0.24531418085098267,11440
dmn_within,79,"('Dp1Yey', 'VEH')",50.0,0.38085487484931946,0.37914794832468035,0.3823304772377014,11440
dmn_within,79,"('Dp1Yey', 'VEH')",95.0,0.516209141910076,0.5140450596809387,0.5206588506698608,11440
dmn_within,79,"('Dp1Yey', 'VEH')",99.0,0.5522401526570321,0.5498721384182573,0.5568515536189081,11440
dmn_within,79,"('WT', 'LCTB92')",1.0,0.11356540381908417,0.11189055442810059,0.11605579349398612,14560
dmn_within,79,"('WT', 'LCTB92')",5.0,0.14816452860832213,0.14529699087142944,0.15043586492538452,14560
dmn_within,79,"('WT', 'LCTB92')",50.0,0.38306310772895813,0.37965828776359556,0.38551109582185744,14560
dmn_within,79,"('WT', 'LCTB92')",95.0,0.5641678139567375,0.5624294996261595,0.566028505563736,14560
dmn_within,79,"('WT', 'LCTB92')",99.0,0.6028459271788598,0.5973844782337545,0.6071647951006889,14560
dmn_within,79,"('WT', 'VEH')",1.0,0.1907238245010376,0.18825197219848633,0.19385901349782944,12480
dmn_within,79,"('WT', 'VEH')",5.0,0.223050257563591,0.21985646270215514,0.22649191617965697,12480
dmn_within,79,"('WT', 'VEH')",50.0,0.45064878463745117,0.4471143826842308,0.45311179757118225,12480
dmn_within,79,"('WT', 'VEH')",95.0,0.6250799715518951,0.62194799028337,0.6289561092853546,12480
dmn_within,79,"('WT', 'VEH')",99.0,0.7013793951272964,0.6986171685382723,0.7036814516782756,12480
dmn_within,7,"('Dp1Yey', 'LCTB92')",1.0,0.5274580922722817,0.5156255662441254,0.53436875449121,20944
dmn_within,7,"('Dp1Yey', 'LCTB92')",5.0,0.6561881259083748,0.6522314261645079,0.6608297228813171,20944
dmn_within,7,"('Dp1Yey', 'LCTB92')",50.0,0.8794642724096775,0.87748550074175,0.8809434585273266,20944
dmn_within,7,"('Dp1Yey', 'LCTB92')",95.0,1.0055400911718606,1.0043169730342925,1.0072492217645048,20944
dmn_within,7,"('Dp1Yey', 'LCTB92')",99.0,1.043141284994781,1.0401981547474861,1.0452258495911955,20944
dmn_within,7,"('Dp1Yey', 'VEH')",1.0,0.519962159395218,0.5111846717223525,0.5298544833734632,20944
dmn_within,7,"('Dp1Yey', 'VEH')",5.0,0.6595493167638778,0.6542512204125523,0.6647756601497532,20944
dmn_within,7,"('Dp1Yey', 'VEH')",50.0,0.8837702348828316,0.8822732677683234,0.8852244313806296,20944
dmn_within,7,"('Dp1Yey', 'VEH')",95.0,1.0026099949842318,1.0013159815696417,1.0038847656105645,20944
dmn_within,7,"('Dp1Yey', 'VEH')",99.0,1.0364610328897834,1.0337183634862304,1.038637436926365,20944
dmn_within,7,"('WT', 'LCTB92')",1.0,0.4948391944169998,0.48622399389743803,0.5021385431289673,26656
dmn_within,7,"('WT', 'LCTB92')",5.0,0.6366976574063301,0.6312904484570027,0.6414594054222107,26656
dmn_within,7,"('WT', 'LCTB92')",50.0,0.8908926099538803,0.8895035460591316,0.8923272755928338,26656
dmn_within,7,"('WT', 'LCTB92')",95.0,1.012147291796282,1.010658557631541,1.013490417972207,26656
dmn_within,7,"('WT', 'LCTB92')",99.0,1.0473311431705952,1.0452641025185585,1.0492751555517317,26656
dmn_within,7,"('WT', 'VEH')",1.0,0.5928217294812202,0.585764080286026,0.598936726719141,22848
dmn_within,7,"('WT', 'VEH')",5.0,0.7132624566555024,0.708237105384469,0.7175848677754402,22848
dmn_within,7,"('WT', 'VEH')",50.0,0.9140868000686169,0.9124743789434433,0.9153767839074135,22848
dmn_within,7,"('WT', 'VEH')",95.0,1.0207244887016713,1.019351970264688,1.0221545339375735,22848
dmn_within,7,"('WT', 'VEH')",99.0,1.0533258130401373,1.0511466026678682,1.056093850666657,22848
dmn_within,80,"('Dp1Yey', 'LCTB92')",1.0,0.2552050733566284,0.25297437131404876,0.2567108231037855,11308
dmn_within,80,"('Dp1Yey', 'LCTB92')",5.0,0.276575443148613,0.2755813002586365,0.27797479964792726,11308
dmn_within,80,"('Dp1Yey', 'LCTB92')",50.0,0.3769659399986267,0.3747507520020008,0.3789974607527256,11308
dmn_within,80,"('Dp1Yey', 'LCTB92')",95.0,0.6122547701001166,0.5946171909570693,0.6208247900009154,11308
dmn_within,80,"('Dp1Yey', 'LCTB92')",99.0,0.7159565177559853,0.7117170622944832,0.7189441770315171,11308
dmn_within,80,"('Dp1Yey', 'VEH')",1.0,0.20747585594654083,0.2026313788741827,0.21275299787521362,11308
dmn_within,80,"('Dp1Yey', 'VEH')",5.0,0.24200477004051207,0.24011632546782494,0.24363524913787843,11308
dmn_within,80,"('Dp1Yey', 'VEH')",50.0,0.3782358467578888,0.3766604378819466,0.3797263026237488,11308
dmn_within,80,"('Dp1Yey', 'VEH')",95.0,0.513316349685192,0.5108160078525543,0.5156903386116027,11308
dmn_within,80,"('Dp1Yey', 'VEH')",99.0,0.5493800416588783,0.5467651758864522,0.5509417057037354,11308
dmn_within,80,"('WT', 'LCTB92')",1.0,0.11314114928245544,0.11104846000671387,0.11640987072885035,14392
dmn_within,80,"('WT', 'LCTB92')",5.0,0.14750222861766815,0.14425755843520163,0.14974606037139893,14392
dmn_within,80,"('WT', 'LCTB92')",50.0,0.3796546757221222,0.37687645852565765,0.3824107699096203,14392
dmn_within,80,"('WT', 'LCTB92')",95.0,0.5608125329017639,0.5592245354875922,0.5626028493046759,14392
dmn_within,80,"('WT', 'LCTB92')",99.0,0.6021128889918328,0.5959735214710236,0.6085319005921483,14392
dmn_within,80,"('WT', 'VEH')",1.0,0.18944945335388183,0.187396240234375,0.19245003461837767,12336
dmn_within,80,"('WT', 'VEH')",5.0,0.2238204926252365,0.22030645608901978,0.22625414617359638,12336
dmn_within,80,"('WT', 'VEH')",50.0,0.44643017649650574,0.4434452526271343,0.44962145388126373,12336
dmn_within,80,"('WT', 'VEH')",95.0,0.6228535175323486,0.619407907128334,0.6253612158820033,12336
dmn_within,80,"('WT', 'VEH')",99.0,0.6970221295952796,0.6932666867971419,0.7005386710166931,12336
dmn_within,81,"('Dp1Yey', 'LCTB92')",1.0,0.25376638770103455,0.2526022642850876,0.25568376407027243,11176
dmn_within,81,"('Dp1Yey', 'LCTB92')",5.0,0.27636730670928955,0.27517132088541985,0.2780377697199583,11176
dmn_within,81,"('Dp1Yey', 'LCTB92')",50.0,0.37325355410575867,0.37148288637399673,0.37529587745666504,11176
dmn_within,81,"('Dp1Yey', 'LCTB92')",95.0,0.6168024614453316,0.5970866587013006,0.622922956943512,11176
dmn_within,81,"('Dp1Yey', 'LCTB92')",99.0,0.7169793993234634,0.712994396686554,0.7201636210083961,11176
dmn_within,81,"('Dp1Yey', 'VEH')",1.0,0.20528407394886017,0.20182639956474305,0.21097880601882935,11176
dmn_within,81,"('Dp1Yey', 'VEH')",5.0,0.24016819894313812,0.23854821920394897,0.2421247959136963,11176
dmn_within,81,"('Dp1Yey', 'VEH')",50.0,0.3756812810897827,0.3743312954902649,0.3770177088677883,11176
dmn_within,81,"('Dp1Yey', 'VEH')",95.0,0.51082993298769,0.5084663074463606,0.5127481468021869,11176
dmn_within,81,"('Dp1Yey', 'VEH')",99.0,0.5457325056195259,0.5433057248592377,0.5502800047397614,11176
dmn_within,81,"('WT', 'LCTB92')",1.0,0.11228131413459778,0.11120524525642395,0.11480509459972382,14224
dmn_within,81,"('WT', 'LCTB92')",5.0,0.14535062313079836,0.14246195256710054,0.14787155732512475,14224
dmn_within,81,"('WT', 'LCTB92')",50.0,0.3770153522491455,0.37350100502371786,0.37985930740833285,14224
dmn_within,81,"('WT', 'LCTB92')",95.0,0.5577885642647743,0.5561488920077681,0.5602782368659973,14224
dmn_within,81,"('WT', 'LCTB92')",99.0,0.6015367180109025,0.5967543554976582,0.6101670733094218,14224
dmn_within,81,"('WT', 'VEH')",1.0,0.1891293215751648,0.18644655823707582,0.19244222939014435,12192
dmn_within,81,"('WT', 'VEH')",5.0,0.2233257532119751,0.22014407657086849,0.22621703147888184,12192
dmn_within,81,"('WT', 'VEH')",50.0,0.44252943992614746,0.4395492754876614,0.4453400731086731,12192
dmn_within,81,"('WT', 'VEH')",95.0,0.618725973367691,0.6161800622940063,0.6220516967028379,12192
dmn_within,81,"('WT', 'VEH')",99.0,0.6941842496395111,0.690834060676396,0.6971142101213337,12192
dmn_within,82,"('Dp1Yey', 'LCTB92')",1.0,0.2537876629829407,0.25212565004825593,0.25566554069519043,11044
dmn_within,82,"('Dp1Yey', 'LCTB92')",5.0,0.2769889861345291,0.2755460739135742,0.27855569697916505,11044
dmn_within,82,"('Dp1Yey', 'LCTB92')",50.0,0.3700871765613556,0.3686155676841736,0.37208426743745804,11044
dmn_within,82,"('Dp1Yey', 'LCTB92')",95.0,0.6194150939583781,0.6018475068360571,0.6244667023420335,11044
dmn_within,82,"('Dp1Yey', 'LCTB92')",99.0,0.7170362490415573,0.7138188999891281,0.7199196064323187,11044
dmn_within,82,"('Dp1Yey', 'VEH')",1.0,0.20599028289318086,0.20041630089282989,0.20989323073625563,11044
dmn_within,82,"('Dp1Yey', 'VEH')",5.0,0.23792250752449035,0.2352946639060974,0.24067187309265137,11044
dmn_within,82,"('Dp1Yey', 'VEH')",50.0,0.3730514943599701,0.37150508239865304,0.37443697452545166,11044
dmn_within,82,"('Dp1Yey', 'VEH')",95.0,0.5073402658104896,0.5047471821308136,0.5095173923671246,11044
dmn_within,82,"('Dp1Yey', 'VEH')",99.0,0.5429600429534912,0.5387612478658556,0.5475832521915436,11044
dmn_within,82,"('WT', 'LCTB92')",1.0,0.11194493472576142,0.11027902364730835,0.1144173800945282,14056
dmn_within,82,"('WT', 'LCTB92')",5.0,0.14362241327762604,0.14110446013510228,0.14673763513565063,14056
dmn_within,82,"('WT', 'LCTB92')",50.0,0.37352901697158813,0.3703540965914726,0.3773543484508991,14056
dmn_within,82,"('WT', 'LCTB92')",95.0,0.5553887635469437,0.5531292855739594,0.5574100688099861,14056
dmn_within,82,"('WT', 'LCTB92')",99.0,0.6035330012440683,0.5988139913603664,0.6096981465816498,14056
dmn_within,82,"('WT', 'VEH')",1.0,0.18879344701766967,0.18634045481681824,0.1905392997711897,12048
dmn_within,82,"('WT', 'VEH')",5.0,0.22153916358947753,0.2179695636034012,0.224803626537323,12048
dmn_within,82,"('WT', 'VEH')",50.0,0.4394017159938812,0.43630415201187134,0.44255127385258675,12048
dmn_within,82,"('WT', 'VEH')",95.0,0.6157435730099677,0.6131990275159478,0.6185881459712981,12048
dmn_within,82,"('WT', 'VEH')",99.0,0.6930988955497742,0.6911273312568665,0.6950983682274819,12048
dmn_within,83,"('Dp1Yey', 'LCTB92')",1.0,0.25351217269897464,0.24838900566101074,0.25594024346768857,10912
dmn_within,83,"('Dp1Yey', 'LCTB92')",5.0,0.2774545282125473,0.27561105757951737,0.2786296182870865,10912
dmn_within,83,"('Dp1Yey', 'LCTB92')",50.0,0.36709582805633545,0.3654473043978214,0.369096040725708,10912
dmn_within,83,"('Dp1Yey', 'LCTB92')",95.0,0.6173637419939039,0.6033015742897986,0.6249756482988595,10912
dmn_within,83,"('Dp1Yey', 'LCTB92')",99.0,0.7184886479377747,0.712888364113867,0.7217628639936446,10912
dmn_within,83,"('Dp1Yey', 'VEH')",1.0,0.20455151677131653,0.20038954973220824,0.20734253227710725,10912
dmn_within,83,"('Dp1Yey', 'VEH')",5.0,0.23442300260066987,0.23204604640603066,0.23762928247451784,10912
dmn_within,83,"('Dp1Yey', 'VEH')",50.0,0.3700498342514038,0.36854024305939675,0.37150707095861435,10912
dmn_within,83,"('Dp1Yey', 'VEH')",95.0,0.5055263549089432,0.5030920686200261,0.5075685158371924,10912
dmn_within,83,"('Dp1Yey', 'VEH')",99.0,0.541131966114044,0.5356808159127829,0.5433459094166753,10912
dmn_within,83,"('WT', 'LCTB92')",1.0,0.11126710712909699,0.1096333332657814,0.11366979897022247,13888
dmn_within,83,"('WT', 'LCTB92')",5.0,0.1442093402147293,0.14149803653359413,0.14678375415503978,13888
dmn_within,83,"('WT', 'LCTB92')",50.0,0.3700083792209625,0.365728123486042,0.37410861253738403,13888
dmn_within,83,"('WT', 'LCTB92')",95.0,0.5528845772147178,0.5510817840695381,0.5550762319192291,13888
dmn_within,83,"('WT', 'LCTB92')",99.0,0.6041008242964742,0.5967585133984685,0.6089326718449593,13888
dmn_within,83,"('WT', 'VEH')",1.0,0.18709286272525788,0.18364089727401733,0.18867629766464233,11904
dmn_within,83,"('WT', 'VEH')",5.0,0.21851996779441835,0.21567025184631347,0.22292304039001465,11904
dmn_within,83,"('WT', 'VEH')",50.0,0.4369598925113678,0.4334230549633503,0.4395498998463154,11904
dmn_within,83,"('WT', 'VEH')",95.0,0.6122401028871536,0.6096062191203236,0.6153769411891699,11904
dmn_within,83,"('WT', 'VEH')",99.0,0.6901263290643692,0.687496675774455,0.6917778411507606,11904
dmn_within,84,"('Dp1Yey', 'LCTB92')",1.0,0.24965609312057496,0.2473851239681244,0.2528122067451477,10780
dmn_within,84,"('Dp1Yey', 'LCTB92')",5.0,0.2778498947620392,0.2766540242731571,0.27913319058716296,10780
dmn_within,84,"('Dp1Yey', 'LCTB92')",50.0,0.3650113046169281,0.36273765563964844,0.36688133850693705,10780
dmn_within,84,"('Dp1Yey', 'LCTB92')",95.0,0.6157930999994276,0.5984505712985992,0.6233882993832229,10780
dmn_within,84,"('Dp1Yey', 'LCTB92')",99.0,0.7181402787566183,0.7102076110243797,0.7213017814680922,10780
dmn_within,84,"('Dp1Yey', 'VEH')",1.0,0.20298515975475312,0.19781729102134704,0.20572395487129688,10780
dmn_within,84,"('Dp1Yey', 'VEH')",5.0,0.2319764167070389,0.2301302656531334,0.2344529628753662,10780
dmn_within,84,"('Dp1Yey', 'VEH')",50.0,0.3669051229953766,0.3654578231275082,0.36864946484565736,10780
dmn_within,84,"('Dp1Yey', 'VEH')",95.0,0.5039447650313377,0.5016791179776191,0.5059563318267465,10780
dmn_within,84,"('Dp1Yey', 'VEH')",99.0,0.5367543643712993,0.534091979265213,0.5419222033023833,10780
dmn_within,84,"('WT', 'LCTB92')",1.0,0.11175500810146331,0.10900992155075073,0.1143379807472229,13720
dmn_within,84,"('WT', 'LCTB92')",5.0,0.14448018670082094,0.14182099960744382,0.1465406894683838,13720
dmn_within,84,"('WT', 'LCTB92')",50.0,0.3674488961696625,0.36341986060142517,0.37171496376395224,13720
dmn_within,84,"('WT', 'LCTB92')",95.0,0.5517988473176956,0.5494950158149005,0.5540328323841095,13720
dmn_within,84,"('WT', 'LCTB92')",99.0,0.6042249864339828,0.5981833231449124,0.6076798490136862,13720
dmn_within,84,"('WT', 'VEH')",1.0,0.1843039298057556,0.18002849817276,0.18800788462162019,11760
dmn_within,84,"('WT', 'VEH')",5.0,0.2162943959236145,0.2132224279642105,0.21999703615903857,11760
dmn_within,84,"('WT', 'VEH')",50.0,0.43313729763031006,0.4301553927361965,0.4361765384674072,11760
dmn_within,84,"('WT', 'VEH')",95.0,0.6108637601137161,0.6086048632860184,0.6134061813354492,11760
dmn_within,84,"('WT', 'VEH')",99.0,0.6889086163043975,0.6861557111144065,0.6920948973298072,11760
dmn_within,85,"('Dp1Yey', 'LCTB92')",1.0,0.2502169477939606,0.2483107876777649,0.25307531756162643,10648
dmn_within,85,"('Dp1Yey', 'LCTB92')",5.0,0.2781503349542618,0.27621610216796394,0.2795806646347046,10648
dmn_within,85,"('Dp1Yey', 'LCTB92')",50.0,0.36317628622055054,0.361232778429985,0.36492839008569716,10648
dmn_within,85,"('Dp1Yey', 'LCTB92')",95.0,0.6115710139274597,0.597976375631988,0.6202714357152581,10648
dmn_within,85,"('Dp1Yey', 'LCTB92')",99.0,0.7176158589124682,0.7076698166131975,0.7215374763831496,10648
dmn_within,85,"('Dp1Yey', 'VEH')",1.0,0.20049869596958161,0.19435467481613158,0.20373281419277192,10648
dmn_within,85,"('Dp1Yey', 'VEH')",5.0,0.23116895854473113,0.22926674351096155,0.23348757922649382,10648
dmn_within,85,"('Dp1Yey', 'VEH')",50.0,0.36407411098480225,0.3621094115078449,0.3655849426984787,10648
dmn_within,85,"('Dp1Yey', 'VEH')",95.0,0.5007007718086243,0.49733566269278523,0.5032857497036457,10648
dmn_within,85,"('Dp1Yey', 'VEH')",99.0,0.533067724108696,0.5302598476409912,0.5397561961412439,10648
dmn_within,85,"('WT', 'LCTB92')",1.0,0.11146376132965088,0.10936212122440338,0.11367851495742798,13552
dmn_within,85,"('WT', 'LCTB92')",5.0,0.1440196841955185,0.14125557638704778,0.14590652883052826,13552
dmn_within,85,"('WT', 'LCTB92')",50.0,0.3657160997390747,0.36295377984642985,0.3690315619111061,13552
dmn_within,85,"('WT', 'LCTB92')",95.0,0.5514507099986077,0.5494896336644888,0.5538588267192245,13552
dmn_within,85,"('WT', 'LCTB92')",99.0,0.6016514652967453,0.5941690022051334,0.6043811371922492,13552
dmn_within,85,"('WT', 'VEH')",1.0,0.18432544767856598,0.18162277340888977,0.18684673957526685,11616
dmn_within,85,"('WT', 'VEH')",5.0,0.21313448250293732,0.21094723232090473,0.21595486998558044,11616
dmn_within,85,"('WT', 'VEH')",50.0,0.42843225598335266,0.42584474980831144,0.43142402172088623,11616
dmn_within,85,"('WT', 'VEH')",95.0,0.6097735017538071,0.6061291992664337,0.6121184527873993,11616
dmn_within,85,"('WT', 'VEH')",99.0,0.6904427945613862,0.6857903727889062,0.6925768226385117,11616
dmn_within,86,"('Dp1Yey', 'LCTB92')",1.0,0.25201261043548584,0.2491902768611908,0.2533912479877472,10516
dmn_within,86,"('Dp1Yey', 'LCTB92')",5.0,0.27668124437332153,0.27524302899837494,0.27835485339164734,10516
dmn_within,86,"('Dp1Yey', 'LCTB92')",50.0,0.36045995354652405,0.35876503512263297,0.36246571242809295,10516
dmn_within,86,"('Dp1Yey', 'LCTB92')",95.0,0.609390452504158,0.5992391301319003,0.6194146450608968,10516
dmn_within,86,"('Dp1Yey', 'LCTB92')",99.0,0.7185278758406639,0.7097706496715546,0.7223943382501604,10516
dmn_within,86,"('Dp1Yey', 'VEH')",1.0,0.19892663955688478,0.1914079785346985,0.20248758032917977,10516
dmn_within,86,"('Dp1Yey', 'VEH')",5.0,0.23063893616199493,0.22818611562252045,0.23343055732548237,10516
dmn_within,86,"('Dp1Yey', 'VEH')",50.0,0.36038708686828613,0.35846298933029175,0.36236169934272766,10516
dmn_within,86,"('Dp1Yey', 'VEH')",95.0,0.49477727711200714,0.49273822233080866,0.49789311438798906,10516
dmn_within,86,"('Dp1Yey', 'VEH')",99.0,0.5336861580610276,0.5304875135421753,0.5393063407763841,10516
dmn_within,86,"('WT', 'LCTB92')",1.0,0.10873433411121368,0.10730848963558674,0.11109159842133522,13384
dmn_within,86,"('WT', 'LCTB92')",5.0,0.14289542138576508,0.14094692222774027,0.1448414921760559,13384
dmn_within,86,"('WT', 'LCTB92')",50.0,0.3638872802257538,0.3605158537626266,0.3673228524625301,13384
dmn_within,86,"('WT', 'LCTB92')",95.0,0.5505971953272819,0.5476748779416083,0.5530036255717277,13384
dmn_within,86,"('WT', 'LCTB92')",99.0,0.5972292214632035,0.5932766375616193,0.6024165451526642,13384
dmn_within,86,"('WT', 'VEH')",1.0,0.1844113451242447,0.18165160477161407,0.18638881225883963,11472
dmn_within,86,"('WT', 'VEH')",5.0,0.21090122163295746,0.20834773778915405,0.2131397719681263,11472
dmn_within,86,"('WT', 'VEH')",50.0,0.42526742815971375,0.42284613847732544,0.42730597108602525,11472
dmn_within,86,"('WT', 'VEH')",95.0,0.6075017035007477,0.6049837917089462,0.6095574577152728,11472
dmn_within,86,"('WT', 'VEH')",99.0,0.6867559272050856,0.6820433956384658,0.6902454659342766,11472
dmn_within,87,"('Dp1Yey', 'LCTB92')",1.0,0.2512272173166275,0.24925243020057677,0.2529130875617266,10384
dmn_within,87,"('Dp1Yey', 'LCTB92')",5.0,0.2747005790472031,0.27291083335876465,0.27687725722789763,10384
dmn_within,87,"('Dp1Yey', 'LCTB92')",50.0,0.3570287823677063,0.355245278775692,0.358786404132843,10384
dmn_within,87,"('Dp1Yey', 'LCTB92')",95.0,0.6124182060360909,0.5992063298821451,0.6181232277303934,10384
dmn_within,87,"('Dp1Yey', 'LCTB92')",99.0,0.7184532248973847,0.7089830255508424,0.7229292663931847,10384
dmn_within,87,"('Dp1Yey', 'VEH')",1.0,0.19989583373069764,0.17483031749725342,0.20163676898181437,10384
dmn_within,87,"('Dp1Yey', 'VEH')",5.0,0.22880181670188904,0.22491896152496338,0.23223185077309608,10384
dmn_within,87,"('Dp1Yey', 'VEH')",50.0,0.35787689685821533,0.35599488392472267,0.3595706522464752,10384
dmn_within,87,"('Dp1Yey', 'VEH')",95.0,0.4934532046318055,0.4908599853515625,0.49582735598087313,10384
dmn_within,87,"('Dp1Yey', 'VEH')",99.0,0.5370351937413216,0.5329671800136566,0.540147298283875,10384
dmn_within,87,"('WT', 'LCTB92')",1.0,0.10781332850456238,0.10652207136154175,0.1093591183423996,13216
dmn_within,87,"('WT', 'LCTB92')",5.0,0.14144374430179596,0.14029914140701294,0.14295756816864014,13216
dmn_within,87,"('WT', 'LCTB92')",50.0,0.3627775013446808,0.35976609736680987,0.36575215831398966,13216
dmn_within,87,"('WT', 'LCTB92')",95.0,0.5469533428549767,0.5442622750997543,0.5493766963481903,13216
dmn_within,87,"('WT', 'LCTB92')",99.0,0.6030522361397747,0.5962895366922022,0.6062408939003945,13216
dmn_within,87,"('WT', 'VEH')",1.0,0.183384428024292,0.1814364194869995,0.18543696403503418,11328
dmn_within,87,"('WT', 'VEH')",5.0,0.2082266241312027,0.20636689335107805,0.21041755974292756,11328
dmn_within,87,"('WT', 'VEH')",50.0,0.42221519351005554,0.4195789933204651,0.4242493934929371,11328
dmn_within,87,"('WT', 'VEH')",95.0,0.6055814251303673,0.603284728527069,0.6075344826653599,11328
dmn_within,87,"('WT', 'VEH')",99.0,0.6819334825873374,0.6793754068017005,0.6854539683163166,11328
dmn_within,88,"('Dp1Yey', 'LCTB92')",1.0,0.24852670967578888,0.24693924188613892,0.2502056123018265,10252
dmn_within,88,"('Dp1Yey', 'LCTB92')",5.0,0.2735601752996445,0.2717946208268404,0.2751608699560165,10252
dmn_within,88,"('Dp1Yey', 'LCTB92')",50.0,0.35410240292549133,0.35211142897605896,0.355620326846838,10252
dmn_within,88,"('Dp1Yey', 'LCTB92')",95.0,0.611087545752525,0.5987270934879771,0.6182725429534912,10252
dmn_within,88,"('Dp1Yey', 'LCTB92')",99.0,0.7168970033526417,0.7085513672009109,0.7221489548683167,10252
dmn_within,88,"('Dp1Yey', 'VEH')",1.0,0.19903519451618196,0.1832713484764099,0.2017295929044485,10252
dmn_within,88,"('Dp1Yey', 'VEH')",5.0,0.22625617384910585,0.22345185421407224,0.22912218272686008,10252
dmn_within,88,"('Dp1Yey', 'VEH')",50.0,0.3556334674358368,0.3539453722536564,0.3569197952747345,10252
dmn_within,88,"('Dp1Yey', 'VEH')",95.0,0.4909925818443298,0.48816195107996463,0.49432309009134767,10252
dmn_within,88,"('Dp1Yey', 'VEH')",99.0,0.5370883974432945,0.5325144791901111,0.5426211357116699,10252
dmn_within,88,"('WT', 'LCTB92')",1.0,0.10689404129981994,0.10496342182159424,0.10847847521305085,13048
dmn_within,88,"('WT', 'LCTB92')",5.0,0.14000600576400757,0.1388985514640808,0.14122404873371125,13048
dmn_within,88,"('WT', 'LCTB92')",50.0,0.36105573177337646,0.3584840804338455,0.3636763788759708,13048
dmn_within,88,"('WT', 'LCTB92')",95.0,0.5447321847081183,0.5426215124502778,0.5469544202089309,13048
dmn_within,88,"('WT', 'LCTB92')",99.0,0.6044536173343661,0.5987235215678814,0.6093159106373791,13048
dmn_within,88,"('WT', 'VEH')",1.0,0.18262434720993043,0.18146204948425293,0.1846114993095398,11184
dmn_within,88,"('WT', 'VEH')",5.0,0.20559535026550294,0.20401033461093904,0.20729296199977396,11184
dmn_within,88,"('WT', 'VEH')",50.0,0.4184543490409851,0.4164950028061867,0.4206161305308342,11184
dmn_within,88,"('WT', 'VEH')",95.0,0.6046468436717988,0.601916640996933,0.6071463705599308,11184
dmn_within,88,"('WT', 'VEH')",99.0,0.6799713289737702,0.6775430509448052,0.6829079389572144,11184
dmn_within,89,"('Dp1Yey', 'LCTB92')",1.0,0.24608589351177215,0.24429839849472046,0.24749648571014404,10120
dmn_within,89,"('Dp1Yey', 'LCTB92')",5.0,0.27226124703884125,0.27048420906066895,0.27413118548691273,10120
dmn_within,89,"('Dp1Yey', 'LCTB92')",50.0,0.3512200117111206,0.3497423529624939,0.352755706012249,10120
dmn_within,89,"('Dp1Yey', 'LCTB92')",95.0,0.6092118456959724,0.5961434575542808,0.6174164116382599,10120
dmn_within,89,"('Dp1Yey', 'LCTB92')",99.0,0.7121562391519546,0.7056537568569183,0.7192279393523924,10120
dmn_within,89,"('Dp1Yey', 'VEH')",1.0,0.19814547777175903,0.182521111369133,0.20052486062049865,10120
dmn_within,89,"('Dp1Yey', 'VEH')",5.0,0.22535055577754975,0.22254598140716553,0.22845848217606543,10120
dmn_within,89,"('Dp1Yey', 'VEH')",50.0,0.35262152552604675,0.35124549046158793,0.354195311665535,10120
dmn_within,89,"('Dp1Yey', 'VEH')",95.0,0.48841219842433925,0.4848474824428558,0.49100597359240056,10120
dmn_within,89,"('Dp1Yey', 'VEH')",99.0,0.5342121526598931,0.5292332649230956,0.5445902645587921,10120
dmn_within,89,"('WT', 'LCTB92')",1.0,0.10607325315475463,0.10474051596224308,0.10719838307797909,12880
dmn_within,89,"('WT', 'LCTB92')",5.0,0.13949628174304962,0.13836180031299591,0.14069652557373047,12880
dmn_within,89,"('WT', 'LCTB92')",50.0,0.3590832054615021,0.3566063277423382,0.3617508463561535,12880
dmn_within,89,"('WT', 'LCTB92')",95.0,0.543731477856636,0.5413710630685091,0.5456947627663613,12880
dmn_within,89,"('WT', 'LCTB92')",99.0,0.6041518825292586,0.5972756426557899,0.6080750823020935,12880
dmn_within,89,"('WT', 'VEH')",1.0,0.18255096018314362,0.1813112509250641,0.18437433242797852,11040
dmn_within,89,"('WT', 'VEH')",5.0,0.20391745269298553,0.20277493111789227,0.2055194879323244,11040
dmn_within,89,"('WT', 'VEH')",50.0,0.41580989956855774,0.41408571749925616,0.41781675815582275,11040
dmn_within,89,"('WT', 'VEH')",95.0,0.6037595599889755,0.5998750915378332,0.6062092150375247,11040
dmn_within,89,"('WT', 'VEH')",99.0,0.679701696932316,0.6760853841900826,0.6828160285949707,11040
dmn_within,8,"('Dp1Yey', 'LCTB92')",1.0,0.5003611755371093,0.48699159681797033,0.5079222568944096,20812
dmn_within,8,"('Dp1Yey', 'LCTB92')",5.0,0.6274500951170922,0.6226671744510531,0.6325643610954285,20812
dmn_within,8,"('Dp1Yey', 'LCTB92')",50.0,0.8570690527558327,0.8548861239105463,0.8591490807011724,20812
dmn_within,8,"('Dp1Yey', 'LCTB92')",95.0,0.9950183679582552,0.993188988044858,0.9968184130339068,20812
dmn_within,8,"('Dp1Yey', 'LCTB92')",99.0,1.0385718488693236,1.035393265299499,1.041631363702938,20812
dmn_within,8,"('Dp1Yey', 'VEH')",1.0,0.49244428098201753,0.484499990478158,0.49982099463045593,20812
dmn_within,8,"('Dp1Yey', 'VEH')",5.0,0.6343877479434014,0.6289792954921722,0.6409919768571853,20812
dmn_within,8,"('Dp1Yey', 'VEH')",50.0,0.8639733269810677,0.8622434873133897,0.8654771149158478,20812
dmn_within,8,"('Dp1Yey', 'VEH')",95.0,0.9874733684118837,0.9860443327610847,0.9895139958709478,20812
dmn_within,8,"('Dp1Yey', 'VEH')",99.0,1.0255946056172252,1.0224838001467287,1.0289563425169326,20812
dmn_within,8,"('WT', 'LCTB92')",1.0,0.4527273565530777,0.4450859344005585,0.4631507396697998,26488
dmn_within,8,"('WT', 'LCTB92')",5.0,0.6013281971216202,0.5967982023954391,0.6059968516230584,26488
dmn_within,8,"('WT', 'LCTB92')",50.0,0.8698203414678574,0.8681121282279491,0.871608410961926,26488
dmn_within,8,"('WT', 'LCTB92')",95.0,1.0033039492671378,1.0015315549749357,1.004734107326949,26488
dmn_within,8,"('WT', 'LCTB92')",99.0,1.0412450375780464,1.0394144542515278,1.0431050347201527,26488
dmn_within,8,"('WT', 'VEH')",1.0,0.5637565737962723,0.5571111673116684,0.5703403353691101,22704
dmn_within,8,"('WT', 'VEH')",5.0,0.686043705046177,0.6811965706199408,0.6908101525157689,22704
dmn_within,8,"('WT', 'VEH')",50.0,0.8967770636081696,0.8951683416962624,0.8984323334880173,22704
dmn_within,8,"('WT', 'VEH')",95.0,1.0118126686662436,1.0106313002645038,1.0133883780799806,22704
dmn_within,8,"('WT', 'VEH')",99.0,1.0464727761223913,1.0437655362533405,1.0487210229039192,22704
dmn_within,90,"('Dp1Yey', 'LCTB92')",1.0,0.24433914422988892,0.24290752410888672,0.24561011791229248,9988
dmn_within,90,"('Dp1Yey', 'LCTB92')",5.0,0.2706357538700104,0.2689287653565407,0.2724942803382874,9988
dmn_within,90,"('Dp1Yey', 'LCTB92')",50.0,0.3490789234638214,0.3473357900977135,0.3503049373626709,9988
dmn_within,90,"('Dp1Yey', 'LCTB92')",95.0,0.6084210708737373,0.5976293497532605,0.6140810951590538,9988
dmn_within,90,"('Dp1Yey', 'LCTB92')",99.0,0.7083515879511831,0.7030423593521117,0.7116081973910331,9988
dmn_within,90,"('Dp1Yey', 'VEH')",1.0,0.19204986929893494,0.17676877869665622,0.19817246487736703,9988
dmn_within,90,"('Dp1Yey', 'VEH')",5.0,0.22538659274578096,0.22140884399414062,0.22785669565200806,9988
dmn_within,90,"('Dp1Yey', 'VEH')",50.0,0.3499085307121277,0.3485131859779358,0.3515060767531395,9988
dmn_within,90,"('Dp1Yey', 'VEH')",95.0,0.4844218790531158,0.4812991794943809,0.48819899559020996,9988
dmn_within,90,"('Dp1Yey', 'VEH')",99.0,0.5398737540841101,0.5321786403656006,0.5479584008455276,9988
dmn_within,90,"('WT', 'LCTB92')",1.0,0.10587942898273468,0.10441631376743317,0.10721696972846985,12712
dmn_within,90,"('WT', 'LCTB92')",5.0,0.13845173120498658,0.1366731822490692,0.1401183009147644,12712
dmn_within,90,"('WT', 'LCTB92')",50.0,0.3586731553077698,0.35553994253277776,0.36076607182621956,12712
dmn_within,90,"('WT', 'LCTB92')",95.0,0.5423408031463622,0.5398977913707494,0.5438950657844543,12712
dmn_within,90,"('WT', 'LCTB92')",99.0,0.600669495165348,0.5927916875928638,0.6067434692382812,12712
dmn_within,90,"('WT', 'VEH')",1.0,0.18224308490753174,0.18092012993991374,0.183847301825881,10896
dmn_within,90,"('WT', 'VEH')",5.0,0.20232976973056793,0.20111499056220056,0.20366063714027405,10896
dmn_within,90,"('WT', 'VEH')",50.0,0.41308432817459106,0.41143079325556753,0.41474525555968283,10896
dmn_within,90,"('WT', 'VEH')",95.0,0.6017289161682129,0.5993347957730293,0.6045129597187042,10896
dmn_within,90,"('WT', 'VEH')",99.0,0.677683039009571,0.6735346968844532,0.6807724723592401,10896
dmn_within,91,"('Dp1Yey', 'LCTB92')",1.0,0.2416061818599701,0.23984432846307754,0.24396755993366243,9856
dmn_within,91,"('Dp1Yey', 'LCTB92')",5.0,0.2686864137649536,0.2672562301158905,0.27034717202186587,9856
dmn_within,91,"('Dp1Yey', 'LCTB92')",50.0,0.3464008569717407,0.3450482003390789,0.347780904173851,9856
dmn_within,91,"('Dp1Yey', 'LCTB92')",95.0,0.6074993535876274,0.5995217859745026,0.6170060282573104,9856
dmn_within,91,"('Dp1Yey', 'LCTB92')",99.0,0.705328191816807,0.7015874097123745,0.7090487778186798,9856
dmn_within,91,"('Dp1Yey', 'VEH')",1.0,0.1871200531721115,0.17751353979110718,0.1924599140882492,9856
dmn_within,91,"('Dp1Yey', 'VEH')",5.0,0.2235555499792099,0.22203247323632241,0.22542273998260498,9856
dmn_within,91,"('Dp1Yey', 'VEH')",50.0,0.3463604748249054,0.34507064148783684,0.34805356413125993,9856
dmn_within,91,"('Dp1Yey', 'VEH')",95.0,0.4804788678884506,0.4782811127603054,0.48334452509880066,9856
dmn_within,91,"('Dp1Yey', 'VEH')",99.0,0.544736869633198,0.5358333915472031,0.5500986739993097,9856
dmn_within,91,"('WT', 'LCTB92')",1.0,0.10717573106288909,0.10448491930961609,0.10964997540414334,12544
dmn_within,91,"('WT', 'LCTB92')",5.0,0.13659396171569824,0.1343863606452942,0.13839549504220486,12544
dmn_within,91,"('WT', 'LCTB92')",50.0,0.35686975717544556,0.35365331172943115,0.359411758184433,12544
dmn_within,91,"('WT', 'LCTB92')",95.0,0.5392173394560813,0.5371639415621756,0.5415352601557967,12544
dmn_within,91,"('WT', 'LCTB92')",99.0,0.5965769270062447,0.5893546822667121,0.6040411144495009,12544
dmn_within,91,"('WT', 'VEH')",1.0,0.18113221645355224,0.18006711214780807,0.18252228379249572,10752
dmn_within,91,"('WT', 'VEH')",5.0,0.20067076683044435,0.1995700589567423,0.2020304799079895,10752
dmn_within,91,"('WT', 'VEH')",50.0,0.4099467098712921,0.4078254073858261,0.41210365295410156,10752
dmn_within,91,"('WT', 'VEH')",95.0,0.6013165920972824,0.59863912910223,0.604904443025589,10752
dmn_within,91,"('WT', 'VEH')",99.0,0.6750392466783522,0.6710325703024864,0.6782979965209961,10752
dmn_within,92,"('Dp1Yey', 'LCTB92')",1.0,0.23968436121940612,0.23792590379714965,0.24119525909423828,9724
dmn_within,92,"('Dp1Yey', 'LCTB92')",5.0,0.26648707389831544,0.2648304242640734,0.26825404167175293,9724
dmn_within,92,"('Dp1Yey', 'LCTB92')",50.0,0.3438913822174072,0.34253218546509745,0.3451680541038513,9724
dmn_within,92,"('Dp1Yey', 'LCTB92')",95.0,0.6120506584644319,0.5984933972358704,0.6181884467601777,9724
dmn_within,92,"('Dp1Yey', 'LCTB92')",99.0,0.7036647611856462,0.701164366796613,0.709282785654068,9724
dmn_within,92,"('Dp1Yey', 'VEH')",1.0,0.1816379499435425,0.1767532649040222,0.18934581100940706,9724
dmn_within,92,"('Dp1Yey', 'VEH')",5.0,0.2221531927585602,0.22078231059014797,0.22411644458770752,9724
dmn_within,92,"('Dp1Yey', 'VEH')",50.0,0.34304141998291016,0.34140333384275434,0.34469565749168396,9724
dmn_within,92,"('Dp1Yey', 'VEH')",95.0,0.4787153422832489,0.47654294967651367,0.4820469528436661,9724
dmn_within,92,"('Dp1Yey', 'VEH')",99.0,0.5492025741934777,0.5386566817760468,0.5546752214431763,9724
dmn_within,92,"('WT', 'LCTB92')",1.0,0.10867716372013092,0.10665902495384216,0.109855055809021,12376
dmn_within,92,"('WT', 'LCTB92')",5.0,0.13540084660053253,0.1333804089576006,0.13742572702467443,12376
dmn_within,92,"('WT', 'LCTB92')",50.0,0.35575568675994873,0.352145180106163,0.3584447503089905,12376
dmn_within,92,"('WT', 'LCTB92')",95.0,0.5372283458709717,0.5345384186133743,0.5397174820303917,12376
dmn_within,92,"('WT', 'LCTB92')",99.0,0.5928848758339882,0.5863261876627803,0.5988369882106781,12376
dmn_within,92,"('WT', 'VEH')",1.0,0.18009637892246247,0.17858293354511262,0.18142135798931122,10608
dmn_within,92,"('WT', 'VEH')",5.0,0.19934701025485993,0.19807207882404326,0.200774245634675,10608
dmn_within,92,"('WT', 'VEH')",50.0,0.4063712954521179,0.4035399205982685,0.4088062047958374,10608
dmn_within,92,"('WT', 'VEH')",95.0,0.6014415502548217,0.5983625410497189,0.6049148842692376,10608
dmn_within,92,"('WT', 'VEH')",99.0,0.672863965034485,0.6691076457500458,0.6765836775302887,10608
dmn_within,93,"('Dp1Yey', 'LCTB92')",1.0,0.23769136488437653,0.23476694405078888,0.24011046886444093,9592
dmn_within,93,"('Dp1Yey', 'LCTB92')",5.0,0.26491993963718413,0.26303968727588656,0.2667534066736698,9592
dmn_within,93,"('Dp1Yey', 'LCTB92')",50.0,0.34099555015563965,0.33953797817230225,0.34276506304740906,9592
dmn_within,93,"('Dp1Yey', 'LCTB92')",95.0,0.6136031404137611,0.6009009809792039,0.6201014687120914,9592
dmn_within,93,"('Dp1Yey', 'LCTB92')",99.0,0.7041325905919075,0.699652975037694,0.7066522233486175,9592
dmn_within,93,"('Dp1Yey', 'VEH')",1.0,0.18078988194465637,0.1770530080795288,0.18936507165431976,9592
dmn_within,93,"('Dp1Yey', 'VEH')",5.0,0.22189581990242005,0.21963375806808472,0.2235276699066162,9592
dmn_within,93,"('Dp1Yey', 'VEH')",50.0,0.3398593068122864,0.33837772607803346,0.34143251180648804,9592
dmn_within,93,"('Dp1Yey', 'VEH')",95.0,0.4784932166337966,0.47489657104015337,0.48103733927011477,9592
dmn_within,93,"('Dp1Yey', 'VEH')",99.0,0.5540895488858223,0.5430069237947466,0.556812895834446,9592
dmn_within,93,"('WT', 'LCTB92')",1.0,0.10926068186759949,0.10686159133911133,0.11081725358963013,12208
dmn_within,93,"('WT', 'LCTB92')",5.0,0.13502224981784822,0.13257377460598946,0.13691943883895874,12208
dmn_within,93,"('WT', 'LCTB92')",50.0,0.35432523488998413,0.3501896247267723,0.35741701498627665,12208
dmn_within,93,"('WT', 'LCTB92')",95.0,0.5360188648104668,0.5339813220128417,0.5387400190159678,12208
dmn_within,93,"('WT', 'LCTB92')",99.0,0.5930664178729058,0.5894744992256165,0.5973262811377644,12208
dmn_within,93,"('WT', 'VEH')",1.0,0.17862541496753692,0.17758887350559235,0.1798423832654953,10464
dmn_within,93,"('WT', 'VEH')",5.0,0.19755136370658874,0.1956635670363903,0.19900603853166102,10464
dmn_within,93,"('WT', 'VEH')",50.0,0.4020744860172272,0.3998708941042423,0.4044140577316284,10464
dmn_within,93,"('WT', 'VEH')",95.0,0.6015228793025017,0.5984333455562592,0.6060278132557869,10464
dmn_within,93,"('WT', 'VEH')",99.0,0.6689249673485756,0.6667066264152528,0.6728087836503983,10464
dmn_within,94,"('Dp1Yey', 'LCTB92')",1.0,0.23439490020275117,0.23161654114723207,0.23911253809928895,9460
dmn_within,94,"('Dp1Yey', 'LCTB92')",5.0,0.2632480412721634,0.26010800585150723,0.26568636678159235,9460
dmn_within,94,"('Dp1Yey', 'LCTB92')",50.0,0.33790162205696106,0.33676175475120546,0.3391724228858948,9460
dmn_within,94,"('Dp1Yey', 'LCTB92')",95.0,0.6145286545157432,0.5999659307301026,0.6210504770278931,9460
dmn_within,94,"('Dp1Yey', 'LCTB92')",99.0,0.7033385637402534,0.7001180795282126,0.7060611526817083,9460
dmn_within,94,"('Dp1Yey', 'VEH')",1.0,0.18105145454406738,0.17512545704841614,0.18798031747341157,9460
dmn_within,94,"('Dp1Yey', 'VEH')",5.0,0.22016039192676545,0.21808695383369922,0.2224510908126831,9460
dmn_within,94,"('Dp1Yey', 'VEH')",50.0,0.3364410400390625,0.3350320242345333,0.33804359957575797,9460
dmn_within,94,"('Dp1Yey', 'VEH')",95.0,0.47553777396678915,0.4721406999230385,0.47820489548146705,9460
dmn_within,94,"('Dp1Yey', 'VEH')",99.0,0.5565478068590164,0.5430102469548582,0.560083026587963,9460
dmn_within,94,"('WT', 'LCTB92')",1.0,0.10827413558959961,0.10631988406181335,0.11091567064821718,12040
dmn_within,94,"('WT', 'LCTB92')",5.0,0.13357253074645997,0.13139092922210693,0.13550972439348696,12040
dmn_within,94,"('WT', 'LCTB92')",50.0,0.35180896520614624,0.34819366931915285,0.355739089846611,12040
dmn_within,94,"('WT', 'LCTB92')",95.0,0.5357545956969261,0.5329432105273006,0.5375666141510009,12040
dmn_within,94,"('WT', 'LCTB92')",99.0,0.5951131612062456,0.5906004691123963,0.5979904977232218,12040
dmn_within,94,"('WT', 'VEH')",1.0,0.17844918012619018,0.1774756908416748,0.17972701787948608,10320
dmn_within,94,"('WT', 'VEH')",5.0,0.19420846402645112,0.19334850631654263,0.19619775116443636,10320
dmn_within,94,"('WT', 'VEH')",50.0,0.3987550437450409,0.3963111348450184,0.4011131778359413,10320
dmn_within,94,"('WT', 'VEH')",95.0,0.6016714721918106,0.5988144045323134,0.6062401266023516,10320
dmn_within,94,"('WT', 'VEH')",99.0,0.6661411648988723,0.6640025293827055,0.6693913638591766,10320
dmn_within,95,"('Dp1Yey', 'LCTB92')",1.0,0.23258658051490783,0.23052244305610656,0.23436803340911866,9328
dmn_within,95,"('Dp1Yey', 'LCTB92')",5.0,0.2595678776502609,0.25766513831913473,0.2633743220567703,9328
dmn_within,95,"('Dp1Yey', 'LCTB92')",50.0,0.33598795533180237,0.33479287624359133,0.337408796697855,9328
dmn_within,95,"('Dp1Yey', 'LCTB92')",95.0,0.6140914216637611,0.6041756373643875,0.6212647512555123,9328
dmn_within,95,"('Dp1Yey', 'LCTB92')",99.0,0.7037146863341331,0.7007507595419883,0.7062729597091675,9328
dmn_within,95,"('Dp1Yey', 'VEH')",1.0,0.18100009620189667,0.1732407331466675,0.1927495551109314,9328
dmn_within,95,"('Dp1Yey', 'VEH')",5.0,0.21939790546894072,0.21746203899383545,0.22133373022079467,9328
dmn_within,95,"('Dp1Yey', 'VEH')",50.0,0.33319103717803955,0.33156354203820226,0.3347830384969711,9328
dmn_within,95,"('Dp1Yey', 'VEH')",95.0,0.4726125687360763,0.4704210084676742,0.47552598714828487,9328
dmn_within,95,"('Dp1Yey', 'VEH')",99.0,0.556494604349136,0.5463210322931406,0.5644497352018951,9328
dmn_within,95,"('WT', 'LCTB92')",1.0,0.10850768983364105,0.10556866483390331,0.11116307778656483,11872
dmn_within,95,"('WT', 'LCTB92')",5.0,0.1330417275428772,0.13108239471912383,0.13489479720592498,11872
dmn_within,95,"('WT', 'LCTB92')",50.0,0.349789559841156,0.34466836228966713,0.3536689020693302,11872
dmn_within,95,"('WT', 'LCTB92')",95.0,0.5338015362620353,0.5311007797718048,0.5363471990823744,11872
dmn_within,95,"('WT', 'LCTB92')",99.0,0.595242306292057,0.5881562232971191,0.5982992947101593,11872
dmn_within,95,"('WT', 'VEH')",1.0,0.17850050330162048,0.17761510610580444,0.1793336272239685,10176
dmn_within,95,"('WT', 'VEH')",5.0,0.19247274100780487,0.1917119324207306,0.19359134696424007,10176
dmn_within,95,"('WT', 'VEH')",50.0,0.3960956633090973,0.39396147429943085,0.3983209222555161,10176
dmn_within,95,"('WT', 'VEH')",95.0,0.6031020358204842,0.598739005625248,0.6058759098872543,10176
dmn_within,95,"('WT', 'VEH')",99.0,0.6635673195123672,0.6616939604282379,0.6669660722836852,10176
dmn_within,96,"('Dp1Yey', 'LCTB92')",1.0,0.23039121627807618,0.22870278358459473,0.23207602441310882,9196
dmn_within,96,"('Dp1Yey', 'LCTB92')",5.0,0.25819724798202515,0.2562493085861206,0.2610870599746704,9196
dmn_within,96,"('Dp1Yey', 'LCTB92')",50.0,0.3342216908931732,0.3326346278190613,0.3357256352901459,9196
dmn_within,96,"('Dp1Yey', 'LCTB92')",95.0,0.6141248568892479,0.6056099385023117,0.6213020451366902,9196
dmn_within,96,"('Dp1Yey', 'LCTB92')",99.0,0.7036540642380714,0.7013505920767783,0.7051977008581158,9196
dmn_within,96,"('Dp1Yey', 'VEH')",1.0,0.1851029396057129,0.17323839664459229,0.19236069917678833,9196
dmn_within,96,"('Dp1Yey', 'VEH')",5.0,0.21815384924411774,0.21647129952907562,0.22005072310566903,9196
dmn_within,96,"('Dp1Yey', 'VEH')",50.0,0.33005428314208984,0.3288080595433712,0.3314536578953266,9196
dmn_within,96,"('Dp1Yey', 'VEH')",95.0,0.4719545394182205,0.4694921225309372,0.473650723695755,9196
dmn_within,96,"('Dp1Yey', 'VEH')",99.0,0.5549037441611286,0.5393655285239217,0.5651094435900436,9196
dmn_within,96,"('WT', 'LCTB92')",1.0,0.10681729555130005,0.1037504763007164,0.11070628643035889,11704
dmn_within,96,"('WT', 'LCTB92')",5.0,0.1324506253004074,0.13083654642105103,0.13411941826343537,11704
dmn_within,96,"('WT', 'LCTB92')",50.0,0.34705284237861633,0.3415627747774124,0.3512970224022865,11704
dmn_within,96,"('WT', 'LCTB92')",95.0,0.5325569808483124,0.529228611290455,0.5362668931484222,11704
dmn_within,96,"('WT', 'LCTB92')",99.0,0.5917137169837949,0.5861347403153775,0.5957020223140717,11704
dmn_within,96,"('WT', 'VEH')",1.0,0.17714732646942138,0.1761641502380371,0.17845858931541442,10032
dmn_within,96,"('WT', 'VEH')",5.0,0.19044241607189177,0.18932829201221466,0.19139123640954495,10032
dmn_within,96,"('WT', 'VEH')",50.0,0.3934297561645508,0.3908840112388134,0.39560760110616683,10032
dmn_within,96,"('WT', 'VEH')",95.0,0.6031016573309899,0.5993807315826416,0.6064528971910476,10032
dmn_within,96,"('WT', 'VEH')",99.0,0.6609154850244522,0.6596818566322327,0.6634982228279114,10032
dmn_within,97,"('Dp1Yey', 'LCTB92')",1.0,0.22755540192127227,0.22442599090933799,0.23010010838508607,9064
dmn_within,97,"('Dp1Yey', 'LCTB92')",5.0,0.2565978139638901,0.25529885590076445,0.2577078342437744,9064
dmn_within,97,"('Dp1Yey', 'LCTB92')",50.0,0.3322824537754059,0.33067452907562256,0.33374888375401496,9064
dmn_within,97,"('Dp1Yey', 'LCTB92')",95.0,0.6132964566349983,0.6093669533729553,0.6207466964051129,9064
dmn_within,97,"('Dp1Yey', 'LCTB92')",99.0,0.70336815148592,0.6999352604150773,0.705538080893457,9064
dmn_within,97,"('Dp1Yey', 'VEH')",1.0,0.18504430651664733,0.1761550098657608,0.19166034489870068,9064
dmn_within,97,"('Dp1Yey', 'VEH')",5.0,0.21701588928699495,0.215404012799263,0.2187980979681015,9064
dmn_within,97,"('Dp1Yey', 'VEH')",50.0,0.3273243010044098,0.32609217464923856,0.32908192873001096,9064
dmn_within,97,"('Dp1Yey', 'VEH')",95.0,0.4709739387035371,0.46808965153992177,0.4729493919759989,9064
dmn_within,97,"('Dp1Yey', 'VEH')",99.0,0.5514097130298621,0.5380351580530413,0.5629610526785258,9064
dmn_within,97,"('WT', 'LCTB92')",1.0,0.10566394329071045,0.10364518955349923,0.10911798477172852,11536
dmn_within,97,"('WT', 'LCTB92')",5.0,0.13093620538711548,0.12925130501389503,0.13340599834918976,11536
dmn_within,97,"('WT', 'LCTB92')",50.0,0.3441486954689026,0.33904742151498796,0.34906411319971087,11536
dmn_within,97,"('WT', 'LCTB92')",95.0,0.5314093828201294,0.5282692559063434,0.5344586670398712,11536
dmn_within,97,"('WT', 'LCTB92')",99.0,0.5888820186257362,0.5860381424427032,0.5927786160632967,11536
dmn_within,97,"('WT', 'VEH')",1.0,0.17511544287204742,0.1741008931696415,0.1763089781999588,9888
dmn_within,97,"('WT', 'VEH')",5.0,0.18776485621929168,0.18673556804656982,0.18888919949531555,9888
dmn_within,97,"('WT', 'VEH')",50.0,0.39084988832473755,0.38797809183597565,0.3933979071676731,9888
dmn_within,97,"('WT', 'VEH')",95.0,0.6021711081266403,0.5973604544997214,0.6065270602703094,9888
dmn_within,97,"('WT', 'VEH')",99.0,0.6594000858068464,0.6579073369503021,0.6612590849399567,9888
dmn_within,98,"('Dp1Yey', 'LCTB92')",1.0,0.22480687975883484,0.22188809514045715,0.22681604325771332,8932
dmn_within,98,"('Dp1Yey', 'LCTB92')",5.0,0.2545745074748993,0.2535956084728241,0.2556416982412338,8932
dmn_within,98,"('Dp1Yey', 'LCTB92')",50.0,0.3294530510902405,0.32799866050481796,0.3309092581272125,8932
dmn_within,98,"('Dp1Yey', 'LCTB92')",95.0,0.6168950125575065,0.6076019948720929,0.6314395904541015,8932
dmn_within,98,"('Dp1Yey', 'LCTB92')",99.0,0.7035079708695412,0.6989619731903076,0.7055072852969171,8932
dmn_within,98,"('Dp1Yey', 'VEH')",1.0,0.18345248758792876,0.1767604833841324,0.19102582475543017,8932
dmn_within,98,"('Dp1Yey', 'VEH')",5.0,0.21587759256362915,0.2145534662157297,0.21766409873962403,8932
dmn_within,98,"('Dp1Yey', 'VEH')",50.0,0.32519832253456116,0.3238133192062378,0.3266631454229355,8932
dmn_within,98,"('Dp1Yey', 'VEH')",95.0,0.46845794618129716,0.4653738220781083,0.47180872261524165,8932
dmn_within,98,"('Dp1Yey', 'VEH')",99.0,0.5515027204155925,0.5385633155703549,0.5688728094100952,8932
dmn_within,98,"('WT', 'LCTB92')",1.0,0.10529117345809937,0.10393723845481873,0.10753868032991887,11368
dmn_within,98,"('WT', 'LCTB92')",5.0,0.13011255264282226,0.12843024954199792,0.13249215781688692,11368
dmn_within,98,"('WT', 'LCTB92')",50.0,0.34092944860458374,0.3370964042842388,0.3459212236106396,11368
dmn_within,98,"('WT', 'LCTB92')",95.0,0.5313345491886139,0.5265064835548401,0.5355684931576252,11368
dmn_within,98,"('WT', 'LCTB92')",99.0,0.5867968755960464,0.5829733819589019,0.5908721417188645,11368
dmn_within,98,"('WT', 'VEH')",1.0,0.1731966096162796,0.17204655051231385,0.17403244972229004,9744
dmn_within,98,"('WT', 'VEH')",5.0,0.18585987985134125,0.18478003427386286,0.1868910789489746,9744
dmn_within,98,"('WT', 'VEH')",50.0,0.38758039474487305,0.38452558070421217,0.3898124098777771,9744
dmn_within,98,"('WT', 'VEH')",95.0,0.6009507715702057,0.5950057851523163,0.6075787246227264,9744
dmn_within,98,"('WT', 'VEH')",99.0,0.6577050366997719,0.6557335257530212,0.6587555706501007,9744
dmn_within,99,"('Dp1Yey', 'LCTB92')",1.0,0.22351434707641601,0.2198888659477234,0.22539730608463288,8800
dmn_within,99,"('Dp1Yey', 'LCTB92')",5.0,0.2517902195453644,0.250322163105011,0.25345563888549805,8800
dmn_within,99,"('Dp1Yey', 'LCTB92')",50.0,0.3273829221725464,0.32579052448272705,0.3288640804588795,8800
dmn_within,99,"('Dp1Yey', 'LCTB92')",95.0,0.6194903776049613,0.6076029822230338,0.6318741977214811,8800
dmn_within,99,"('Dp1Yey', 'LCTB92')",99.0,0.704400700032711,0.700513616502285,0.7053680798411369,8800
dmn_within,99,"('Dp1Yey', 'VEH')",1.0,0.1822285133600235,0.17516106367111206,0.19237092673778533,8800
dmn_within,99,"('Dp1Yey', 'VEH')",5.0,0.21539092659950257,0.2136415261030197,0.21703310035169124,8800
dmn_within,99,"('Dp1Yey', 'VEH')",50.0,0.32327648997306824,0.3217620551586151,0.32509142383933065,8800
dmn_within,99,"('Dp1Yey', 'VEH')",95.0,0.4652796357870102,0.4613473436981439,0.46821187138557435,8800
dmn_within,99,"('Dp1Yey', 'VEH')",99.0,0.5532280603051194,0.5406394898891449,0.5701414135098458,8800
dmn_within,99,"('WT', 'LCTB92')",1.0,0.10546718418598175,0.10381881594657898,0.10698813199996948,11200
dmn_within,99,"('WT', 'LCTB92')",5.0,0.12953387200832367,0.12791907787322998,0.1317545260488987,11200
dmn_within,99,"('WT', 'LCTB92')",50.0,0.3386670649051666,0.33501234352588655,0.3432244062423706,11200
dmn_within,99,"('WT', 'LCTB92')",95.0,0.531724140048027,0.527879363335669,0.5354810299351809,11200
dmn_within,99,"('WT', 'LCTB92')",99.0,0.5841092967987062,0.5814066836237908,0.5886812343895436,11200
dmn_within,99,"('WT', 'VEH')",1.0,0.17132390379905701,0.1705455183982849,0.17238013161718846,9600
dmn_within,99,"('WT', 'VEH')",5.0,0.18368808925151825,0.18223483085632325,0.18514499962329864,9600
dmn_within,99,"('WT', 'VEH')",50.0,0.3839243948459625,0.38190397918224334,0.38618674874305725,9600
dmn_within,99,"('WT', 'VEH')",95.0,0.6006207928061483,0.594027080312371,0.6099729537963867,9600
dmn_within,99,"('WT', 'VEH')",99.0,0.6554312437772751,0.6535885486006737,0.65738245844841,9600
dmn_within,9,"('Dp1Yey', 'LCTB92')",1.0,0.470593603849411,0.4612507224082947,0.48191845417022705,20680
dmn_within,9,"('Dp1Yey', 'LCTB92')",5.0,0.598635908961296,0.5937405914068222,0.6027012018859387,20680
dmn_within,9,"('Dp1Yey', 'LCTB92')",50.0,0.8344574794173241,0.8327416984364391,0.8362133577466011,20680
dmn_within,9,"('Dp1Yey', 'LCTB92')",95.0,0.9833077153190969,0.9812048246478662,0.9857333828229456,20680
dmn_within,9,"('Dp1Yey', 'LCTB92')",99.0,1.0295095274969934,1.026457571967039,1.0332639042204246,20680
dmn_within,9,"('Dp1Yey', 'VEH')",1.0,0.4650669604539871,0.4597244815081358,0.4717843288183212,20680
dmn_within,9,"('Dp1Yey', 'VEH')",5.0,0.6092932552099228,0.6028079390525818,0.6152178685739637,20680
dmn_within,9,"('Dp1Yey', 'VEH')",50.0,0.8440518975257874,0.8422001972794533,0.845460994541645,20680
dmn_within,9,"('Dp1Yey', 'VEH')",95.0,0.9734586039558053,0.971274407824967,0.9754191003739834,20680
dmn_within,9,"('Dp1Yey', 'VEH')",99.0,1.0132230607420205,1.009545554127544,1.0166576597839594,20680
dmn_within,9,"('WT', 'LCTB92')",1.0,0.43211892068386076,0.4255930805206299,0.43984559655189515,26320
dmn_within,9,"('WT', 'LCTB92')",5.0,0.5674021720886231,0.5619879652932286,0.5718074313923717,26320
dmn_within,9,"('WT', 'LCTB92')",50.0,0.8498843535780907,0.8483915125951171,0.8516707232221961,26320
dmn_within,9,"('WT', 'LCTB92')",95.0,0.9932795805390924,0.9919480177026707,0.9948836577893234,26320
dmn_within,9,"('WT', 'LCTB92')",99.0,1.032623136639595,1.0306271240115166,1.0345491953194141,26320
dmn_within,9,"('WT', 'VEH')",1.0,0.5455166792869568,0.5389823013544083,0.552970535159111,22560
dmn_within,9,"('WT', 'VEH')",5.0,0.6570765569806098,0.651656200028956,0.6622262879833579,22560
dmn_within,9,"('WT', 'VEH')",50.0,0.8815186247229576,0.8798532709479332,0.8833679525181651,22560
dmn_within,9,"('WT', 'VEH')",95.0,1.0009319523727753,0.999727379526048,1.0022936511901208,22560
dmn_within,9,"('WT', 'VEH')",99.0,1.0400379713624717,1.037009734660387,1.0418207347393036,22560
dmn_within,short,"('Dp1Yey', 'LCTB92')",1.0,0.29940939247608184,0.2986647818684578,0.3001539569348097,869088
dmn_within,short,"('Dp1Yey', 'LCTB92')",5.0,0.3663716346025467,0.36593080967664715,0.3668363865464926,869088
dmn_within,short,"('Dp1Yey', 'LCTB92')",50.0,0.6141011118888855,0.6136439759284258,0.6145953882485629,869088
dmn_within,short,"('Dp1Yey', 'LCTB92')",95.0,0.9292328741401432,0.9286563914082945,0.9298253249656409,869088
dmn_within,short,"('Dp1Yey', 'LCTB92')",99.0,1.000541242112522,0.9998521626507281,1.001233681720274,869088
dmn_within,short,"('Dp1Yey', 'VEH')",1.0,0.30860008716583254,0.30777909342944626,0.30932707196474074,869088
dmn_within,short,"('Dp1Yey', 'VEH')",5.0,0.380256125330925,0.37961223401129246,0.3808600118011236,869088
dmn_within,short,"('Dp1Yey', 'VEH')",50.0,0.618508979678154,0.6180309623479843,0.6189865458756685,869088
dmn_within,short,"('Dp1Yey', 'VEH')",95.0,0.9257824826985595,0.925211120434105,0.9263803551532322,869088
dmn_within,short,"('Dp1Yey', 'VEH')",99.0,0.9958615990541876,0.9952202613943955,0.9965562988523161,869088
dmn_within,short,"('WT', 'LCTB92')",1.0,0.18437024235725402,0.1836446471363306,0.18507330217957496,1106112
dmn_within,short,"('WT', 'LCTB92')",5.0,0.3003994286060333,0.29976554468274114,0.3010817749798298,1106112
dmn_within,short,"('WT', 'LCTB92')",50.0,0.6384093463420868,0.637922515720129,0.6388916801661253,1106112
dmn_within,short,"('WT', 'LCTB92')",95.0,0.9415745055302976,0.9411359165608882,0.9420554555254055,1106112
dmn_within,short,"('WT', 'LCTB92')",99.0,1.0076507722446695,1.007039043009747,1.0081135667860508,1106112
dmn_within,short,"('WT', 'VEH')",1.0,0.28529790341854094,0.28437435925006865,0.2862299391627312,948096
dmn_within,short,"('WT', 'VEH')",5.0,0.38396960496902466,0.3832957066595554,0.3846841365098953,948096
dmn_within,short,"('WT', 'VEH')",50.0,0.6983928233385086,0.6978930659592152,0.6988732390105724,948096
dmn_within,short,"('WT', 'VEH')",95.0,0.9564540386199951,0.95595622821711,0.9569191932678223,948096
dmn_within,short,"('WT', 'VEH')",99.0,1.014642003364861,1.0141245248622728,1.0151740787550807,948096
dmn_within,long,"('Dp1Yey', 'LCTB92')",1.0,0.2448297208547592,0.24447254042327404,0.24516384959220885,564960
dmn_within,long,"('Dp1Yey', 'LCTB92')",5.0,0.2758304446935654,0.2755523751676083,0.27608513548970226,564960
dmn_within,long,"('Dp1Yey', 'LCTB92')",50.0,0.3931366205215454,0.39277660846710205,0.39352829083800317,564960
dmn_within,long,"('Dp1Yey', 'LCTB92')",95.0,0.623359479010105,0.6225807279720902,0.6241741102188826,564960
dmn_within,long,"('Dp1Yey', 'LCTB92')",99.0,0.7212892380356791,0.7202394467592245,0.7221717834472656,564960
dmn_within,long,"('Dp1Yey', 'VEH')",1.0,0.20422411382198333,0.2038072663843632,0.20466524751484394,564960
dmn_within,long,"('Dp1Yey', 'VEH')",5.0,0.24394770562648774,0.24358173266053199,0.24436956487596034,564960
dmn_within,long,"('Dp1Yey', 'VEH')",50.0,0.38781797885894775,0.38752633333206177,0.388134041428566,564960
dmn_within,long,"('Dp1Yey', 'VEH')",95.0,0.5560612589120865,0.5555377454310646,0.5566224014759064,564960
dmn_within,long,"('Dp1Yey', 'VEH')",99.0,0.615661905407906,0.6148826335445049,0.6164437629431486,564960
dmn_within,long,"('WT', 'LCTB92')",1.0,0.11470727920532227,0.1144338064044714,0.11499248458445073,719040
dmn_within,long,"('WT', 'LCTB92')",5.0,0.1504072815179825,0.14994718879461288,0.1508692502975464,719040
dmn_within,long,"('WT', 'LCTB92')",50.0,0.4030500054359436,0.4024791166186333,0.4035690650343895,719040
dmn_within,long,"('WT', 'LCTB92')",95.0,0.6099271088838577,0.6094277798756953,0.6104614121466875,719040
dmn_within,long,"('WT', 'LCTB92')",99.0,0.6731346046924591,0.6721214127540588,0.673963665574789,719040
dmn_within,long,"('WT', 'VEH')",1.0,0.18524553835392,0.18491286703944207,0.18560612052679062,616320
dmn_within,long,"('WT', 'VEH')",5.0,0.22218186855316163,0.22158370167016983,0.22274874292314054,616320
dmn_within,long,"('WT', 'VEH')",50.0,0.46383610367774963,0.463370555639267,0.46429460048675536,616320
dmn_within,long,"('WT', 'VEH')",95.0,0.6672215223312378,0.6666402200981975,0.6678436136245728,616320
dmn_within,long,"('WT', 'VEH')",99.0,0.7373968896269796,0.7363028228282928,0.7383783550187946,616320
