region,window,A,B,q,diff,lo,hi,significant,n_a,n_b
dmn_within,100,"('WT', 'VEH')","('WT', 'LCTB92')",1.0,0.0645178282260895,0.062337702885270116,0.06635995244979859,True,9456,11032
dmn_within,100,"('WT', 'VEH')","('WT', 'LCTB92')",5.0,0.05246998071670533,0.05031296566128731,0.05446108750998974,True,9456,11032
dmn_within,100,"('WT', 'VEH')","('WT', 'LCTB92')",50.0,0.04515945911407471,0.040132255852222444,0.04935287162661552,True,9456,11032
dmn_within,100,"('WT', 'VEH')","('WT', 'LCTB92')",95.0,0.06379253715276723,0.05527997966855765,0.0759783999249341,True,9456,11032
dmn_within,100,"('WT', 'VEH')","('WT', 'LCTB92')",99.0,0.07107430845499052,0.06748900085687591,0.07425421781837936,True,9456,11032
dmn_within,100,"('Dp1Yey', 'VEH')","('Dp1Yey', 'LCTB92')",1.0,-0.039773756861686715,-0.04589802150428296,-0.029617475971579574,True,8668,8668
dmn_within,100,"('Dp1Yey', 'VEH')","('Dp1Yey', 'LCTB92')",5.0,-0.03325795233249665,-0.03533716186881066,-0.03125164426863194,True,8668,8668
dmn_within,100,"('Dp1Yey', 'VEH')","('Dp1Yey', 'LCTB92')",50.0,-0.003782600164413452,-0.006545314937829972,-0.0011792123317718513,True,8668,8668
dmn_within,100,"('Dp1Yey', 'VEH')","('Dp1Yey', 'LCTB92')",95.0,-0.16182808130979504,-0.17309083692729463,-0.14751567751169203,True,8668,8668
dmn_within,100,"('Dp1Yey', 'VEH')","('Dp1Yey', 'LCTB92')",99.0,-0.14124096482992177,-0.15923012782633322,-0.12402236252278091,True,8668,8668
dmn_within,100,"('WT', 'VEH')","('Dp1Yey', 'VEH')",1.0,-0.012063685655593848,-0.0212114411741495,-0.006512082278728493,True,9456,8668
dmn_within,100,"('WT', 'VEH')","('Dp1Yey', 'VEH')",5.0,-0.03311309218406677,-0.03525934189558029,-0.0308782197535038,True,9456,8668
dmn_within,100,"('WT', 'VEH')","('Dp1Yey', 'VEH')",50.0,0.06047925353050232,0.05757147967815399,0.0633710652589798,True,9456,8668
dmn_within,100,"('WT', 'VEH')","('Dp1Yey', 'VEH')",95.0,0.13615902066230773,0.12746912762522697,0.14904397714883094,True,9456,8668
dmn_within,100,"('WT', 'VEH')","('Dp1Yey', 'VEH')",99.0,0.09266984969377534,0.07563176859170213,0.11007504601776599,True,9456,8668
dmn_within,100,"('WT', 'LCTB92')","('Dp1Yey', 'LCTB92')",1.0,-0.11635527074337006,-0.11946687817573547,-0.11211045068502426,True,11032,8668
dmn_within,100,"('WT', 'LCTB92')","('Dp1Yey', 'LCTB92')",5.0,-0.11884102523326875,-0.12083339676260947,-0.11666273407638073,True,11032,8668
dmn_within,100,"('WT', 'LCTB92')","('Dp1Yey', 'LCTB92')",50.0,0.01153719425201416,0.007436591386795044,0.01636013239622116,True,11032,8668
dmn_within,100,"('WT', 'LCTB92')","('Dp1Yey', 'LCTB92')",95.0,-0.08946159780025453,-0.1008322761952879,-0.07482322141528125,True,11032,8668
dmn_within,100,"('WT', 'LCTB92')","('Dp1Yey', 'LCTB92')",99.0,-0.11964542359113695,-0.1241201553866267,-0.11493109821528197,True,11032,8668
dmn_within,10,"('WT', 'VEH')","('WT', 'LCTB92')",1.0,0.1158520674705506,0.10709859975427391,0.1247717233747244,True,22416,26152
dmn_within,10,"('WT', 'VEH')","('WT', 'LCTB92')",5.0,0.09418166875839229,0.08753346063196661,0.10220656424760818,True,22416,26152
dmn_within,10,"('WT', 'VEH')","('WT', 'LCTB92')",50.0,0.03606876730918884,0.03355296403169632,0.038964657485485076,True,22416,26152
dmn_within,10,"('WT', 'VEH')","('WT', 'LCTB92')",95.0,0.007747439108789056,0.005779745547333776,0.010325632137246495,True,22416,26152
dmn_within,10,"('WT', 'VEH')","('WT', 'LCTB92')",99.0,0.007460242826491603,0.003509612705558901,0.011476324820891181,True,22416,26152
dmn_within,10,"('Dp1Yey', 'VEH')","('Dp1Yey', 'LCTB92')",1.0,-0.00537700653076173,-0.018482828080654125,0.006431787714362138,False,20548,20548
dmn_within,10,"('Dp1Yey', 'VEH')","('Dp1Yey', 'LCTB92')",5.0,0.00867419093847277,-0.0001311526075005731,0.01817491412162783,False,20548,20548
dmn_within,10,"('Dp1Yey', 'VEH')","('Dp1Yey', 'LCTB92')",50.0,0.011161118745803833,0.008635524101555348,0.01412043180316686,True,20548,20548
dmn_within,10,"('Dp1Yey', 'VEH')","('Dp1Yey', 'LCTB92')",95.0,-0.008995575923472665,-0.011645723241381217,-0.006102446774020923,True,20548,20548
dmn_within,10,"('Dp1Yey', 'VEH')","('Dp1Yey', 'LCTB92')",99.0,-0.01745621191803326,-0.022811370102397262,-0.012745000403607128,True,20548,20548
dmn_within,10,"('WT', 'VEH')","('Dp1Yey', 'VEH')",1.0,0.08101399242877966,0.06975714242458345,0.09173377639800312,True,22416,20548
dmn_within,10,"('WT', 'VEH')","('Dp1Yey', 'VEH')",5.0,0.04646937549114227,0.03728085868060584,0.05541162468492984,True,22416,20548
dmn_within,10,"('WT', 'VEH')","('Dp1Yey', 'VEH')",50.0,0.03961165249347687,0.037403618916869164,0.042045601084828375,True,22416,20548
dmn_within,10,"('WT', 'VEH')","('Dp1Yey', 'VEH')",95.0,0.031186340795829937,0.029047945453785466,0.033569671369041314,True,22416,20548
dmn_within,10,"('WT', 'VEH')","('Dp1Yey', 'VEH')",99.0,0.02790862048510445,0.023214055063435567,0.03271437315328434,True,22416,20548
dmn_within,10,"('WT', 'LCTB92')","('Dp1Yey', 'LCTB92')",1.0,-0.040215081572532674,-0.05280927585065364,-0.030367769286036503,True,26152,20548
dmn_within,10,"('WT', 'LCTB92')","('Dp1Yey', 'LCTB92')",5.0,-0.03903810232877725,-0.04635899104177952,-0.03117363151162865,True,26152,20548
dmn_within,10,"('WT', 'LCTB92')","('Dp1Yey', 'LCTB92')",50.0,0.014704003930091858,0.012085599079728126,0.017654400132596493,True,26152,20548
dmn_within,10,"('WT', 'LCTB92')","('Dp1Yey', 'LCTB92')",95.0,0.014443325763568216,0.011763795570004853,0.017060512533644448,True,26152,20548
dmn_within,10,"('WT', 'LCTB92')","('Dp1Yey', 'LCTB92')",99.0,0.0029921657405795887,-0.001281292150728547,0.006975962343159458,False,26152,20548
dmn_within,11,"('WT', 'VEH')","('WT', 'LCTB92')",1.0,0.11943356364965446,0.11021983367949724,0.13041722149401905,True,22272,25984
dmn_within,11,"('WT', 'VEH')","('WT', 'LCTB92')",5.0,0.09839506447315216,0.0905887900292873,0.10689862448722127,True,22272,25984
dmn_within,11,"('WT', 'VEH')","('WT', 'LCTB92')",50.0,0.03924097120761871,0.03642312753945589,0.041758847795426844,True,22272,25984
dmn_within,11,"('WT', 'VEH')","('WT', 'LCTB92')",95.0,0.009478910826146603,0.0067869789386169445,0.012048559961840509,True,22272,25984
dmn_within,11,"('WT', 'VEH')","('WT', 'LCTB92')",99.0,0.005307308239862474,0.0012316144080832647,0.008520014917478114,True,22272,25984
dmn_within,11,"('Dp1Yey', 'VEH')","('Dp1Yey', 'LCTB92')",1.0,-0.009600555896759011,-0.022192676067352285,0.0024332647025585028,False,20416,20416
dmn_within,11,"('Dp1Yey', 'VEH')","('Dp1Yey', 'LCTB92')",5.0,0.008677579462528229,0.0014253178611397742,0.016536395251750942,True,20416,20416
dmn_within,11,"('Dp1Yey', 'VEH')","('Dp1Yey', 'LCTB92')",50.0,0.011042244732379913,0.00822492390871048,0.013897551223635672,True,20416,20416
dmn_within,11,"('Dp1Yey', 'VEH')","('Dp1Yey', 'LCTB92')",95.0,-0.008215077221393585,-0.01134803572203964,-0.0057740158867090954,True,20416,20416
dmn_within,11,"('Dp1Yey', 'VEH')","('Dp1Yey', 'LCTB92')",99.0,-0.014096288965083525,-0.0185641335416583,-0.009121018354781,True,20416,20416
dmn_within,11,"('WT', 'VEH')","('Dp1Yey', 'VEH')",1.0,0.08616531521081927,0.07412230610847473,0.09668132807314393,True,22272,20416
dmn_within,11,"('WT', 'VEH')","('Dp1Yey', 'VEH')",5.0,0.04477865099906919,0.036713633090257644,0.05312356740236282,True,22272,20416
dmn_within,11,"('WT', 'VEH')","('Dp1Yey', 'VEH')",50.0,0.04248075932264328,0.03992374856024981,0.045050243474543096,True,22272,20416
dmn_within,11,"('WT', 'VEH')","('Dp1Yey', 'VEH')",95.0,0.03348059384152291,0.031118754202034544,0.036260647068265844,True,22272,20416
dmn_within,11,"('WT', 'VEH')","('Dp1Yey', 'VEH')",99.0,0.02801393822766851,0.02326230571279306,0.032058031367603955,True,22272,20416
dmn_within,11,"('WT', 'LCTB92')","('Dp1Yey', 'LCTB92')",1.0,-0.0428688043355942,-0.05656470985710622,-0.03326724410057071,True,25984,20416
dmn_within,11,"('WT', 'LCTB92')","('Dp1Yey', 'LCTB92')",5.0,-0.04493883401155474,-0.05243850775063034,-0.037532185390591624,True,25984,20416
dmn_within,11,"('WT', 'LCTB92')","('Dp1Yey', 'LCTB92')",50.0,0.01428203284740448,0.011495822109282017,0.017353000864386556,True,25984,20416
dmn_within,11,"('WT', 'LCTB92')","('Dp1Yey', 'LCTB92')",95.0,0.015786605793982722,0.012948222239501771,0.01858660911908373,True,25984,20416
dmn_within,11,"('WT', 'LCTB92')","('Dp1Yey', 'LCTB92')",99.0,0.008610341022722512,0.005065775153228336,0.012784664465231107,True,25984,20416
dmn_within,12,"('WT', 'VEH')","('WT', 'LCTB92')",1.0,0.1252160269021988,0.11423008516430852,0.13930880747735502,True,22128,25816
dmn_within,12,"('WT', 'VEH')","('WT', 'LCTB92')",5.0,0.09804305732250218,0.09163493286818265,0.10640549905598168,True,22128,25816
dmn_within,12,"('WT', 'VEH')","('WT', 'LCTB92')",50.0,0.042314961552619934,0.03931884095072746,0.04477721899747848,True,22128,25816
dmn_within,12,"('WT', 'VEH')","('WT', 'LCTB92')",95.0,0.012403095979243384,0.009684120772872099,0.01478383947862312,True,22128,25816
dmn_within,12,"('WT', 'VEH')","('WT', 'LCTB92')",99.0,0.0027065844740719047,-0.0010397127596661448,0.006845084893866486,False,22128,25816
dmn_within,12,"('Dp1Yey', 'VEH')","('Dp1Yey', 'LCTB92')",1.0,-0.011457363367080697,-0.022778790012002025,0.002958325654268287,False,20284,20284
dmn_within,12,"('Dp1Yey', 'VEH')","('Dp1Yey', 'LCTB92')",5.0,0.004426424205303259,-0.0033389282599091104,0.012338900230824925,False,20284,20284
dmn_within,12,"('Dp1Yey', 'VEH')","('Dp1Yey', 'LCTB92')",50.0,0.008815936744213104,0.005791460908949375,0.01159487124532461,True,20284,20284
dmn_within,12,"('Dp1Yey', 'VEH')","('Dp1Yey', 'LCTB92')",95.0,-0.009066907316446438,-0.012465693205594968,-0.00616177976131435,True,20284,20284
dmn_within,12,"('Dp1Yey', 'VEH')","('Dp1Yey', 'LCTB92')",99.0,-0.010908670821226485,-0.01577674301550775,-0.006575369613710795,True,20284,20284
dmn_within,12,"('WT', 'VEH')","('Dp1Yey', 'VEH')",1.0,0.08325637578964235,0.07228985875844955,0.09334282788634299,True,22128,20284
dmn_within,12,"('WT', 'VEH')","('Dp1Yey', 'VEH')",5.0,0.0421885088086128,0.034672641381621405,0.049892206974327544,True,22128,20284
dmn_within,12,"('WT', 'VEH')","('Dp1Yey', 'VEH')",50.0,0.04790337383747101,0.0451147960498929,0.050693316757678984,True,22128,20284
dmn_within,12,"('WT', 'VEH')","('Dp1Yey', 'VEH')",95.0,0.03708786824718113,0.034398805473465216,0.03998129585757851,True,22128,20284
dmn_within,12,"('WT', 'VEH')","('Dp1Yey', 'VEH')",99.0,0.028762907730415455,0.025708372684894044,0.03420486344513485,True,22128,20284
dmn_within,12,"('WT', 'LCTB92')","('Dp1Yey', 'LCTB92')",1.0,-0.05341701447963715,-0.06882224781811236,-0.03875863219797616,True,25816,20284
dmn_within,12,"('WT', 'LCTB92')","('Dp1Yey', 'LCTB92')",5.0,-0.05142812430858612,-0.05830285925418138,-0.0443144023045898,True,25816,20284
dmn_within,12,"('WT', 'LCTB92')","('Dp1Yey', 'LCTB92')",50.0,0.014404349029064178,0.011572472751140594,0.017482533864676946,True,25816,20284
dmn_within,12,"('WT', 'LCTB92')","('Dp1Yey', 'LCTB92')",95.0,0.015617864951491311,0.012475764737464487,0.018624159540049926,True,25816,20284
dmn_within,12,"('WT', 'LCTB92')","('Dp1Yey', 'LCTB92')",99.0,0.015147652435117065,0.011449748034065363,0.019581477758940605,True,25816,20284
dmn_within,13,"('WT', 'VEH')","('WT', 'LCTB92')",1.0,0.12215439617633822,0.11103414723277093,0.1359809407889843,True,21984,25648
dmn_within,13,"('WT', 'VEH')","('WT', 'LCTB92')",5.0,0.09985523819923403,0.09281052839010953,0.10763845678418879,True,21984,25648
dmn_within,13,"('WT', 'VEH')","('WT', 'LCTB92')",50.0,0.04624423384666443,0.0435697166249156,0.04910395983606577,True,21984,25648
dmn_within,13,"('WT', 'VEH')","('WT', 'LCTB92')",95.0,0.012888699769973977,0.010029393900185887,0.015661136242561297,True,21984,25648
dmn_within,13,"('WT', 'VEH')","('WT', 'LCTB92')",99.0,0.00237178012903283,-0.0020842623081989585,0.007074775439061061,False,21984,25648
dmn_within,13,"('Dp1Yey', 'VEH')","('Dp1Yey', 'LCTB92')",1.0,-0.006904666423797612,-0.020875090584158897,0.004581973761320072,False,20152,20152
dmn_within,13,"('Dp1Yey', 'VEH')","('Dp1Yey', 'LCTB92')",5.0,0.0014032423496246338,-0.005496366769075392,0.009872774519026293,False,20152,20152
dmn_within,13,"('Dp1Yey', 'VEH')","('Dp1Yey', 'LCTB92')",50.0,0.007842600345611572,0.004769885912537575,0.010740812309086323,True,20152,20152
dmn_within,13,"('Dp1Yey', 'VEH')","('Dp1Yey', 'LCTB92')",95.0,-0.006801961734890893,-0.00995072556659588,-0.0038230688311159627,True,20152,20152
dmn_within,13,"('Dp1Yey', 'VEH')","('Dp1Yey', 'LCTB92')",99.0,-0.011770412698387633,-0.016138020080746822,-0.00695663047209361,True,20152,20152
dmn_within,13,"('WT', 'VEH')","('Dp1Yey', 'VEH')",1.0,0.07696048259735111,0.06574780824780467,0.08962130548059939,True,21984,20152
dmn_within,13,"('WT', 'VEH')","('Dp1Yey', 'VEH')",5.0,0.04258210062980661,0.033519925847649616,0.05069059949368239,True,21984,20152
dmn_within,13,"('WT', 'VEH')","('Dp1Yey', 'VEH')",50.0,0.05064684897661209,0.04783724825829268,0.0536266753450036,True,21984,20152
dmn_within,13,"('WT', 'VEH')","('Dp1Yey', 'VEH')",95.0,0.039613882265984945,0.036804287023842266,0.04204231067094952,True,21984,20152
dmn_within,13,"('WT', 'VEH')","('Dp1Yey', 'VEH')",99.0,0.03348085159668612,0.028536897114564985,0.03811983249569279,True,21984,20152
dmn_within,13,"('WT', 'LCTB92')","('Dp1Yey', 'LCTB92')",1.0,-0.05209858000278472,-0.065872946947813,-0.0411173378229141,True,25648,20152
dmn_within,13,"('WT', 'LCTB92')","('Dp1Yey', 'LCTB92')",5.0,-0.05586989521980279,-0.06211595140397549,-0.049818747937679306,True,25648,20152
dmn_within,13,"('WT', 'LCTB92')","('Dp1Yey', 'LCTB92')",50.0,0.012245215475559235,0.009167449362576009,0.015290482155978677,True,25648,20152
dmn_within,13,"('WT', 'LCTB92')","('Dp1Yey', 'LCTB92')",95.0,0.019923220761120075,0.016431516301818102,0.0230693640839308,True,25648,20152
dmn_within,13,"('WT', 'LCTB92')","('Dp1Yey', 'LCTB92')",99.0,0.01933865876926566,0.014978252790605754,0.023396890720003095,True,25648,20152
dmn_within,14,"('WT', 'VEH')","('WT', 'LCTB92')",1.0,0.11074497222900392,0.10209731660783292,0.12137005552649498,True,21840,25480
dmn_within,14,"('WT', 'VEH')","('WT', 'LCTB92')",5.0,0.10036708116531373,0.0930860062688589,0.10780728928744795,True,21840,25480
dmn_within,14,"('WT', 'VEH')","('WT', 'LCTB92')",50.0,0.04804959148168564,0.04495647959411144,0.05119584836065769,True,21840,25480
dmn_within,14,"('WT', 'VEH')","('WT', 'LCTB92')",95.0,0.011908850818872607,0.00921348087955266,0.014811846334487221,True,21840,25480
dmn_within,14,"('WT', 'VEH')","('WT', 'LCTB92')",99.0,-0.0028370272228493976,-0.0064604175863787056,0.0024602320095293,False,21840,25480
dmn_within,14,"('Dp1Yey', 'VEH')","('Dp1Yey', 'LCTB92')",1.0,-0.004056709408760073,-0.016511428162455558,0.006453413963317871,False,20020,20020
dmn_within,14,"('Dp1Yey', 'VEH')","('Dp1Yey', 'LCTB92')",5.0,0.003101761639118128,-0.003596296757459641,0.010554550588130965,False,20020,20020
dmn_within,14,"('Dp1Yey', 'VEH')","('Dp1Yey', 'LCTB92')",50.0,0.004039287567138672,0.000823107548058033,0.006912592612206935,True,20020,20020
dmn_within,14,"('Dp1Yey', 'VEH')","('Dp1Yey', 'LCTB92')",95.0,-0.00458563640713705,-0.007368822917342033,-0.0011433075834065716,True,20020,20020
dmn_within,14,"('Dp1Yey', 'VEH')","('Dp1Yey', 'LCTB92')",99.0,-0.010218024272471649,-0.014741415969096288,-0.006394373144954443,True,20020,20020
dmn_within,14,"('WT', 'VEH')","('Dp1Yey', 'VEH')",1.0,0.06923471868038178,0.05938995318114762,0.08007396729290488,True,21840,20020
dmn_within,14,"('WT', 'VEH')","('Dp1Yey', 'VEH')",5.0,0.04439200013875966,0.03659674216061824,0.050805711895227396,True,21840,20020
dmn_within,14,"('WT', 'VEH')","('Dp1Yey', 'VEH')",50.0,0.05353911966085434,0.050540287233889106,0.05662510693073273,True,21840,20020
dmn_within,14,"('WT', 'VEH')","('Dp1Yey', 'VEH')",95.0,0.036660044640302814,0.03422374975867565,0.03914103041868652,True,21840,20020
dmn_within,14,"('WT', 'VEH')","('Dp1Yey', 'VEH')",99.0,0.031347415223717645,0.02787048932723708,0.03611329663591522,True,21840,20020
dmn_within,14,"('WT', 'LCTB92')","('Dp1Yey', 'LCTB92')",1.0,-0.04556696295738222,-0.05790852718055248,-0.03627891734242441,True,25480,20020
dmn_within,14,"('WT', 'LCTB92')","('Dp1Yey', 'LCTB92')",5.0,-0.052873319387435946,-0.06043380968272685,-0.04650478936731815,True,25480,20020
dmn_within,14,"('WT', 'LCTB92')","('Dp1Yey', 'LCTB92')",50.0,0.009528815746307373,0.006324589066207409,0.012759323604404925,True,25480,20020
dmn_within,14,"('WT', 'LCTB92')","('Dp1Yey', 'LCTB92')",95.0,0.020165557414293156,0.017068295311182865,0.023839204637333706,True,25480,20020
dmn_within,14,"('WT', 'LCTB92')","('Dp1Yey', 'LCTB92')",99.0,0.023966418174095394,0.019393734208890036,0.028063511309563142,True,25480,20020
dmn_within,15,"('WT', 'VEH')","('WT', 'LCTB92')",1.0,0.11682771325111391,0.10863603939116004,0.12823917031288148,True,21696,25312
dmn_within,15,"('WT', 'VEH')","('WT', 'LCTB92')",5.0,0.09877022951841352,0.09303846843540668,0.10571005389094353,True,21696,25312
dmn_within,15,"('WT', 'VEH')","('WT', 'LCTB92')",50.0,0.04867199808359146,0.04583634175360203,0.051412604004144664,True,21696,25312
dmn_within,15,"('WT', 'VEH')","('WT', 'LCTB92')",95.0,0.0107150290161373,0.007295720861293442,0.013575826887973052,True,21696,25312
dmn_within,15,"('WT', 'VEH')","('WT', 'LCTB92')",99.0,-0.0025790513493119116,-0.006842092438135211,0.0019351170787116837,False,21696,25312
dmn_within,15,"('Dp1Yey', 'VEH')","('Dp1Yey', 'LCTB92')",1.0,-0.003526321053504977,-0.01642598360776901,0.009744389399886123,False,19888,19888
dmn_within,15,"('Dp1Yey', 'VEH')","('Dp1Yey', 'LCTB92')",5.0,0.0013667434453964455,-0.0068126302585005865,0.008275398127734666,False,19888,19888
dmn_within,15,"('Dp1Yey', 'VEH')","('Dp1Yey', 'LCTB92')",50.0,0.003900006413459778,0.000847681611776352,0.007413713634014129,True,19888,19888
dmn_within,15,"('Dp1Yey', 'VEH')","('Dp1Yey', 'LCTB92')",95.0,-0.0033560946583747198,-0.006891023898497287,-0.00016767181456097904,True,19888,19888
dmn_within,15,"('Dp1Yey', 'VEH')","('Dp1Yey', 'LCTB92')",99.0,-0.015183059200645,-0.02021537711098797,-0.010237596745603124,True,19888,19888
dmn_within,15,"('WT', 'VEH')","('Dp1Yey', 'VEH')",1.0,0.06656081318855289,0.05505003347992895,0.07943832191824914,True,21696,19888
dmn_within,15,"('WT', 'VEH')","('Dp1Yey', 'VEH')",5.0,0.04599211215972898,0.03883417673408987,0.05438940644264221,True,21696,19888
dmn_within,15,"('WT', 'VEH')","('Dp1Yey', 'VEH')",50.0,0.054899878799915314,0.05200062282383442,0.05764128305017947,True,21696,19888
dmn_within,15,"('WT', 'VEH')","('Dp1Yey', 'VEH')",95.0,0.03745662085711976,0.03416521767154345,0.0403850523754955,True,21696,19888
dmn_within,15,"('WT', 'VEH')","('Dp1Yey', 'VEH')",99.0,0.03707212464883913,0.032695043484680275,0.04064872438460544,True,21696,19888
dmn_within,15,"('WT', 'LCTB92')","('Dp1Yey', 'LCTB92')",1.0,-0.05379322111606599,-0.06534364157915114,-0.04393324871361254,True,25312,19888
dmn_within,15,"('WT', 'LCTB92')","('Dp1Yey', 'LCTB92')",5.0,-0.051411373913288094,-0.05844538230448959,-0.04545123502612114,True,25312,19888
dmn_within,15,"('WT', 'LCTB92')","('Dp1Yey', 'LCTB92')",50.0,0.01012788712978363,0.007326898723840713,0.013871899247169493,True,25312,19888
dmn_within,15,"('WT', 'LCTB92')","('Dp1Yey', 'LCTB92')",95.0,0.02338549718260774,0.020394267840310933,0.0265645069628957,True,25312,19888
dmn_within,15,"('WT', 'LCTB92')","('Dp1Yey', 'LCTB92')",99.0,0.024468116797506045,0.018678212871774603,0.029204010878223916,True,25312,19888
dmn_within,16,"('WT', 'VEH')","('WT', 'LCTB92')",1.0,0.1254606145620346,0.11537666903436182,0.13352418895065785,True,21552,25144
dmn_within,16,"('WT', 'VEH')","('WT', 'LCTB92')",5.0,0.10133644193410879,0.09445461213588718,0.10883548952639098,True,21552,25144
dmn_within,16,"('WT', 'VEH')","('WT', 'LCTB92')",50.0,0.04925624281167984,0.04632255639880896,0.05235201641917229,True,21552,25144
dmn_within,16,"('WT', 'VEH')","('WT', 'LCTB92')",95.0,0.008911282569170065,0.005784274460747843,0.01214528424665332,True,21552,25144
dmn_within,16,"('WT', 'VEH')","('WT', 'LCTB92')",99.0,-0.0010834732279179082,-0.006128407325129268,0.003607675694860513,False,21552,25144
dmn_within,16,"('Dp1Yey', 'VEH')","('Dp1Yey', 'LCTB92')",1.0,0.0028673559427261353,-0.012485252544283879,0.0156435789912939,False,19756,19756
dmn_within,16,"('Dp1Yey', 'VEH')","('Dp1Yey', 'LCTB92')",5.0,-0.0010866671800613403,-0.009623486921191216,0.0057838849723339065,False,19756,19756
dmn_within,16,"('Dp1Yey', 'VEH')","('Dp1Yey', 'LCTB92')",50.0,0.004837334156036377,0.001701473444700241,0.008122482895851128,True,19756,19756
dmn_within,16,"('Dp1Yey', 'VEH')","('Dp1Yey', 'LCTB92')",95.0,-0.0024178605526685715,-0.005742223747074604,0.0014377684798091645,False,19756,19756
dmn_within,16,"('Dp1Yey', 'VEH')","('Dp1Yey', 'LCTB92')",99.0,-0.014149992540478662,-0.02034074253402625,-0.007770033818669947,True,19756,19756
dmn_within,16,"('WT', 'VEH')","('Dp1Yey', 'VEH')",1.0,0.057622404694557205,0.045475114569067956,0.06882559777796268,True,21552,19756
dmn_within,16,"('WT', 'VEH')","('Dp1Yey', 'VEH')",5.0,0.049957613646984145,0.04414335176348684,0.05837706062942739,True,21552,19756
dmn_within,16,"('WT', 'VEH')","('Dp1Yey', 'VEH')",50.0,0.05725836008787155,0.05413007847964764,0.060485047101974485,True,21552,19756
dmn_within,16,"('WT', 'VEH')","('Dp1Yey', 'VEH')",95.0,0.037512062862515516,0.03422256126999855,0.04017415471374991,True,21552,19756
dmn_within,16,"('WT', 'VEH')","('Dp1Yey', 'VEH')",99.0,0.034175004288554356,0.02873169952584452,0.03922705355985133,True,21552,19756
dmn_within,16,"('WT', 'LCTB92')","('Dp1Yey', 'LCTB92')",1.0,-0.06497085392475127,-0.07895949886739252,-0.05299151134490968,True,25144,19756
dmn_within,16,"('WT', 'LCTB92')","('Dp1Yey', 'LCTB92')",5.0,-0.052465495467185985,-0.058819571435451495,-0.04460954226553438,True,25144,19756
dmn_within,16,"('WT', 'LCTB92')","('Dp1Yey', 'LCTB92')",50.0,0.012839451432228088,0.009985654056072235,0.015863431990146632,True,25144,19756
dmn_within,16,"('WT', 'LCTB92')","('Dp1Yey', 'LCTB92')",95.0,0.02618291974067688,0.022359577966853932,0.0298212148156017,True,25144,19756
dmn_within,16,"('WT', 'LCTB92')","('Dp1Yey', 'LCTB92')",99.0,0.021108484975993602,0.01530129362316785,0.026862830272875674,True,25144,19756
dmn_within,17,"('WT', 'VEH')","('WT', 'LCTB92')",1.0,0.12073436975479124,0.11188309080898762,0.1286445873975754,True,21408,24976
dmn_within,17,"('WT', 'VEH')","('WT', 'LCTB92')",5.0,0.10219464153051372,0.0952836054936051,0.10964244145900016,True,21408,24976
dmn_within,17,"('WT', 'VEH')","('WT', 'LCTB92')",50.0,0.052250564098358154,0.04908396676182747,0.05501833017915487,True,21408,24976
dmn_within,17,"('WT', 'VEH')","('WT', 'LCTB92')",95.0,0.009802821651101135,0.006536861313506831,0.012323136385530188,True,21408,24976
dmn_within,17,"('WT', 'VEH')","('WT', 'LCTB92')",99.0,-0.003203533887862986,-0.007951885900460007,0.002088815915398546,False,21408,24976
dmn_within,17,"('Dp1Yey', 'VEH')","('Dp1Yey', 'LCTB92')",1.0,0.0007026839256286666,-0.012958507910370816,0.021991208270192086,False,19624,19624
dmn_within,17,"('Dp1Yey', 'VEH')","('Dp1Yey', 'LCTB92')",5.0,-0.007263866066932689,-0.013260389640927303,-0.0007983724027872227,True,19624,19624
dmn_within,17,"('Dp1Yey', 'VEH')","('Dp1Yey', 'LCTB92')",50.0,0.004012167453765869,0.0006159555166959762,0.007061470299959179,True,19624,19624
dmn_within,17,"('Dp1Yey', 'VEH')","('Dp1Yey', 'LCTB92')",95.0,-0.005223188921809063,-0.009419366344809532,-0.0009703989606348518,True,19624,19624
dmn_within,17,"('Dp1Yey', 'VEH')","('Dp1Yey', 'LCTB92')",99.0,-0.0108236142247915,-0.015344023891724543,-0.005771789739839787,True,19624,19624
dmn_within,17,"('WT', 'VEH')","('Dp1Yey', 'VEH')",1.0,0.050233623981475795,0.0392801797389984,0.05981234663724895,True,21408,19624
dmn_within,17,"('WT', 'VEH')","('Dp1Yey', 'VEH')",5.0,0.058339925110340085,0.05070170562714334,0.06525324441492555,True,21408,19624
dmn_within,17,"('WT', 'VEH')","('Dp1Yey', 'VEH')",50.0,0.0609896183013916,0.058037486672401425,0.06408528834581374,True,21408,19624
dmn_within,17,"('WT', 'VEH')","('Dp1Yey', 'VEH')",95.0,0.04035438075661668,0.03675310393795397,0.043687435919418934,True,21408,19624
dmn_within,17,"('WT', 'VEH')","('Dp1Yey', 'VEH')",99.0,0.029831346832215888,0.024474440051242517,0.03447400456294413,True,21408,19624
dmn_within,17,"('WT', 'LCTB92')","('Dp1Yey', 'LCTB92')",1.0,-0.06979806184768678,-0.08218497255444526,-0.04965585805475713,True,24976,19624
dmn_within,17,"('WT', 'LCTB92')","('Dp1Yey', 'LCTB92')",5.0,-0.05111858248710632,-0.05825992859899998,-0.044999004974961294,True,24976,19624
dmn_within,17,"('WT', 'LCTB92')","('Dp1Yey', 'LCTB92')",50.0,0.012751221656799316,0.00957179144024849,0.016012423858046528,True,24976,19624
dmn_within,17,"('WT', 'LCTB92')","('Dp1Yey', 'LCTB92')",95.0,0.025328370183706483,0.021349787926301534,0.02949596725404274,True,24976,19624
dmn_within,17,"('WT', 'LCTB92')","('Dp1Yey', 'LCTB92')",99.0,0.022211266495287374,0.0167966516446321,0.026914824634790255,True,24976,19624
dmn_within,18,"('WT', 'VEH')","('WT', 'LCTB92')",1.0,0.11893295764923095,0.11164606964588168,0.1274922416508198,True,21264,24808
dmn_within,18,"('WT', 'VEH')","('WT', 'LCTB92')",5.0,0.10199491977691649,0.0944043480604887,0.10898327633738518,True,21264,24808
dmn_within,18,"('WT', 'VEH')","('WT', 'LCTB92')",50.0,0.05463366210460663,0.0515023548156023,0.057678434625267984,True,21264,24808
dmn_within,18,"('WT', 'VEH')","('WT', 'LCTB92')",95.0,0.007866434380412124,0.0050763593334705315,0.010920173795893792,True,21264,24808
dmn_within,18,"('WT', 'VEH')","('WT', 'LCTB92')",99.0,-0.005132749266922976,-0.010119578262791043,0.0015818870496004634,False,21264,24808
dmn_within,18,"('Dp1Yey', 'VEH')","('Dp1Yey', 'LCTB92')",1.0,0.006385015845298769,-0.01159683604538441,0.027765286400914198,False,19492,19492
dmn_within,18,"('Dp1Yey', 'VEH')","('Dp1Yey', 'LCTB92')",5.0,-0.003408116102218639,-0.00988483652472494,0.003819859698414796,False,19492,19492
dmn_within,18,"('Dp1Yey', 'VEH')","('Dp1Yey', 'LCTB92')",50.0,0.0041424185037612915,0.0009127959609031677,0.0076595783233642575,True,19492,19492
dmn_within,18,"('Dp1Yey', 'VEH')","('Dp1Yey', 'LCTB92')",95.0,-0.01130402125418184,-0.015306649804115249,-0.007246362976729878,True,19492,19492
dmn_within,18,"('Dp1Yey', 'VEH')","('Dp1Yey', 'LCTB92')",99.0,-0.008765443041920618,-0.014217954416759096,-0.004608795516192864,True,19492,19492
dmn_within,18,"('WT', 'VEH')","('Dp1Yey', 'VEH')",1.0,0.04711670577526089,0.037284576684236514,0.056406993389129634,True,21264,19492
dmn_within,18,"('WT', 'VEH')","('Dp1Yey', 'VEH')",5.0,0.0531805574893951,0.04563017118722201,0.060389361307025,True,21264,19492
dmn_within,18,"('WT', 'VEH')","('Dp1Yey', 'VEH')",50.0,0.06169097125530243,0.05867570452392101,0.0652134845033288,True,21264,19492
dmn_within,18,"('WT', 'VEH')","('Dp1Yey', 'VEH')",95.0,0.04642183184623716,0.043438228517770766,0.04959654077887506,True,21264,19492
dmn_within,18,"('WT', 'VEH')","('Dp1Yey', 'VEH')",99.0,0.030489137656986243,0.02585694544948635,0.036100070556625674,True,21264,19492
dmn_within,18,"('WT', 'LCTB92')","('Dp1Yey', 'LCTB92')",1.0,-0.06543123602867129,-0.08361444152891637,-0.04666304975748068,True,24808,19492
dmn_within,18,"('WT', 'LCTB92')","('Dp1Yey', 'LCTB92')",5.0,-0.052222478389740035,-0.05846958555281158,-0.04491617448627951,True,24808,19492
dmn_within,18,"('WT', 'LCTB92')","('Dp1Yey', 'LCTB92')",50.0,0.011199727654457092,0.008267917856574058,0.014626107364892959,True,24808,19492
dmn_within,18,"('WT', 'LCTB92')","('Dp1Yey', 'LCTB92')",95.0,0.027251376211643197,0.023476974042132386,0.03118046564981338,True,24808,19492
dmn_within,18,"('WT', 'LCTB92')","('Dp1Yey', 'LCTB92')",99.0,0.0268564438819886,0.02060994554497298,0.03145259467698638,True,24808,19492
dmn_within,19,"('WT', 'VEH')","('WT', 'LCTB92')",1.0,0.11443954706192017,0.10488679441809652,0.12313129244744775,True,21120,24640
dmn_within,19,"('WT', 'VEH')","('WT', 'LCTB92')",5.0,0.10227659344673157,0.09569518614560363,0.10953661896288398,True,21120,24640
dmn_within,19,"('WT', 'VEH')","('WT', 'LCTB92')",50.0,0.05577057600021362,0.05262112859636545,0.058875780925154685,True,21120,24640
dmn_within,19,"('WT', 'VEH')","('WT', 'LCTB92')",95.0,0.008715051412582442,0.005101542929187544,0.01203231375664481,True,21120,24640
dmn_within,19,"('WT', 'VEH')","('WT', 'LCTB92')",99.0,-0.0036095574125646346,-0.009134680938907246,0.0009619161561130814,False,21120,24640
dmn_within,19,"('Dp1Yey', 'VEH')","('Dp1Yey', 'LCTB92')",1.0,0.007860344052314783,-0.011110638216137862,0.028577300518751136,False,19360,19360
dmn_within,19,"('Dp1Yey', 'VEH')","('Dp1Yey', 'LCTB92')",5.0,-0.0017071008682251199,-0.008544606268405903,0.005126275569200494,False,19360,19360
dmn_within,19,"('Dp1Yey', 'VEH')","('Dp1Yey', 'LCTB92')",50.0,0.0023261457681655884,-0.0010130699723958968,0.005178049951791762,False,19360,19360
dmn_within,19,"('Dp1Yey', 'VEH')","('Dp1Yey', 'LCTB92')",95.0,-0.01419823244214058,-0.018548792619258275,-0.009854508824646493,True,19360,19360
dmn_within,19,"('Dp1Yey', 'VEH')","('Dp1Yey', 'LCTB92')",99.0,-0.01115337118506421,-0.015939099121838746,-0.0070778443235903375,True,19360,19360
dmn_within,19,"('WT', 'VEH')","('Dp1Yey', 'VEH')",1.0,0.04401065647602076,0.033391368791460985,0.05284656935930252,True,21120,19360
dmn_within,19,"('WT', 'VEH')","('Dp1Yey', 'VEH')",5.0,0.05133251249790194,0.04422802731394767,0.058442653156816946,True,21120,19360
dmn_within,19,"('WT', 'VEH')","('Dp1Yey', 'VEH')",50.0,0.06396210193634033,0.061002154089510444,0.06735335178673267,True,21120,19360
dmn_within,19,"('WT', 'VEH')","('Dp1Yey', 'VEH')",95.0,0.048996584862470605,0.04542668571695685,0.05283009652979674,True,21120,19360
dmn_within,19,"('WT', 'VEH')","('Dp1Yey', 'VEH')",99.0,0.036295751146972255,0.031312827854417295,0.039983351520262785,True,21120,19360
dmn_within,19,"('WT', 'LCTB92')","('Dp1Yey', 'LCTB92')",1.0,-0.06256854653358462,-0.08139197474718096,-0.0426418088823557,True,24640,19360
dmn_within,19,"('WT', 'LCTB92')","('Dp1Yey', 'LCTB92')",5.0,-0.05265118181705475,-0.059978370293974875,-0.04670497827231885,True,24640,19360
dmn_within,19,"('WT', 'LCTB92')","('Dp1Yey', 'LCTB92')",50.0,0.010517671704292297,0.007316232472658157,0.013741013780236244,True,24640,19360
dmn_within,19,"('WT', 'LCTB92')","('Dp1Yey', 'LCTB92')",95.0,0.026083301007747584,0.022261540191248038,0.030613596308976327,True,24640,19360
dmn_within,19,"('WT', 'LCTB92')","('Dp1Yey', 'LCTB92')",99.0,0.02875193737447268,0.02290340618323535,0.033481901340186755,True,24640,19360
dmn_within,20,"('WT', 'VEH')","('WT', 'LCTB92')",1.0,0.11087630391120912,0.10236652192473414,0.12055691750347612,True,20976,24472
dmn_within,20,"('WT', 'VEH')","('WT', 'LCTB92')",5.0,0.10639982521533964,0.09863873459398749,0.11532977908849716,True,20976,24472
dmn_within,20,"('WT', 'VEH')","('WT', 'LCTB92')",50.0,0.057548731565475464,0.05437093824148178,0.06082074418663978,True,20976,24472
dmn_within,20,"('WT', 'VEH')","('WT', 'LCTB92')",95.0,0.012527794763445788,0.009066913509741426,0.016656308062374614,True,20976,24472
dmn_within,20,"('WT', 'VEH')","('WT', 'LCTB92')",99.0,-0.0044418106973171945,-0.008033053200691994,0.0019630129262802627,False,20976,24472
dmn_within,20,"('Dp1Yey', 'VEH')","('Dp1Yey', 'LCTB92')",1.0,0.009558716416358914,-0.0031078905910253527,0.024121312335133562,False,19228,19228
dmn_within,20,"('Dp1Yey', 'VEH')","('Dp1Yey', 'LCTB92')",5.0,0.004550111293792736,-0.001638073399662983,0.009662559330463408,False,19228,19228
dmn_within,20,"('Dp1Yey', 'VEH')","('Dp1Yey', 'LCTB92')",50.0,0.0019055604934692383,-0.001086171716451645,0.004633216559886928,False,19228,19228
dmn_within,20,"('Dp1Yey', 'VEH')","('Dp1Yey', 'LCTB92')",95.0,-0.017901668697595574,-0.022044589407742017,-0.013768229465931512,True,19228,19228
dmn_within,20,"('Dp1Yey', 'VEH')","('Dp1Yey', 'LCTB92')",99.0,-0.015028049573302282,-0.020792454438283797,-0.008971828471869102,True,19228,19228
dmn_within,20,"('WT', 'VEH')","('Dp1Yey', 'VEH')",1.0,0.038087774515151995,0.029238970100879676,0.047811212956905366,True,20976,19228
dmn_within,20,"('WT', 'VEH')","('Dp1Yey', 'VEH')",5.0,0.04986019432544708,0.043472468852996826,0.05634854920208454,True,20976,19228
dmn_within,20,"('WT', 'VEH')","('Dp1Yey', 'VEH')",50.0,0.06611847877502441,0.06325452215969563,0.06893499791622162,True,20976,19228
dmn_within,20,"('WT', 'VEH')","('Dp1Yey', 'VEH')",95.0,0.05252806432545187,0.04928731108084321,0.05608653252944368,True,20976,19228
dmn_within,20,"('WT', 'VEH')","('Dp1Yey', 'VEH')",99.0,0.039279614202678226,0.03440390390157699,0.045545450727455424,True,20976,19228
dmn_within,20,"('WT', 'LCTB92')","('Dp1Yey', 'LCTB92')",1.0,-0.06322981297969821,-0.07507126143574715,-0.04958251500129706,True,24472,19228
dmn_within,20,"('WT', 'LCTB92')","('Dp1Yey', 'LCTB92')",5.0,-0.05198951959609982,-0.060287763252854336,-0.04529224410653112,True,24472,19228
dmn_within,20,"('WT', 'LCTB92')","('Dp1Yey', 'LCTB92')",50.0,0.010475307703018188,0.007019049301743507,0.013682376220822334,True,24472,19228
dmn_within,20,"('WT', 'LCTB92')","('Dp1Yey', 'LCTB92')",95.0,0.02209860086441051,0.017546882042661336,0.02627726030535998,True,24472,19228
dmn_within,20,"('WT', 'LCTB92')","('Dp1Yey', 'LCTB92')",99.0,0.028693375326693138,0.023471979785710573,0.03358082434255632,True,24472,19228
dmn_within,21,"('WT', 'VEH')","('WT', 'LCTB92')",1.0,0.10821847081184388,0.09945948395133017,0.11990605619549753,True,20832,24304
dmn_within,21,"('WT', 'VEH')","('WT', 'LCTB92')",5.0,0.11211712360382081,0.1033973964303732,0.11933786667883398,True,20832,24304
dmn_within,21,"('WT', 'VEH')","('WT', 'LCTB92')",50.0,0.059381887316703796,0.05632007084786892,0.06279640421271324,True,20832,24304
dmn_within,21,"('WT', 'VEH')","('WT', 'LCTB92')",95.0,0.016958157718181766,0.013240291960537434,0.020467452732846204,True,20832,24304
dmn_within,21,"('WT', 'VEH')","('WT', 'LCTB92')",99.0,0.0031885259225963303,-0.0014756368631500289,0.007557593153789343,False,20832,24304
dmn_within,21,"('Dp1Yey', 'VEH')","('Dp1Yey', 'LCTB92')",1.0,-0.0005659639835357555,-0.01161621630191803,0.012262661010026982,False,19096,19096
dmn_within,21,"('Dp1Yey', 'VEH')","('Dp1Yey', 'LCTB92')",5.0,0.007242769002914429,0.0021890785545110704,0.011793567985296249,True,19096,19096
dmn_within,21,"('Dp1Yey', 'VEH')","('Dp1Yey', 'LCTB92')",50.0,0.0039186030626297,0.0008671011775732041,0.0071136116981506325,True,19096,19096
dmn_within,21,"('Dp1Yey', 'VEH')","('Dp1Yey', 'LCTB92')",95.0,-0.021764196455478668,-0.02608461519703269,-0.018037874531000857,True,19096,19096
dmn_within,21,"('Dp1Yey', 'VEH')","('Dp1Yey', 'LCTB92')",99.0,-0.020814482122659905,-0.027111112000420844,-0.015595033746212687,True,19096,19096
dmn_within,21,"('WT', 'VEH')","('Dp1Yey', 'VEH')",1.0,0.03630505383014676,0.02335421757400036,0.04820352123677729,True,20832,19096
dmn_within,21,"('WT', 'VEH')","('Dp1Yey', 'VEH')",5.0,0.049124228954315174,0.04151689112186432,0.05545558877289295,True,20832,19096
dmn_within,21,"('WT', 'VEH')","('Dp1Yey', 'VEH')",50.0,0.06695404648780823,0.06377034485340119,0.06982591710984706,True,20832,19096
dmn_within,21,"('WT', 'VEH')","('Dp1Yey', 'VEH')",95.0,0.05609442740678783,0.053069430543109794,0.05995756202377383,True,20832,19096
dmn_within,21,"('WT', 'VEH')","('Dp1Yey', 'VEH')",99.0,0.050799463726580285,0.0453768772678443,0.05596755246724906,True,20832,19096
dmn_within,21,"('WT', 'LCTB92')","('Dp1Yey', 'LCTB92')",1.0,-0.07247938096523288,-0.0823383907675743,-0.0627866804599762,True,24304,19096
dmn_within,21,"('WT', 'LCTB92')","('Dp1Yey', 'LCTB92')",5.0,-0.05575012564659121,-0.061911142319440844,-0.04914011746644974,True,24304,19096
dmn_within,21,"('WT', 'LCTB92')","('Dp1Yey', 'LCTB92')",50.0,0.01149076223373413,0.007865993678569794,0.014748435467481613,True,24304,19096
dmn_within,21,"('WT', 'LCTB92')","('Dp1Yey', 'LCTB92')",95.0,0.017372073233127394,0.013206128235906297,0.02198282377794372,True,24304,19096
dmn_within,21,"('WT', 'LCTB92')","('Dp1Yey', 'LCTB92')",99.0,0.02679645568132405,0.020672310225665853,0.031483528167009375,True,24304,19096
dmn_within,22,"('WT', 'VEH')","('WT', 'LCTB92')",1.0,0.10791766524314877,0.09929213652014733,0.11704260979592798,True,20688,24136
dmn_within,22,"('WT', 'VEH')","('WT', 'LCTB92')",5.0,0.11462385654449464,0.10831847891211509,0.12252318061888216,True,20688,24136
dmn_within,22,"('WT', 'VEH')","('WT', 'LCTB92')",50.0,0.06100985407829285,0.05739179216325283,0.06399724744260311,True,20688,24136
dmn_within,22,"('WT', 'VEH')","('WT', 'LCTB92')",95.0,0.020845499262213574,0.016927644051611422,0.024170313803479105,True,20688,24136
dmn_within,22,"('WT', 'VEH')","('WT', 'LCTB92')",99.0,0.004696013107895802,0.00047742195241139986,0.010412882454693236,True,20688,24136
dmn_within,22,"('Dp1Yey', 'VEH')","('Dp1Yey', 'LCTB92')",1.0,-0.006259766817092893,-0.014559658810496347,0.004618071019649495,False,18964,18964
dmn_within,22,"('Dp1Yey', 'VEH')","('Dp1Yey', 'LCTB92')",5.0,0.009884151816368092,0.0037386550009250647,0.015507154613733263,True,18964,18964
dmn_within,22,"('Dp1Yey', 'VEH')","('Dp1Yey', 'LCTB92')",50.0,0.003269106149673462,-4.120171070098876e-05,0.0065710164606571165,False,18964,18964
dmn_within,22,"('Dp1Yey', 'VEH')","('Dp1Yey', 'LCTB92')",95.0,-0.022894368320703462,-0.02703877875581386,-0.019218226503580443,True,18964,18964
dmn_within,22,"('Dp1Yey', 'VEH')","('Dp1Yey', 'LCTB92')",99.0,-0.025951268896460267,-0.030416450500488395,-0.019911534197628512,True,18964,18964
dmn_within,22,"('WT', 'VEH')","('Dp1Yey', 'VEH')",1.0,0.03322428047657011,0.022162309497594835,0.0425169312506914,True,20688,18964
dmn_within,22,"('WT', 'VEH')","('Dp1Yey', 'VEH')",5.0,0.045554795861244224,0.038770844861865,0.052722026407718656,True,20688,18964
dmn_within,22,"('WT', 'VEH')","('Dp1Yey', 'VEH')",50.0,0.06783579289913177,0.06454300172626973,0.07093902826309204,True,20688,18964
dmn_within,22,"('WT', 'VEH')","('Dp1Yey', 'VEH')",95.0,0.060888839140534334,0.057675747787579876,0.06448296022601419,True,20688,18964
dmn_within,22,"('WT', 'VEH')","('Dp1Yey', 'VEH')",99.0,0.059473179802298604,0.054141314884648024,0.06407540227565922,True,20688,18964
dmn_within,22,"('WT', 'LCTB92')","('Dp1Yey', 'LCTB92')",1.0,-0.08095315158367156,-0.08884595160186289,-0.07277535666525366,True,24136,18964
dmn_within,22,"('WT', 'LCTB92')","('Dp1Yey', 'LCTB92')",5.0,-0.059184908866882324,-0.06604708030819897,-0.05398761548101902,True,24136,18964
dmn_within,22,"('WT', 'LCTB92')","('Dp1Yey', 'LCTB92')",50.0,0.01009504497051239,0.006861165538430214,0.013639412447810167,True,24136,18964
dmn_within,22,"('WT', 'LCTB92')","('Dp1Yey', 'LCTB92')",95.0,0.0171489715576173,0.013304091598838632,0.02147775352001188,True,24136,18964
dmn_within,22,"('WT', 'LCTB92')","('Dp1Yey', 'LCTB92')",99.0,0.028825897797942535,0.02366506521403789,0.03385924725607144,True,24136,18964
dmn_within,23,"('WT', 'VEH')","('WT', 'LCTB92')",1.0,0.09854345321655272,0.09044751395285128,0.10727021461725234,True,20544,23968
dmn_within,23,"('WT', 'VEH')","('WT', 'LCTB92')",5.0,0.11558640003204346,0.10924772597849368,0.12164193436503415,True,20544,23968
dmn_within,23,"('WT', 'VEH')","('WT', 'LCTB92')",50.0,0.06011424958705902,0.05677498281002045,0.06330734230577946,True,20544,23968
dmn_within,23,"('WT', 'VEH')","('WT', 'LCTB92')",95.0,0.023661619797349265,0.020188338216394285,0.026825934872031207,True,20544,23968
dmn_within,23,"('WT', 'VEH')","('WT', 'LCTB92')",99.0,0.00902273744344717,0.005504355896264837,0.014019792055711147,True,20544,23968
dmn_within,23,"('Dp1Yey', 'VEH')","('Dp1Yey', 'LCTB92')",1.0,-0.006282396316528327,-0.01706640960276129,0.0037043218016624426,False,18832,18832
dmn_within,23,"('Dp1Yey', 'VEH')","('Dp1Yey', 'LCTB92')",5.0,0.013915503025054954,0.008260255828499805,0.017918549701571453,True,18832,18832
dmn_within,23,"('Dp1Yey', 'VEH')","('Dp1Yey', 'LCTB92')",50.0,0.0018695443868637085,-0.001387123018503189,0.004820243269205093,False,18832,18832
dmn_within,23,"('Dp1Yey', 'VEH')","('Dp1Yey', 'LCTB92')",95.0,-0.02475239858031264,-0.029595237039029595,-0.021043274234980303,True,18832,18832
dmn_within,23,"('Dp1Yey', 'VEH')","('Dp1Yey', 'LCTB92')",99.0,-0.02316941708326381,-0.03008626868389512,-0.017681555293500413,True,18832,18832
dmn_within,23,"('WT', 'VEH')","('Dp1Yey', 'VEH')",1.0,0.02247230231761932,0.012513872981071473,0.03411840859055519,True,20544,18832
dmn_within,23,"('WT', 'VEH')","('Dp1Yey', 'VEH')",5.0,0.03960531949996948,0.03465619765222075,0.045884612873196624,True,20544,18832
dmn_within,23,"('WT', 'VEH')","('Dp1Yey', 'VEH')",50.0,0.06888386607170105,0.06566340140998364,0.0720137994736433,True,20544,18832
dmn_within,23,"('WT', 'VEH')","('Dp1Yey', 'VEH')",95.0,0.06861148290336128,0.06561304416507467,0.07228102922439573,True,20544,18832
dmn_within,23,"('WT', 'VEH')","('Dp1Yey', 'VEH')",99.0,0.06346187874674836,0.0592266061808913,0.07077741206437352,True,20544,18832
dmn_within,23,"('WT', 'LCTB92')","('Dp1Yey', 'LCTB92')",1.0,-0.08235354721546173,-0.0900833703279495,-0.07477876517176632,True,23968,18832
dmn_within,23,"('WT', 'LCTB92')","('Dp1Yey', 'LCTB92')",5.0,-0.06206557750701902,-0.06727562822401525,-0.05679216146469116,True,23968,18832
dmn_within,23,"('WT', 'LCTB92')","('Dp1Yey', 'LCTB92')",50.0,0.010639160871505737,0.007328304275870323,0.013865794613957403,True,23968,18832
dmn_within,23,"('WT', 'LCTB92')","('Dp1Yey', 'LCTB92')",95.0,0.02019746452569937,0.015524641815572582,0.02420470617711545,True,23968,18832
dmn_within,23,"('WT', 'LCTB92')","('Dp1Yey', 'LCTB92')",99.0,0.031269724220037376,0.02645540857687592,0.036366445038467574,True,23968,18832
dmn_within,24,"('WT', 'VEH')","('WT', 'LCTB92')",1.0,0.09116278231143954,0.08415385925769807,0.10131970725953578,True,20400,23800
dmn_within,24,"('WT', 'VEH')","('WT', 'LCTB92')",5.0,0.11194351017475124,0.10471090540289879,0.11905732177197934,True,20400,23800
dmn_within,24,"('WT', 'VEH')","('WT', 'LCTB92')",50.0,0.05941678583621979,0.05597636252641678,0.06256155893206597,True,20400,23800
dmn_within,24,"('WT', 'VEH')","('WT', 'LCTB92')",95.0,0.026959660649299555,0.02290836175903682,0.030985561143606916,True,20400,23800
dmn_within,24,"('WT', 'VEH')","('WT', 'LCTB92')",99.0,0.013860495984554078,0.008757795145734503,0.019901783876120994,True,20400,23800
dmn_within,24,"('Dp1Yey', 'VEH')","('Dp1Yey', 'LCTB92')",1.0,-0.011213220953941339,-0.019893704786896664,-0.003322822570800812,True,18700,18700
dmn_within,24,"('Dp1Yey', 'VEH')","('Dp1Yey', 'LCTB92')",5.0,0.01610743999481201,0.010795644521713247,0.021149320602417015,True,18700,18700
dmn_within,24,"('Dp1Yey', 'VEH')","('Dp1Yey', 'LCTB92')",50.0,0.0022297799587249756,-0.0013810575008392334,0.005025292932987212,False,18700,18700
dmn_within,24,"('Dp1Yey', 'VEH')","('Dp1Yey', 'LCTB92')",95.0,-0.02809137031435971,-0.032116423789411805,-0.024278143551200757,True,18700,18700
dmn_within,24,"('Dp1Yey', 'VEH')","('Dp1Yey', 'LCTB92')",99.0,-0.021892099156976208,-0.027031463338063482,-0.014375134356319812,True,18700,18700
dmn_within,24,"('WT', 'VEH')","('Dp1Yey', 'VEH')",1.0,0.013848591446876557,0.005870572969317435,0.02426095923781394,True,20400,18700
dmn_within,24,"('WT', 'VEH')","('Dp1Yey', 'VEH')",5.0,0.03446419537067413,0.02765348181128502,0.04090337365865709,True,20400,18700
dmn_within,24,"('WT', 'VEH')","('Dp1Yey', 'VEH')",50.0,0.06924283504486084,0.06609167382121087,0.07256396077573299,True,20400,18700
dmn_within,24,"('WT', 'VEH')","('Dp1Yey', 'VEH')",95.0,0.078060831874609,0.07422793259844183,0.0822371093649417,True,20400,18700
dmn_within,24,"('WT', 'VEH')","('Dp1Yey', 'VEH')",99.0,0.0723281899839644,0.06445711244083874,0.07784988152235794,True,20400,18700
dmn_within,24,"('WT', 'LCTB92')","('Dp1Yey', 'LCTB92')",1.0,-0.08852741181850432,-0.09666768956184384,-0.08151055005192757,True,23800,18700
dmn_within,24,"('WT', 'LCTB92')","('Dp1Yey', 'LCTB92')",5.0,-0.06137187480926509,-0.06746539786458014,-0.055267496034502955,True,23800,18700
dmn_within,24,"('WT', 'LCTB92')","('Dp1Yey', 'LCTB92')",50.0,0.012055829167366028,0.008887642994523048,0.015394112467765807,True,23800,18700
dmn_within,24,"('WT', 'LCTB92')","('Dp1Yey', 'LCTB92')",95.0,0.02300980091094973,0.01909964440390472,0.02720812648534774,True,23800,18700
dmn_within,24,"('WT', 'LCTB92')","('Dp1Yey', 'LCTB92')",99.0,0.03657559484243411,0.03058338277041912,0.04137639775313415,True,23800,18700
dmn_within,25,"('WT', 'VEH')","('WT', 'LCTB92')",1.0,0.09390695452690123,0.08677766713500024,0.10073800630867481,True,20256,23632
dmn_within,25,"('WT', 'VEH')","('WT', 'LCTB92')",5.0,0.10563979446887972,0.09932197444140911,0.11192209906876087,True,20256,23632
dmn_within,25,"('WT', 'VEH')","('WT', 'LCTB92')",50.0,0.0595005601644516,0.05578282102942467,0.06255896799266339,True,20256,23632
dmn_within,25,"('WT', 'VEH')","('WT', 'LCTB92')",95.0,0.03054069280624383,0.026806277669966107,0.033881922625005244,True,20256,23632
dmn_within,25,"('WT', 'VEH')","('WT', 'LCTB92')",99.0,0.01864067964255911,0.011959891976789195,0.023069070408120902,True,20256,23632
dmn_within,25,"('Dp1Yey', 'VEH')","('Dp1Yey', 'LCTB92')",1.0,-0.008014396429061932,-0.014007748395204545,-0.001193465143442137,True,18568,18568
dmn_within,25,"('Dp1Yey', 'VEH')","('Dp1Yey', 'LCTB92')",5.0,0.015518921613693282,0.010263735502958277,0.02067017495632169,True,18568,18568
dmn_within,25,"('Dp1Yey', 'VEH')","('Dp1Yey', 'LCTB92')",50.0,0.003006547689437866,-0.0006551750004291534,0.005785613879561424,False,18568,18568
dmn_within,25,"('Dp1Yey', 'VEH')","('Dp1Yey', 'LCTB92')",95.0,-0.03154594674706468,-0.03466948674991727,-0.028262980580329826,True,18568,18568
dmn_within,25,"('Dp1Yey', 'VEH')","('Dp1Yey', 'LCTB92')",99.0,-0.025264085531234826,-0.029677668854593976,-0.01944447297602892,True,18568,18568
dmn_within,25,"('WT', 'VEH')","('Dp1Yey', 'VEH')",1.0,0.003938667178153998,-0.0034115189313888724,0.01049086691439153,False,20256,18568
dmn_within,25,"('WT', 'VEH')","('Dp1Yey', 'VEH')",5.0,0.028319856524467446,0.022587625682353972,0.03420574486255645,True,20256,18568
dmn_within,25,"('WT', 'VEH')","('Dp1Yey', 'VEH')",50.0,0.06953012943267822,0.06616193465888501,0.0729920070618391,True,20256,18568
dmn_within,25,"('WT', 'VEH')","('Dp1Yey', 'VEH')",95.0,0.08538168594241158,0.08191792473197003,0.08826877942308783,True,20256,18568
dmn_within,25,"('WT', 'VEH')","('Dp1Yey', 'VEH')",99.0,0.07956962518394028,0.07342984414286913,0.08452501268684877,True,20256,18568
dmn_within,25,"('WT', 'LCTB92')","('Dp1Yey', 'LCTB92')",1.0,-0.09798268377780917,-0.10435288162529467,-0.09127179035544397,True,23632,18568
dmn_within,25,"('WT', 'LCTB92')","('Dp1Yey', 'LCTB92')",5.0,-0.061801016330718994,-0.06741166114807129,-0.05578318923711773,True,23632,18568
dmn_within,25,"('WT', 'LCTB92')","('Dp1Yey', 'LCTB92')",50.0,0.01303611695766449,0.00979091264307499,0.015888087451457977,True,23632,18568
dmn_within,25,"('WT', 'LCTB92')","('Dp1Yey', 'LCTB92')",95.0,0.02329504638910307,0.019870951361954343,0.026718389671296056,True,23632,18568
dmn_within,25,"('WT', 'LCTB92')","('Dp1Yey', 'LCTB92')",99.0,0.03566486001014635,0.03134696624241758,0.041575223011896124,True,23632,18568
dmn_within,26,"('WT', 'VEH')","('WT', 'LCTB92')",1.0,0.10160807907581332,0.09486961646378039,0.1093651128560305,True,20112,23464
dmn_within,26,"('WT', 'VEH')","('WT', 'LCTB92')",5.0,0.09762367606163025,0.08965214170515536,0.10522472493350507,True,20112,23464
dmn_within,26,"('WT', 'VEH')","('WT', 'LCTB92')",50.0,0.05876137316226959,0.055737144127488134,0.06229285635054111,True,20112,23464
dmn_within,26,"('WT', 'VEH')","('WT', 'LCTB92')",95.0,0.035087062418460935,0.03170041466131809,0.03867306767031578,True,20112,23464
dmn_within,26,"('WT', 'VEH')","('WT', 'LCTB92')",99.0,0.024341603741049767,0.019258430806920218,0.030384895727039028,True,20112,23464
dmn_within,26,"('Dp1Yey', 'VEH')","('Dp1Yey', 'LCTB92')",1.0,-0.005309313535690308,-0.010660201981663692,0.0011275703459977884,False,18436,18436
dmn_within,26,"('Dp1Yey', 'VEH')","('Dp1Yey', 'LCTB92')",5.0,0.013641208410263062,0.007609162479639053,0.019658455252647398,True,18436,18436
dmn_within,26,"('Dp1Yey', 'VEH')","('Dp1Yey', 'LCTB92')",50.0,0.002365291118621826,-0.00024897828698158266,0.005666126683354377,False,18436,18436
dmn_within,26,"('Dp1Yey', 'VEH')","('Dp1Yey', 'LCTB92')",95.0,-0.03199867904186249,-0.03543901452794671,-0.02857718020677567,True,18436,18436
dmn_within,26,"('Dp1Yey', 'VEH')","('Dp1Yey', 'LCTB92')",99.0,-0.03285040780901871,-0.038360407222062076,-0.025058801732957627,True,18436,18436
dmn_within,26,"('WT', 'VEH')","('Dp1Yey', 'VEH')",1.0,0.0029694330692291437,-0.005498386740684533,0.011453253939747816,False,20112,18436
dmn_within,26,"('WT', 'VEH')","('Dp1Yey', 'VEH')",5.0,0.023600757122039795,0.016192254424095155,0.03066050931811329,True,20112,18436
dmn_within,26,"('WT', 'VEH')","('Dp1Yey', 'VEH')",50.0,0.07098229229450226,0.06802835464477539,0.07441159375011921,True,20112,18436
dmn_within,26,"('WT', 'VEH')","('Dp1Yey', 'VEH')",95.0,0.08756892159581187,0.08464482799172401,0.09090189529582861,True,20112,18436
dmn_within,26,"('WT', 'VEH')","('Dp1Yey', 'VEH')",99.0,0.09225710891187133,0.08399560650251714,0.09796717228740445,True,20112,18436
dmn_within,26,"('WT', 'LCTB92')","('Dp1Yey', 'LCTB92')",1.0,-0.10394795954227448,-0.1076344952583313,-0.09930152541399004,True,23464,18436
dmn_within,26,"('WT', 'LCTB92')","('Dp1Yey', 'LCTB92')",5.0,-0.06038171052932739,-0.0668686579167843,-0.05362114466726783,True,23464,18436
dmn_within,26,"('WT', 'LCTB92')","('Dp1Yey', 'LCTB92')",50.0,0.014586210250854492,0.011380558833479881,0.017952571436762807,True,23464,18436
dmn_within,26,"('WT', 'LCTB92')","('Dp1Yey', 'LCTB92')",95.0,0.020483180135488444,0.017103857398033166,0.02447807736694804,True,23464,18436
dmn_within,26,"('WT', 'LCTB92')","('Dp1Yey', 'LCTB92')",99.0,0.035065097361802855,0.028872712671756128,0.040936553437262366,True,23464,18436
dmn_within,27,"('WT', 'VEH')","('WT', 'LCTB92')",1.0,0.10639636158943178,0.09937803031504154,0.11499540108442305,True,19968,23296
dmn_within,27,"('WT', 'VEH')","('WT', 'LCTB92')",5.0,0.09336922466754916,0.08543039865791799,0.10062863029539584,True,19968,23296
dmn_within,27,"('WT', 'VEH')","('WT', 'LCTB92')",50.0,0.05895276367664337,0.05539209321141243,0.06244339384138583,True,19968,23296
dmn_within,27,"('WT', 'VEH')","('WT', 'LCTB92')",95.0,0.037122866511344776,0.03374655060470104,0.04131356155499803,True,19968,23296
dmn_within,27,"('WT', 'VEH')","('WT', 'LCTB92')",99.0,0.03779975786805145,0.028408720990642778,0.04368050083517999,True,19968,23296
dmn_within,27,"('Dp1Yey', 'VEH')","('Dp1Yey', 'LCTB92')",1.0,-0.0004508757591247248,-0.007773036226630181,0.0053809138089418425,False,18304,18304
dmn_within,27,"('Dp1Yey', 'VEH')","('Dp1Yey', 'LCTB92')",5.0,0.014231485128402666,0.009344146922230743,0.019577887728810313,True,18304,18304
dmn_within,27,"('Dp1Yey', 'VEH')","('Dp1Yey', 'LCTB92')",50.0,0.0036839842796325684,0.0007364407181739807,0.006585339829325675,True,18304,18304
dmn_within,27,"('Dp1Yey', 'VEH')","('Dp1Yey', 'LCTB92')",95.0,-0.02992263212800017,-0.033798247352242364,-0.025876279752701584,True,18304,18304
dmn_within,27,"('Dp1Yey', 'VEH')","('Dp1Yey', 'LCTB92')",99.0,-0.03845598980784448,-0.043283919736743004,-0.03265936966612823,True,18304,18304
dmn_within,27,"('WT', 'VEH')","('Dp1Yey', 'VEH')",1.0,0.001917904019355765,-0.0052603561133146275,0.012076056852936747,False,19968,18304
dmn_within,27,"('WT', 'VEH')","('Dp1Yey', 'VEH')",5.0,0.01838854551315311,0.010976739153265974,0.02514060877263545,True,19968,18304
dmn_within,27,"('WT', 'VEH')","('Dp1Yey', 'VEH')",50.0,0.07158645987510681,0.06831637397408485,0.074558050557971,True,19968,18304
dmn_within,27,"('WT', 'VEH')","('Dp1Yey', 'VEH')",95.0,0.08815564364194861,0.08464395260438311,0.09216619139537229,True,19968,18304
dmn_within,27,"('WT', 'VEH')","('Dp1Yey', 'VEH')",99.0,0.10481089189648607,0.09842029772698879,0.10967529137618827,True,19968,18304
dmn_within,27,"('WT', 'LCTB92')","('Dp1Yey', 'LCTB92')",1.0,-0.10492933332920074,-0.10929227648675442,-0.0998391832411289,True,23296,18304
dmn_within,27,"('WT', 'LCTB92')","('Dp1Yey', 'LCTB92')",5.0,-0.06074919402599338,-0.066149977222085,-0.054222373738884944,True,23296,18304
dmn_within,27,"('WT', 'LCTB92')","('Dp1Yey', 'LCTB92')",50.0,0.01631768047809601,0.012897302955389022,0.01935281045734882,True,23296,18304
dmn_within,27,"('WT', 'LCTB92')","('Dp1Yey', 'LCTB92')",95.0,0.021110145002603664,0.01742827143520119,0.02465964756906056,True,23296,18304
dmn_within,27,"('WT', 'LCTB92')","('Dp1Yey', 'LCTB92')",99.0,0.028555144220590134,0.02252260951139018,0.03783211880177174,True,23296,18304
dmn_within,28,"('WT', 'VEH')","('WT', 'LCTB92')",1.0,0.10943852186203001,0.1019417192488909,0.11686796794831752,True,19824,23128
dmn_within,28,"('WT', 'VEH')","('WT', 'LCTB92')",5.0,0.09306104779243468,0.08509052790701387,0.10332741923630243,True,19824,23128
dmn_within,28,"('WT', 'VEH')","('WT', 'LCTB92')",50.0,0.05869866907596588,0.055449847131967545,0.06201265975832939,True,19824,23128
dmn_within,28,"('WT', 'VEH')","('WT', 'LCTB92')",95.0,0.04144374802708628,0.03740577867254606,0.045295111350715234,True,19824,23128
dmn_within,28,"('WT', 'VEH')","('WT', 'LCTB92')",99.0,0.04765827946364909,0.04094511118158699,0.053502953059971374,True,19824,23128
dmn_within,28,"('Dp1Yey', 'VEH')","('Dp1Yey', 'LCTB92')",1.0,0.0021799302101135343,-0.00236406742036345,0.008149231076240493,False,18172,18172
dmn_within,28,"('Dp1Yey', 'VEH')","('Dp1Yey', 'LCTB92')",5.0,0.016729116439819336,0.011876585260033597,0.022340200766921087,True,18172,18172
dmn_within,28,"('Dp1Yey', 'VEH')","('Dp1Yey', 'LCTB92')",50.0,0.00415976345539093,0.001454760506749153,0.006776686385273933,True,18172,18172
dmn_within,28,"('Dp1Yey', 'VEH')","('Dp1Yey', 'LCTB92')",95.0,-0.02900550663471224,-0.03314736181870101,-0.0250537071749568,True,18172,18172
dmn_within,28,"('Dp1Yey', 'VEH')","('Dp1Yey', 'LCTB92')",99.0,-0.03896235033869755,-0.04453984523937119,-0.03254942785948534,True,18172,18172
dmn_within,28,"('WT', 'VEH')","('Dp1Yey', 'VEH')",1.0,-0.00019914388656616655,-0.00890318588912484,0.0072073300331830775,False,19824,18172
dmn_within,28,"('WT', 'VEH')","('Dp1Yey', 'VEH')",5.0,0.011067959666252125,0.004482346400618564,0.01872183337807657,True,19824,18172
dmn_within,28,"('WT', 'VEH')","('Dp1Yey', 'VEH')",50.0,0.07303430140018463,0.06971417963504792,0.07596115358173847,True,19824,18172
dmn_within,28,"('WT', 'VEH')","('Dp1Yey', 'VEH')",95.0,0.09302115812897671,0.08889221277087901,0.09669466575607628,True,19824,18172
dmn_within,28,"('WT', 'VEH')","('Dp1Yey', 'VEH')",99.0,0.11100159235298634,0.10436895302310603,0.1160726931169629,True,19824,18172
dmn_within,28,"('WT', 'LCTB92')","('Dp1Yey', 'LCTB92')",1.0,-0.10745773553848265,-0.11248384632170201,-0.10317384153604507,True,23128,18172
dmn_within,28,"('WT', 'LCTB92')","('Dp1Yey', 'LCTB92')",5.0,-0.06526397168636322,-0.07360436126589774,-0.05801914393901826,True,23128,18172
dmn_within,28,"('WT', 'LCTB92')","('Dp1Yey', 'LCTB92')",50.0,0.01849539577960968,0.015373412519693375,0.02105831801891327,True,23128,18172
dmn_within,28,"('WT', 'LCTB92')","('Dp1Yey', 'LCTB92')",95.0,0.02257190346717819,0.018389468416571398,0.02660838000476345,True,23128,18172
dmn_within,28,"('WT', 'LCTB92')","('Dp1Yey', 'LCTB92')",99.0,0.024380962550639707,0.017671357925981186,0.031540741942822914,True,23128,18172
dmn_within,29,"('WT', 'VEH')","('WT', 'LCTB92')",1.0,0.10729397594928744,0.1003026330471039,0.11475424961745737,True,19680,22960
dmn_within,29,"('WT', 'VEH')","('WT', 'LCTB92')",5.0,0.09377775490283968,0.08505256980657581,0.10181080572307111,True,19680,22960
dmn_within,29,"('WT', 'VEH')","('WT', 'LCTB92')",50.0,0.05634179711341858,0.053244535252451895,0.059261374175548547,True,19680,22960
dmn_within,29,"('WT', 'VEH')","('WT', 'LCTB92')",95.0,0.04416648223996167,0.04011378148570663,0.048023135680705306,True,19680,22960
dmn_within,29,"('WT', 'VEH')","('WT', 'LCTB92')",99.0,0.05710086308419704,0.05002080350369207,0.06337927709333598,True,19680,22960
dmn_within,29,"('Dp1Yey', 'VEH')","('Dp1Yey', 'LCTB92')",1.0,0.007442469000816354,0.0015081263631582507,0.013202803432941421,True,18040,18040
dmn_within,29,"('Dp1Yey', 'VEH')","('Dp1Yey', 'LCTB92')",5.0,0.016874507069587708,0.011729567125439645,0.022488638460636146,True,18040,18040
dmn_within,29,"('Dp1Yey', 'VEH')","('Dp1Yey', 'LCTB92')",50.0,0.002931758761405945,0.00029515996575355533,0.005504962056875229,True,18040,18040
dmn_within,29,"('Dp1Yey', 'VEH')","('Dp1Yey', 'LCTB92')",95.0,-0.028753060102462702,-0.03260960271582007,-0.024615553617477387,True,18040,18040
dmn_within,29,"('Dp1Yey', 'VEH')","('Dp1Yey', 'LCTB92')",99.0,-0.035617056190967444,-0.042782504074275626,-0.02991435988619924,True,18040,18040
dmn_within,29,"('WT', 'VEH')","('Dp1Yey', 'VEH')",1.0,-0.008887577056884755,-0.015430666029453277,-0.000764001563191465,True,19680,18040
dmn_within,29,"('WT', 'VEH')","('Dp1Yey', 'VEH')",5.0,0.007330361008644148,0.0016500616818666465,0.01461662590503692,True,19680,18040
dmn_within,29,"('WT', 'VEH')","('Dp1Yey', 'VEH')",50.0,0.07313449680805206,0.06998212598264217,0.0757372636348009,True,19680,18040
dmn_within,29,"('WT', 'VEH')","('Dp1Yey', 'VEH')",95.0,0.09742250591516499,0.0933952903188765,0.10092193743214013,True,19680,18040
dmn_within,29,"('WT', 'VEH')","('Dp1Yey', 'VEH')",99.0,0.11342164777219277,0.10638678704760902,0.12031166934408244,True,19680,18040
dmn_within,29,"('WT', 'LCTB92')","('Dp1Yey', 'LCTB92')",1.0,-0.10873908400535584,-0.1144007169753313,-0.1029520038366318,True,22960,18040
dmn_within,29,"('WT', 'LCTB92')","('Dp1Yey', 'LCTB92')",5.0,-0.06957288682460783,-0.07609358116984365,-0.06139606259763241,True,22960,18040
dmn_within,29,"('WT', 'LCTB92')","('Dp1Yey', 'LCTB92')",50.0,0.01972445845603943,0.016544972360134125,0.022220963984727858,True,22960,18040
dmn_within,29,"('WT', 'LCTB92')","('Dp1Yey', 'LCTB92')",95.0,0.02450296357274062,0.020503188017755702,0.02878281643614173,True,22960,18040
dmn_within,29,"('WT', 'LCTB92')","('Dp1Yey', 'LCTB92')",99.0,0.020703728497028284,0.014441169079393135,0.026315915156155775,True,22960,18040
dmn_within,30,"('WT', 'VEH')","('WT', 'LCTB92')",1.0,0.10395659983158112,0.0971012682914734,0.11261857174336909,True,19536,22792
dmn_within,30,"('WT', 'VEH')","('WT', 'LCTB92')",5.0,0.0962951570749283,0.0886777075380087,0.10466155387461185,True,19536,22792
dmn_within,30,"('WT', 'VEH')","('WT', 'LCTB92')",50.0,0.05471864342689514,0.051538463309407236,0.05843369886279106,True,19536,22792
dmn_within,30,"('WT', 'VEH')","('WT', 'LCTB92')",95.0,0.04786678701639169,0.044470460563898064,0.05213780911639326,True,19536,22792
dmn_within,30,"('WT', 'VEH')","('WT', 'LCTB92')",99.0,0.06735947445034984,0.061477421242744884,0.07210934564843847,True,19536,22792
dmn_within,30,"('Dp1Yey', 'VEH')","('Dp1Yey', 'LCTB92')",1.0,0.008087626695632955,0.001436539128422737,0.014923401594161988,True,17908,17908
dmn_within,30,"('Dp1Yey', 'VEH')","('Dp1Yey', 'LCTB92')",5.0,0.01689210832118987,0.011813388913869814,0.022491881921887374,True,17908,17908
dmn_within,30,"('Dp1Yey', 'VEH')","('Dp1Yey', 'LCTB92')",50.0,0.002966150641441345,0.00043188370764255527,0.005830930545926089,True,17908,17908
dmn_within,30,"('Dp1Yey', 'VEH')","('Dp1Yey', 'LCTB92')",95.0,-0.026894957572222045,-0.03141696458682424,-0.022791144642978548,True,17908,17908
dmn_within,30,"('Dp1Yey', 'VEH')","('Dp1Yey', 'LCTB92')",99.0,-0.03473395466804485,-0.041028795555234046,-0.028731612011790468,True,17908,17908
dmn_within,30,"('WT', 'VEH')","('Dp1Yey', 'VEH')",1.0,-0.01307696163654326,-0.02133645227551459,-0.003448248207569134,True,19536,17908
dmn_within,30,"('WT', 'VEH')","('Dp1Yey', 'VEH')",5.0,0.006181389093399048,0.0004760014265775575,0.011677239462733264,True,19536,17908
dmn_within,30,"('WT', 'VEH')","('Dp1Yey', 'VEH')",50.0,0.0724286139011383,0.06932432912290096,0.0755720254033804,True,19536,17908
dmn_within,30,"('WT', 'VEH')","('Dp1Yey', 'VEH')",95.0,0.10045937821269069,0.09666897719725967,0.10506859846413137,True,19536,17908
dmn_within,30,"('WT', 'VEH')","('Dp1Yey', 'VEH')",99.0,0.12101207137107839,0.11487681489437819,0.1268932240176945,True,19536,17908
dmn_within,30,"('WT', 'LCTB92')","('Dp1Yey', 'LCTB92')",1.0,-0.10894593477249143,-0.11514833569526672,-0.10393993593752386,True,22792,17908
dmn_within,30,"('WT', 'LCTB92')","('Dp1Yey', 'LCTB92')",5.0,-0.07322165966033939,-0.08075833320617679,-0.06566199883818627,True,22792,17908
dmn_within,30,"('WT', 'LCTB92')","('Dp1Yey', 'LCTB92')",50.0,0.02067612111568451,0.01766328290104866,0.023610967025160787,True,22792,17908
dmn_within,30,"('WT', 'LCTB92')","('Dp1Yey', 'LCTB92')",95.0,0.025697633624076954,0.02179401645436905,0.029611010085791353,True,22792,17908
dmn_within,30,"('WT', 'LCTB92')","('Dp1Yey', 'LCTB92')",99.0,0.018918642252683693,0.013745686117559674,0.02468707940354944,True,22792,17908
dmn_within,31,"('WT', 'VEH')","('WT', 'LCTB92')",1.0,0.10038424432277676,0.09231964047253133,0.10758963938057421,True,19392,22624
dmn_within,31,"('WT', 'VEH')","('WT', 'LCTB92')",5.0,0.09965576231479645,0.0910417642444372,0.10682021550834177,True,19392,22624
dmn_within,31,"('WT', 'VEH')","('WT', 'LCTB92')",50.0,0.055001094937324524,0.052049626410007474,0.05815543346107006,True,19392,22624
dmn_within,31,"('WT', 'VEH')","('WT', 'LCTB92')",95.0,0.05137042030692107,0.04754840495064853,0.05608004976063986,True,19392,22624
dmn_within,31,"('WT', 'VEH')","('WT', 'LCTB92')",99.0,0.06794052094221104,0.061886092444881836,0.07652243231609464,True,19392,22624
dmn_within,31,"('Dp1Yey', 'VEH')","('Dp1Yey', 'LCTB92')",1.0,0.0047415196895599365,-0.001303199678659439,0.014043753221631042,False,17776,17776
dmn_within,31,"('Dp1Yey', 'VEH')","('Dp1Yey', 'LCTB92')",5.0,0.01600135862827301,0.011167667806148529,0.022155867144465446,True,17776,17776
dmn_within,31,"('Dp1Yey', 'VEH')","('Dp1Yey', 'LCTB92')",50.0,0.0027339905500411987,0.0002866446971893311,0.00560030825436115,True,17776,17776
dmn_within,31,"('Dp1Yey', 'VEH')","('Dp1Yey', 'LCTB92')",95.0,-0.029334083199501038,-0.033500824868679044,-0.02526916321367026,True,17776,17776
dmn_within,31,"('Dp1Yey', 'VEH')","('Dp1Yey', 'LCTB92')",99.0,-0.03416595607995987,-0.03960630502551794,-0.028380023967474702,True,17776,17776
dmn_within,31,"('WT', 'VEH')","('Dp1Yey', 'VEH')",1.0,-0.013489662408828762,-0.022210133075714112,-0.006770690366625773,True,19392,17776
dmn_within,31,"('WT', 'VEH')","('Dp1Yey', 'VEH')",5.0,0.0042740702629089355,-0.0010636985301971434,0.008728902786970137,False,19392,17776
dmn_within,31,"('WT', 'VEH')","('Dp1Yey', 'VEH')",50.0,0.07363584637641907,0.0707122478634119,0.07646482586860656,True,19392,17776
dmn_within,31,"('WT', 'VEH')","('Dp1Yey', 'VEH')",95.0,0.10564225390553472,0.10143764076754451,0.11011360958218577,True,19392,17776
dmn_within,31,"('WT', 'VEH')","('Dp1Yey', 'VEH')",99.0,0.12423039168119432,0.11744412842579185,0.13276607430912565,True,19392,17776
dmn_within,31,"('WT', 'LCTB92')","('Dp1Yey', 'LCTB92')",1.0,-0.10913238704204559,-0.11545471395552157,-0.10101528562605382,True,22624,17776
dmn_within,31,"('WT', 'LCTB92')","('Dp1Yey', 'LCTB92')",5.0,-0.0793803334236145,-0.08730601355433464,-0.06936178632080552,True,22624,17776
dmn_within,31,"('WT', 'LCTB92')","('Dp1Yey', 'LCTB92')",50.0,0.021368741989135742,0.018434366583824156,0.024369573220610615,True,22624,17776
dmn_within,31,"('WT', 'LCTB92')","('Dp1Yey', 'LCTB92')",95.0,0.024937750399112613,0.020749053936451694,0.028832262661307936,True,22624,17776
dmn_within,31,"('WT', 'LCTB92')","('Dp1Yey', 'LCTB92')",99.0,0.022123914659023414,0.016129436083138115,0.027167195495218226,True,22624,17776
dmn_within,32,"('WT', 'VEH')","('WT', 'LCTB92')",1.0,0.09454405009746553,0.08464983196556569,0.10461662554740903,True,19248,22456
dmn_within,32,"('WT', 'VEH')","('WT', 'LCTB92')",5.0,0.10150421857833863,0.09415028803050518,0.1091208850592375,True,19248,22456
dmn_within,32,"('WT', 'VEH')","('WT', 'LCTB92')",50.0,0.05686068534851074,0.05318169482052326,0.05989764854311943,True,19248,22456
dmn_within,32,"('WT', 'VEH')","('WT', 'LCTB92')",95.0,0.05418806672096199,0.049216599967330694,0.05800521405413746,True,19248,22456
dmn_within,32,"('WT', 'VEH')","('WT', 'LCTB92')",99.0,0.06541539877653113,0.05890230668894947,0.07432823677919781,True,19248,22456
dmn_within,32,"('Dp1Yey', 'VEH')","('Dp1Yey', 'LCTB92')",1.0,0.01589912295341489,0.004825188502669345,0.022875156149268168,True,17644,17644
dmn_within,32,"('Dp1Yey', 'VEH')","('Dp1Yey', 'LCTB92')",5.0,0.01791137158870698,0.013032168298959743,0.02269226327538487,True,17644,17644
dmn_within,32,"('Dp1Yey', 'VEH')","('Dp1Yey', 'LCTB92')",50.0,0.0028900206089019775,0.00029452629387378694,0.005624395981431007,True,17644,17644
dmn_within,32,"('Dp1Yey', 'VEH')","('Dp1Yey', 'LCTB92')",95.0,-0.03005646765232073,-0.033964446466416116,-0.025399629585445144,True,17644,17644
dmn_within,32,"('Dp1Yey', 'VEH')","('Dp1Yey', 'LCTB92')",99.0,-0.03175012275576583,-0.03828256136924027,-0.02537160985916852,True,17644,17644
dmn_within,32,"('WT', 'VEH')","('Dp1Yey', 'VEH')",1.0,-0.022117522954940794,-0.0332824976593256,-0.009409586831927292,True,19248,17644
dmn_within,32,"('WT', 'VEH')","('Dp1Yey', 'VEH')",5.0,-0.0019264519214630127,-0.006893682405352581,0.0029221290349960307,False,19248,17644
dmn_within,32,"('WT', 'VEH')","('Dp1Yey', 'VEH')",50.0,0.07523378729820251,0.07219759598374367,0.07778284251689911,True,19248,17644
dmn_within,32,"('WT', 'VEH')","('Dp1Yey', 'VEH')",95.0,0.10912609249353356,0.10396164936944842,0.11273233763873572,True,19248,17644
dmn_within,32,"('WT', 'VEH')","('Dp1Yey', 'VEH')",99.0,0.12417877733707416,0.11738757997192403,0.13166688500158494,True,19248,17644
dmn_within,32,"('WT', 'LCTB92')","('Dp1Yey', 'LCTB92')",1.0,-0.10076245009899143,-0.10959821888804439,-0.09579687891900539,True,22456,17644
dmn_within,32,"('WT', 'LCTB92')","('Dp1Yey', 'LCTB92')",5.0,-0.08551929891109467,-0.09325107038021088,-0.07855189844965936,True,22456,17644
dmn_within,32,"('WT', 'LCTB92')","('Dp1Yey', 'LCTB92')",50.0,0.02126312255859375,0.018178408220410346,0.024608470499515533,True,22456,17644
dmn_within,32,"('WT', 'LCTB92')","('Dp1Yey', 'LCTB92')",95.0,0.024881558120250835,0.020690501481294633,0.029653765391558624,True,22456,17644
dmn_within,32,"('WT', 'LCTB92')","('Dp1Yey', 'LCTB92')",99.0,0.027013255804777203,0.020187067095190428,0.03279429214820284,True,22456,17644
dmn_within,33,"('WT', 'VEH')","('WT', 'LCTB92')",1.0,0.09276652038097383,0.08164637601375577,0.10291438780725001,True,19104,22288
dmn_within,33,"('WT', 'VEH')","('WT', 'LCTB92')",5.0,0.10471904277801514,0.09483503721654411,0.11171083703637122,True,19104,22288
dmn_within,33,"('WT', 'VEH')","('WT', 'LCTB92')",50.0,0.058565691113471985,0.055243299528956416,0.06183247044682502,True,19104,22288
dmn_within,33,"('WT', 'VEH')","('WT', 'LCTB92')",95.0,0.05576377063989624,0.05161491593345984,0.05975225955247911,True,19104,22288
dmn_within,33,"('WT', 'VEH')","('WT', 'LCTB92')",99.0,0.06721479922533069,0.0595584387164566,0.07316967135295303,True,19104,22288
dmn_within,33,"('Dp1Yey', 'VEH')","('Dp1Yey', 'LCTB92')",1.0,0.022689963579177852,0.015099877625703821,0.02907392100989817,True,17512,17512
dmn_within,33,"('Dp1Yey', 'VEH')","('Dp1Yey', 'LCTB92')",5.0,0.016333809494972262,0.01190073810517788,0.021442207172513,True,17512,17512
dmn_within,33,"('Dp1Yey', 'VEH')","('Dp1Yey', 'LCTB92')",50.0,0.0047709643840789795,0.00216020867228508,0.007417404279112815,True,17512,17512
dmn_within,33,"('Dp1Yey', 'VEH')","('Dp1Yey', 'LCTB92')",95.0,-0.026371809840202376,-0.030040818117558803,-0.02262204937636862,True,17512,17512
dmn_within,33,"('Dp1Yey', 'VEH')","('Dp1Yey', 'LCTB92')",99.0,-0.029821714162826418,-0.037535576526075656,-0.023387094199657538,True,17512,17512
dmn_within,33,"('WT', 'VEH')","('Dp1Yey', 'VEH')",1.0,-0.027536547183990456,-0.03912724077701568,-0.016312307298183455,True,19104,17512
dmn_within,33,"('WT', 'VEH')","('Dp1Yey', 'VEH')",5.0,-0.0037875890731811634,-0.00937913365662099,0.00028535105288028586,False,19104,17512
dmn_within,33,"('WT', 'VEH')","('Dp1Yey', 'VEH')",50.0,0.07504796981811523,0.07226326726377011,0.07789676077663898,True,19104,17512
dmn_within,33,"('WT', 'VEH')","('Dp1Yey', 'VEH')",95.0,0.11033947765827168,0.10632642837241285,0.11387886844575396,True,19104,17512
dmn_within,33,"('WT', 'VEH')","('Dp1Yey', 'VEH')",99.0,0.12383678331971215,0.116642002269626,0.13145070737227854,True,19104,17512
dmn_within,33,"('WT', 'LCTB92')","('Dp1Yey', 'LCTB92')",1.0,-0.09761310398578643,-0.10277319507300856,-0.09222166688740252,True,22288,17512
dmn_within,33,"('WT', 'LCTB92')","('Dp1Yey', 'LCTB92')",5.0,-0.09217282235622404,-0.09951093047857286,-0.08284797638654712,True,22288,17512
dmn_within,33,"('WT', 'LCTB92')","('Dp1Yey', 'LCTB92')",50.0,0.02125324308872223,0.01810523495078087,0.02425863891839981,True,22288,17512
dmn_within,33,"('WT', 'LCTB92')","('Dp1Yey', 'LCTB92')",95.0,0.028203897178173065,0.02431718837469781,0.032482566684484473,True,22288,17512
dmn_within,33,"('WT', 'LCTB92')","('Dp1Yey', 'LCTB92')",99.0,0.026800269931555043,0.02105719706416174,0.034363064657897194,True,22288,17512
dmn_within,34,"('WT', 'VEH')","('WT', 'LCTB92')",1.0,0.0902061492204666,0.0831388993561268,0.09914794252812861,True,18960,22120
dmn_within,34,"('WT', 'VEH')","('WT', 'LCTB92')",5.0,0.10894345939159394,0.10035518318414687,0.11662930987775327,True,18960,22120
dmn_within,34,"('WT', 'VEH')","('WT', 'LCTB92')",50.0,0.058619335293769836,0.05534358657896519,0.06158517636358738,True,18960,22120
dmn_within,34,"('WT', 'VEH')","('WT', 'LCTB92')",95.0,0.05824191123247158,0.05398067178204651,0.06180622680112713,True,18960,22120
dmn_within,34,"('WT', 'VEH')","('WT', 'LCTB92')",99.0,0.06544201456010335,0.06021505839563903,0.0746824491247535,True,18960,22120
dmn_within,34,"('Dp1Yey', 'VEH')","('Dp1Yey', 'LCTB92')",1.0,0.024991400837898248,0.01809494522213938,0.031617366552352894,True,17380,17380
dmn_within,34,"('Dp1Yey', 'VEH')","('Dp1Yey', 'LCTB92')",5.0,0.016383254528045677,0.011966181471943824,0.02236245959997179,True,17380,17380
dmn_within,34,"('Dp1Yey', 'VEH')","('Dp1Yey', 'LCTB92')",50.0,0.007530689239501953,0.004785007610917091,0.010344507917761802,True,17380,17380
dmn_within,34,"('Dp1Yey', 'VEH')","('Dp1Yey', 'LCTB92')",95.0,-0.024571801722049647,-0.027775464765727457,-0.020802030041813805,True,17380,17380
dmn_within,34,"('Dp1Yey', 'VEH')","('Dp1Yey', 'LCTB92')",99.0,-0.03322676926851276,-0.040245049562305936,-0.028031188830733276,True,17380,17380
dmn_within,34,"('WT', 'VEH')","('Dp1Yey', 'VEH')",1.0,-0.03285150587558744,-0.04136799837648868,-0.022402592435479166,True,18960,17380
dmn_within,34,"('WT', 'VEH')","('Dp1Yey', 'VEH')",5.0,-0.00675170719623569,-0.013407326340675365,-0.0011071520298719319,True,18960,17380
dmn_within,34,"('WT', 'VEH')","('Dp1Yey', 'VEH')",50.0,0.0736958235502243,0.07028297632932663,0.07664757929742336,True,18960,17380
dmn_within,34,"('WT', 'VEH')","('Dp1Yey', 'VEH')",95.0,0.11403752937912937,0.10975767556577912,0.11768997456878422,True,18960,17380
dmn_within,34,"('WT', 'VEH')","('Dp1Yey', 'VEH')",99.0,0.12371991939842708,0.11800400218181305,0.13315418254956637,True,18960,17380
dmn_within,34,"('WT', 'LCTB92')","('Dp1Yey', 'LCTB92')",1.0,-0.0980662542581558,-0.10215860202908517,-0.0936472554206848,True,22120,17380
dmn_within,34,"('WT', 'LCTB92')","('Dp1Yey', 'LCTB92')",5.0,-0.09931191205978396,-0.10611518330872062,-0.09080333776772022,True,22120,17380
dmn_within,34,"('WT', 'LCTB92')","('Dp1Yey', 'LCTB92')",50.0,0.02260717749595642,0.01982138305902481,0.025426519289612766,True,22120,17380
dmn_within,34,"('WT', 'LCTB92')","('Dp1Yey', 'LCTB92')",95.0,0.031223816424608142,0.02780797047540546,0.035409027095884386,True,22120,17380
dmn_within,34,"('WT', 'LCTB92')","('Dp1Yey', 'LCTB92')",99.0,0.02505113556981098,0.018263582859188533,0.030608375452459827,True,22120,17380
dmn_within,35,"('WT', 'VEH')","('WT', 'LCTB92')",1.0,0.08526744127273561,0.08043365469574927,0.09540185575187204,True,18816,21952
dmn_within,35,"('WT', 'VEH')","('WT', 'LCTB92')",5.0,0.1132435530424118,0.10588457204401493,0.11985372513532638,True,18816,21952
dmn_within,35,"('WT', 'VEH')","('WT', 'LCTB92')",50.0,0.060293883085250854,0.05698973536491394,0.06346432827413082,True,18816,21952
dmn_within,35,"('WT', 'VEH')","('WT', 'LCTB92')",95.0,0.05681351572275162,0.052522956300526856,0.06055577514693129,True,18816,21952
dmn_within,35,"('WT', 'VEH')","('WT', 'LCTB92')",99.0,0.06641686387360002,0.05965090326406019,0.07397585291601695,True,18816,21952
dmn_within,35,"('Dp1Yey', 'VEH')","('Dp1Yey', 'LCTB92')",1.0,0.02366964161396029,0.017878746166825284,0.03237432543933389,True,17248,17248
dmn_within,35,"('Dp1Yey', 'VEH')","('Dp1Yey', 'LCTB92')",5.0,0.01864404380321505,0.012101420536637295,0.02377511858940124,True,17248,17248
dmn_within,35,"('Dp1Yey', 'VEH')","('Dp1Yey', 'LCTB92')",50.0,0.01054847240447998,0.007705632224678993,0.013145907223224637,True,17248,17248
dmn_within,35,"('Dp1Yey', 'VEH')","('Dp1Yey', 'LCTB92')",95.0,-0.02311833500862137,-0.026520586796105104,-0.01832563024014248,True,17248,17248
dmn_within,35,"('Dp1Yey', 'VEH')","('Dp1Yey', 'LCTB92')",99.0,-0.036425535082817095,-0.04178207535296722,-0.029569066517054605,True,17248,17248
dmn_within,35,"('WT', 'VEH')","('Dp1Yey', 'VEH')",1.0,-0.03697711050510405,-0.04325910380482674,-0.026497046589851376,True,18816,17248
dmn_within,35,"('WT', 'VEH')","('Dp1Yey', 'VEH')",5.0,-0.009174391627311707,-0.01492943376302717,-0.0023723084479570352,True,18816,17248
dmn_within,35,"('WT', 'VEH')","('Dp1Yey', 'VEH')",50.0,0.07322046160697937,0.06985660903155803,0.07650000341236592,True,18816,17248
dmn_within,35,"('WT', 'VEH')","('Dp1Yey', 'VEH')",95.0,0.11355854272842425,0.10909194260835646,0.11771123025566357,True,18816,17248
dmn_within,35,"('WT', 'VEH')","('Dp1Yey', 'VEH')",99.0,0.12861111067235442,0.12090032875910398,0.13591207010298959,True,18816,17248
dmn_within,35,"('WT', 'LCTB92')","('Dp1Yey', 'LCTB92')",1.0,-0.09857491016387937,-0.1030303203165531,-0.09097774969041349,True,21952,17248
dmn_within,35,"('WT', 'LCTB92')","('Dp1Yey', 'LCTB92')",5.0,-0.10377390086650845,-0.10961425639688971,-0.09658940300345421,True,21952,17248
dmn_within,35,"('WT', 'LCTB92')","('Dp1Yey', 'LCTB92')",50.0,0.023475050926208496,0.020761457830667497,0.02626698315143585,True,21952,17248
dmn_within,35,"('WT', 'LCTB92')","('Dp1Yey', 'LCTB92')",95.0,0.03362669199705126,0.030285101234913285,0.03866926988586806,True,21952,17248
dmn_within,35,"('WT', 'LCTB92')","('Dp1Yey', 'LCTB92')",99.0,0.02576871171593731,0.02010678645968466,0.03171861642599187,True,21952,17248
dmn_within,36,"('WT', 'VEH')","('WT', 'LCTB92')",1.0,0.08695601999759675,0.07993634478747842,0.09519564279913903,True,18672,21784
dmn_within,36,"('WT', 'VEH')","('WT', 'LCTB92')",5.0,0.11572346687316898,0.1080764857679606,0.12199786692857742,True,18672,21784
dmn_within,36,"('WT', 'VEH')","('WT', 'LCTB92')",50.0,0.060967326164245605,0.05733214020729065,0.06437467113137245,True,18672,21784
dmn_within,36,"('WT', 'VEH')","('WT', 'LCTB92')",95.0,0.057215375453234074,0.05266802027821554,0.06142671251669544,True,18672,21784
dmn_within,36,"('WT', 'VEH')","('WT', 'LCTB92')",99.0,0.07007018178701419,0.061840902313590414,0.07566233801841753,True,18672,21784
dmn_within,36,"('Dp1Yey', 'VEH')","('Dp1Yey', 'LCTB92')",1.0,0.03190220892429352,0.02271137461066246,0.039281885027885446,True,17116,17116
dmn_within,36,"('Dp1Yey', 'VEH')","('Dp1Yey', 'LCTB92')",5.0,0.018537744879722595,0.013786962255835533,0.023542748019099235,True,17116,17116
dmn_within,36,"('Dp1Yey', 'VEH')","('Dp1Yey', 'LCTB92')",50.0,0.0112275630235672,0.008519008010625839,0.013895613700151441,True,17116,17116
dmn_within,36,"('Dp1Yey', 'VEH')","('Dp1Yey', 'LCTB92')",95.0,-0.021692372858524323,-0.024726358614861964,-0.01696778181940317,True,17116,17116
dmn_within,36,"('Dp1Yey', 'VEH')","('Dp1Yey', 'LCTB92')",99.0,-0.03781466558575641,-0.0426686114445329,-0.033781230226159226,True,17116,17116
dmn_within,36,"('WT', 'VEH')","('Dp1Yey', 'VEH')",1.0,-0.03946793496608736,-0.047455993801355394,-0.029298232972621914,True,18672,17116
dmn_within,36,"('WT', 'VEH')","('Dp1Yey', 'VEH')",5.0,-0.009331116080284085,-0.014439290538430214,-0.0036777036637067606,True,18672,17116
dmn_within,36,"('WT', 'VEH')","('Dp1Yey', 'VEH')",50.0,0.07309825718402863,0.06939800605177879,0.07653366625308991,True,18672,17116
dmn_within,36,"('WT', 'VEH')","('Dp1Yey', 'VEH')",95.0,0.11448176279664046,0.10974271165207035,0.11793820859864379,True,18672,17116
dmn_within,36,"('WT', 'VEH')","('Dp1Yey', 'VEH')",99.0,0.1333284258842472,0.12708141682297003,0.1386960046160971,True,18672,17116
dmn_within,36,"('WT', 'LCTB92')","('Dp1Yey', 'LCTB92')",1.0,-0.09452174603939059,-0.1016120862364769,-0.08832026889920234,True,21784,17116
dmn_within,36,"('WT', 'LCTB92')","('Dp1Yey', 'LCTB92')",5.0,-0.10651683807373047,-0.11173618085682392,-0.09872907549142837,True,21784,17116
dmn_within,36,"('WT', 'LCTB92')","('Dp1Yey', 'LCTB92')",50.0,0.02335849404335022,0.020287538319826125,0.025891103968024253,True,21784,17116
dmn_within,36,"('WT', 'LCTB92')","('Dp1Yey', 'LCTB92')",95.0,0.035574014484882066,0.03187010698020458,0.0399983212351799,True,21784,17116
dmn_within,36,"('WT', 'LCTB92')","('Dp1Yey', 'LCTB92')",99.0,0.025443578511476606,0.021251416474580846,0.031609073240309704,True,21784,17116
dmn_within,37,"('WT', 'VEH')","('WT', 'LCTB92')",1.0,0.09191617786884307,0.08447395899891855,0.1000619682073593,True,18528,21616
dmn_within,37,"('WT', 'VEH')","('WT', 'LCTB92')",5.0,0.11593067944049834,0.11120560556650162,0.12110567599534988,True,18528,21616
dmn_within,37,"('WT', 'VEH')","('WT', 'LCTB92')",50.0,0.062007561326026917,0.058417347446084025,0.0655138611793518,True,18528,21616
dmn_within,37,"('WT', 'VEH')","('WT', 'LCTB92')",95.0,0.059586227685212934,0.05598387215286493,0.06418155737221204,True,18528,21616
dmn_within,37,"('WT', 'VEH')","('WT', 'LCTB92')",99.0,0.07178130865097054,0.06632119844481366,0.07858216317743064,True,18528,21616
dmn_within,37,"('Dp1Yey', 'VEH')","('Dp1Yey', 'LCTB92')",1.0,0.03566320359706876,0.027974034279584885,0.04454674008488658,True,16984,16984
dmn_within,37,"('Dp1Yey', 'VEH')","('Dp1Yey', 'LCTB92')",5.0,0.019134268164634705,0.013942110016942014,0.02313555158674719,True,16984,16984
dmn_within,37,"('Dp1Yey', 'VEH')","('Dp1Yey', 'LCTB92')",50.0,0.011287525296211243,0.0087540153414011,0.013776624575257301,True,16984,16984
dmn_within,37,"('Dp1Yey', 'VEH')","('Dp1Yey', 'LCTB92')",95.0,-0.019014585018158003,-0.022968878410756465,-0.015494519956409932,True,16984,16984
dmn_within,37,"('Dp1Yey', 'VEH')","('Dp1Yey', 'LCTB92')",99.0,-0.04397108137607575,-0.04745090276002879,-0.03888635449111462,True,16984,16984
dmn_within,37,"('WT', 'VEH')","('Dp1Yey', 'VEH')",1.0,-0.03845546126365662,-0.04768290568888186,-0.02935300420224667,True,18528,16984
dmn_within,37,"('WT', 'VEH')","('Dp1Yey', 'VEH')",5.0,-0.009259080886840854,-0.013708039969205877,-0.0043385681509971645,True,18528,16984
dmn_within,37,"('WT', 'VEH')","('Dp1Yey', 'VEH')",50.0,0.07296779751777649,0.06948621422052384,0.07630904465913772,True,18528,16984
dmn_within,37,"('WT', 'VEH')","('Dp1Yey', 'VEH')",95.0,0.11519430205225933,0.11109333429485538,0.11934947660192846,True,18528,16984
dmn_within,37,"('WT', 'VEH')","('Dp1Yey', 'VEH')",99.0,0.1381410878896714,0.1336833359301089,0.1432499717026955,True,18528,16984
dmn_within,37,"('WT', 'LCTB92')","('Dp1Yey', 'LCTB92')",1.0,-0.09470843553543093,-0.10155995458364488,-0.08744226120412353,True,21616,16984
dmn_within,37,"('WT', 'LCTB92')","('Dp1Yey', 'LCTB92')",5.0,-0.10605549216270449,-0.11120297342538833,-0.10145298130810261,True,21616,16984
dmn_within,37,"('WT', 'LCTB92')","('Dp1Yey', 'LCTB92')",50.0,0.022247761487960815,0.019436301663517952,0.02469043470919132,True,21616,16984
dmn_within,37,"('WT', 'LCTB92')","('Dp1Yey', 'LCTB92')",95.0,0.0365934893488884,0.032328396663069726,0.039916964732110545,True,21616,16984
dmn_within,37,"('WT', 'LCTB92')","('Dp1Yey', 'LCTB92')",99.0,0.022388697862625095,0.01710912906751035,0.02826907489448837,True,21616,16984
dmn_within,38,"('WT', 'VEH')","('WT', 'LCTB92')",1.0,0.09213831067085268,0.08624376153945923,0.10058922863006592,True,18384,21448
dmn_within,38,"('WT', 'VEH')","('WT', 'LCTB92')",5.0,0.11804358959198,0.11263869591057302,0.12305450201034547,True,18384,21448
dmn_within,38,"('WT', 'VEH')","('WT', 'LCTB92')",50.0,0.06570817530155182,0.06197104975581169,0.06925867423415183,True,18384,21448
dmn_within,38,"('WT', 'VEH')","('WT', 'LCTB92')",95.0,0.06241559460759172,0.05831338856369263,0.06589791154488919,True,18384,21448
dmn_within,38,"('WT', 'VEH')","('WT', 'LCTB92')",99.0,0.0772796003520475,0.07174839983507943,0.08244960717856883,True,18384,21448
dmn_within,38,"('Dp1Yey', 'VEH')","('Dp1Yey', 'LCTB92')",1.0,0.03752094388008115,0.030417071729898444,0.04459458710253238,True,16852,16852
dmn_within,38,"('Dp1Yey', 'VEH')","('Dp1Yey', 'LCTB92')",5.0,0.01807577013969419,0.013659495413303354,0.022839876264333755,True,16852,16852
dmn_within,38,"('Dp1Yey', 'VEH')","('Dp1Yey', 'LCTB92')",50.0,0.012147858738899231,0.009471491724252701,0.014823096245527263,True,16852,16852
dmn_within,38,"('Dp1Yey', 'VEH')","('Dp1Yey', 'LCTB92')",95.0,-0.01589661389589303,-0.019561629854142667,-0.01254514619708057,True,16852,16852
dmn_within,38,"('Dp1Yey', 'VEH')","('Dp1Yey', 'LCTB92')",99.0,-0.04855031386017772,-0.05346497087553147,-0.04233137134462595,True,16852,16852
dmn_within,38,"('WT', 'VEH')","('Dp1Yey', 'VEH')",1.0,-0.04140331029891964,-0.047521434724330916,-0.03132907779514791,True,18384,16852
dmn_within,38,"('WT', 'VEH')","('Dp1Yey', 'VEH')",5.0,-0.009422910213470415,-0.014603885486722024,-0.004771518707275361,True,18384,16852
dmn_within,38,"('WT', 'VEH')","('Dp1Yey', 'VEH')",50.0,0.07423709332942963,0.0707771647721529,0.07748231962323189,True,18384,16852
dmn_within,38,"('WT', 'VEH')","('Dp1Yey', 'VEH')",95.0,0.1156899742782116,0.11163225764408707,0.11962234940379834,True,18384,16852
dmn_within,38,"('WT', 'VEH')","('Dp1Yey', 'VEH')",99.0,0.14514432862400817,0.14000251745060013,0.14878940216451883,True,18384,16852
dmn_within,38,"('WT', 'LCTB92')","('Dp1Yey', 'LCTB92')",1.0,-0.09602067708969117,-0.10138635197281838,-0.08869205923378469,True,21448,16852
dmn_within,38,"('WT', 'LCTB92')","('Dp1Yey', 'LCTB92')",5.0,-0.10939072966575622,-0.11448984272778034,-0.10400881253182889,True,21448,16852
dmn_within,38,"('WT', 'LCTB92')","('Dp1Yey', 'LCTB92')",50.0,0.02067677676677704,0.01799543499946594,0.023744240775704382,True,21448,16852
dmn_within,38,"('WT', 'LCTB92')","('Dp1Yey', 'LCTB92')",95.0,0.037377765774726845,0.03378997758030876,0.04052579753100881,True,21448,16852
dmn_within,38,"('WT', 'LCTB92')","('Dp1Yey', 'LCTB92')",99.0,0.019314414411782943,0.013588450100272879,0.026035369843243734,True,21448,16852
dmn_within,39,"('WT', 'VEH')","('WT', 'LCTB92')",1.0,0.09091930389404296,0.08555089329183102,0.10044376865029338,True,18240,21280
dmn_within,39,"('WT', 'VEH')","('WT', 'LCTB92')",5.0,0.11926696598529812,0.11386105529963973,0.12461627386510372,True,18240,21280
dmn_within,39,"('WT', 'VEH')","('WT', 'LCTB92')",50.0,0.07010067999362946,0.06697606444358825,0.07321250550448895,True,18240,21280
dmn_within,39,"('WT', 'VEH')","('WT', 'LCTB92')",95.0,0.06296145990490909,0.05878484264016149,0.06643092112615709,True,18240,21280
dmn_within,39,"('WT', 'VEH')","('WT', 'LCTB92')",99.0,0.07721803292632112,0.07205180332064692,0.08295473257079804,True,18240,21280
dmn_within,39,"('Dp1Yey', 'VEH')","('Dp1Yey', 'LCTB92')",1.0,0.032051078081131,0.02434601634740829,0.039769343122839924,True,16720,16720
dmn_within,39,"('Dp1Yey', 'VEH')","('Dp1Yey', 'LCTB92')",5.0,0.018354770541191057,0.014557862505316734,0.021918785497546184,True,16720,16720
dmn_within,39,"('Dp1Yey', 'VEH')","('Dp1Yey', 'LCTB92')",50.0,0.013259679079055786,0.01067553274333477,0.016231552511453626,True,16720,16720
dmn_within,39,"('Dp1Yey', 'VEH')","('Dp1Yey', 'LCTB92')",95.0,-0.016630069911479972,-0.020429222621023677,-0.013387741148471835,True,16720,16720
dmn_within,39,"('Dp1Yey', 'VEH')","('Dp1Yey', 'LCTB92')",99.0,-0.04803174838423785,-0.05350067058578189,-0.042329718448221365,True,16720,16720
dmn_within,39,"('WT', 'VEH')","('Dp1Yey', 'VEH')",1.0,-0.038832497596740734,-0.04480762517452238,-0.02871745385229586,True,18240,16720
dmn_within,39,"('WT', 'VEH')","('Dp1Yey', 'VEH')",5.0,-0.011726200580596924,-0.016380320116877546,-0.006969417259097102,True,18240,16720
dmn_within,39,"('WT', 'VEH')","('Dp1Yey', 'VEH')",50.0,0.07646772265434265,0.07337458655238152,0.07948559150099754,True,18240,16720
dmn_within,39,"('WT', 'VEH')","('Dp1Yey', 'VEH')",95.0,0.11729393526911736,0.11314810188487172,0.1206810399889946,True,18240,16720
dmn_within,39,"('WT', 'VEH')","('Dp1Yey', 'VEH')",99.0,0.14705939546227453,0.1433196469284592,0.15197298780828725,True,18240,16720
dmn_within,39,"('WT', 'LCTB92')","('Dp1Yey', 'LCTB92')",1.0,-0.09770072340965269,-0.10414969743788244,-0.09056034632027152,True,21280,16720
dmn_within,39,"('WT', 'LCTB92')","('Dp1Yey', 'LCTB92')",5.0,-0.11263839602470399,-0.11703269504010676,-0.10780081644654273,True,21280,16720
dmn_within,39,"('WT', 'LCTB92')","('Dp1Yey', 'LCTB92')",50.0,0.019626721739768982,0.01687219589948654,0.02276140972971916,True,21280,16720
dmn_within,39,"('WT', 'LCTB92')","('Dp1Yey', 'LCTB92')",95.0,0.037702405452728294,0.03421727526932951,0.0416095293313265,True,21280,16720
dmn_within,39,"('WT', 'LCTB92')","('Dp1Yey', 'LCTB92')",99.0,0.02180961415171556,0.015930963590740945,0.02869259154796565,True,21280,16720
dmn_within,40,"('WT', 'VEH')","('WT', 'LCTB92')",1.0,0.09209875404834747,0.08771625822782515,0.09855159237980844,True,18096,21112
dmn_within,40,"('WT', 'VEH')","('WT', 'LCTB92')",5.0,0.11808495223522186,0.1133454854786396,0.12346451893448829,True,18096,21112
dmn_within,40,"('WT', 'VEH')","('WT', 'LCTB92')",50.0,0.07199738919734955,0.06897871047258378,0.07534596361219882,True,18096,21112
dmn_within,40,"('WT', 'VEH')","('WT', 'LCTB92')",95.0,0.06256938204169271,0.058736574668437215,0.06682295698672533,True,18096,21112
dmn_within,40,"('WT', 'VEH')","('WT', 'LCTB92')",99.0,0.08234331578016285,0.07499361245334149,0.08861937809735534,True,18096,21112
dmn_within,40,"('Dp1Yey', 'VEH')","('Dp1Yey', 'LCTB92')",1.0,0.021980482339859053,0.011688945248723012,0.0333276884406805,True,16588,16588
dmn_within,40,"('Dp1Yey', 'VEH')","('Dp1Yey', 'LCTB92')",5.0,0.018335634469985984,0.013964866548776649,0.021603565961122524,True,16588,16588
dmn_within,40,"('Dp1Yey', 'VEH')","('Dp1Yey', 'LCTB92')",50.0,0.012626037001609802,0.01003633178770542,0.01578714959323406,True,16588,16588
dmn_within,40,"('Dp1Yey', 'VEH')","('Dp1Yey', 'LCTB92')",95.0,-0.016564632952213332,-0.020184055715799332,-0.013060220517218094,True,16588,16588
dmn_within,40,"('Dp1Yey', 'VEH')","('Dp1Yey', 'LCTB92')",99.0,-0.049826867133378916,-0.056445931840688,-0.04410583847016097,True,16588,16588
dmn_within,40,"('WT', 'VEH')","('Dp1Yey', 'VEH')",1.0,-0.03486055016517642,-0.040856308341026285,-0.02703809916973113,True,18096,16588
dmn_within,40,"('WT', 'VEH')","('Dp1Yey', 'VEH')",5.0,-0.014922916889190674,-0.01899564392864704,-0.01004464998841287,True,18096,16588
dmn_within,40,"('WT', 'VEH')","('Dp1Yey', 'VEH')",50.0,0.07769134640693665,0.07462793812155724,0.08021656833589076,True,18096,16588
dmn_within,40,"('WT', 'VEH')","('Dp1Yey', 'VEH')",95.0,0.1160411082208157,0.11284759132191537,0.12024420218542219,True,18096,16588
dmn_within,40,"('WT', 'VEH')","('Dp1Yey', 'VEH')",99.0,0.15415983200073224,0.14827970251068448,0.16005389869585576,True,18096,16588
dmn_within,40,"('WT', 'LCTB92')","('Dp1Yey', 'LCTB92')",1.0,-0.10497882187366483,-0.11375772355496884,-0.09398357374966144,True,21112,16588
dmn_within,40,"('WT', 'LCTB92')","('Dp1Yey', 'LCTB92')",5.0,-0.11467223465442655,-0.11962546259164811,-0.11037359669804571,True,21112,16588
dmn_within,40,"('WT', 'LCTB92')","('Dp1Yey', 'LCTB92')",50.0,0.0183199942111969,0.015209649130702019,0.021200588345527648,True,21112,16588
dmn_within,40,"('WT', 'LCTB92')","('Dp1Yey', 'LCTB92')",95.0,0.03690709322690966,0.032800721861422126,0.04096470512449752,True,21112,16588
dmn_within,40,"('WT', 'LCTB92')","('Dp1Yey', 'LCTB92')",99.0,0.021989649087190477,0.015391385965048729,0.029606766488403075,True,21112,16588
dmn_within,41,"('WT', 'VEH')","('WT', 'LCTB92')",1.0,0.09580318331718446,0.09008580021560193,0.10192275854945185,True,17952,20944
dmn_within,41,"('WT', 'VEH')","('WT', 'LCTB92')",5.0,0.11666637957096099,0.110695740506053,0.1225525813549757,True,17952,20944
dmn_within,41,"('WT', 'VEH')","('WT', 'LCTB92')",50.0,0.07278712093830109,0.06984153613448144,0.07575008608400821,True,17952,20944
dmn_within,41,"('WT', 'VEH')","('WT', 'LCTB92')",95.0,0.06363112553954142,0.05969410486519356,0.06689187834039345,True,17952,20944
dmn_within,41,"('WT', 'VEH')","('WT', 'LCTB92')",99.0,0.08233237385749836,0.07551358956843653,0.08850827275589108,True,17952,20944
dmn_within,41,"('Dp1Yey', 'VEH')","('Dp1Yey', 'LCTB92')",1.0,0.02007407844066622,0.011445169448852505,0.03487367890775206,True,16456,16456
dmn_within,41,"('Dp1Yey', 'VEH')","('Dp1Yey', 'LCTB92')",5.0,0.015137970447540283,0.011663590744137763,0.0183756735175848,True,16456,16456
dmn_within,41,"('Dp1Yey', 'VEH')","('Dp1Yey', 'LCTB92')",50.0,0.011990681290626526,0.009389382600784302,0.015063140541315077,True,16456,16456
dmn_within,41,"('Dp1Yey', 'VEH')","('Dp1Yey', 'LCTB92')",95.0,-0.01681545376777649,-0.021284326910972595,-0.013242529518902306,True,16456,16456
dmn_within,41,"('Dp1Yey', 'VEH')","('Dp1Yey', 'LCTB92')",99.0,-0.05000228583812705,-0.05691171452403098,-0.04433010146021912,True,16456,16456
dmn_within,41,"('WT', 'VEH')","('Dp1Yey', 'VEH')",1.0,-0.03597685396671296,-0.040751652434468266,-0.028538479059934643,True,17952,16456
dmn_within,41,"('WT', 'VEH')","('Dp1Yey', 'VEH')",5.0,-0.016553908586502075,-0.02207680568099022,-0.01092045187950135,True,17952,16456
dmn_within,41,"('WT', 'VEH')","('Dp1Yey', 'VEH')",50.0,0.07794229686260223,0.07473394609987735,0.08076529763638973,True,17952,16456
dmn_within,41,"('WT', 'VEH')","('Dp1Yey', 'VEH')",95.0,0.11608227714896213,0.11265035327523946,0.11951694643124935,True,17952,16456
dmn_within,41,"('WT', 'VEH')","('Dp1Yey', 'VEH')",99.0,0.15543349876999846,0.14902499386668278,0.1608573449514805,True,17952,16456
dmn_within,41,"('WT', 'LCTB92')","('Dp1Yey', 'LCTB92')",1.0,-0.1117059588432312,-0.11875591395795346,-0.09617545194923881,True,20944,16456
dmn_within,41,"('WT', 'LCTB92')","('Dp1Yey', 'LCTB92')",5.0,-0.11808231770992278,-0.12165502980351448,-0.11445777855813502,True,20944,16456
dmn_within,41,"('WT', 'LCTB92')","('Dp1Yey', 'LCTB92')",50.0,0.017145857214927673,0.01431429460644722,0.02007545232772827,True,20944,16456
dmn_within,41,"('WT', 'LCTB92')","('Dp1Yey', 'LCTB92')",95.0,0.03563569784164422,0.031211696565151256,0.03978673983365297,True,20944,16456
dmn_within,41,"('WT', 'LCTB92')","('Dp1Yey', 'LCTB92')",99.0,0.023098839074373045,0.015547125358134389,0.030199390534311334,True,20944,16456
dmn_within,42,"('WT', 'VEH')","('WT', 'LCTB92')",1.0,0.0976477462053299,0.09276436798274519,0.10486964121460915,True,17808,20776
dmn_within,42,"('WT', 'VEH')","('WT', 'LCTB92')",5.0,0.11419729292392733,0.1084039303660393,0.11965898238122463,True,17808,20776
dmn_within,42,"('WT', 'VEH')","('WT', 'LCTB92')",50.0,0.07411697506904602,0.07133106663823127,0.07694124914705754,True,17808,20776
dmn_within,42,"('WT', 'VEH')","('WT', 'LCTB92')",95.0,0.06485105529427504,0.06158639790490263,0.06852239314466682,True,17808,20776
dmn_within,42,"('WT', 'VEH')","('WT', 'LCTB92')",99.0,0.08246460333466532,0.07540873103961349,0.08789781775325536,True,17808,20776
dmn_within,42,"('Dp1Yey', 'VEH')","('Dp1Yey', 'LCTB92')",1.0,0.0276207846403122,0.012764391347765924,0.043207035899162326,True,16324,16324
dmn_within,42,"('Dp1Yey', 'VEH')","('Dp1Yey', 'LCTB92')",5.0,0.013607335090637218,0.009916427582502376,0.016749686002731322,True,16324,16324
dmn_within,42,"('Dp1Yey', 'VEH')","('Dp1Yey', 'LCTB92')",50.0,0.010424628853797913,0.0071844466030597685,0.013424722850322724,True,16324,16324
dmn_within,42,"('Dp1Yey', 'VEH')","('Dp1Yey', 'LCTB92')",95.0,-0.018249881267547563,-0.022021783851085934,-0.014103758446872259,True,16324,16324
dmn_within,42,"('Dp1Yey', 'VEH')","('Dp1Yey', 'LCTB92')",99.0,-0.04871792882680914,-0.05568303035944706,-0.042985506080091,True,16324,16324
dmn_within,42,"('WT', 'VEH')","('Dp1Yey', 'VEH')",1.0,-0.03733239352703094,-0.04253194779157639,-0.029643466755747836,True,17808,16324
dmn_within,42,"('WT', 'VEH')","('Dp1Yey', 'VEH')",5.0,-0.018584990501403775,-0.023781375363469123,-0.013340984210372,True,17808,16324
dmn_within,42,"('WT', 'VEH')","('Dp1Yey', 'VEH')",50.0,0.07870692014694214,0.07586935684084892,0.08164260499179363,True,17808,16324
dmn_within,42,"('WT', 'VEH')","('Dp1Yey', 'VEH')",95.0,0.11772060170769671,0.1147190603986382,0.12127223638817597,True,17808,16324
dmn_within,42,"('WT', 'VEH')","('Dp1Yey', 'VEH')",99.0,0.15452644363045698,0.1489370406381786,0.159584987271577,True,17808,16324
dmn_within,42,"('WT', 'LCTB92')","('Dp1Yey', 'LCTB92')",1.0,-0.10735935509204864,-0.12109560672938827,-0.0914252799153328,True,20776,16324
dmn_within,42,"('WT', 'LCTB92')","('Dp1Yey', 'LCTB92')",5.0,-0.11917494833469389,-0.12274489402770997,-0.11516279883682728,True,20776,16324
dmn_within,42,"('WT', 'LCTB92')","('Dp1Yey', 'LCTB92')",50.0,0.01501457393169403,0.012293967977166175,0.01809859499335289,True,20776,16324
dmn_within,42,"('WT', 'LCTB92')","('Dp1Yey', 'LCTB92')",95.0,0.03461966514587411,0.03048664629459381,0.03920667041093111,True,20776,16324
dmn_within,42,"('WT', 'LCTB92')","('Dp1Yey', 'LCTB92')",99.0,0.023343911468982514,0.015819291554391185,0.03050860501825803,True,20776,16324
dmn_within,43,"('WT', 'VEH')","('WT', 'LCTB92')",1.0,0.0986724632978439,0.09329869900643827,0.10572253578901293,True,17664,20608
dmn_within,43,"('WT', 'VEH')","('WT', 'LCTB92')",5.0,0.11182790100574491,0.1071670164912939,0.1169224551320076,True,17664,20608
dmn_within,43,"('WT', 'VEH')","('WT', 'LCTB92')",50.0,0.07599185407161713,0.07272081598639488,0.07892017289996146,True,17664,20608
dmn_within,43,"('WT', 'VEH')","('WT', 'LCTB92')",95.0,0.06707768440246586,0.06254577856510851,0.07043442735448494,True,17664,20608
dmn_within,43,"('WT', 'VEH')","('WT', 'LCTB92')",99.0,0.07501873642206158,0.06981423144042424,0.08041722759231874,True,17664,20608
dmn_within,43,"('Dp1Yey', 'VEH')","('Dp1Yey', 'LCTB92')",1.0,0.020615703463554402,0.009708447962999323,0.04359246249496939,True,16192,16192
dmn_within,43,"('Dp1Yey', 'VEH')","('Dp1Yey', 'LCTB92')",5.0,0.013592645525932312,0.010494812801480315,0.01707518287003041,True,16192,16192
dmn_within,43,"('Dp1Yey', 'VEH')","('Dp1Yey', 'LCTB92')",50.0,0.008460789918899536,0.005689063295722008,0.011151212081313134,True,16192,16192
dmn_within,43,"('Dp1Yey', 'VEH')","('Dp1Yey', 'LCTB92')",95.0,-0.016594383120536627,-0.020892938636243343,-0.011823357269167964,True,16192,16192
dmn_within,43,"('Dp1Yey', 'VEH')","('Dp1Yey', 'LCTB92')",99.0,-0.04661763221025472,-0.05469418785721061,-0.04051514841616152,True,16192,16192
dmn_within,43,"('WT', 'VEH')","('Dp1Yey', 'VEH')",1.0,-0.03590136051177978,-0.04279695928096772,-0.028089932456612617,True,17664,16192
dmn_within,43,"('WT', 'VEH')","('Dp1Yey', 'VEH')",5.0,-0.021348103880882263,-0.025969482138752914,-0.016751631498336816,True,17664,16192
dmn_within,43,"('WT', 'VEH')","('Dp1Yey', 'VEH')",50.0,0.07981404662132263,0.07649054937064648,0.08268258050084114,True,17664,16192
dmn_within,43,"('WT', 'VEH')","('Dp1Yey', 'VEH')",95.0,0.1161007285118103,0.1123847033828497,0.1194173407740891,True,17664,16192
dmn_within,43,"('WT', 'VEH')","('Dp1Yey', 'VEH')",99.0,0.15139424741268126,0.14647532211616632,0.15580963568016887,True,17664,16192
dmn_within,43,"('WT', 'LCTB92')","('Dp1Yey', 'LCTB92')",1.0,-0.11395812034606928,-0.12453984780609607,-0.091607127353549,True,20608,16192
dmn_within,43,"('WT', 'LCTB92')","('Dp1Yey', 'LCTB92')",5.0,-0.11958335936069486,-0.12295114710927009,-0.11620082423090931,True,20608,16192
dmn_within,43,"('WT', 'LCTB92')","('Dp1Yey', 'LCTB92')",50.0,0.012282982468605042,0.009362615272402763,0.015169135481119155,True,20608,16192
dmn_within,43,"('WT', 'LCTB92')","('Dp1Yey', 'LCTB92')",95.0,0.03242866098880781,0.027842817008495373,0.03772998061031098,True,20608,16192
dmn_within,43,"('WT', 'LCTB92')","('Dp1Yey', 'LCTB92')",99.0,0.029757878780364955,0.020560340579599216,0.03605754059925672,True,20608,16192
dmn_within,44,"('WT', 'VEH')","('WT', 'LCTB92')",1.0,0.10329662024974823,0.09641666553914546,0.10808179318904874,True,17520,20440
dmn_within,44,"('WT', 'VEH')","('WT', 'LCTB92')",5.0,0.11054042577743528,0.10646819569170476,0.11476267486810685,True,17520,20440
dmn_within,44,"('WT', 'VEH')","('WT', 'LCTB92')",50.0,0.0778813511133194,0.07440811023116112,0.08112288452684879,True,17520,20440
dmn_within,44,"('WT', 'VEH')","('WT', 'LCTB92')",95.0,0.06646922454237936,0.06254611501470206,0.06996919395402076,True,17520,20440
dmn_within,44,"('WT', 'VEH')","('WT', 'LCTB92')",99.0,0.06835801869630831,0.061971561226993765,0.07488500445708633,True,17520,20440
dmn_within,44,"('Dp1Yey', 'VEH')","('Dp1Yey', 'LCTB92')",1.0,0.025335119366645786,0.00946347999572752,0.04358368195593357,True,16060,16060
dmn_within,44,"('Dp1Yey', 'VEH')","('Dp1Yey', 'LCTB92')",5.0,0.013569411635398876,0.01001454211771487,0.017287961691617983,True,16060,16060
dmn_within,44,"('Dp1Yey', 'VEH')","('Dp1Yey', 'LCTB92')",50.0,0.005699768662452698,0.00299471840262413,0.00847949869930744,True,16060,16060
dmn_within,44,"('Dp1Yey', 'VEH')","('Dp1Yey', 'LCTB92')",95.0,-0.015824963152408666,-0.019951189309358595,-0.011576546244323277,True,16060,16060
dmn_within,44,"('Dp1Yey', 'VEH')","('Dp1Yey', 'LCTB92')",99.0,-0.04537649124860754,-0.05649340890347956,-0.039583402663469325,True,16060,16060
dmn_within,44,"('WT', 'VEH')","('Dp1Yey', 'VEH')",1.0,-0.03368951141834259,-0.040052007243037216,-0.027364906609058375,True,17520,16060
dmn_within,44,"('WT', 'VEH')","('Dp1Yey', 'VEH')",5.0,-0.02431397438049321,-0.02785509988665581,-0.019907276034355156,True,17520,16060
dmn_within,44,"('WT', 'VEH')","('Dp1Yey', 'VEH')",50.0,0.08298864960670471,0.07998688109219074,0.08605345971882343,True,17520,16060
dmn_within,44,"('WT', 'VEH')","('Dp1Yey', 'VEH')",95.0,0.11643281504511838,0.11260365780442962,0.11974975226446984,True,17520,16060
dmn_within,44,"('WT', 'VEH')","('Dp1Yey', 'VEH')",99.0,0.14801569044590035,0.1431380789130926,0.15308972901105886,True,17520,16060
dmn_within,44,"('WT', 'LCTB92')","('Dp1Yey', 'LCTB92')",1.0,-0.11165101230144503,-0.12623636735975743,-0.09294585683941842,True,20440,16060
dmn_within,44,"('WT', 'LCTB92')","('Dp1Yey', 'LCTB92')",5.0,-0.12128498852252961,-0.12478802554309368,-0.11717993564903736,True,20440,16060
dmn_within,44,"('WT', 'LCTB92')","('Dp1Yey', 'LCTB92')",50.0,0.010807067155838013,0.007779552415013313,0.013887734711170194,True,20440,16060
dmn_within,44,"('WT', 'LCTB92')","('Dp1Yey', 'LCTB92')",95.0,0.03413862735033035,0.029688046462833906,0.037957419902086224,True,20440,16060
dmn_within,44,"('WT', 'LCTB92')","('Dp1Yey', 'LCTB92')",99.0,0.0342811805009845,0.022212436828762405,0.04094453917443748,True,20440,16060
dmn_within,45,"('WT', 'VEH')","('WT', 'LCTB92')",1.0,0.10229327261447907,0.09721907563507556,0.10796604566276073,True,17376,20272
dmn_within,45,"('WT', 'VEH')","('WT', 'LCTB92')",5.0,0.11150192618370056,0.10579896226525307,0.11573153071105481,True,17376,20272
dmn_within,45,"('WT', 'VEH')","('WT', 'LCTB92')",50.0,0.08108031749725342,0.07756328545510768,0.08458453863859176,True,17376,20272
dmn_within,45,"('WT', 'VEH')","('WT', 'LCTB92')",95.0,0.06674506291747095,0.06346477888524531,0.07053509654477226,True,17376,20272
dmn_within,45,"('WT', 'VEH')","('WT', 'LCTB92')",99.0,0.06251916900277132,0.054414660967886455,0.06856542871892447,True,17376,20272
dmn_within,45,"('Dp1Yey', 'VEH')","('Dp1Yey', 'LCTB92')",1.0,0.02353548109531406,0.010914307683706314,0.03938199315965177,True,15928,15928
dmn_within,45,"('Dp1Yey', 'VEH')","('Dp1Yey', 'LCTB92')",5.0,0.012773677706718445,0.00927685685455798,0.015745692551136035,True,15928,15928
dmn_within,45,"('Dp1Yey', 'VEH')","('Dp1Yey', 'LCTB92')",50.0,0.005686759948730469,0.00277327299118042,0.008317593485116959,True,15928,15928
dmn_within,45,"('Dp1Yey', 'VEH')","('Dp1Yey', 'LCTB92')",95.0,-0.016621893644332864,-0.02041896644979715,-0.01257559455931187,True,15928,15928
dmn_within,45,"('Dp1Yey', 'VEH')","('Dp1Yey', 'LCTB92')",99.0,-0.04924237638711915,-0.06407233761995951,-0.040751606434583657,True,15928,15928
dmn_within,45,"('WT', 'VEH')","('Dp1Yey', 'VEH')",1.0,-0.03465514540672304,-0.039963363498449346,-0.028696244865655907,True,17376,15928
dmn_within,45,"('WT', 'VEH')","('Dp1Yey', 'VEH')",5.0,-0.02262056469917295,-0.027053265571594237,-0.01912478417158127,True,17376,15928
dmn_within,45,"('WT', 'VEH')","('Dp1Yey', 'VEH')",50.0,0.0852276086807251,0.08237440064549446,0.08850384913384915,True,17376,15928
dmn_within,45,"('WT', 'VEH')","('Dp1Yey', 'VEH')",95.0,0.11584761664271359,0.11250321073457599,0.11983918674290184,True,17376,15928
dmn_within,45,"('WT', 'VEH')","('Dp1Yey', 'VEH')",99.0,0.14419266462326064,0.13769584564119575,0.148502686470747,True,17376,15928
dmn_within,45,"('WT', 'LCTB92')","('Dp1Yey', 'LCTB92')",1.0,-0.11341293692588805,-0.12606282866001128,-0.09799750193953516,True,20272,15928
dmn_within,45,"('WT', 'LCTB92')","('Dp1Yey', 'LCTB92')",5.0,-0.12134881317615506,-0.12580482058227066,-0.11680183842778206,True,20272,15928
dmn_within,45,"('WT', 'LCTB92')","('Dp1Yey', 'LCTB92')",50.0,0.009834051132202148,0.006284311413764954,0.013073785975575446,True,20272,15928
dmn_within,45,"('WT', 'LCTB92')","('Dp1Yey', 'LCTB92')",95.0,0.03248066008090977,0.028677993677556537,0.036531962342560335,True,20272,15928
dmn_within,45,"('WT', 'LCTB92')","('Dp1Yey', 'LCTB92')",99.0,0.032431119233370165,0.017157044243067784,0.042228244081139746,True,20272,15928
dmn_within,46,"('WT', 'VEH')","('WT', 'LCTB92')",1.0,0.10097691297531128,0.09740373334288596,0.10621058337390422,True,17232,20104
dmn_within,46,"('WT', 'VEH')","('WT', 'LCTB92')",5.0,0.10892451703548434,0.10191174045205116,0.11469857178628444,True,17232,20104
dmn_within,46,"('WT', 'VEH')","('WT', 'LCTB92')",50.0,0.08439457416534424,0.08070212230086327,0.08758628070354461,True,17232,20104
dmn_within,46,"('WT', 'VEH')","('WT', 'LCTB92')",95.0,0.06737743988633171,0.06377367500215769,0.07104575768113108,True,17232,20104
dmn_within,46,"('WT', 'VEH')","('WT', 'LCTB92')",99.0,0.0594777956604956,0.0523600364178418,0.06732465421780852,True,17232,20104
dmn_within,46,"('Dp1Yey', 'VEH')","('Dp1Yey', 'LCTB92')",1.0,0.024633106589317277,0.010971709713339805,0.03627249062061308,True,15796,15796
dmn_within,46,"('Dp1Yey', 'VEH')","('Dp1Yey', 'LCTB92')",5.0,0.011954247951507568,0.008342649787664413,0.015101609379053115,True,15796,15796
dmn_within,46,"('Dp1Yey', 'VEH')","('Dp1Yey', 'LCTB92')",50.0,0.0062566399574279785,0.0033848688006401064,0.008977957069873808,True,15796,15796
dmn_within,46,"('Dp1Yey', 'VEH')","('Dp1Yey', 'LCTB92')",95.0,-0.017898425459861755,-0.020845536887645722,-0.013994019851088524,True,15796,15796
dmn_within,46,"('Dp1Yey', 'VEH')","('Dp1Yey', 'LCTB92')",99.0,-0.060455410182476244,-0.07415046140551568,-0.04727491255849607,True,15796,15796
dmn_within,46,"('WT', 'VEH')","('Dp1Yey', 'VEH')",1.0,-0.03467769622802733,-0.03890641219913961,-0.030228605538606665,True,17232,15796
dmn_within,46,"('WT', 'VEH')","('Dp1Yey', 'VEH')",5.0,-0.024590632319450356,-0.02893094591796396,-0.02028770051896572,True,17232,15796
dmn_within,46,"('WT', 'VEH')","('Dp1Yey', 'VEH')",50.0,0.08740544319152832,0.0843760509043932,0.09029540568590164,True,17232,15796
dmn_within,46,"('WT', 'VEH')","('Dp1Yey', 'VEH')",95.0,0.11649510189890866,0.11301235174760223,0.11976907435804605,True,17232,15796
dmn_within,46,"('WT', 'VEH')","('Dp1Yey', 'VEH')",99.0,0.14277572557330165,0.1373713659942142,0.14840728072076978,True,17232,15796
dmn_within,46,"('WT', 'LCTB92')","('Dp1Yey', 'LCTB92')",1.0,-0.11102150261402133,-0.12506016352772714,-0.09977154017984867,True,20104,15796
dmn_within,46,"('WT', 'LCTB92')","('Dp1Yey', 'LCTB92')",5.0,-0.12156090140342712,-0.12663711212575435,-0.11637992970645428,True,20104,15796
dmn_within,46,"('WT', 'LCTB92')","('Dp1Yey', 'LCTB92')",50.0,0.00926750898361206,0.006251630187034607,0.01285541951656341,True,20104,15796
dmn_within,46,"('WT', 'LCTB92')","('Dp1Yey', 'LCTB92')",95.0,0.03121923655271519,0.027890935726463794,0.03498714800924056,True,20104,15796
dmn_within,46,"('WT', 'LCTB92')","('Dp1Yey', 'LCTB92')",99.0,0.022842519730329802,0.008573993675410762,0.03779830186069022,True,20104,15796
dmn_within,47,"('WT', 'VEH')","('WT', 'LCTB92')",1.0,0.10185391008853914,0.09805302441120146,0.1071662900745869,True,17088,19936
dmn_within,47,"('WT', 'VEH')","('WT', 'LCTB92')",5.0,0.1065058082342148,0.09968854919075963,0.11293578147888184,True,17088,19936
dmn_within,47,"('WT', 'VEH')","('WT', 'LCTB92')",50.0,0.0849895030260086,0.08128468953073024,0.08860234543681145,True,17088,19936
dmn_within,47,"('WT', 'VEH')","('WT', 'LCTB92')",95.0,0.06607460603117943,0.06193254532292485,0.07015293337404728,True,17088,19936
dmn_within,47,"('WT', 'VEH')","('WT', 'LCTB92')",99.0,0.05669718593359008,0.050104486573488066,0.06395904088392834,True,17088,19936
dmn_within,47,"('Dp1Yey', 'VEH')","('Dp1Yey', 'LCTB92')",1.0,0.02560976088047029,0.0099895017296076,0.03526385712623595,True,15664,15664
dmn_within,47,"('Dp1Yey', 'VEH')","('Dp1Yey', 'LCTB92')",5.0,0.011023381352424644,0.007554306015372277,0.014059039503335974,True,15664,15664
dmn_within,47,"('Dp1Yey', 'VEH')","('Dp1Yey', 'LCTB92')",50.0,0.005881577730178833,0.002858617156744003,0.009387116879224777,True,15664,15664
dmn_within,47,"('Dp1Yey', 'VEH')","('Dp1Yey', 'LCTB92')",95.0,-0.01827452182769751,-0.021822445578872876,-0.014611170999705714,True,15664,15664
dmn_within,47,"('Dp1Yey', 'VEH')","('Dp1Yey', 'LCTB92')",99.0,-0.06714920789003342,-0.07765189028158538,-0.051061400294303665,True,15664,15664
dmn_within,47,"('WT', 'VEH')","('Dp1Yey', 'VEH')",1.0,-0.034100242257118246,-0.037653383746743194,-0.028374516412615774,True,17088,15664
dmn_within,47,"('WT', 'VEH')","('Dp1Yey', 'VEH')",5.0,-0.024557021260261547,-0.02977474853396418,-0.0197296067327261,True,17088,15664
dmn_within,47,"('WT', 'VEH')","('Dp1Yey', 'VEH')",50.0,0.08900533616542816,0.08541740998625755,0.09209106303751469,True,17088,15664
dmn_within,47,"('WT', 'VEH')","('Dp1Yey', 'VEH')",95.0,0.11778254583477987,0.11365272708237169,0.1217453056760132,True,17088,15664
dmn_within,47,"('WT', 'VEH')","('Dp1Yey', 'VEH')",99.0,0.1369529147446158,0.13172232792153993,0.1441858852729202,True,17088,15664
dmn_within,47,"('WT', 'LCTB92')","('Dp1Yey', 'LCTB92')",1.0,-0.1103443914651871,-0.12532147750258443,-0.10078173512220384,True,19936,15664
dmn_within,47,"('WT', 'LCTB92')","('Dp1Yey', 'LCTB92')",5.0,-0.1200394481420517,-0.12566551044583318,-0.11455025114119052,True,19936,15664
dmn_within,47,"('WT', 'LCTB92')","('Dp1Yey', 'LCTB92')",50.0,0.009897410869598389,0.00619896873831749,0.013149648904800415,True,19936,15664
dmn_within,47,"('WT', 'LCTB92')","('Dp1Yey', 'LCTB92')",95.0,0.033433417975902935,0.029498012848198397,0.03727133505046385,True,19936,15664
dmn_within,47,"('WT', 'LCTB92')","('Dp1Yey', 'LCTB92')",99.0,0.013106520920992293,0.0027993562258785297,0.030025934264064965,True,19936,15664
dmn_within,48,"('WT', 'VEH')","('WT', 'LCTB92')",1.0,0.10261786460876465,0.09900696787238121,0.10531006316840648,True,16944,19768
dmn_within,48,"('WT', 'VEH')","('WT', 'LCTB92')",5.0,0.1011438488960266,0.09442200839519502,0.10825955301523207,True,16944,19768
dmn_within,48,"('WT', 'VEH')","('WT', 'LCTB92')",50.0,0.08559811115264893,0.08122833631932735,0.08928383998572827,True,16944,19768
dmn_within,48,"('WT', 'VEH')","('WT', 'LCTB92')",95.0,0.06337386593222605,0.059056348297745004,0.06843900144100203,True,16944,19768
dmn_within,48,"('WT', 'VEH')","('WT', 'LCTB92')",99.0,0.056743829846382376,0.050139629896730015,0.06332899439334863,True,16944,19768
dmn_within,48,"('Dp1Yey', 'VEH')","('Dp1Yey', 'LCTB92')",1.0,0.021576172709465047,0.008904672861099243,0.03134498319029808,True,15532,15532
dmn_within,48,"('Dp1Yey', 'VEH')","('Dp1Yey', 'LCTB92')",5.0,0.007930645346641507,0.004686619117856015,0.011005022749304748,True,15532,15532
dmn_within,48,"('Dp1Yey', 'VEH')","('Dp1Yey', 'LCTB92')",50.0,0.005407482385635376,0.002723214775323868,0.007859161496162413,True,15532,15532
dmn_within,48,"('Dp1Yey', 'VEH')","('Dp1Yey', 'LCTB92')",95.0,-0.01660927981138227,-0.020639221481978828,-0.013441729098558381,True,15532,15532
dmn_within,48,"('Dp1Yey', 'VEH')","('Dp1Yey', 'LCTB92')",99.0,-0.07545707821846037,-0.08383273890614511,-0.06093030678480857,True,15532,15532
dmn_within,48,"('WT', 'VEH')","('Dp1Yey', 'VEH')",1.0,-0.03047489404678347,-0.034558626830577845,-0.027854840010404603,True,16944,15532
dmn_within,48,"('WT', 'VEH')","('Dp1Yey', 'VEH')",5.0,-0.02687324583530426,-0.03150274209678173,-0.021012948751449628,True,16944,15532
dmn_within,48,"('WT', 'VEH')","('Dp1Yey', 'VEH')",50.0,0.09047624468803406,0.08761123269796371,0.0935966782271862,True,16944,15532
dmn_within,48,"('WT', 'VEH')","('Dp1Yey', 'VEH')",95.0,0.11728827878832804,0.11379927869886149,0.12159680871292929,True,16944,15532
dmn_within,48,"('WT', 'VEH')","('Dp1Yey', 'VEH')",99.0,0.1395305466651915,0.133040453530848,0.14463320283964268,True,16944,15532
dmn_within,48,"('WT', 'LCTB92')","('Dp1Yey', 'LCTB92')",1.0,-0.11151658594608307,-0.12275926527380943,-0.10123770348727701,True,19768,15532
dmn_within,48,"('WT', 'LCTB92')","('Dp1Yey', 'LCTB92')",5.0,-0.12008644938468935,-0.1256645532697439,-0.1145359433442354,True,19768,15532
dmn_within,48,"('WT', 'LCTB92')","('Dp1Yey', 'LCTB92')",50.0,0.010285615921020508,0.007050840556621552,0.013969904184341426,True,19768,15532
dmn_within,48,"('WT', 'LCTB92')","('Dp1Yey', 'LCTB92')",95.0,0.03730513304471972,0.03259633623063575,0.041324026137590765,True,19768,15532
dmn_within,48,"('WT', 'LCTB92')","('Dp1Yey', 'LCTB92')",99.0,0.007329638600348742,-0.0024272695221009,0.021660354003310157,False,19768,15532
dmn_within,49,"('WT', 'VEH')","('WT', 'LCTB92')",1.0,0.10159597039222718,0.09914057552814484,0.10417245809733869,True,16800,19600
dmn_within,49,"('WT', 'VEH')","('WT', 'LCTB92')",5.0,0.09412683844566347,0.08771653950214386,0.10353094205260274,True,16800,19600
dmn_within,49,"('WT', 'VEH')","('WT', 'LCTB92')",50.0,0.08638398349285126,0.08182538524270058,0.09004260338842868,True,16800,19600
dmn_within,49,"('WT', 'VEH')","('WT', 'LCTB92')",95.0,0.06467003002762806,0.06134401597082615,0.06870031569153082,True,16800,19600
dmn_within,49,"('WT', 'VEH')","('WT', 'LCTB92')",99.0,0.059454471170901635,0.05388550078496335,0.0648075307682155,True,16800,19600
dmn_within,49,"('Dp1Yey', 'VEH')","('Dp1Yey', 'LCTB92')",1.0,0.02392046213150026,0.009618661105632765,0.028043644949793826,True,15400,15400
dmn_within,49,"('Dp1Yey', 'VEH')","('Dp1Yey', 'LCTB92')",5.0,0.004489010572433505,0.0005976358056068096,0.008501490056514766,True,15400,15400
dmn_within,49,"('Dp1Yey', 'VEH')","('Dp1Yey', 'LCTB92')",50.0,0.0032394230365753174,0.0004414252936840057,0.005955143272876737,True,15400,15400
dmn_within,49,"('Dp1Yey', 'VEH')","('Dp1Yey', 'LCTB92')",95.0,-0.01781582087278366,-0.022588256411254316,-0.01355286136269568,True,15400,15400
dmn_within,49,"('Dp1Yey', 'VEH')","('Dp1Yey', 'LCTB92')",99.0,-0.07526536673307427,-0.08790612597763539,-0.06662526624649764,True,15400,15400
dmn_within,49,"('WT', 'VEH')","('Dp1Yey', 'VEH')",1.0,-0.030169728398323076,-0.03304278232157233,-0.028142254054546345,True,16800,15400
dmn_within,49,"('WT', 'VEH')","('Dp1Yey', 'VEH')",5.0,-0.030765321850776683,-0.035123291984200465,-0.025206245854496958,True,16800,15400
dmn_within,49,"('WT', 'VEH')","('Dp1Yey', 'VEH')",50.0,0.09201101958751678,0.08878805004060268,0.0948642011731863,True,16800,15400
dmn_within,49,"('WT', 'VEH')","('Dp1Yey', 'VEH')",95.0,0.11845887675881395,0.11541547046974313,0.1219985324330628,True,16800,15400
dmn_within,49,"('WT', 'VEH')","('Dp1Yey', 'VEH')",99.0,0.141340627074241,0.1350224861055612,0.14623497362807342,True,16800,15400
dmn_within,49,"('WT', 'LCTB92')","('Dp1Yey', 'LCTB92')",1.0,-0.10784523665904999,-0.12169825008511548,-0.10401906418800354,True,19600,15400
dmn_within,49,"('WT', 'LCTB92')","('Dp1Yey', 'LCTB92')",5.0,-0.12040314972400665,-0.12847520731389522,-0.11430390179157257,True,19600,15400
dmn_within,49,"('WT', 'LCTB92')","('Dp1Yey', 'LCTB92')",50.0,0.008866459131240845,0.0051157474517822266,0.012890809029340741,True,19600,15400
dmn_within,49,"('WT', 'LCTB92')","('Dp1Yey', 'LCTB92')",95.0,0.03597302585840223,0.03074329484254124,0.040549807921051985,True,19600,15400
dmn_within,49,"('WT', 'LCTB92')","('Dp1Yey', 'LCTB92')",99.0,0.006620789170265096,-0.0059509325847033724,0.0148297146074471,False,19600,15400
dmn_within,50,"('WT', 'VEH')","('WT', 'LCTB92')",1.0,0.09995721280574799,0.09772546395659448,0.10258562901616096,True,16656,19432
dmn_within,50,"('WT', 'VEH')","('WT', 'LCTB92')",5.0,0.08900633156299592,0.08156050369143486,0.09864589929580687,True,16656,19432
dmn_within,50,"('WT', 'VEH')","('WT', 'LCTB92')",50.0,0.0856362134218216,0.08108100220561028,0.08956253603100776,True,16656,19432
dmn_within,50,"('WT', 'VEH')","('WT', 'LCTB92')",95.0,0.06465931683778758,0.06142202049493789,0.06884105896577239,True,16656,19432
dmn_within,50,"('WT', 'VEH')","('WT', 'LCTB92')",99.0,0.05964673414826438,0.05365441804006713,0.0643740634918225,True,16656,19432
dmn_within,50,"('Dp1Yey', 'VEH')","('Dp1Yey', 'LCTB92')",1.0,0.023109551072120704,0.011521938607096683,0.026670216396450994,True,15268,15268
dmn_within,50,"('Dp1Yey', 'VEH')","('Dp1Yey', 'LCTB92')",5.0,0.0018841117620468362,-0.002599608898162853,0.005590866059064872,False,15268,15268
dmn_within,50,"('Dp1Yey', 'VEH')","('Dp1Yey', 'LCTB92')",50.0,0.001019507646560669,-0.0015763252973556518,0.004012788832187652,False,15268,15268
dmn_within,50,"('Dp1Yey', 'VEH')","('Dp1Yey', 'LCTB92')",95.0,-0.021188762784004278,-0.026107955984771274,-0.015632973127067133,True,15268,15268
dmn_within,50,"('Dp1Yey', 'VEH')","('Dp1Yey', 'LCTB92')",99.0,-0.08386761784553531,-0.09386074389144768,-0.07576361449062827,True,15268,15268
dmn_within,50,"('WT', 'VEH')","('Dp1Yey', 'VEH')",1.0,-0.03269220471382145,-0.034916621670126914,-0.030235454529523857,True,16656,15268
dmn_within,50,"('WT', 'VEH')","('Dp1Yey', 'VEH')",5.0,-0.03142046630382539,-0.03537667371332648,-0.026467056497931483,True,16656,15268
dmn_within,50,"('WT', 'VEH')","('Dp1Yey', 'VEH')",50.0,0.09261374175548553,0.08939993306994438,0.09531378298997879,True,16656,15268
dmn_within,50,"('WT', 'VEH')","('Dp1Yey', 'VEH')",95.0,0.11964852064847953,0.11668545190244912,0.12290229039266713,True,16656,15268
dmn_within,50,"('WT', 'VEH')","('Dp1Yey', 'VEH')",99.0,0.14133222356438646,0.13527283216640376,0.14611874559521676,True,16656,15268
dmn_within,50,"('WT', 'LCTB92')","('Dp1Yey', 'LCTB92')",1.0,-0.10953986644744873,-0.12199229045212268,-0.10599075269699096,True,19432,15268
dmn_within,50,"('WT', 'LCTB92')","('Dp1Yey', 'LCTB92')",5.0,-0.11854268610477448,-0.1275512797385454,-0.11137773223221302,True,19432,15268
dmn_within,50,"('WT', 'LCTB92')","('Dp1Yey', 'LCTB92')",50.0,0.00799703598022461,0.004201294481754303,0.01217236816883087,True,19432,15268
dmn_within,50,"('WT', 'LCTB92')","('Dp1Yey', 'LCTB92')",95.0,0.033800441026687666,0.028636992946267176,0.039285706579685324,True,19432,15268
dmn_within,50,"('WT', 'LCTB92')","('Dp1Yey', 'LCTB92')",99.0,-0.0021821284294132326,-0.011514782685786451,0.00590349421650167,False,19432,15268
dmn_within,51,"('WT', 'VEH')","('WT', 'LCTB92')",1.0,0.09973452508449554,0.09748688097298147,0.10182490752637385,True,16512,19264
dmn_within,51,"('WT', 'VEH')","('WT', 'LCTB92')",5.0,0.08499537706375121,0.07716813780367372,0.0939228259772062,True,16512,19264
dmn_within,51,"('WT', 'VEH')","('WT', 'LCTB92')",50.0,0.08461505174636841,0.08031965456902981,0.08902434371411799,True,16512,19264
dmn_within,51,"('WT', 'VEH')","('WT', 'LCTB92')",95.0,0.0648880243301394,0.06013797163963283,0.06859074000269129,True,16512,19264
dmn_within,51,"('WT', 'VEH')","('WT', 'LCTB92')",99.0,0.055811213850975205,0.0518255595378578,0.05989195013418796,True,16512,19264
dmn_within,51,"('Dp1Yey', 'VEH')","('Dp1Yey', 'LCTB92')",1.0,0.02032025158405304,0.010579424649477026,0.023946827724576,True,15136,15136
dmn_within,51,"('Dp1Yey', 'VEH')","('Dp1Yey', 'LCTB92')",5.0,-0.002750501036643982,-0.007899593561887741,0.0010716874152421933,False,15136,15136
dmn_within,51,"('Dp1Yey', 'VEH')","('Dp1Yey', 'LCTB92')",50.0,-0.0006681680679321289,-0.0031506232917308807,0.0018353179097175593,False,15136,15136
dmn_within,51,"('Dp1Yey', 'VEH')","('Dp1Yey', 'LCTB92')",95.0,-0.02445552498102188,-0.02868514358997345,-0.018901327997446062,True,15136,15136
dmn_within,51,"('Dp1Yey', 'VEH')","('Dp1Yey', 'LCTB92')",99.0,-0.09179345369338987,-0.0986915339715774,-0.08367221180349571,True,15136,15136
dmn_within,51,"('WT', 'VEH')","('Dp1Yey', 'VEH')",1.0,-0.03201393485069276,-0.03416593618690968,-0.02959924377501011,True,16512,15136
dmn_within,51,"('WT', 'VEH')","('Dp1Yey', 'VEH')",5.0,-0.029568102955818187,-0.03378350026905537,-0.02526741474866869,True,16512,15136
dmn_within,51,"('WT', 'VEH')","('Dp1Yey', 'VEH')",50.0,0.0931621789932251,0.0898850154131651,0.09656834565103053,True,16512,15136
dmn_within,51,"('WT', 'VEH')","('Dp1Yey', 'VEH')",95.0,0.12334558963775633,0.1191345068067311,0.12632260683923954,True,16512,15136
dmn_within,51,"('WT', 'VEH')","('Dp1Yey', 'VEH')",99.0,0.14128614187240596,0.13726542630791666,0.14499731633812185,True,16512,15136
dmn_within,51,"('WT', 'LCTB92')","('Dp1Yey', 'LCTB92')",1.0,-0.11142820835113526,-0.12072728583216666,-0.10744159589707852,True,19264,15136
dmn_within,51,"('WT', 'LCTB92')","('Dp1Yey', 'LCTB92')",5.0,-0.11731398105621338,-0.12684036411345004,-0.1099281994253397,True,19264,15136
dmn_within,51,"('WT', 'LCTB92')","('Dp1Yey', 'LCTB92')",50.0,0.00787895917892456,0.004306519031524658,0.011592762917280196,True,19264,15136
dmn_within,51,"('WT', 'LCTB92')","('Dp1Yey', 'LCTB92')",95.0,0.03400204032659504,0.029294956251978897,0.03993053670972578,True,19264,15136
dmn_within,51,"('WT', 'LCTB92')","('Dp1Yey', 'LCTB92')",99.0,-0.006318525671959119,-0.01360159211605802,0.0026006868183614832,False,19264,15136
dmn_within,52,"('WT', 'VEH')","('WT', 'LCTB92')",1.0,0.09848921000957489,0.09607622075080871,0.10069625885784626,True,16368,19096
dmn_within,52,"('WT', 'VEH')","('WT', 'LCTB92')",5.0,0.08178919255733491,0.07452425993978978,0.09001824982464313,True,16368,19096
dmn_within,52,"('WT', 'VEH')","('WT', 'LCTB92')",50.0,0.08439028263092041,0.08025943525135518,0.08856825791299343,True,16368,19096
dmn_within,52,"('WT', 'VEH')","('WT', 'LCTB92')",95.0,0.06383842527866357,0.0600430073589087,0.06793455153703684,True,16368,19096
dmn_within,52,"('WT', 'VEH')","('WT', 'LCTB92')",99.0,0.05463148206472401,0.05138202524557714,0.05908495089411755,True,16368,19096
dmn_within,52,"('Dp1Yey', 'VEH')","('Dp1Yey', 'LCTB92')",1.0,0.011426509022712722,0.004640872657299025,0.01844540309906007,True,15004,15004
dmn_within,52,"('Dp1Yey', 'VEH')","('Dp1Yey', 'LCTB92')",5.0,-0.007093492150306746,-0.01098572500050068,-0.002914054617285733,True,15004,15004
dmn_within,52,"('Dp1Yey', 'VEH')","('Dp1Yey', 'LCTB92')",50.0,-0.0020893514156341553,-0.004611112177371979,0.0006680719554424271,False,15004,15004
dmn_within,52,"('Dp1Yey', 'VEH')","('Dp1Yey', 'LCTB92')",95.0,-0.02832966297864936,-0.03194073703140031,-0.023977035358547782,True,15004,15004
dmn_within,52,"('Dp1Yey', 'VEH')","('Dp1Yey', 'LCTB92')",99.0,-0.0982032820582388,-0.10305522751808167,-0.09074698429554576,True,15004,15004
dmn_within,52,"('WT', 'VEH')","('Dp1Yey', 'VEH')",1.0,-0.030107224583625802,-0.031936306834220884,-0.026912241280078873,True,16368,15004
dmn_within,52,"('WT', 'VEH')","('Dp1Yey', 'VEH')",5.0,-0.030466264486312844,-0.03399859152734281,-0.023912102654576346,True,16368,15004
dmn_within,52,"('WT', 'VEH')","('Dp1Yey', 'VEH')",50.0,0.09470731019973755,0.09119266979396343,0.09799961782991885,True,16368,15004
dmn_within,52,"('WT', 'VEH')","('Dp1Yey', 'VEH')",95.0,0.12433452755212804,0.12077819414436813,0.1282602672278881,True,16368,15004
dmn_within,52,"('WT', 'VEH')","('Dp1Yey', 'VEH')",99.0,0.14388536721467982,0.14045919340848928,0.14807533673197035,True,16368,15004
dmn_within,52,"('WT', 'LCTB92')","('Dp1Yey', 'LCTB92')",1.0,-0.11716992557048797,-0.12301039434969424,-0.10988546960055828,True,19096,15004
dmn_within,52,"('WT', 'LCTB92')","('Dp1Yey', 'LCTB92')",5.0,-0.1193489491939545,-0.12605597965419296,-0.11161835007369518,True,19096,15004
dmn_within,52,"('WT', 'LCTB92')","('Dp1Yey', 'LCTB92')",50.0,0.008227676153182983,0.004756992310285568,0.011938730627298354,True,19096,15004
dmn_within,52,"('WT', 'LCTB92')","('Dp1Yey', 'LCTB92')",95.0,0.03216643929481511,0.028365960493683944,0.03672231741249561,True,19096,15004
dmn_within,52,"('WT', 'LCTB92')","('Dp1Yey', 'LCTB92')",99.0,-0.008949396908283003,-0.014026614263653764,-0.0017049136385321774,True,19096,15004
dmn_within,53,"('WT', 'VEH')","('WT', 'LCTB92')",1.0,0.09594468653202057,0.09304358403384684,0.09866821940243242,True,16224,18928
dmn_within,53,"('WT', 'VEH')","('WT', 'LCTB92')",5.0,0.08091920316219328,0.07318554222583773,0.08759416371583936,True,16224,18928
dmn_within,53,"('WT', 'VEH')","('WT', 'LCTB92')",50.0,0.083385169506073,0.07999874837696552,0.08652895167469979,True,16224,18928
dmn_within,53,"('WT', 'VEH')","('WT', 'LCTB92')",95.0,0.0627113565802574,0.05849227588623708,0.06700666811317181,True,16224,18928
dmn_within,53,"('WT', 'VEH')","('WT', 'LCTB92')",99.0,0.053140899837017086,0.04930372683703911,0.05801002814620731,True,16224,18928
dmn_within,53,"('Dp1Yey', 'VEH')","('Dp1Yey', 'LCTB92')",1.0,0.0032861238718032704,-0.0014283826649189493,0.00977243980765343,False,14872,14872
dmn_within,53,"('Dp1Yey', 'VEH')","('Dp1Yey', 'LCTB92')",5.0,-0.007557949423789956,-0.011599982827901829,-0.00355924762785435,True,14872,14872
dmn_within,53,"('Dp1Yey', 'VEH')","('Dp1Yey', 'LCTB92')",50.0,-0.0032548904418945312,-0.0061961539089679715,-0.0003637447953224188,True,14872,14872
dmn_within,53,"('Dp1Yey', 'VEH')","('Dp1Yey', 'LCTB92')",95.0,-0.03345420509576802,-0.03740996193140747,-0.027968449965119584,True,14872,14872
dmn_within,53,"('Dp1Yey', 'VEH')","('Dp1Yey', 'LCTB92')",99.0,-0.10070641964673999,-0.1065861269459123,-0.09218414218723713,True,14872,14872
dmn_within,53,"('WT', 'VEH')","('Dp1Yey', 'VEH')",1.0,-0.02737214744091032,-0.030578250929713263,-0.024215742528438573,True,16224,14872
dmn_within,53,"('WT', 'VEH')","('Dp1Yey', 'VEH')",5.0,-0.030269461870193526,-0.034281359240412715,-0.026081207171082504,True,16224,14872
dmn_within,53,"('WT', 'VEH')","('Dp1Yey', 'VEH')",50.0,0.09532389044761658,0.09261257201433182,0.09834552854299546,True,16224,14872
dmn_within,53,"('WT', 'VEH')","('Dp1Yey', 'VEH')",95.0,0.12463279515504833,0.1204909543693065,0.12830299552530036,True,16224,14872
dmn_within,53,"('WT', 'VEH')","('Dp1Yey', 'VEH')",99.0,0.14445594280958196,0.13995785787701606,0.14889037156477608,True,16224,14872
dmn_within,53,"('WT', 'LCTB92')","('Dp1Yey', 'LCTB92')",1.0,-0.12003071010112762,-0.12451327626407148,-0.11316536785662173,True,18928,14872
dmn_within,53,"('WT', 'LCTB92')","('Dp1Yey', 'LCTB92')",5.0,-0.11874661445617676,-0.12545798838138578,-0.11104107707738878,True,18928,14872
dmn_within,53,"('WT', 'LCTB92')","('Dp1Yey', 'LCTB92')",50.0,0.008683830499649048,0.005697561800479889,0.012191800773143767,True,18928,14872
dmn_within,53,"('WT', 'LCTB92')","('Dp1Yey', 'LCTB92')",95.0,0.028467233479022913,0.024200583398342235,0.034330949336290356,True,18928,14872
dmn_within,53,"('WT', 'LCTB92')","('Dp1Yey', 'LCTB92')",99.0,-0.009391376674175111,-0.015028677433728602,-0.0015271268188953358,True,18928,14872
dmn_within,54,"('WT', 'VEH')","('WT', 'LCTB92')",1.0,0.09490727424621581,0.09168552009761334,0.0979808460175991,True,16080,18760
dmn_within,54,"('WT', 'VEH')","('WT', 'LCTB92')",5.0,0.07875216603279112,0.0722823911905289,0.08508960917592048,True,16080,18760
dmn_within,54,"('WT', 'VEH')","('WT', 'LCTB92')",50.0,0.08190026879310608,0.07843413054943085,0.08561172187328339,True,16080,18760
dmn_within,54,"('WT', 'VEH')","('WT', 'LCTB92')",95.0,0.05988741219043736,0.0548945619538426,0.06427944839000706,True,16080,18760
dmn_within,54,"('WT', 'VEH')","('WT', 'LCTB92')",99.0,0.051878488212823703,0.046282254803925754,0.05634231648221612,True,16080,18760
dmn_within,54,"('Dp1Yey', 'VEH')","('Dp1Yey', 'LCTB92')",1.0,-0.0002745300531387662,-0.00566184438765049,0.005115910127758976,False,14740,14740
dmn_within,54,"('Dp1Yey', 'VEH')","('Dp1Yey', 'LCTB92')",5.0,-0.009672558307647683,-0.01468202643096447,-0.004036582112312318,True,14740,14740
dmn_within,54,"('Dp1Yey', 'VEH')","('Dp1Yey', 'LCTB92')",50.0,-0.003324568271636963,-0.006301575154066086,-0.0006571538746356975,True,14740,14740
dmn_within,54,"('Dp1Yey', 'VEH')","('Dp1Yey', 'LCTB92')",95.0,-0.0378641799092293,-0.04149351119995117,-0.03255681276321396,True,14740,14740
dmn_within,54,"('Dp1Yey', 'VEH')","('Dp1Yey', 'LCTB92')",99.0,-0.09970741897821467,-0.1080193048119545,-0.09252951017022132,True,14740,14740
dmn_within,54,"('WT', 'VEH')","('Dp1Yey', 'VEH')",1.0,-0.026461749672889695,-0.02965033309161664,-0.021637386336922634,True,16080,14740
dmn_within,54,"('WT', 'VEH')","('Dp1Yey', 'VEH')",5.0,-0.030524930357933078,-0.035247382074594484,-0.025973623842000998,True,16080,14740
dmn_within,54,"('WT', 'VEH')","('Dp1Yey', 'VEH')",50.0,0.09493362903594971,0.09243497103452683,0.09792384020984173,True,16080,14740
dmn_within,54,"('WT', 'VEH')","('Dp1Yey', 'VEH')",95.0,0.1235532522201539,0.11874653380364168,0.12763481579720948,True,16080,14740
dmn_within,54,"('WT', 'VEH')","('Dp1Yey', 'VEH')",99.0,0.1433548052608965,0.13780353393033104,0.14754598534852262,True,16080,14740
dmn_within,54,"('WT', 'LCTB92')","('Dp1Yey', 'LCTB92')",1.0,-0.12164355397224427,-0.12575785422325134,-0.11663083676993848,True,18760,14740
dmn_within,54,"('WT', 'LCTB92')","('Dp1Yey', 'LCTB92')",5.0,-0.11894965469837188,-0.12521421141922476,-0.11147728130221367,True,18760,14740
dmn_within,54,"('WT', 'LCTB92')","('Dp1Yey', 'LCTB92')",50.0,0.009708791971206665,0.0058308131992816925,0.01337323486804962,True,18760,14740
dmn_within,54,"('WT', 'LCTB92')","('Dp1Yey', 'LCTB92')",95.0,0.025801660120487235,0.021725991889834317,0.0315460421517492,True,18760,14740
dmn_within,54,"('WT', 'LCTB92')","('Dp1Yey', 'LCTB92')",99.0,-0.00823110193014187,-0.016824904590845118,-0.0006640949100256625,True,18760,14740
dmn_within,55,"('WT', 'VEH')","('WT', 'LCTB92')",1.0,0.0951515430212021,0.09171305710077285,0.09906802895665168,True,15936,18592
dmn_within,55,"('WT', 'VEH')","('WT', 'LCTB92')",5.0,0.07557308673858643,0.0694645944982767,0.08333019018173217,True,15936,18592
dmn_within,55,"('WT', 'VEH')","('WT', 'LCTB92')",50.0,0.0807303786277771,0.07707177624106407,0.0847548246383667,True,15936,18592
dmn_within,55,"('WT', 'VEH')","('WT', 'LCTB92')",95.0,0.0590352445840836,0.054851274676620786,0.06266502238810062,True,15936,18592
dmn_within,55,"('WT', 'VEH')","('WT', 'LCTB92')",99.0,0.04561998248100274,0.04159540709853163,0.05215516811236711,True,15936,18592
dmn_within,55,"('Dp1Yey', 'VEH')","('Dp1Yey', 'LCTB92')",1.0,-0.006466708183288594,-0.011268376335501682,-0.001104409739375107,True,14608,14608
dmn_within,55,"('Dp1Yey', 'VEH')","('Dp1Yey', 'LCTB92')",5.0,-0.009261640906333912,-0.01767619855701928,-0.0044095212221145425,True,14608,14608
dmn_within,55,"('Dp1Yey', 'VEH')","('Dp1Yey', 'LCTB92')",50.0,-0.003262639045715332,-0.006532755494117737,-0.0004501044750213631,True,14608,14608
dmn_within,55,"('Dp1Yey', 'VEH')","('Dp1Yey', 'LCTB92')",95.0,-0.03981214016675949,-0.04388421591371296,-0.03595888655632736,True,14608,14608
dmn_within,55,"('Dp1Yey', 'VEH')","('Dp1Yey', 'LCTB92')",99.0,-0.09733119487762454,-0.10701584930717946,-0.08760947996377953,True,14608,14608
dmn_within,55,"('WT', 'VEH')","('Dp1Yey', 'VEH')",1.0,-0.022270119190216042,-0.025694125428795803,-0.018202720612287532,True,15936,14608
dmn_within,55,"('WT', 'VEH')","('Dp1Yey', 'VEH')",5.0,-0.03224667608737947,-0.03638816997408867,-0.02703476153314114,True,15936,14608
dmn_within,55,"('WT', 'VEH')","('Dp1Yey', 'VEH')",50.0,0.09488856792449951,0.09184562377631664,0.09820148944854737,True,15936,14608
dmn_within,55,"('WT', 'VEH')","('Dp1Yey', 'VEH')",95.0,0.12213273793458934,0.11849703777581454,0.1253630907833576,True,15936,14608
dmn_within,55,"('WT', 'VEH')","('Dp1Yey', 'VEH')",99.0,0.13858165830373748,0.13337524921447036,0.14392718862369638,True,15936,14608
dmn_within,55,"('WT', 'LCTB92')","('Dp1Yey', 'LCTB92')",1.0,-0.12388837039470674,-0.1285255005955696,-0.1186275592148304,True,18592,14608
dmn_within,55,"('WT', 'LCTB92')","('Dp1Yey', 'LCTB92')",5.0,-0.1170814037322998,-0.12744272746145727,-0.1103460593521595,True,18592,14608
dmn_within,55,"('WT', 'LCTB92')","('Dp1Yey', 'LCTB92')",50.0,0.01089555025100708,0.007046649605035782,0.014282801747322082,True,18592,14608
dmn_within,55,"('WT', 'LCTB92')","('Dp1Yey', 'LCTB92')",95.0,0.02328535318374625,0.01899003814905895,0.028007313981652345,True,18592,14608
dmn_within,55,"('WT', 'LCTB92')","('Dp1Yey', 'LCTB92')",99.0,-0.004369519054889803,-0.014345818504691812,0.004562928579747531,False,18592,14608
dmn_within,56,"('WT', 'VEH')","('WT', 'LCTB92')",1.0,0.09562309086322784,0.09205250550806522,0.09838973562419413,True,15792,18424
dmn_within,56,"('WT', 'VEH')","('WT', 'LCTB92')",5.0,0.0758886009454727,0.06927564606070519,0.08141203530132769,True,15792,18424
dmn_within,56,"('WT', 'VEH')","('WT', 'LCTB92')",50.0,0.0807722806930542,0.07681458108127118,0.08428838104009628,True,15792,18424
dmn_within,56,"('WT', 'VEH')","('WT', 'LCTB92')",95.0,0.05742859393358224,0.05385684888809919,0.060945596434175985,True,15792,18424
dmn_within,56,"('WT', 'VEH')","('WT', 'LCTB92')",99.0,0.045666319727897586,0.040954653292894355,0.050644829042255875,True,15792,18424
dmn_within,56,"('Dp1Yey', 'VEH')","('Dp1Yey', 'LCTB92')",1.0,-0.011981695890426636,-0.015791499242186546,-0.008247445896267903,True,14476,14476
dmn_within,56,"('Dp1Yey', 'VEH')","('Dp1Yey', 'LCTB92')",5.0,-0.011261582374572754,-0.018362100422382354,-0.006176182255148893,True,14476,14476
dmn_within,56,"('Dp1Yey', 'VEH')","('Dp1Yey', 'LCTB92')",50.0,-0.003424525260925293,-0.006495723128318786,-0.0001614019274711616,True,14476,14476
dmn_within,56,"('Dp1Yey', 'VEH')","('Dp1Yey', 'LCTB92')",95.0,-0.04017891734838486,-0.044295186549425124,-0.03579099383205176,True,14476,14476
dmn_within,56,"('Dp1Yey', 'VEH')","('Dp1Yey', 'LCTB92')",99.0,-0.09901383519172668,-0.1098549086600542,-0.08940060660243035,True,14476,14476
dmn_within,56,"('WT', 'VEH')","('Dp1Yey', 'VEH')",1.0,-0.018376678228378296,-0.022446055710315705,-0.01439477719366552,True,15792,14476
dmn_within,56,"('WT', 'VEH')","('Dp1Yey', 'VEH')",5.0,-0.03220791816711427,-0.036633805856108655,-0.02722271427512169,True,15792,14476
dmn_within,56,"('WT', 'VEH')","('Dp1Yey', 'VEH')",50.0,0.0947188138961792,0.09179301857948304,0.09768333435058593,True,15792,14476
dmn_within,56,"('WT', 'VEH')","('Dp1Yey', 'VEH')",95.0,0.12024794220924373,0.11655430234968638,0.1234423852711916,True,15792,14476
dmn_within,56,"('WT', 'VEH')","('Dp1Yey', 'VEH')",99.0,0.13665517330169674,0.1334778946042061,0.14033318619802604,True,15792,14476
dmn_within,56,"('WT', 'LCTB92')","('Dp1Yey', 'LCTB92')",1.0,-0.12598146498203278,-0.12921241730451585,-0.12286866781115532,True,18424,14476
dmn_within,56,"('WT', 'LCTB92')","('Dp1Yey', 'LCTB92')",5.0,-0.11935810148715972,-0.126784853041172,-0.1122321520000696,True,18424,14476
dmn_within,56,"('WT', 'LCTB92')","('Dp1Yey', 'LCTB92')",50.0,0.010522007942199707,0.0070036865770816805,0.014524608105421066,True,18424,14476
dmn_within,56,"('WT', 'LCTB92')","('Dp1Yey', 'LCTB92')",95.0,0.022640430927276634,0.018132508136331733,0.02689041264355147,True,18424,14476
dmn_within,56,"('WT', 'LCTB92')","('Dp1Yey', 'LCTB92')",99.0,-0.008024981617927529,-0.0200805597715079,0.0015998709127306966,False,18424,14476
dmn_within,57,"('WT', 'VEH')","('WT', 'LCTB92')",1.0,0.0929951113462448,0.08988282284140586,0.09623441113531589,True,15648,18256
dmn_within,57,"('WT', 'VEH')","('WT', 'LCTB92')",5.0,0.0738335818052292,0.0676798827946186,0.0788449550420046,True,15648,18256
dmn_within,57,"('WT', 'VEH')","('WT', 'LCTB92')",50.0,0.08039180934429169,0.07709498479962348,0.08415473960340022,True,15648,18256
dmn_within,57,"('WT', 'VEH')","('WT', 'LCTB92')",95.0,0.05565875768661499,0.052288626059889834,0.05883440040051941,True,15648,18256
dmn_within,57,"('WT', 'VEH')","('WT', 'LCTB92')",99.0,0.04753773033618924,0.04196619649603926,0.052342379689216546,True,15648,18256
dmn_within,57,"('Dp1Yey', 'VEH')","('Dp1Yey', 'LCTB92')",1.0,-0.017832582592964163,-0.02157849678397177,-0.011647532686591163,True,14344,14344
dmn_within,57,"('Dp1Yey', 'VEH')","('Dp1Yey', 'LCTB92')",5.0,-0.014363598823547374,-0.01974300533533095,-0.008783808648586305,True,14344,14344
dmn_within,57,"('Dp1Yey', 'VEH')","('Dp1Yey', 'LCTB92')",50.0,-0.003198176622390747,-0.005864535272121429,-7.446482777595525e-05,True,14344,14344
dmn_within,57,"('Dp1Yey', 'VEH')","('Dp1Yey', 'LCTB92')",95.0,-0.04014080464839953,-0.044422260224819224,-0.03608388226479292,True,14344,14344
dmn_within,57,"('Dp1Yey', 'VEH')","('Dp1Yey', 'LCTB92')",99.0,-0.10328308314085011,-0.11263987804204212,-0.09592930852621762,True,14344,14344
dmn_within,57,"('WT', 'VEH')","('Dp1Yey', 'VEH')",1.0,-0.01506432414054873,-0.02162777012586593,-0.01108863772451878,True,15648,14344
dmn_within,57,"('WT', 'VEH')","('Dp1Yey', 'VEH')",5.0,-0.031171369552612294,-0.03503331348299978,-0.027315535023808478,True,15648,14344
dmn_within,57,"('WT', 'VEH')","('Dp1Yey', 'VEH')",50.0,0.0954073816537857,0.09271063320338727,0.09833800680935383,True,15648,14344
dmn_within,57,"('WT', 'VEH')","('Dp1Yey', 'VEH')",95.0,0.11791023612022422,0.11445884954184289,0.12142772957682611,True,15648,14344
dmn_within,57,"('WT', 'VEH')","('Dp1Yey', 'VEH')",99.0,0.13497050255537035,0.13015858503803612,0.13900219520553964,True,15648,14344
dmn_within,57,"('WT', 'LCTB92')","('Dp1Yey', 'LCTB92')",1.0,-0.1258920180797577,-0.12889990332722664,-0.12279543638229369,True,18256,14344
dmn_within,57,"('WT', 'LCTB92')","('Dp1Yey', 'LCTB92')",5.0,-0.11936855018138887,-0.12545122273266315,-0.11203105174005037,True,18256,14344
dmn_within,57,"('WT', 'LCTB92')","('Dp1Yey', 'LCTB92')",50.0,0.011817395687103271,0.007987985014915466,0.01514255329966545,True,18256,14344
dmn_within,57,"('WT', 'LCTB92')","('Dp1Yey', 'LCTB92')",95.0,0.0221106737852097,0.01809877585619688,0.0264477607980371,True,18256,14344
dmn_within,57,"('WT', 'LCTB92')","('Dp1Yey', 'LCTB92')",99.0,-0.015850310921668997,-0.02533491000160561,-0.007556260749697269,True,18256,14344
dmn_within,58,"('WT', 'VEH')","('WT', 'LCTB92')",1.0,0.09169631421566009,0.08930450366437435,0.09435227078199386,True,15504,18088
dmn_within,58,"('WT', 'VEH')","('WT', 'LCTB92')",5.0,0.07167806029319762,0.06541435085237027,0.07638671606779102,True,15504,18088
dmn_within,58,"('WT', 'VEH')","('WT', 'LCTB92')",50.0,0.08112218976020813,0.07802981473505496,0.08431451134383679,True,15504,18088
dmn_within,58,"('WT', 'VEH')","('WT', 'LCTB92')",95.0,0.05632186830043806,0.052284548021852915,0.05892720393836487,True,15504,18088
dmn_within,58,"('WT', 'VEH')","('WT', 'LCTB92')",99.0,0.047790572643279794,0.041646245047449515,0.05402831798419298,True,15504,18088
dmn_within,58,"('Dp1Yey', 'VEH')","('Dp1Yey', 'LCTB92')",1.0,-0.022400817871093742,-0.027775825306773163,-0.013613287970423694,True,14212,14212
dmn_within,58,"('Dp1Yey', 'VEH')","('Dp1Yey', 'LCTB92')",5.0,-0.01603568494319918,-0.02016531690955162,-0.010949780866503729,True,14212,14212
dmn_within,58,"('Dp1Yey', 'VEH')","('Dp1Yey', 'LCTB92')",50.0,-0.002602815628051758,-0.005408662557601929,0.00012586489319800934,False,14212,14212
dmn_within,58,"('Dp1Yey', 'VEH')","('Dp1Yey', 'LCTB92')",95.0,-0.042240530252456665,-0.045517745688557716,-0.038321989811956864,True,14212,14212
dmn_within,58,"('Dp1Yey', 'VEH')","('Dp1Yey', 'LCTB92')",99.0,-0.10853129118680949,-0.11678396411985167,-0.10069636578857809,True,14212,14212
dmn_within,58,"('WT', 'VEH')","('Dp1Yey', 'VEH')",1.0,-0.011609585285186769,-0.02041957870125772,-0.006247349381446828,True,15504,14212
dmn_within,58,"('WT', 'VEH')","('Dp1Yey', 'VEH')",5.0,-0.03229693472385409,-0.03529401987791062,-0.02888845831155777,True,15504,14212
dmn_within,58,"('WT', 'VEH')","('Dp1Yey', 'VEH')",50.0,0.09504806995391846,0.0922577865421772,0.09790661484003067,True,15504,14212
dmn_within,58,"('WT', 'VEH')","('Dp1Yey', 'VEH')",95.0,0.12035638988018038,0.11656071010977022,0.12329011958092456,True,15504,14212
dmn_within,58,"('WT', 'VEH')","('Dp1Yey', 'VEH')",99.0,0.13240430802106873,0.12790690605342386,0.13700840649753812,True,15504,14212
dmn_within,58,"('WT', 'LCTB92')","('Dp1Yey', 'LCTB92')",1.0,-0.1257067173719406,-0.12850861589610577,-0.12253390648961068,True,18088,14212
dmn_within,58,"('WT', 'LCTB92')","('Dp1Yey', 'LCTB92')",5.0,-0.12001067996025089,-0.1252343412488699,-0.11267658725380898,True,18088,14212
dmn_within,58,"('WT', 'LCTB92')","('Dp1Yey', 'LCTB92')",50.0,0.01132306456565857,0.008352504670619964,0.014504605531692505,True,18088,14212
dmn_within,58,"('WT', 'LCTB92')","('Dp1Yey', 'LCTB92')",95.0,0.021793991327285656,0.01878555346280361,0.025669302120804587,True,18088,14212
dmn_within,58,"('WT', 'LCTB92')","('Dp1Yey', 'LCTB92')",99.0,-0.023917555809020552,-0.03276901623606677,-0.014473839864134138,True,18088,14212
dmn_within,59,"('WT', 'VEH')","('WT', 'LCTB92')",1.0,0.09057772755622864,0.08755480347573757,0.09349010823667048,True,15360,17920
dmn_within,59,"('WT', 'VEH')","('WT', 'LCTB92')",5.0,0.06889643371105195,0.06416140422224999,0.07395433984696864,True,15360,17920
dmn_within,59,"('WT', 'VEH')","('WT', 'LCTB92')",50.0,0.08047202229499817,0.07683374807238579,0.08366969451308251,True,15360,17920
dmn_within,59,"('WT', 'VEH')","('WT', 'LCTB92')",95.0,0.05772789418697355,0.05302846379578109,0.06044910598546282,True,15360,17920
dmn_within,59,"('WT', 'VEH')","('WT', 'LCTB92')",99.0,0.046017991602420594,0.039745316118001146,0.05599912009388207,True,15360,17920
dmn_within,59,"('Dp1Yey', 'VEH')","('Dp1Yey', 'LCTB92')",1.0,-0.0309123307466507,-0.03597942951321602,-0.01696473565697672,True,14080,14080
dmn_within,59,"('Dp1Yey', 'VEH')","('Dp1Yey', 'LCTB92')",5.0,-0.013994604349136353,-0.017989082261920017,-0.01079897962510586,True,14080,14080
dmn_within,59,"('Dp1Yey', 'VEH')","('Dp1Yey', 'LCTB92')",50.0,-0.0016331672668457031,-0.004526454955339432,0.0011772781610488875,False,14080,14080
dmn_within,59,"('Dp1Yey', 'VEH')","('Dp1Yey', 'LCTB92')",95.0,-0.04298100620508194,-0.047166160605847884,-0.03937995199114096,True,14080,14080
dmn_within,59,"('Dp1Yey', 'VEH')","('Dp1Yey', 'LCTB92')",99.0,-0.11104266345500913,-0.11789785106480016,-0.10290183021128164,True,14080,14080
dmn_within,59,"('WT', 'VEH')","('Dp1Yey', 'VEH')",1.0,-0.003665674924850454,-0.017632857635617255,0.0005670393407344886,False,15360,14080
dmn_within,59,"('WT', 'VEH')","('Dp1Yey', 'VEH')",5.0,-0.0337019622325897,-0.03669349648058417,-0.030419580042362202,True,15360,14080
dmn_within,59,"('WT', 'VEH')","('Dp1Yey', 'VEH')",50.0,0.09295576810836792,0.0902045588940382,0.09559516832232476,True,15360,14080
dmn_within,59,"('WT', 'VEH')","('Dp1Yey', 'VEH')",95.0,0.12109548896551137,0.11608225129544737,0.12471399486064921,True,15360,14080
dmn_within,59,"('WT', 'VEH')","('Dp1Yey', 'VEH')",99.0,0.1293190547823907,0.1253701114580035,0.133311998128891,True,15360,14080
dmn_within,59,"('WT', 'LCTB92')","('Dp1Yey', 'LCTB92')",1.0,-0.1251557332277298,-0.12896042144298553,-0.12200300136208535,True,17920,14080
dmn_within,59,"('WT', 'LCTB92')","('Dp1Yey', 'LCTB92')",5.0,-0.116593000292778,-0.12182992324233058,-0.1120802739262581,True,17920,14080
dmn_within,59,"('WT', 'LCTB92')","('Dp1Yey', 'LCTB92')",50.0,0.010850578546524048,0.007381895929574967,0.014307619631290434,True,17920,14080
dmn_within,59,"('WT', 'LCTB92')","('Dp1Yey', 'LCTB92')",95.0,0.020386588573455877,0.016948206163942815,0.023610193207860015,True,17920,14080
dmn_within,59,"('WT', 'LCTB92')","('Dp1Yey', 'LCTB92')",99.0,-0.027741600275039024,-0.03900156293436883,-0.018087553091346374,True,17920,14080
dmn_within,5,"('WT', 'VEH')","('WT', 'LCTB92')",1.0,0.057566596269607584,0.040686338186264034,0.07250917171686883,True,23136,26992
dmn_within,5,"('WT', 'VEH')","('WT', 'LCTB92')",5.0,0.0426800400018692,0.036288996152579786,0.04973363701254134,True,23136,26992
dmn_within,5,"('WT', 'VEH')","('WT', 'LCTB92')",50.0,0.017055608332157135,0.01527229747734964,0.01870487881824374,True,23136,26992
dmn_within,5,"('WT', 'VEH')","('WT', 'LCTB92')",95.0,0.004159818217158273,0.002752980515361092,0.0056966203451156595,True,23136,26992
dmn_within,5,"('WT', 'VEH')","('WT', 'LCTB92')",99.0,0.0046103874966503255,0.0020050405627119517,0.00722992313187583,True,23136,26992
dmn_within,5,"('Dp1Yey', 'VEH')","('Dp1Yey', 'LCTB92')",1.0,-0.02135865032672879,-0.03515706434845924,-0.004907361097633821,True,21208,21208
dmn_within,5,"('Dp1Yey', 'VEH')","('Dp1Yey', 'LCTB92')",5.0,0.00259849131107337,-0.005230351388454416,0.00985469710081813,False,21208,21208
dmn_within,5,"('Dp1Yey', 'VEH')","('Dp1Yey', 'LCTB92')",50.0,-0.0011122971773147583,-0.003113324008882046,0.0009578174911439416,False,21208,21208
dmn_within,5,"('Dp1Yey', 'VEH')","('Dp1Yey', 'LCTB92')",95.0,-0.0010270127095282078,-0.0028015355370007875,0.0009204956539906977,False,21208,21208
dmn_within,5,"('Dp1Yey', 'VEH')","('Dp1Yey', 'LCTB92')",99.0,0.0013820813968778989,-0.001263028697110763,0.00397874405607581,False,21208,21208
dmn_within,5,"('WT', 'VEH')","('Dp1Yey', 'VEH')",1.0,0.04815927237272266,0.031396680206060366,0.062481643669307224,True,23136,21208
dmn_within,5,"('WT', 'VEH')","('Dp1Yey', 'VEH')",5.0,0.04555282443761821,0.03896743301302195,0.05391634732484815,True,23136,21208
dmn_within,5,"('WT', 'VEH')","('Dp1Yey', 'VEH')",50.0,0.022517744451761246,0.020610739849507807,0.024423646135255692,True,23136,21208
dmn_within,5,"('WT', 'VEH')","('Dp1Yey', 'VEH')",95.0,0.009837887622416108,0.008189552542753647,0.011421870978083464,True,23136,21208
dmn_within,5,"('WT', 'VEH')","('Dp1Yey', 'VEH')",99.0,0.009150225520133892,0.0068386313887312975,0.011614519130439076,True,23136,21208
dmn_within,5,"('WT', 'LCTB92')","('Dp1Yey', 'LCTB92')",1.0,-0.030765974223613712,-0.045596843264996995,-0.014871099308133047,True,26992,21208
dmn_within,5,"('WT', 'LCTB92')","('Dp1Yey', 'LCTB92')",5.0,0.005471275746822379,-0.0012125713378190988,0.01246629763394594,False,26992,21208
dmn_within,5,"('WT', 'LCTB92')","('Dp1Yey', 'LCTB92')",50.0,0.004349838942289352,0.002439665235579014,0.006375851202756166,True,26992,21208
dmn_within,5,"('WT', 'LCTB92')","('Dp1Yey', 'LCTB92')",95.0,0.004651056695729627,0.0029691892862319935,0.00644109589513404,True,26992,21208
dmn_within,5,"('WT', 'LCTB92')","('Dp1Yey', 'LCTB92')",99.0,0.005921919420361466,0.003306087417528031,0.00893503549788145,True,26992,21208
dmn_within,60,"('WT', 'VEH')","('WT', 'LCTB92')",1.0,0.08682350277900697,0.08378237925469874,0.08967002053558826,True,15216,17752
dmn_within,60,"('WT', 'VEH')","('WT', 'LCTB92')",5.0,0.06833870112895965,0.06329183556139469,0.07279433086514472,True,15216,17752
dmn_within,60,"('WT', 'VEH')","('WT', 'LCTB92')",50.0,0.07951387763023376,0.0752809353172779,0.08319225646555424,True,15216,17752
dmn_within,60,"('WT', 'VEH')","('WT', 'LCTB92')",95.0,0.057269567251205356,0.05243059381842607,0.061515911296010015,True,15216,17752
dmn_within,60,"('WT', 'VEH')","('WT', 'LCTB92')",99.0,0.04963348284363578,0.041329110592602546,0.060874101109801064,True,15216,17752
dmn_within,60,"('Dp1Yey', 'VEH')","('Dp1Yey', 'LCTB92')",1.0,-0.03563011288642884,-0.04462374930083752,-0.020802601575851426,True,13948,13948
dmn_within,60,"('Dp1Yey', 'VEH')","('Dp1Yey', 'LCTB92')",5.0,-0.013333520293235812,-0.01822485014796256,-0.009881272688508034,True,13948,13948
dmn_within,60,"('Dp1Yey', 'VEH')","('Dp1Yey', 'LCTB92')",50.0,-0.0006227195262908936,-0.003182298690080643,0.001995132118463515,False,13948,13948
dmn_within,60,"('Dp1Yey', 'VEH')","('Dp1Yey', 'LCTB92')",95.0,-0.0444436311721802,-0.04800582829862833,-0.04046238873153925,True,13948,13948
dmn_within,60,"('Dp1Yey', 'VEH')","('Dp1Yey', 'LCTB92')",99.0,-0.11487306267023079,-0.12409279907494856,-0.10353767022490509,True,13948,13948
dmn_within,60,"('WT', 'VEH')","('Dp1Yey', 'VEH')",1.0,-0.0026583284139632957,-0.018130037099122982,0.005549353480339057,False,15216,13948
dmn_within,60,"('WT', 'VEH')","('Dp1Yey', 'VEH')",5.0,-0.03442413210868833,-0.03786845773458481,-0.030979129150509835,True,15216,13948
dmn_within,60,"('WT', 'VEH')","('Dp1Yey', 'VEH')",50.0,0.09025022387504578,0.08735881745815277,0.09297961667180062,True,15216,13948
dmn_within,60,"('WT', 'VEH')","('Dp1Yey', 'VEH')",95.0,0.12034581750631335,0.11517008394002914,0.12468177780508993,True,15216,13948
dmn_within,60,"('WT', 'VEH')","('Dp1Yey', 'VEH')",99.0,0.12945610746741298,0.12501227010413987,0.13409113297611475,True,15216,13948
dmn_within,60,"('WT', 'LCTB92')","('Dp1Yey', 'LCTB92')",1.0,-0.1251119440793991,-0.12977212342619898,-0.12174863366782665,True,17752,13948
dmn_within,60,"('WT', 'LCTB92')","('Dp1Yey', 'LCTB92')",5.0,-0.1160963535308838,-0.12159770146012305,-0.11084828600287439,True,17752,13948
dmn_within,60,"('WT', 'LCTB92')","('Dp1Yey', 'LCTB92')",50.0,0.010113626718521118,0.00660129189491272,0.013987104594707488,True,17752,13948
dmn_within,60,"('WT', 'LCTB92')","('Dp1Yey', 'LCTB92')",95.0,0.018632619082927793,0.015175621435046327,0.022601161375642016,True,17752,13948
dmn_within,60,"('WT', 'LCTB92')","('Dp1Yey', 'LCTB92')",99.0,-0.03505043804645358,-0.04989371524006042,-0.021230464488267247,True,17752,13948
dmn_within,61,"('WT', 'VEH')","('WT', 'LCTB92')",1.0,0.08484992861747741,0.08233977752923965,0.0876877599209547,True,15072,17584
dmn_within,61,"('WT', 'VEH')","('WT', 'LCTB92')",5.0,0.0674077332019806,0.06237543657422062,0.07235024064779283,True,15072,17584
dmn_within,61,"('WT', 'VEH')","('WT', 'LCTB92')",50.0,0.07787171006202698,0.07352280355989933,0.08161993660032749,True,15072,17584
dmn_within,61,"('WT', 'VEH')","('WT', 'LCTB92')",95.0,0.05834194868803022,0.05369087118655441,0.06190270751714728,True,15072,17584
dmn_within,61,"('WT', 'VEH')","('WT', 'LCTB92')",99.0,0.058245799690486044,0.04949773868173478,0.06915080396085926,True,15072,17584
dmn_within,61,"('Dp1Yey', 'VEH')","('Dp1Yey', 'LCTB92')",1.0,-0.0403728812932968,-0.04864264667034149,-0.030350474640727026,True,13816,13816
dmn_within,61,"('Dp1Yey', 'VEH')","('Dp1Yey', 'LCTB92')",5.0,-0.01351948082447052,-0.018950822949409484,-0.008685801550745964,True,13816,13816
dmn_within,61,"('Dp1Yey', 'VEH')","('Dp1Yey', 'LCTB92')",50.0,-9.337067604064941e-05,-0.0027242273092269896,0.0025332696735858914,False,13816,13816
dmn_within,61,"('Dp1Yey', 'VEH')","('Dp1Yey', 'LCTB92')",95.0,-0.044204823672771454,-0.04683154951781034,-0.040463749133050446,True,13816,13816
dmn_within,61,"('Dp1Yey', 'VEH')","('Dp1Yey', 'LCTB92')",99.0,-0.12220219373703045,-0.13539695804938717,-0.10451973114162696,True,13816,13816
dmn_within,61,"('WT', 'VEH')","('Dp1Yey', 'VEH')",1.0,-0.002046793103218092,-0.012706886515021335,0.005735846847295745,False,15072,13816
dmn_within,61,"('WT', 'VEH')","('Dp1Yey', 'VEH')",5.0,-0.034561365842819214,-0.03818495236337185,-0.02995142556726932,True,15072,13816
dmn_within,61,"('WT', 'VEH')","('Dp1Yey', 'VEH')",50.0,0.08779886364936829,0.08487979769706726,0.09085308909416198,True,15072,13816
dmn_within,61,"('WT', 'VEH')","('Dp1Yey', 'VEH')",95.0,0.11850056499242778,0.11399187818169583,0.12171734005212756,True,15072,13816
dmn_within,61,"('WT', 'VEH')","('Dp1Yey', 'VEH')",99.0,0.13261696800589484,0.12833215767145145,0.13715763840079298,True,15072,13816
dmn_within,61,"('WT', 'LCTB92')","('Dp1Yey', 'LCTB92')",1.0,-0.12726960301399232,-0.1310757517814636,-0.12346766805648803,True,17584,13816
dmn_within,61,"('WT', 'LCTB92')","('Dp1Yey', 'LCTB92')",5.0,-0.11548857986927033,-0.12081366181373596,-0.1095890288800001,True,17584,13816
dmn_within,61,"('WT', 'LCTB92')","('Dp1Yey', 'LCTB92')",50.0,0.00983378291130066,0.006176634877920151,0.013968513906002044,True,17584,13816
dmn_within,61,"('WT', 'LCTB92')","('Dp1Yey', 'LCTB92')",95.0,0.015953792631626107,0.013114432245492936,0.01969015706330529,True,17584,13816
dmn_within,61,"('WT', 'LCTB92')","('Dp1Yey', 'LCTB92')",99.0,-0.047831025421621653,-0.06362984433770336,-0.029379155814647683,True,17584,13816
dmn_within,62,"('WT', 'VEH')","('WT', 'LCTB92')",1.0,0.08376146078109742,0.07895106667280198,0.08680294847488404,True,14928,17416
dmn_within,62,"('WT', 'VEH')","('WT', 'LCTB92')",5.0,0.06776187717914581,0.06215634815394879,0.07262378819286822,True,14928,17416
dmn_within,62,"('WT', 'VEH')","('WT', 'LCTB92')",50.0,0.07699301838874817,0.07226837314665317,0.08091373182833195,True,14928,17416
dmn_within,62,"('WT', 'VEH')","('WT', 'LCTB92')",95.0,0.0584755197167397,0.054295042715966704,0.06180110305547718,True,14928,17416
dmn_within,62,"('WT', 'VEH')","('WT', 'LCTB92')",99.0,0.06428776115179091,0.051639372147619975,0.07180484753474735,True,14928,17416
dmn_within,62,"('Dp1Yey', 'VEH')","('Dp1Yey', 'LCTB92')",1.0,-0.04289461195468902,-0.05076044282317162,-0.033946183800697326,True,13684,13684
dmn_within,62,"('Dp1Yey', 'VEH')","('Dp1Yey', 'LCTB92')",5.0,-0.01303302347660068,-0.01889309339225293,-0.008510417565703381,True,13684,13684
dmn_within,62,"('Dp1Yey', 'VEH')","('Dp1Yey', 'LCTB92')",50.0,-0.00021377205848693848,-0.002624183148145676,0.002637827396392821,False,13684,13684
dmn_within,62,"('Dp1Yey', 'VEH')","('Dp1Yey', 'LCTB92')",95.0,-0.04353921115398407,-0.04755806341767177,-0.03941140159964562,True,13684,13684
dmn_within,62,"('Dp1Yey', 'VEH')","('Dp1Yey', 'LCTB92')",99.0,-0.12352815896272662,-0.13707395678758622,-0.10115365521609787,True,13684,13684
dmn_within,62,"('WT', 'VEH')","('Dp1Yey', 'VEH')",1.0,8.49938392639138e-05,-0.009851513758301724,0.007169672593474396,False,14928,13684
dmn_within,62,"('WT', 'VEH')","('Dp1Yey', 'VEH')",5.0,-0.034436452388763444,-0.0377364307641983,-0.030053639113903026,True,14928,13684
dmn_within,62,"('WT', 'VEH')","('Dp1Yey', 'VEH')",50.0,0.08603554964065552,0.08233781456947327,0.08875449970364571,True,14928,13684
dmn_within,62,"('WT', 'VEH')","('Dp1Yey', 'VEH')",95.0,0.11545849144458775,0.11133219406008717,0.11930485352873804,True,14928,13684
dmn_within,62,"('WT', 'VEH')","('Dp1Yey', 'VEH')",99.0,0.12475082784891112,0.11882424059510223,0.1304994512423873,True,14928,13684
dmn_within,62,"('WT', 'LCTB92')","('Dp1Yey', 'LCTB92')",1.0,-0.12657107889652253,-0.13028639331459996,-0.12343520286679267,True,17416,13684
dmn_within,62,"('WT', 'LCTB92')","('Dp1Yey', 'LCTB92')",5.0,-0.11523135304450993,-0.12134100347757337,-0.10877235479652883,True,17416,13684
dmn_within,62,"('WT', 'LCTB92')","('Dp1Yey', 'LCTB92')",50.0,0.00882875919342041,0.005222717672586441,0.01279841512441635,True,17416,13684
dmn_within,62,"('WT', 'LCTB92')","('Dp1Yey', 'LCTB92')",95.0,0.013443760573863983,0.009903332367539408,0.01752428881824057,True,17416,13684
dmn_within,62,"('WT', 'LCTB92')","('Dp1Yey', 'LCTB92')",99.0,-0.06306509226560642,-0.07684947016835227,-0.03915591908246282,True,17416,13684
dmn_within,63,"('WT', 'VEH')","('WT', 'LCTB92')",1.0,0.08111093699932098,0.07378247824311257,0.08528446356952189,True,14784,17248
dmn_within,63,"('WT', 'VEH')","('WT', 'LCTB92')",5.0,0.06719934642314912,0.062031568586826326,0.07215538911521435,True,14784,17248
dmn_within,63,"('WT', 'VEH')","('WT', 'LCTB92')",50.0,0.07639896869659424,0.07188987620174885,0.08005486279726028,True,14784,17248
dmn_within,63,"('WT', 'VEH')","('WT', 'LCTB92')",95.0,0.05760658830404275,0.05410150974988939,0.061419436074793055,True,14784,17248
dmn_within,63,"('WT', 'VEH')","('WT', 'LCTB92')",99.0,0.06252346098423034,0.05474088123440781,0.0691814889460802,True,14784,17248
dmn_within,63,"('Dp1Yey', 'VEH')","('Dp1Yey', 'LCTB92')",1.0,-0.04244030296802523,-0.05073512196540831,-0.03521488419175148,True,13552,13552
dmn_within,63,"('Dp1Yey', 'VEH')","('Dp1Yey', 'LCTB92')",5.0,-0.012933731079101562,-0.01970279961824417,-0.008528918847441702,True,13552,13552
dmn_within,63,"('Dp1Yey', 'VEH')","('Dp1Yey', 'LCTB92')",50.0,-0.0004977285861968994,-0.002862829715013504,0.0021750785410404204,False,13552,13552
dmn_within,63,"('Dp1Yey', 'VEH')","('Dp1Yey', 'LCTB92')",95.0,-0.04650459140539176,-0.050672679431736554,-0.04212274909019451,True,13552,13552
dmn_within,63,"('Dp1Yey', 'VEH')","('Dp1Yey', 'LCTB92')",99.0,-0.11547109186649318,-0.1279711549282074,-0.09961055793613181,True,13552,13552
dmn_within,63,"('WT', 'VEH')","('Dp1Yey', 'VEH')",1.0,-0.002614396810531605,-0.011970405220985384,0.006408614128828058,False,14784,13552
dmn_within,63,"('WT', 'VEH')","('Dp1Yey', 'VEH')",5.0,-0.032818505167961115,-0.03651668645441532,-0.029017760381102556,True,14784,13552
dmn_within,63,"('WT', 'VEH')","('Dp1Yey', 'VEH')",50.0,0.08330819010734558,0.08027629218995572,0.08599774427711963,True,14784,13552
dmn_within,63,"('WT', 'VEH')","('Dp1Yey', 'VEH')",95.0,0.11445576548576353,0.11034883826971043,0.11830528546124697,True,14784,13552
dmn_within,63,"('WT', 'VEH')","('Dp1Yey', 'VEH')",99.0,0.11407606124877934,0.10710603208094836,0.11956080763041979,True,14784,13552
dmn_within,63,"('WT', 'LCTB92')","('Dp1Yey', 'LCTB92')",1.0,-0.12616563677787782,-0.12938155040144922,-0.1230113812685013,True,17248,13552
dmn_within,63,"('WT', 'LCTB92')","('Dp1Yey', 'LCTB92')",5.0,-0.1129515826702118,-0.12047184430062775,-0.10706869252026081,True,17248,13552
dmn_within,63,"('WT', 'LCTB92')","('Dp1Yey', 'LCTB92')",50.0,0.006411492824554443,0.0027884252369403837,0.010434222966432566,True,17248,13552
dmn_within,63,"('WT', 'LCTB92')","('Dp1Yey', 'LCTB92')",95.0,0.010344585776329018,0.006335182152688157,0.01423568554222585,True,17248,13552
dmn_within,63,"('WT', 'LCTB92')","('Dp1Yey', 'LCTB92')",99.0,-0.06391849160194418,-0.07702232660353224,-0.0469938694164159,True,17248,13552
dmn_within,64,"('WT', 'VEH')","('WT', 'LCTB92')",1.0,0.07875106096267699,0.07346636559069157,0.08217678560316562,True,14640,17080
dmn_within,64,"('WT', 'VEH')","('WT', 'LCTB92')",5.0,0.06472171545028688,0.059923629388213176,0.07036480508744715,True,14640,17080
dmn_within,64,"('WT', 'VEH')","('WT', 'LCTB92')",50.0,0.07503832876682281,0.0704453207552433,0.07980466037988662,True,14640,17080
dmn_within,64,"('WT', 'VEH')","('WT', 'LCTB92')",95.0,0.05795403271913524,0.05444884933531278,0.061666980311274586,True,14640,17080
dmn_within,64,"('WT', 'VEH')","('WT', 'LCTB92')",99.0,0.057685795128345596,0.05051541761308913,0.06450072119385016,True,14640,17080
dmn_within,64,"('Dp1Yey', 'VEH')","('Dp1Yey', 'LCTB92')",1.0,-0.04554031252861024,-0.05085849140584469,-0.03621331198513508,True,13420,13420
dmn_within,64,"('Dp1Yey', 'VEH')","('Dp1Yey', 'LCTB92')",5.0,-0.013853728771209717,-0.02129328951239587,-0.009943503364920635,True,13420,13420
dmn_within,64,"('Dp1Yey', 'VEH')","('Dp1Yey', 'LCTB92')",50.0,-0.00021567940711975098,-0.0027788922190666197,0.0024119138717651365,False,13420,13420
dmn_within,64,"('Dp1Yey', 'VEH')","('Dp1Yey', 'LCTB92')",95.0,-0.04897348135709756,-0.053201664388179755,-0.04502886794507501,True,13420,13420
dmn_within,64,"('Dp1Yey', 'VEH')","('Dp1Yey', 'LCTB92')",99.0,-0.11309735715389246,-0.12154396776854996,-0.10096386589854942,True,13420,13420
dmn_within,64,"('WT', 'VEH')","('Dp1Yey', 'VEH')",1.0,-0.0010347300767898637,-0.011629838421940798,0.004759821906685827,False,14640,13420
dmn_within,64,"('WT', 'VEH')","('Dp1Yey', 'VEH')",5.0,-0.03271370828151704,-0.036814708113670325,-0.028811319619417207,True,14640,13420
dmn_within,64,"('WT', 'VEH')","('Dp1Yey', 'VEH')",50.0,0.08111284673213959,0.07777824178338051,0.08422716483473777,True,14640,13420
dmn_within,64,"('WT', 'VEH')","('Dp1Yey', 'VEH')",95.0,0.11426499038934701,0.1105389937758445,0.11800130888819678,True,14640,13420
dmn_within,64,"('WT', 'VEH')","('Dp1Yey', 'VEH')",99.0,0.10479176193475725,0.09844858876615777,0.11127126221358848,True,14640,13420
dmn_within,64,"('WT', 'LCTB92')","('Dp1Yey', 'LCTB92')",1.0,-0.1253261035680771,-0.12865583702921868,-0.12212800264358521,True,17080,13420
dmn_within,64,"('WT', 'LCTB92')","('Dp1Yey', 'LCTB92')",5.0,-0.11128915250301363,-0.11914327993988993,-0.10665492691099646,True,17080,13420
dmn_within,64,"('WT', 'LCTB92')","('Dp1Yey', 'LCTB92')",50.0,0.0058588385581970215,0.001421882212162018,0.010065062344074248,True,17080,13420
dmn_within,64,"('WT', 'LCTB92')","('Dp1Yey', 'LCTB92')",95.0,0.007337476313114211,0.0028693737834692007,0.010773560516536279,True,17080,13420
dmn_within,64,"('WT', 'LCTB92')","('Dp1Yey', 'LCTB92')",99.0,-0.0659913903474808,-0.07479325564205673,-0.05246275481581653,True,17080,13420
dmn_within,65,"('WT', 'VEH')","('WT', 'LCTB92')",1.0,0.07661020398139952,0.0732689598351717,0.08094003686308861,True,14496,16912
dmn_within,65,"('WT', 'VEH')","('WT', 'LCTB92')",5.0,0.06484699845314024,0.059532228931784635,0.07067141495645046,True,14496,16912
dmn_within,65,"('WT', 'VEH')","('WT', 'LCTB92')",50.0,0.07388338446617126,0.06858587116003037,0.07896126993000507,True,14496,16912
dmn_within,65,"('WT', 'VEH')","('WT', 'LCTB92')",95.0,0.057096478343010015,0.05402812231332064,0.060751513652503496,True,14496,16912
dmn_within,65,"('WT', 'VEH')","('WT', 'LCTB92')",99.0,0.055934879779815594,0.047990652613341664,0.06253873752802536,True,14496,16912
dmn_within,65,"('Dp1Yey', 'VEH')","('Dp1Yey', 'LCTB92')",1.0,-0.04418445527553558,-0.050040814191102984,-0.036155014201998716,True,13288,13288
dmn_within,65,"('Dp1Yey', 'VEH')","('Dp1Yey', 'LCTB92')",5.0,-0.015087834000587441,-0.022831577733159067,-0.010777967497706403,True,13288,13288
dmn_within,65,"('Dp1Yey', 'VEH')","('Dp1Yey', 'LCTB92')",50.0,-0.00035002827644348145,-0.0034806415438652038,0.002610628306865692,False,13288,13288
dmn_within,65,"('Dp1Yey', 'VEH')","('Dp1Yey', 'LCTB92')",95.0,-0.05336292684078214,-0.057862754985690115,-0.04937849875539539,True,13288,13288
dmn_within,65,"('Dp1Yey', 'VEH')","('Dp1Yey', 'LCTB92')",99.0,-0.11799311846494709,-0.12619659039378156,-0.1068132062330842,True,13288,13288
dmn_within,65,"('WT', 'VEH')","('Dp1Yey', 'VEH')",1.0,-0.0064595520496368575,-0.013928879946470244,0.0008847905695438592,False,14496,13288
dmn_within,65,"('WT', 'VEH')","('Dp1Yey', 'VEH')",5.0,-0.03231630623340609,-0.03546556919813158,-0.02786154277622702,True,14496,13288
dmn_within,65,"('WT', 'VEH')","('Dp1Yey', 'VEH')",50.0,0.07934215664863586,0.07606008797883987,0.08306850269436836,True,14496,13288
dmn_within,65,"('WT', 'VEH')","('Dp1Yey', 'VEH')",95.0,0.11346034705638885,0.10998165845870968,0.1180651806667447,True,14496,13288
dmn_within,65,"('WT', 'VEH')","('Dp1Yey', 'VEH')",99.0,0.10173983365297345,0.09381671249866497,0.11029010330140683,True,14496,13288
dmn_within,65,"('WT', 'LCTB92')","('Dp1Yey', 'LCTB92')",1.0,-0.12725421130657194,-0.1301063160896301,-0.12385274375975132,True,16912,13288
dmn_within,65,"('WT', 'LCTB92')","('Dp1Yey', 'LCTB92')",5.0,-0.11225113868713377,-0.11985199205577377,-0.10593891665339471,True,16912,13288
dmn_within,65,"('WT', 'LCTB92')","('Dp1Yey', 'LCTB92')",50.0,0.005108743906021118,0.00048464313149452213,0.010251482576131812,True,16912,13288
dmn_within,65,"('WT', 'LCTB92')","('Dp1Yey', 'LCTB92')",95.0,0.0030009418725966963,-0.00043925672769544455,0.006771522052585945,False,16912,13288
dmn_within,65,"('WT', 'LCTB92')","('Dp1Yey', 'LCTB92')",99.0,-0.07218816459178923,-0.07821990513056516,-0.06115491520613432,True,16912,13288
dmn_within,66,"('WT', 'VEH')","('WT', 'LCTB92')",1.0,0.07651650905609131,0.0730847508907318,0.08087254564464093,True,14352,16744
dmn_within,66,"('WT', 'VEH')","('WT', 'LCTB92')",5.0,0.06500834226608276,0.05869003131985665,0.07184859745204449,True,14352,16744
dmn_within,66,"('WT', 'VEH')","('WT', 'LCTB92')",50.0,0.07397723197937012,0.06872764527797699,0.07854562699794769,True,14352,16744
dmn_within,66,"('WT', 'VEH')","('WT', 'LCTB92')",95.0,0.05443493872880911,0.051010486185550576,0.05874161820858713,True,14352,16744
dmn_within,66,"('WT', 'VEH')","('WT', 'LCTB92')",99.0,0.06088731348514553,0.05283599392324686,0.06604994519799948,True,14352,16744
dmn_within,66,"('Dp1Yey', 'VEH')","('Dp1Yey', 'LCTB92')",1.0,-0.04168925285339356,-0.04675282441079618,-0.0356360024213791,True,13156,13156
dmn_within,66,"('Dp1Yey', 'VEH')","('Dp1Yey', 'LCTB92')",5.0,-0.017568156123161316,-0.02469794936478138,-0.012686742842197419,True,13156,13156
dmn_within,66,"('Dp1Yey', 'VEH')","('Dp1Yey', 'LCTB92')",50.0,-0.002405226230621338,-0.004958397895097733,0.0007563360035419462,False,13156,13156
dmn_within,66,"('Dp1Yey', 'VEH')","('Dp1Yey', 'LCTB92')",95.0,-0.060273848474025726,-0.06548099052160979,-0.0549721259623766,True,13156,13156
dmn_within,66,"('Dp1Yey', 'VEH')","('Dp1Yey', 'LCTB92')",99.0,-0.1228911101818081,-0.12983853682875662,-0.11092602916061907,True,13156,13156
dmn_within,66,"('WT', 'VEH')","('Dp1Yey', 'VEH')",1.0,-0.011152527928352363,-0.016842253774404525,-0.005179015323519711,True,14352,13156
dmn_within,66,"('WT', 'VEH')","('Dp1Yey', 'VEH')",5.0,-0.02932678461074828,-0.033678065612912166,-0.025795487910509094,True,14352,13156
dmn_within,66,"('WT', 'VEH')","('Dp1Yey', 'VEH')",50.0,0.07978475093841553,0.07637625560164452,0.08284103721380234,True,14352,13156
dmn_within,66,"('WT', 'VEH')","('Dp1Yey', 'VEH')",95.0,0.1130226418375967,0.1084913668781517,0.1184092973545193,True,14352,13156
dmn_within,66,"('WT', 'VEH')","('Dp1Yey', 'VEH')",99.0,0.10852478891611028,0.0971602436080575,0.11521073218435011,True,14352,13156
dmn_within,66,"('WT', 'LCTB92')","('Dp1Yey', 'LCTB92')",1.0,-0.12935828983783723,-0.13141047057509422,-0.126061983987689,True,16744,13156
dmn_within,66,"('WT', 'LCTB92')","('Dp1Yey', 'LCTB92')",5.0,-0.11190328299999236,-0.12054813966155052,-0.10530610471963882,True,16744,13156
dmn_within,66,"('WT', 'LCTB92')","('Dp1Yey', 'LCTB92')",50.0,0.0034022927284240723,-0.0008274614810943604,0.00848022848367691,False,16744,13156
dmn_within,66,"('WT', 'LCTB92')","('Dp1Yey', 'LCTB92')",95.0,-0.0016861453652381453,-0.005559696257114411,0.002522021271288368,False,16744,13156
dmn_within,66,"('WT', 'LCTB92')","('Dp1Yey', 'LCTB92')",99.0,-0.07525363475084335,-0.0805866271033884,-0.06499898962676541,True,16744,13156
dmn_within,67,"('WT', 'VEH')","('WT', 'LCTB92')",1.0,0.07629452764987946,0.07291374751925468,0.08026207989454269,True,14208,16576
dmn_within,67,"('WT', 'VEH')","('WT', 'LCTB92')",5.0,0.06650453507900239,0.05892685204744339,0.07283163622021674,True,14208,16576
dmn_within,67,"('WT', 'VEH')","('WT', 'LCTB92')",50.0,0.0732123851776123,0.06778815165162086,0.07868804931640624,True,14208,16576
dmn_within,67,"('WT', 'VEH')","('WT', 'LCTB92')",95.0,0.05289439558982845,0.048889800347387685,0.05748483397066593,True,14208,16576
dmn_within,67,"('WT', 'VEH')","('WT', 'LCTB92')",99.0,0.0634866073727608,0.05864362680912018,0.06884101287275564,True,14208,16576
dmn_within,67,"('Dp1Yey', 'VEH')","('Dp1Yey', 'LCTB92')",1.0,-0.03919675290584568,-0.044260853439569474,-0.032518623858690254,True,13024,13024
dmn_within,67,"('Dp1Yey', 'VEH')","('Dp1Yey', 'LCTB92')",5.0,-0.020271813869476296,-0.025093908533453932,-0.016355449035763723,True,13024,13024
dmn_within,67,"('Dp1Yey', 'VEH')","('Dp1Yey', 'LCTB92')",50.0,-0.0021814703941345215,-0.004893189668655396,0.0002877995371818463,False,13024,13024
dmn_within,67,"('Dp1Yey', 'VEH')","('Dp1Yey', 'LCTB92')",95.0,-0.06480698585510225,-0.0695158292725683,-0.05908805619925232,True,13024,13024
dmn_within,67,"('Dp1Yey', 'VEH')","('Dp1Yey', 'LCTB92')",99.0,-0.12331671476364126,-0.13036649917066104,-0.11619769673794508,True,13024,13024
dmn_within,67,"('WT', 'VEH')","('Dp1Yey', 'VEH')",1.0,-0.014099303483962988,-0.02096854303777219,-0.007976895034313211,True,14208,13024
dmn_within,67,"('WT', 'VEH')","('Dp1Yey', 'VEH')",5.0,-0.02756665349006654,-0.03219264902174473,-0.023557950481772425,True,14208,13024
dmn_within,67,"('WT', 'VEH')","('Dp1Yey', 'VEH')",50.0,0.07884001731872559,0.07596657425165176,0.08196060210466385,True,14208,13024
dmn_within,67,"('WT', 'VEH')","('Dp1Yey', 'VEH')",95.0,0.11216769814491268,0.10751003902405501,0.11751445736736059,True,14208,13024
dmn_within,67,"('WT', 'VEH')","('Dp1Yey', 'VEH')",99.0,0.1088941666483878,0.10361713479459285,0.11521043956279753,True,14208,13024
dmn_within,67,"('WT', 'LCTB92')","('Dp1Yey', 'LCTB92')",1.0,-0.12959058403968812,-0.13224742375314236,-0.1266398395001888,True,16576,13024
dmn_within,67,"('WT', 'LCTB92')","('Dp1Yey', 'LCTB92')",5.0,-0.11434300243854523,-0.12131762608885766,-0.1070541550219059,True,16576,13024
dmn_within,67,"('WT', 'LCTB92')","('Dp1Yey', 'LCTB92')",50.0,0.0034461617469787598,-0.002250969409942627,0.008550122380256642,False,16576,13024
dmn_within,67,"('WT', 'LCTB92')","('Dp1Yey', 'LCTB92')",95.0,-0.005533683300018022,-0.009410873614251613,-0.0005584413930770078,True,16576,13024
dmn_within,67,"('WT', 'LCTB92')","('Dp1Yey', 'LCTB92')",99.0,-0.07790915548801425,-0.08447525230050115,-0.07087971903383733,True,16576,13024
dmn_within,68,"('WT', 'VEH')","('WT', 'LCTB92')",1.0,0.07706022799015046,0.07237288083136081,0.08035112538933754,True,14064,16408
dmn_within,68,"('WT', 'VEH')","('WT', 'LCTB92')",5.0,0.06712929308414459,0.060423059687018395,0.07324463799595833,True,14064,16408
dmn_within,68,"('WT', 'VEH')","('WT', 'LCTB92')",50.0,0.07169464230537415,0.06705788522958755,0.07648257389664649,True,14064,16408
dmn_within,68,"('WT', 'VEH')","('WT', 'LCTB92')",95.0,0.05542046278715118,0.05052743788808556,0.05933874130249032,True,14064,16408
dmn_within,68,"('WT', 'VEH')","('WT', 'LCTB92')",99.0,0.06837471902370451,0.06382190605252973,0.07190473265945886,True,14064,16408
dmn_within,68,"('Dp1Yey', 'VEH')","('Dp1Yey', 'LCTB92')",1.0,-0.033711069226264934,-0.0401682461053133,-0.028216269567608837,True,12892,12892
dmn_within,68,"('Dp1Yey', 'VEH')","('Dp1Yey', 'LCTB92')",5.0,-0.023035764694213867,-0.02610237658023832,-0.019655596613883972,True,12892,12892
dmn_within,68,"('Dp1Yey', 'VEH')","('Dp1Yey', 'LCTB92')",50.0,-0.0021789968013763428,-0.0046468287706375126,0.0004591219127178188,False,12892,12892
dmn_within,68,"('Dp1Yey', 'VEH')","('Dp1Yey', 'LCTB92')",95.0,-0.06714528650045393,-0.07259578969329575,-0.0616057197377087,True,12892,12892
dmn_within,68,"('Dp1Yey', 'VEH')","('Dp1Yey', 'LCTB92')",99.0,-0.1278934761881828,-0.1328777851909399,-0.1188680423125625,True,12892,12892
dmn_within,68,"('WT', 'VEH')","('Dp1Yey', 'VEH')",1.0,-0.018494511246681222,-0.024716943427920336,-0.012274419382214546,True,14064,12892
dmn_within,68,"('WT', 'VEH')","('Dp1Yey', 'VEH')",5.0,-0.027443593740463235,-0.03083910673856735,-0.023394867777824423,True,14064,12892
dmn_within,68,"('WT', 'VEH')","('Dp1Yey', 'VEH')",50.0,0.07703092694282532,0.07419043853878975,0.08004886582493782,True,14064,12892
dmn_within,68,"('WT', 'VEH')","('Dp1Yey', 'VEH')",95.0,0.11297970116138456,0.10731004189699889,0.11777721486985673,True,14064,12892
dmn_within,68,"('WT', 'VEH')","('Dp1Yey', 'VEH')",99.0,0.10803248673677446,0.10373722103983102,0.11252828440815191,True,14064,12892
dmn_within,68,"('WT', 'LCTB92')","('Dp1Yey', 'LCTB92')",1.0,-0.1292658084630966,-0.1320163968652487,-0.12604209135472777,True,16408,12892
dmn_within,68,"('WT', 'LCTB92')","('Dp1Yey', 'LCTB92')",5.0,-0.11760865151882169,-0.12295015975832942,-0.11177767813205719,True,16408,12892
dmn_within,68,"('WT', 'LCTB92')","('Dp1Yey', 'LCTB92')",50.0,0.003157287836074829,-0.0016459107398986816,0.0074004635214805605,False,16408,12892
dmn_within,68,"('WT', 'LCTB92')","('Dp1Yey', 'LCTB92')",95.0,-0.009586048126220548,-0.014376920349895803,-0.00477831747382817,True,16408,12892
dmn_within,68,"('WT', 'LCTB92')","('Dp1Yey', 'LCTB92')",99.0,-0.08823570847511286,-0.09270334121584897,-0.07892509249597791,True,16408,12892
dmn_within,69,"('WT', 'VEH')","('WT', 'LCTB92')",1.0,0.07651087999343872,0.0733027995377779,0.07938461710512637,True,13920,16240
dmn_within,69,"('WT', 'VEH')","('WT', 'LCTB92')",5.0,0.07094035744667052,0.06444841451942919,0.07563678868114948,True,13920,16240
dmn_within,69,"('WT', 'VEH')","('WT', 'LCTB92')",50.0,0.07082799077033997,0.06637026146054267,0.0754039742052555,True,13920,16240
dmn_within,69,"('WT', 'VEH')","('WT', 'LCTB92')",95.0,0.05580559074878699,0.051422741077840305,0.05951285753399133,True,13920,16240
dmn_within,69,"('WT', 'VEH')","('WT', 'LCTB92')",99.0,0.07171042948961237,0.06642353089153755,0.07624473695456949,True,13920,16240
dmn_within,69,"('Dp1Yey', 'VEH')","('Dp1Yey', 'LCTB92')",1.0,-0.026842526793479926,-0.032908936440944676,-0.022436543375253686,True,12760,12760
dmn_within,69,"('Dp1Yey', 'VEH')","('Dp1Yey', 'LCTB92')",5.0,-0.025145727396011397,-0.02830749943852426,-0.021582546308636666,True,12760,12760
dmn_within,69,"('Dp1Yey', 'VEH')","('Dp1Yey', 'LCTB92')",50.0,-0.0016557574272155762,-0.00448649674654007,0.0013425171375274635,False,12760,12760
dmn_within,69,"('Dp1Yey', 'VEH')","('Dp1Yey', 'LCTB92')",95.0,-0.06899755597114554,-0.07448965989053247,-0.06279165197163819,True,12760,12760
dmn_within,69,"('Dp1Yey', 'VEH')","('Dp1Yey', 'LCTB92')",99.0,-0.12857396721839898,-0.13507350739091614,-0.12032401943951843,True,12760,12760
dmn_within,69,"('WT', 'VEH')","('Dp1Yey', 'VEH')",1.0,-0.024300839900970456,-0.028787861406803134,-0.01844049413502218,True,13920,12760
dmn_within,69,"('WT', 'VEH')","('Dp1Yey', 'VEH')",5.0,-0.026165646314620955,-0.029525803849101077,-0.022531277313828483,True,13920,12760
dmn_within,69,"('WT', 'VEH')","('Dp1Yey', 'VEH')",50.0,0.0757378339767456,0.07256112545728684,0.07846416831016541,True,13920,12760
dmn_within,69,"('WT', 'VEH')","('Dp1Yey', 'VEH')",95.0,0.1118297427892685,0.10745050787925738,0.11657159700989722,True,13920,12760
dmn_within,69,"('WT', 'VEH')","('Dp1Yey', 'VEH')",99.0,0.11108628123998632,0.10616672590374937,0.11519459597021324,True,13920,12760
dmn_within,69,"('WT', 'LCTB92')","('Dp1Yey', 'LCTB92')",1.0,-0.1276542466878891,-0.1315617206245661,-0.12454522316157819,True,16240,12760
dmn_within,69,"('WT', 'LCTB92')","('Dp1Yey', 'LCTB92')",5.0,-0.12225173115730287,-0.12693920902907851,-0.11551927454769613,True,16240,12760
dmn_within,69,"('WT', 'LCTB92')","('Dp1Yey', 'LCTB92')",50.0,0.0032540857791900635,-0.0013239257037639617,0.007845186442136763,False,16240,12760
dmn_within,69,"('WT', 'LCTB92')","('Dp1Yey', 'LCTB92')",95.0,-0.01297340393066404,-0.017761004716158064,-0.007091969177126835,True,16240,12760
dmn_within,69,"('WT', 'LCTB92')","('Dp1Yey', 'LCTB92')",99.0,-0.08919811546802503,-0.09640833374112835,-0.08037333977222436,True,16240,12760
dmn_within,6,"('WT', 'VEH')","('WT', 'LCTB92')",1.0,0.07509880840778349,0.0635063059255481,0.09023140584677451,True,22992,26824
dmn_within,6,"('WT', 'VEH')","('WT', 'LCTB92')",5.0,0.06335947662591934,0.05667692814022307,0.06939553108066324,True,22992,26824
dmn_within,6,"('WT', 'VEH')","('WT', 'LCTB92')",50.0,0.019258510321378708,0.017653632815927266,0.021133465226739645,True,22992,26824
dmn_within,6,"('WT', 'VEH')","('WT', 'LCTB92')",95.0,0.0070384360849857774,0.00496035324642452,0.008912165903020608,True,22992,26824
dmn_within,6,"('WT', 'VEH')","('WT', 'LCTB92')",99.0,0.005901416391134395,0.0030755877746269367,0.008792145847342819,True,22992,26824
dmn_within,6,"('Dp1Yey', 'VEH')","('Dp1Yey', 'LCTB92')",1.0,-0.006465978920459747,-0.019897179678082466,0.0064733540639281256,False,21076,21076
dmn_within,6,"('Dp1Yey', 'VEH')","('Dp1Yey', 'LCTB92')",5.0,0.006288647651672363,-0.0017504140734672545,0.013921669311821457,False,21076,21076
dmn_within,6,"('Dp1Yey', 'VEH')","('Dp1Yey', 'LCTB92')",50.0,0.00044284015893936157,-0.0018436646088957787,0.002538507897406813,False,21076,21076
dmn_within,6,"('Dp1Yey', 'VEH')","('Dp1Yey', 'LCTB92')",95.0,-0.0006684192921966314,-0.00291015122202225,0.0015981998993083821,False,21076,21076
dmn_within,6,"('Dp1Yey', 'VEH')","('Dp1Yey', 'LCTB92')",99.0,-0.0013845106586813927,-0.004568785126321018,0.0010573750594630817,False,21076,21076
dmn_within,6,"('WT', 'VEH')","('Dp1Yey', 'VEH')",1.0,0.057518356740474674,0.047538146398961534,0.07221737108379601,True,22992,21076
dmn_within,6,"('WT', 'VEH')","('Dp1Yey', 'VEH')",5.0,0.05224138051271443,0.04551238998770712,0.05963851362466812,True,22992,21076
dmn_within,6,"('WT', 'VEH')","('Dp1Yey', 'VEH')",50.0,0.026135586202144623,0.02443150691688061,0.028248958382755516,True,22992,21076
dmn_within,6,"('WT', 'VEH')","('Dp1Yey', 'VEH')",95.0,0.012917147530242756,0.011041031016502573,0.014942337860120457,True,22992,21076
dmn_within,6,"('WT', 'VEH')","('Dp1Yey', 'VEH')",99.0,0.013474560007453062,0.010925198756158421,0.016647977932356298,True,22992,21076
dmn_within,6,"('WT', 'LCTB92')","('Dp1Yey', 'LCTB92')",1.0,-0.024046430587768564,-0.03725787837058306,-0.010445461422204995,True,26824,21076
dmn_within,6,"('WT', 'LCTB92')","('Dp1Yey', 'LCTB92')",5.0,-0.004829448461532548,-0.011334439851343567,0.002465268038213249,False,26824,21076
dmn_within,6,"('WT', 'LCTB92')","('Dp1Yey', 'LCTB92')",50.0,0.0073199160397052765,0.00504807373508811,0.009345233812928198,True,26824,21076
dmn_within,6,"('WT', 'LCTB92')","('Dp1Yey', 'LCTB92')",95.0,0.005210292153060347,0.0032081871363334345,0.007783593080239369,True,26824,21076
dmn_within,6,"('WT', 'LCTB92')","('Dp1Yey', 'LCTB92')",99.0,0.0061886329576372745,0.0033787955762818456,0.008995453548617657,True,26824,21076
dmn_within,70,"('WT', 'VEH')","('WT', 'LCTB92')",1.0,0.07602599263191223,0.07219716222584248,0.07914248014986515,True,13776,16072
dmn_within,70,"('WT', 'VEH')","('WT', 'LCTB92')",5.0,0.07278308868408201,0.06712433978915215,0.07745284765958788,True,13776,16072
dmn_within,70,"('WT', 'VEH')","('WT', 'LCTB92')",50.0,0.06973746418952942,0.06471910253167153,0.07426315993070602,True,13776,16072
dmn_within,70,"('WT', 'VEH')","('WT', 'LCTB92')",95.0,0.05492462813854215,0.05155125740915539,0.05891493491828453,True,13776,16072
dmn_within,70,"('WT', 'VEH')","('WT', 'LCTB92')",99.0,0.07761890769004842,0.07357957948744298,0.08313471002876772,True,13776,16072
dmn_within,70,"('Dp1Yey', 'VEH')","('Dp1Yey', 'LCTB92')",1.0,-0.025104496479034427,-0.030215388119220723,-0.02013336759805677,True,12628,12628
dmn_within,70,"('Dp1Yey', 'VEH')","('Dp1Yey', 'LCTB92')",5.0,-0.026467916369438182,-0.03011171355843545,-0.023411955684423478,True,12628,12628
dmn_within,70,"('Dp1Yey', 'VEH')","('Dp1Yey', 'LCTB92')",50.0,0.0005418062210083008,-0.002676808089017868,0.003915204107761381,False,12628,12628
dmn_within,70,"('Dp1Yey', 'VEH')","('Dp1Yey', 'LCTB92')",95.0,-0.07005559951066975,-0.07800654649734469,-0.06505552221089617,True,12628,12628
dmn_within,70,"('Dp1Yey', 'VEH')","('Dp1Yey', 'LCTB92')",99.0,-0.13312604278326035,-0.13837762130796905,-0.12585872091352954,True,12628,12628
dmn_within,70,"('WT', 'VEH')","('Dp1Yey', 'VEH')",1.0,-0.027612602710723883,-0.03258056658506394,-0.023335953086614594,True,13776,12628
dmn_within,70,"('WT', 'VEH')","('Dp1Yey', 'VEH')",5.0,-0.026044598221778847,-0.029089878872036935,-0.021592811867594718,True,13776,12628
dmn_within,70,"('WT', 'VEH')","('Dp1Yey', 'VEH')",50.0,0.07274118065834045,0.06972504630684853,0.07599721029400826,True,13776,12628
dmn_within,70,"('WT', 'VEH')","('Dp1Yey', 'VEH')",95.0,0.11100569069385535,0.10664958581328392,0.11516983859241016,True,13776,12628
dmn_within,70,"('WT', 'VEH')","('Dp1Yey', 'VEH')",99.0,0.11548463344573978,0.11152929438650609,0.12035272993147378,True,13776,12628
dmn_within,70,"('WT', 'LCTB92')","('Dp1Yey', 'LCTB92')",1.0,-0.12874309182167054,-0.13276637075841427,-0.12497760562598705,True,16072,12628
dmn_within,70,"('WT', 'LCTB92')","('Dp1Yey', 'LCTB92')",5.0,-0.12529560327529904,-0.12936052910983561,-0.11970491334795948,True,16072,12628
dmn_within,70,"('WT', 'LCTB92')","('Dp1Yey', 'LCTB92')",50.0,0.003545522689819336,-0.0009012959897518158,0.008395806699991225,False,16072,12628
dmn_within,70,"('WT', 'LCTB92')","('Dp1Yey', 'LCTB92')",95.0,-0.013974536955356553,-0.022064755521714666,-0.009713775254786014,True,16072,12628
dmn_within,70,"('WT', 'LCTB92')","('Dp1Yey', 'LCTB92')",99.0,-0.09526031702756899,-0.10108162368088977,-0.08800331514328727,True,16072,12628
dmn_within,71,"('WT', 'VEH')","('WT', 'LCTB92')",1.0,0.0766156303882599,0.0722727656364441,0.0791534701436758,True,13632,15904
dmn_within,71,"('WT', 'VEH')","('WT', 'LCTB92')",5.0,0.07429508566856385,0.06996655121445655,0.07813629649579523,True,13632,15904
dmn_within,71,"('WT', 'VEH')","('WT', 'LCTB92')",50.0,0.06924301385879517,0.0644037090241909,0.07339532896876334,True,13632,15904
dmn_within,71,"('WT', 'VEH')","('WT', 'LCTB92')",95.0,0.05527508854866037,0.052101722583174644,0.05901638600975261,True,13632,15904
dmn_within,71,"('WT', 'VEH')","('WT', 'LCTB92')",99.0,0.08371685594320322,0.07780257265269756,0.08849112236499797,True,13632,15904
dmn_within,71,"('Dp1Yey', 'VEH')","('Dp1Yey', 'LCTB92')",1.0,-0.02249516248703004,-0.029654247239232052,-0.017852853015065208,True,12496,12496
dmn_within,71,"('Dp1Yey', 'VEH')","('Dp1Yey', 'LCTB92')",5.0,-0.029112443327903748,-0.03244989886879921,-0.026012688502669336,True,12496,12496
dmn_within,71,"('Dp1Yey', 'VEH')","('Dp1Yey', 'LCTB92')",50.0,0.001325458288192749,-0.001434699445962906,0.004466688632965088,False,12496,12496
dmn_within,71,"('Dp1Yey', 'VEH')","('Dp1Yey', 'LCTB92')",95.0,-0.07132946699857712,-0.07800143510103226,-0.06619854178279638,True,12496,12496
dmn_within,71,"('Dp1Yey', 'VEH')","('Dp1Yey', 'LCTB92')",99.0,-0.13996710926294298,-0.14599712673574658,-0.13054673843085682,True,12496,12496
dmn_within,71,"('WT', 'VEH')","('Dp1Yey', 'VEH')",1.0,-0.031334689855575554,-0.03642543466389179,-0.02430286720395088,True,13632,12496
dmn_within,71,"('WT', 'VEH')","('Dp1Yey', 'VEH')",5.0,-0.023454067111015303,-0.027092095613479604,-0.01941558562219143,True,13632,12496
dmn_within,71,"('WT', 'VEH')","('Dp1Yey', 'VEH')",50.0,0.07148686051368713,0.06829720959067345,0.07429032996296883,True,13632,12496
dmn_within,71,"('WT', 'VEH')","('Dp1Yey', 'VEH')",95.0,0.10853716731071461,0.10473030380904674,0.11307071220129723,True,13632,12496
dmn_within,71,"('WT', 'VEH')","('Dp1Yey', 'VEH')",99.0,0.1228792640566827,0.11671163141727448,0.1282319028601051,True,13632,12496
dmn_within,71,"('WT', 'LCTB92')","('Dp1Yey', 'LCTB92')",1.0,-0.13044548273086548,-0.13351719906926154,-0.12644852164387702,True,15904,12496
dmn_within,71,"('WT', 'LCTB92')","('Dp1Yey', 'LCTB92')",5.0,-0.1268615961074829,-0.13037788309156895,-0.1229112309962511,True,15904,12496
dmn_within,71,"('WT', 'LCTB92')","('Dp1Yey', 'LCTB92')",50.0,0.003569304943084717,-0.00044216811656951896,0.007914985716342925,False,15904,12496
dmn_within,71,"('WT', 'LCTB92')","('Dp1Yey', 'LCTB92')",95.0,-0.018067388236522874,-0.024325990825891562,-0.013709642514586472,True,15904,12496
dmn_within,71,"('WT', 'LCTB92')","('Dp1Yey', 'LCTB92')",99.0,-0.1008047011494635,-0.10616582763940113,-0.09045553844422084,True,15904,12496
dmn_within,72,"('WT', 'VEH')","('WT', 'LCTB92')",1.0,0.07785705089569092,0.0747685595601797,0.0804798155128956,True,13488,15736
dmn_within,72,"('WT', 'VEH')","('WT', 'LCTB92')",5.0,0.07455809414386749,0.06980694197118283,0.0786337399482727,True,13488,15736
dmn_within,72,"('WT', 'VEH')","('WT', 'LCTB92')",50.0,0.06899285316467285,0.06462706848978997,0.07362234070897103,True,13488,15736
dmn_within,72,"('WT', 'VEH')","('WT', 'LCTB92')",95.0,0.055642901360988595,0.05261145420372486,0.05844544481486082,True,13488,15736
dmn_within,72,"('WT', 'VEH')","('WT', 'LCTB92')",99.0,0.08401583075523367,0.07932432483881721,0.08930749727040527,True,13488,15736
dmn_within,72,"('Dp1Yey', 'VEH')","('Dp1Yey', 'LCTB92')",1.0,-0.02313137888908387,-0.03083997707068921,-0.018205412179231644,True,12364,12364
dmn_within,72,"('Dp1Yey', 'VEH')","('Dp1Yey', 'LCTB92')",5.0,-0.030463778972625755,-0.03329770810902119,-0.02718992814421656,True,12364,12364
dmn_within,72,"('Dp1Yey', 'VEH')","('Dp1Yey', 'LCTB92')",50.0,0.00228920578956604,-0.0007898233830928802,0.0047985717654228195,False,12364,12364
dmn_within,72,"('Dp1Yey', 'VEH')","('Dp1Yey', 'LCTB92')",95.0,-0.07302557528018938,-0.08056682065129231,-0.06720297113060951,True,12364,12364
dmn_within,72,"('Dp1Yey', 'VEH')","('Dp1Yey', 'LCTB92')",99.0,-0.14457451134920118,-0.1538750306069853,-0.1322166400849819,True,12364,12364
dmn_within,72,"('WT', 'VEH')","('Dp1Yey', 'VEH')",1.0,-0.03063187837600706,-0.03521536433696748,-0.022188176319003106,True,13488,12364
dmn_within,72,"('WT', 'VEH')","('Dp1Yey', 'VEH')",5.0,-0.02292833328247068,-0.027603258863091448,-0.01882221601903439,True,13488,12364
dmn_within,72,"('WT', 'VEH')","('Dp1Yey', 'VEH')",50.0,0.06954148411750793,0.06676866337656975,0.07263104170560837,True,13488,12364
dmn_within,72,"('WT', 'VEH')","('Dp1Yey', 'VEH')",95.0,0.10795034468173981,0.10454993054270775,0.11172650456428523,True,13488,12364
dmn_within,72,"('WT', 'VEH')","('Dp1Yey', 'VEH')",99.0,0.12740447193384175,0.1227887490466243,0.13364293679595016,True,13488,12364
dmn_within,72,"('WT', 'LCTB92')","('Dp1Yey', 'LCTB92')",1.0,-0.13162030816078185,-0.13435237193107605,-0.12809051370620728,True,15736,12364
dmn_within,72,"('WT', 'LCTB92')","('Dp1Yey', 'LCTB92')",5.0,-0.12795020639896393,-0.13090426295995714,-0.12449806496500969,True,15736,12364
dmn_within,72,"('WT', 'LCTB92')","('Dp1Yey', 'LCTB92')",50.0,0.002837836742401123,-0.0016235433518886565,0.006940960884094237,False,15736,12364
dmn_within,72,"('WT', 'LCTB92')","('Dp1Yey', 'LCTB92')",95.0,-0.02071813195943817,-0.027604664191603224,-0.015126733146607754,True,15736,12364
dmn_within,72,"('WT', 'LCTB92')","('Dp1Yey', 'LCTB92')",99.0,-0.1011858701705931,-0.10986913540959205,-0.08770019717514516,True,15736,12364
dmn_within,73,"('WT', 'VEH')","('WT', 'LCTB92')",1.0,0.0786020714044571,0.07581729936599732,0.08129910895228384,True,13344,15568
dmn_within,73,"('WT', 'VEH')","('WT', 'LCTB92')",5.0,0.07415904700756074,0.06837983034551143,0.07817709162831306,True,13344,15568
dmn_within,73,"('WT', 'VEH')","('WT', 'LCTB92')",50.0,0.06886658072471619,0.06404168531298637,0.0732034921646118,True,13344,15568
dmn_within,73,"('WT', 'VEH')","('WT', 'LCTB92')",95.0,0.05831200778484347,0.05534857567399729,0.06153805665671806,True,13344,15568
dmn_within,73,"('WT', 'VEH')","('WT', 'LCTB92')",99.0,0.08443491399288172,0.07970441386848687,0.08930912613868713,True,13344,15568
dmn_within,73,"('Dp1Yey', 'VEH')","('Dp1Yey', 'LCTB92')",1.0,-0.02686565697193144,-0.03295824153721332,-0.021024455040693286,True,12232,12232
dmn_within,73,"('Dp1Yey', 'VEH')","('Dp1Yey', 'LCTB92')",5.0,-0.03122173249721527,-0.03424205288290973,-0.027876494303345684,True,12232,12232
dmn_within,73,"('Dp1Yey', 'VEH')","('Dp1Yey', 'LCTB92')",50.0,0.0013558566570281982,-0.0017813891172409058,0.004410006850957869,False,12232,12232
dmn_within,73,"('Dp1Yey', 'VEH')","('Dp1Yey', 'LCTB92')",95.0,-0.07467083483934422,-0.0853212093189358,-0.06864829268306502,True,12232,12232
dmn_within,73,"('Dp1Yey', 'VEH')","('Dp1Yey', 'LCTB92')",99.0,-0.15012751787900946,-0.15929536489397286,-0.13452897695451987,True,12232,12232
dmn_within,73,"('WT', 'VEH')","('Dp1Yey', 'VEH')",1.0,-0.029434949159622192,-0.03384502159059047,-0.02323713946342468,True,13344,12232
dmn_within,73,"('WT', 'VEH')","('Dp1Yey', 'VEH')",5.0,-0.023979046940803522,-0.0295087607949972,-0.019680969566106793,True,13344,12232
dmn_within,73,"('WT', 'VEH')","('Dp1Yey', 'VEH')",50.0,0.06917670369148254,0.06599086076021195,0.07233961448073387,True,13344,12232
dmn_within,73,"('WT', 'VEH')","('Dp1Yey', 'VEH')",95.0,0.10789274126291304,0.1043478817492723,0.11146950282156456,True,13344,12232
dmn_within,73,"('WT', 'VEH')","('Dp1Yey', 'VEH')",99.0,0.13221427440643307,0.1266333596780894,0.13814368216693382,True,13344,12232
dmn_within,73,"('WT', 'LCTB92')","('Dp1Yey', 'LCTB92')",1.0,-0.13490267753601073,-0.13747888661921023,-0.13013591212034226,True,15568,12232
dmn_within,73,"('WT', 'LCTB92')","('Dp1Yey', 'LCTB92')",5.0,-0.12935982644557953,-0.13186414562165735,-0.12582523904740808,True,15568,12232
dmn_within,73,"('WT', 'LCTB92')","('Dp1Yey', 'LCTB92')",50.0,0.0016659796237945557,-0.0027051612734794615,0.006255926191806791,False,15568,12232
dmn_within,73,"('WT', 'LCTB92')","('Dp1Yey', 'LCTB92')",95.0,-0.025090101361274653,-0.03520141556859009,-0.019316088557243326,True,15568,12232
dmn_within,73,"('WT', 'LCTB92')","('Dp1Yey', 'LCTB92')",99.0,-0.10234815746545811,-0.11064305368810945,-0.0870492764115343,True,15568,12232
dmn_within,74,"('WT', 'VEH')","('WT', 'LCTB92')",1.0,0.07917723000049591,0.0760823891311884,0.08151337738335132,True,13200,15400
dmn_within,74,"('WT', 'VEH')","('WT', 'LCTB92')",5.0,0.07116727232933046,0.06647790737450122,0.07592553690075875,True,13200,15400
dmn_within,74,"('WT', 'VEH')","('WT', 'LCTB92')",50.0,0.06895145773887634,0.06390648260712624,0.07346505224704743,True,13200,15400
dmn_within,74,"('WT', 'VEH')","('WT', 'LCTB92')",95.0,0.061316016316414035,0.05772257044911369,0.06494908966124047,True,13200,15400
dmn_within,74,"('WT', 'VEH')","('WT', 'LCTB92')",99.0,0.08560975402593618,0.08088536545634281,0.0900716147646308,True,13200,15400
dmn_within,74,"('Dp1Yey', 'VEH')","('Dp1Yey', 'LCTB92')",1.0,-0.027634233236312866,-0.031985964223742475,-0.022344316303730016,True,12100,12100
dmn_within,74,"('Dp1Yey', 'VEH')","('Dp1Yey', 'LCTB92')",5.0,-0.03309307098388675,-0.035710889175534256,-0.02984056353569031,True,12100,12100
dmn_within,74,"('Dp1Yey', 'VEH')","('Dp1Yey', 'LCTB92')",50.0,0.00032702088356018066,-0.0027895599603652956,0.003503566235303878,False,12100,12100
dmn_within,74,"('Dp1Yey', 'VEH')","('Dp1Yey', 'LCTB92')",95.0,-0.07462418377399427,-0.08624194193631363,-0.06812718398869028,True,12100,12100
dmn_within,74,"('Dp1Yey', 'VEH')","('Dp1Yey', 'LCTB92')",99.0,-0.15677663147449505,-0.1633055811226368,-0.1408389443531632,True,12100,12100
dmn_within,74,"('WT', 'VEH')","('Dp1Yey', 'VEH')",1.0,-0.028887694478034964,-0.03276995892822742,-0.02474018296599388,True,13200,12100
dmn_within,74,"('WT', 'VEH')","('Dp1Yey', 'VEH')",5.0,-0.024685135483741738,-0.029581622183322873,-0.01994417302310468,True,13200,12100
dmn_within,74,"('WT', 'VEH')","('Dp1Yey', 'VEH')",50.0,0.06999599933624268,0.0667013593018055,0.07329745665192604,True,13200,12100
dmn_within,74,"('WT', 'VEH')","('Dp1Yey', 'VEH')",95.0,0.10802102684974668,0.1039823149517178,0.11177691381424652,True,13200,12100
dmn_within,74,"('WT', 'VEH')","('Dp1Yey', 'VEH')",99.0,0.13591176301240926,0.13056708259880553,0.14215901587903498,True,13200,12100
dmn_within,74,"('WT', 'LCTB92')","('Dp1Yey', 'LCTB92')",1.0,-0.13569915771484375,-0.13871025104820728,-0.13121819707751275,True,15400,12100
dmn_within,74,"('WT', 'LCTB92')","('Dp1Yey', 'LCTB92')",5.0,-0.12894547879695895,-0.1325799032300711,-0.1260351214557886,True,15400,12100
dmn_within,74,"('WT', 'LCTB92')","('Dp1Yey', 'LCTB92')",50.0,0.0013715624809265137,-0.0031313590705394747,0.006433061510324476,False,15400,12100
dmn_within,74,"('WT', 'LCTB92')","('Dp1Yey', 'LCTB92')",95.0,-0.02791917324066162,-0.03924302630126481,-0.02166154962033016,True,15400,12100
dmn_within,74,"('WT', 'LCTB92')","('Dp1Yey', 'LCTB92')",99.0,-0.10647462248802197,-0.11197284653037783,-0.09147494745999603,True,15400,12100
dmn_within,75,"('WT', 'VEH')","('WT', 'LCTB92')",1.0,0.08045873165130615,0.07698170366883278,0.08277855722606181,True,13056,15232
dmn_within,75,"('WT', 'VEH')","('WT', 'LCTB92')",5.0,0.0700404554605484,0.06518411561846732,0.075363053008914,True,13056,15232
dmn_within,75,"('WT', 'VEH')","('WT', 'LCTB92')",50.0,0.06857246160507202,0.06404735520482063,0.07287372648715973,True,13056,15232
dmn_within,75,"('WT', 'VEH')","('WT', 'LCTB92')",95.0,0.061365774273872464,0.05798228196799764,0.06619737058877945,True,13056,15232
dmn_within,75,"('WT', 'VEH')","('WT', 'LCTB92')",99.0,0.09226701945066473,0.08826359589397918,0.09756900792568915,True,13056,15232
dmn_within,75,"('Dp1Yey', 'VEH')","('Dp1Yey', 'LCTB92')",1.0,-0.0267647957801819,-0.03226231767237187,-0.022559310793876654,True,11968,11968
dmn_within,75,"('Dp1Yey', 'VEH')","('Dp1Yey', 'LCTB92')",5.0,-0.03385841548442839,-0.03705097578465938,-0.03147149726748467,True,11968,11968
dmn_within,75,"('Dp1Yey', 'VEH')","('Dp1Yey', 'LCTB92')",50.0,-1.868605613708496e-05,-0.0030376978218555452,0.00279431715607643,False,11968,11968
dmn_within,75,"('Dp1Yey', 'VEH')","('Dp1Yey', 'LCTB92')",95.0,-0.07588662505149835,-0.08571855776011945,-0.07043367300182583,True,11968,11968
dmn_within,75,"('Dp1Yey', 'VEH')","('Dp1Yey', 'LCTB92')",99.0,-0.1582097241282463,-0.16469323188066481,-0.15049336990714074,True,11968,11968
dmn_within,75,"('WT', 'VEH')","('Dp1Yey', 'VEH')",1.0,-0.02737475454807281,-0.03172143018245697,-0.023082696661353118,True,13056,11968
dmn_within,75,"('WT', 'VEH')","('Dp1Yey', 'VEH')",5.0,-0.02540255486965179,-0.02990169934928417,-0.02030783161520958,True,13056,11968
dmn_within,75,"('WT', 'VEH')","('Dp1Yey', 'VEH')",50.0,0.07043108344078064,0.06695083752274514,0.07396210134029388,True,13056,11968
dmn_within,75,"('WT', 'VEH')","('Dp1Yey', 'VEH')",95.0,0.10707828104495998,0.10329486500471832,0.11191580235958112,True,13056,11968
dmn_within,75,"('WT', 'VEH')","('Dp1Yey', 'VEH')",99.0,0.13857925027608897,0.13377319318056266,0.14384835508465782,True,13056,11968
dmn_within,75,"('WT', 'LCTB92')","('Dp1Yey', 'LCTB92')",1.0,-0.13459828197956086,-0.13897867132723327,-0.13208052450418473,True,15232,11968
dmn_within,75,"('WT', 'LCTB92')","('Dp1Yey', 'LCTB92')",5.0,-0.12930142581462858,-0.13317801766097545,-0.12621990025043486,True,15232,11968
dmn_within,75,"('WT', 'LCTB92')","('Dp1Yey', 'LCTB92')",50.0,0.0018399357795715332,-0.0022994041442871093,0.006260161101818084,False,15232,11968
dmn_within,75,"('WT', 'LCTB92')","('Dp1Yey', 'LCTB92')",95.0,-0.030174118280410833,-0.04013623520731926,-0.024999743886291982,True,15232,11968
dmn_within,75,"('WT', 'LCTB92')","('Dp1Yey', 'LCTB92')",99.0,-0.11189749330282206,-0.11807813105732191,-0.10508219932019709,True,15232,11968
dmn_within,76,"('WT', 'VEH')","('WT', 'LCTB92')",1.0,0.08024723529815675,0.07721424102783203,0.08283957651257516,True,12912,15064
dmn_within,76,"('WT', 'VEH')","('WT', 'LCTB92')",5.0,0.07043079733848573,0.06588665693998337,0.07550040178000926,True,12912,15064
dmn_within,76,"('WT', 'VEH')","('WT', 'LCTB92')",50.0,0.06676048040390015,0.06276549845933914,0.07134455889463423,True,12912,15064
dmn_within,76,"('WT', 'VEH')","('WT', 'LCTB92')",95.0,0.06068028956651683,0.05659360110759728,0.0654855472221972,True,12912,15064
dmn_within,76,"('WT', 'VEH')","('WT', 'LCTB92')",99.0,0.09760611802339558,0.09272878906875823,0.10319233679771411,True,12912,15064
dmn_within,76,"('Dp1Yey', 'VEH')","('Dp1Yey', 'LCTB92')",1.0,-0.029783326387405412,-0.034690851867198946,-0.026711934283375746,True,11836,11836
dmn_within,76,"('Dp1Yey', 'VEH')","('Dp1Yey', 'LCTB92')",5.0,-0.03444759547710419,-0.03736516498029232,-0.03188677132129669,True,11836,11836
dmn_within,76,"('Dp1Yey', 'VEH')","('Dp1Yey', 'LCTB92')",50.0,-0.0007142424583435059,-0.003628481924533844,0.0021403320133686057,False,11836,11836
dmn_within,76,"('Dp1Yey', 'VEH')","('Dp1Yey', 'LCTB92')",95.0,-0.07904401421546936,-0.08955772779881954,-0.07269956227391958,True,11836,11836
dmn_within,76,"('Dp1Yey', 'VEH')","('Dp1Yey', 'LCTB92')",99.0,-0.1605745032429694,-0.16465819627046574,-0.1518495819717645,True,11836,11836
dmn_within,76,"('WT', 'VEH')","('Dp1Yey', 'VEH')",1.0,-0.026089148521423328,-0.029396636620163917,-0.022250835821032534,True,12912,11836
dmn_within,76,"('WT', 'VEH')","('Dp1Yey', 'VEH')",5.0,-0.025129047036170943,-0.02933775983750819,-0.020126665532588947,True,12912,11836
dmn_within,76,"('WT', 'VEH')","('Dp1Yey', 'VEH')",50.0,0.07022973895072937,0.06659143418073654,0.07390829399228097,True,12912,11836
dmn_within,76,"('WT', 'VEH')","('Dp1Yey', 'VEH')",95.0,0.10694709271192548,0.10300253517925742,0.112644315212965,True,12912,11836
dmn_within,76,"('WT', 'VEH')","('Dp1Yey', 'VEH')",99.0,0.14356309920549382,0.13723420233279462,0.1488347350284457,True,12912,11836
dmn_within,76,"('WT', 'LCTB92')","('Dp1Yey', 'LCTB92')",1.0,-0.1361197102069855,-0.13989572967588898,-0.13312699358165264,True,15064,11836
dmn_within,76,"('WT', 'LCTB92')","('Dp1Yey', 'LCTB92')",5.0,-0.13000743985176086,-0.13356611870229243,-0.1269730268418789,True,15064,11836
dmn_within,76,"('WT', 'LCTB92')","('Dp1Yey', 'LCTB92')",50.0,0.0027550160884857178,-0.0012863658368587494,0.006136373430490493,False,15064,11836
dmn_within,76,"('WT', 'LCTB92')","('Dp1Yey', 'LCTB92')",95.0,-0.03277721107006071,-0.04295419745147229,-0.026358949542045595,True,15064,11836
dmn_within,76,"('WT', 'LCTB92')","('Dp1Yey', 'LCTB92')",99.0,-0.11461752206087117,-0.11890073960274487,-0.10697935619205237,True,15064,11836
dmn_within,77,"('WT', 'VEH')","('WT', 'LCTB92')",1.0,0.07920173346996308,0.07698475310206412,0.08205545020103454,True,12768,14896
dmn_within,77,"('WT', 'VEH')","('WT', 'LCTB92')",5.0,0.07233135104179383,0.06744041465222837,0.07723279111087322,True,12768,14896
dmn_within,77,"('WT', 'VEH')","('WT', 'LCTB92')",50.0,0.06742134690284729,0.06315556541085243,0.07143108323216438,True,12768,14896
dmn_within,77,"('WT', 'VEH')","('WT', 'LCTB92')",95.0,0.06157789528369895,0.057353256568312645,0.06600995644927025,True,12768,14896
dmn_within,77,"('WT', 'VEH')","('WT', 'LCTB92')",99.0,0.0999894678592681,0.09438835677504544,0.10407423631101842,True,12768,14896
dmn_within,77,"('Dp1Yey', 'VEH')","('Dp1Yey', 'LCTB92')",1.0,-0.03521088004112244,-0.038870760664343834,-0.030913523808121696,True,11704,11704
dmn_within,77,"('Dp1Yey', 'VEH')","('Dp1Yey', 'LCTB92')",5.0,-0.035710868239402754,-0.03791589438915253,-0.03340312376618387,True,11704,11704
dmn_within,77,"('Dp1Yey', 'VEH')","('Dp1Yey', 'LCTB92')",50.0,-0.0006621778011322021,-0.0033750221133232116,0.0018531478941440581,False,11704,11704
dmn_within,77,"('Dp1Yey', 'VEH')","('Dp1Yey', 'LCTB92')",95.0,-0.08434322625398638,-0.09622893147170551,-0.07701170440763237,True,11704,11704
dmn_within,77,"('Dp1Yey', 'VEH')","('Dp1Yey', 'LCTB92')",99.0,-0.15788532018661483,-0.16384895861893845,-0.15099303296208413,True,11704,11704
dmn_within,77,"('WT', 'VEH')","('Dp1Yey', 'VEH')",1.0,-0.022299758195877067,-0.025931891992688173,-0.01839442536234856,True,12768,11704
dmn_within,77,"('WT', 'VEH')","('Dp1Yey', 'VEH')",5.0,-0.024109536409378046,-0.02795801296830178,-0.01913725107908247,True,12768,11704
dmn_within,77,"('WT', 'VEH')","('Dp1Yey', 'VEH')",50.0,0.07069098949432373,0.06711443811655045,0.07392254099249838,True,12768,11704
dmn_within,77,"('WT', 'VEH')","('Dp1Yey', 'VEH')",95.0,0.10836368799209584,0.10393750049173825,0.11333148043602705,True,12768,11704
dmn_within,77,"('WT', 'VEH')","('Dp1Yey', 'VEH')",99.0,0.14518850564956665,0.14001151083409785,0.14938948037475347,True,12768,11704
dmn_within,77,"('WT', 'LCTB92')","('Dp1Yey', 'LCTB92')",1.0,-0.1367123717069626,-0.13922266536951064,-0.1341555134803057,True,14896,11704
dmn_within,77,"('WT', 'LCTB92')","('Dp1Yey', 'LCTB92')",5.0,-0.13215175569057463,-0.1350689072161913,-0.12826354801654816,True,14896,11704
dmn_within,77,"('WT', 'LCTB92')","('Dp1Yey', 'LCTB92')",50.0,0.0026074647903442383,-0.0009147070348262786,0.0057258747518062515,False,14896,11704
dmn_within,77,"('WT', 'LCTB92')","('Dp1Yey', 'LCTB92')",95.0,-0.03755743354558949,-0.04980362437665469,-0.02942273814231159,True,14896,11704
dmn_within,77,"('WT', 'LCTB92')","('Dp1Yey', 'LCTB92')",99.0,-0.11268628239631628,-0.11822296034544717,-0.10540972764790058,True,14896,11704
dmn_within,78,"('WT', 'VEH')","('WT', 'LCTB92')",1.0,0.07937135100364685,0.07537172208726406,0.08225673766434193,True,12624,14728
dmn_within,78,"('WT', 'VEH')","('WT', 'LCTB92')",5.0,0.07274074256420135,0.06814812183380127,0.07838187500834465,True,12624,14728
dmn_within,78,"('WT', 'VEH')","('WT', 'LCTB92')",50.0,0.06785854697227478,0.06386523693799973,0.07135450914502144,True,12624,14728
dmn_within,78,"('WT', 'VEH')","('WT', 'LCTB92')",95.0,0.06087581515312179,0.057137997448444326,0.06561762791126964,True,12624,14728
dmn_within,78,"('WT', 'VEH')","('WT', 'LCTB92')",99.0,0.09912800133228317,0.09467320046573884,0.10363202749192715,True,12624,14728
dmn_within,78,"('Dp1Yey', 'VEH')","('Dp1Yey', 'LCTB92')",1.0,-0.03893496096134186,-0.04363160890340808,-0.0345903425216675,True,11572,11572
dmn_within,78,"('Dp1Yey', 'VEH')","('Dp1Yey', 'LCTB92')",5.0,-0.03536237776279452,-0.03795002430677414,-0.0333393815159798,True,11572,11572
dmn_within,78,"('Dp1Yey', 'VEH')","('Dp1Yey', 'LCTB92')",50.0,-8.493661880493164e-05,-0.0026745133101940153,0.0024753004312515255,False,11572,11572
dmn_within,78,"('Dp1Yey', 'VEH')","('Dp1Yey', 'LCTB92')",95.0,-0.0870823726058001,-0.09841936454176903,-0.07564208414405585,True,11572,11572
dmn_within,78,"('Dp1Yey', 'VEH')","('Dp1Yey', 'LCTB92')",99.0,-0.15922005772590686,-0.16765385231375776,-0.1507022599428895,True,11572,11572
dmn_within,78,"('WT', 'VEH')","('Dp1Yey', 'VEH')",1.0,-0.02046750962734223,-0.025352256715297717,-0.01482860563695433,True,12624,11572
dmn_within,78,"('WT', 'VEH')","('Dp1Yey', 'VEH')",5.0,-0.023819428682327254,-0.027757573723793012,-0.01838120706379411,True,12624,11572
dmn_within,78,"('WT', 'VEH')","('Dp1Yey', 'VEH')",50.0,0.07011333107948303,0.0664468377828598,0.07326457053422927,True,12624,11572
dmn_within,78,"('WT', 'VEH')","('Dp1Yey', 'VEH')",95.0,0.10700852274894723,0.10253368917852608,0.1124345003440976,True,12624,11572
dmn_within,78,"('WT', 'VEH')","('Dp1Yey', 'VEH')",99.0,0.1462294831871993,0.1406495402231815,0.15274023102223905,True,12624,11572
dmn_within,78,"('WT', 'LCTB92')","('Dp1Yey', 'LCTB92')",1.0,-0.13877382159233093,-0.140869218185544,-0.13566670663654803,True,14728,11572
dmn_within,78,"('WT', 'LCTB92')","('Dp1Yey', 'LCTB92')",5.0,-0.13192254900932313,-0.13528471991419794,-0.12881789237260818,True,14728,11572
dmn_within,78,"('WT', 'LCTB92')","('Dp1Yey', 'LCTB92')",50.0,0.0021698474884033203,-0.0008576266467571258,0.005367932468652722,False,14728,11572
dmn_within,78,"('WT', 'LCTB92')","('Dp1Yey', 'LCTB92')",95.0,-0.040949665009974656,-0.05211296498775399,-0.029723132662474335,True,14728,11572
dmn_within,78,"('WT', 'LCTB92')","('Dp1Yey', 'LCTB92')",99.0,-0.11211857587099072,-0.11837718820571835,-0.10562313982099295,True,14728,11572
dmn_within,79,"('WT', 'VEH')","('WT', 'LCTB92')",1.0,0.07715842068195342,0.07400234651565551,0.08094948464632035,True,12480,14560
dmn_within,79,"('WT', 'VEH')","('WT', 'LCTB92')",5.0,0.07488572895526888,0.07106441497802735,0.07960569478571417,True,12480,14560
dmn_within,79,"('WT', 'VEH')","('WT', 'LCTB92')",50.0,0.06758567690849304,0.06359180212020873,0.07176420763134957,True,12480,14560
dmn_within,79,"('WT', 'VEH')","('WT', 'LCTB92')",95.0,0.06091215759515756,0.05747000064700831,0.06510491892695427,True,12480,14560
dmn_within,79,"('WT', 'VEH')","('WT', 'LCTB92')",99.0,0.09853346794843665,0.09295402442663894,0.10440027689188691,True,12480,14560
dmn_within,79,"('Dp1Yey', 'VEH')","('Dp1Yey', 'LCTB92')",1.0,-0.04420392811298371,-0.05101496095955372,-0.03871558725833893,True,11440,11440
dmn_within,79,"('Dp1Yey', 'VEH')","('Dp1Yey', 'LCTB92')",5.0,-0.035039094090461714,-0.03701937474310396,-0.0327000066637993,True,11440,11440
dmn_within,79,"('Dp1Yey', 'VEH')","('Dp1Yey', 'LCTB92')",50.0,0.0009015500545501709,-0.001796168088912964,0.003259794414043424,False,11440,11440
dmn_within,79,"('Dp1Yey', 'VEH')","('Dp1Yey', 'LCTB92')",95.0,-0.09098628461360914,-0.10322131291031794,-0.0794061433523898,True,11440,11440
dmn_within,79,"('Dp1Yey', 'VEH')","('Dp1Yey', 'LCTB92')",99.0,-0.16343721687793733,-0.1677531542181971,-0.1570741356611262,True,11440,11440
dmn_within,79,"('WT', 'VEH')","('Dp1Yey', 'VEH')",1.0,-0.01970584809780121,-0.025093454003334067,-0.01261014938354495,True,12480,11440
dmn_within,79,"('WT', 'VEH')","('Dp1Yey', 'VEH')",5.0,-0.020249325037002552,-0.024286450594663604,-0.016368325650692,True,12480,11440
dmn_within,79,"('WT', 'VEH')","('Dp1Yey', 'VEH')",50.0,0.06979390978813171,0.06610447466373444,0.07276789695024491,True,12480,11440
dmn_within,79,"('WT', 'VEH')","('Dp1Yey', 'VEH')",95.0,0.10887082964181904,0.10394747745245689,0.11295002266764648,True,12480,11440
dmn_within,79,"('WT', 'VEH')","('Dp1Yey', 'VEH')",99.0,0.14913924247026433,0.14410835333913546,0.15238722223043435,True,12480,11440
dmn_within,79,"('WT', 'LCTB92')","('Dp1Yey', 'LCTB92')",1.0,-0.14106819689273833,-0.1437004821896553,-0.1380350872427225,True,14560,11440
dmn_within,79,"('WT', 'LCTB92')","('Dp1Yey', 'LCTB92')",5.0,-0.13017414808273314,-0.1336337948590517,-0.12775651603937152,True,14560,11440
dmn_within,79,"('WT', 'LCTB92')","('Dp1Yey', 'LCTB92')",50.0,0.0031097829341888428,-0.0010640092194080352,0.006402486562728876,False,14560,11440
dmn_within,79,"('WT', 'LCTB92')","('Dp1Yey', 'LCTB92')",95.0,-0.04302761256694765,-0.05501661077141762,-0.031960199512541275,True,14560,11440
dmn_within,79,"('WT', 'LCTB92')","('Dp1Yey', 'LCTB92')",99.0,-0.11283144235610965,-0.11911329951137306,-0.1063151792958382,True,14560,11440
dmn_within,7,"('WT', 'VEH')","('WT', 'LCTB92')",1.0,0.09798253506422044,0.08768503797054283,0.10964407347142693,True,22848,26656
dmn_within,7,"('WT', 'VEH')","('WT', 'LCTB92')",5.0,0.07656479924917226,0.06921434052288532,0.08336798369884486,True,22848,26656
dmn_within,7,"('WT', 'VEH')","('WT', 'LCTB92')",50.0,0.023194190114736557,0.021046061534434557,0.025065269786864516,True,22848,26656
dmn_within,7,"('WT', 'VEH')","('WT', 'LCTB92')",95.0,0.008577196905389384,0.006655329978093288,0.010598152873571826,True,22848,26656
dmn_within,7,"('WT', 'VEH')","('WT', 'LCTB92')",99.0,0.005994669869542113,0.003022537046112034,0.009672626629471692,True,22848,26656
dmn_within,7,"('Dp1Yey', 'VEH')","('Dp1Yey', 'LCTB92')",1.0,-0.007495932877063738,-0.01885337927192447,0.007472333401441518,False,20944,20944
dmn_within,7,"('Dp1Yey', 'VEH')","('Dp1Yey', 'LCTB92')",5.0,0.0033611908555030157,-0.003554828204214594,0.010224299877882025,False,20944,20944
dmn_within,7,"('Dp1Yey', 'VEH')","('Dp1Yey', 'LCTB92')",50.0,0.004305962473154068,0.002337879128754139,0.006732258945703505,True,20944,20944
dmn_within,7,"('Dp1Yey', 'VEH')","('Dp1Yey', 'LCTB92')",95.0,-0.00293009618762885,-0.004915857028390702,-0.0011293723457493328,True,20944,20944
dmn_within,7,"('Dp1Yey', 'VEH')","('Dp1Yey', 'LCTB92')",99.0,-0.006680252104997564,-0.010330304786562822,-0.002934126142412223,True,20944,20944
dmn_within,7,"('WT', 'VEH')","('Dp1Yey', 'VEH')",1.0,0.0728595700860023,0.06012194696813822,0.08407947437465191,True,22848,20944
dmn_within,7,"('WT', 'VEH')","('Dp1Yey', 'VEH')",5.0,0.05371313989162452,0.046751661635935284,0.06094670791178942,True,22848,20944
dmn_within,7,"('WT', 'VEH')","('Dp1Yey', 'VEH')",50.0,0.030316565185785294,0.028193224128335713,0.0323035622946918,True,22848,20944
dmn_within,7,"('WT', 'VEH')","('Dp1Yey', 'VEH')",95.0,0.01811449371743956,0.016287812375230713,0.020217003460274878,True,22848,20944
dmn_within,7,"('WT', 'VEH')","('Dp1Yey', 'VEH')",99.0,0.016864780150353864,0.013479385565034979,0.020949156729504325,True,22848,20944
dmn_within,7,"('WT', 'LCTB92')","('Dp1Yey', 'LCTB92')",1.0,-0.03261889785528188,-0.045401988372206686,-0.01993575836718084,True,26656,20944
dmn_within,7,"('WT', 'LCTB92')","('Dp1Yey', 'LCTB92')",5.0,-0.019490468502044722,-0.026915836445987225,-0.013469960242509887,True,26656,20944
dmn_within,7,"('WT', 'LCTB92')","('Dp1Yey', 'LCTB92')",50.0,0.011428337544202805,0.009512055665254593,0.013790269754827023,True,26656,20944
dmn_within,7,"('WT', 'LCTB92')","('Dp1Yey', 'LCTB92')",95.0,0.006607200624421328,0.004431858175667003,0.008450945914955809,True,26656,20944
dmn_within,7,"('WT', 'LCTB92')","('Dp1Yey', 'LCTB92')",99.0,0.004189858175814187,0.0011883895779028985,0.008013127470389002,True,26656,20944
dmn_within,80,"('WT', 'VEH')","('WT', 'LCTB92')",1.0,0.07630830407142639,0.07286796878278257,0.07987603309750556,True,12336,14392
dmn_within,80,"('WT', 'VEH')","('WT', 'LCTB92')",5.0,0.07631826400756836,0.07218629732728003,0.08032886773347854,True,12336,14392
dmn_within,80,"('WT', 'VEH')","('WT', 'LCTB92')",50.0,0.06677550077438354,0.06262944787740707,0.07092423737049103,True,12336,14392
dmn_within,80,"('WT', 'VEH')","('WT', 'LCTB92')",95.0,0.06204098463058472,0.0583387001976371,0.06511991675943156,True,12336,14392
dmn_within,80,"('WT', 'VEH')","('WT', 'LCTB92')",99.0,0.09490924060344685,0.08764108359813685,0.1018049218878147,True,12336,14392
dmn_within,80,"('Dp1Yey', 'VEH')","('Dp1Yey', 'LCTB92')",1.0,-0.047729217410087565,-0.053119062483310706,-0.04146875917911529,True,11308,11308
dmn_within,80,"('Dp1Yey', 'VEH')","('Dp1Yey', 'LCTB92')",5.0,-0.03457067310810091,-0.03685347832739355,-0.032777838557958607,True,11308,11308
dmn_within,80,"('Dp1Yey', 'VEH')","('Dp1Yey', 'LCTB92')",50.0,0.001269906759262085,-0.0013634711503982544,0.00394930839538574,False,11308,11308
dmn_within,80,"('Dp1Yey', 'VEH')","('Dp1Yey', 'LCTB92')",95.0,-0.09893842041492462,-0.10831096142530434,-0.08076725799590354,True,11308,11308
dmn_within,80,"('Dp1Yey', 'VEH')","('Dp1Yey', 'LCTB92')",99.0,-0.16657647609710702,-0.17052096616476783,-0.16188848275691264,True,11308,11308
dmn_within,80,"('WT', 'VEH')","('Dp1Yey', 'VEH')",1.0,-0.018026402592659002,-0.024207210838794714,-0.012037373974919337,True,12336,11308
dmn_within,80,"('WT', 'VEH')","('Dp1Yey', 'VEH')",5.0,-0.018184277415275563,-0.022011370956897737,-0.014812526777386677,True,12336,11308
dmn_within,80,"('WT', 'VEH')","('Dp1Yey', 'VEH')",50.0,0.06819432973861694,0.06493634656071663,0.07186481356620789,True,12336,11308
dmn_within,80,"('WT', 'VEH')","('Dp1Yey', 'VEH')",95.0,0.10953716784715661,0.10560691207647324,0.11346713736653327,True,12336,11308
dmn_within,80,"('WT', 'VEH')","('Dp1Yey', 'VEH')",99.0,0.14764208793640132,0.14381861599534748,0.1522239671573041,True,12336,11308
dmn_within,80,"('WT', 'LCTB92')","('Dp1Yey', 'LCTB92')",1.0,-0.14206392407417295,-0.14485771754384041,-0.13847544237971307,True,14392,11308
dmn_within,80,"('WT', 'LCTB92')","('Dp1Yey', 'LCTB92')",5.0,-0.12907321453094484,-0.13282389886677265,-0.1266668952256441,True,14392,11308
dmn_within,80,"('WT', 'LCTB92')","('Dp1Yey', 'LCTB92')",50.0,0.0026887357234954834,-0.000625196099281311,0.006412139534950256,False,14392,11308
dmn_within,80,"('WT', 'LCTB92')","('Dp1Yey', 'LCTB92')",95.0,-0.051442237198352725,-0.060478687323629876,-0.033522969037294376,True,14392,11308
dmn_within,80,"('WT', 'LCTB92')","('Dp1Yey', 'LCTB92')",99.0,-0.11384362876415255,-0.12021930579841132,-0.10631841042637818,True,14392,11308
dmn_within,81,"('WT', 'VEH')","('WT', 'LCTB92')",1.0,0.07684800744056701,0.07347229689359665,0.08036417898535728,True,12192,14224
dmn_within,81,"('WT', 'VEH')","('WT', 'LCTB92')",5.0,0.07797513008117674,0.07360620558261873,0.08228368364274502,True,12192,14224
dmn_within,81,"('WT', 'VEH')","('WT', 'LCTB92')",50.0,0.06551408767700195,0.06124929189682007,0.07018073201179505,True,12192,14224
dmn_within,81,"('WT', 'VEH')","('WT', 'LCTB92')",95.0,0.06093740910291667,0.05773207377642404,0.06464904733002147,True,12192,14224
dmn_within,81,"('WT', 'VEH')","('WT', 'LCTB92')",99.0,0.09264753162860861,0.0836554254665969,0.09766744869202366,True,12192,14224
dmn_within,81,"('Dp1Yey', 'VEH')","('Dp1Yey', 'LCTB92')",1.0,-0.04848231375217438,-0.052140381187200546,-0.04233939796686173,True,11176,11176
dmn_within,81,"('Dp1Yey', 'VEH')","('Dp1Yey', 'LCTB92')",5.0,-0.03619910776615143,-0.03860458396375179,-0.03374927788972855,True,11176,11176
dmn_within,81,"('Dp1Yey', 'VEH')","('Dp1Yey', 'LCTB92')",50.0,0.002427726984024048,-1.1834502220153806e-05,0.0046723343431949605,False,11176,11176
dmn_within,81,"('Dp1Yey', 'VEH')","('Dp1Yey', 'LCTB92')",95.0,-0.1059725284576416,-0.112859002687037,-0.08572157863527537,True,11176,11176
dmn_within,81,"('Dp1Yey', 'VEH')","('Dp1Yey', 'LCTB92')",99.0,-0.17124689370393753,-0.1751183919608593,-0.16572656147181988,True,11176,11176
dmn_within,81,"('WT', 'VEH')","('Dp1Yey', 'VEH')",1.0,-0.016154752373695375,-0.022697965204715724,-0.011187107175588615,True,12192,11176
dmn_within,81,"('WT', 'VEH')","('Dp1Yey', 'VEH')",5.0,-0.01684244573116303,-0.02071836583316326,-0.013356751278042795,True,12192,11176
dmn_within,81,"('WT', 'VEH')","('Dp1Yey', 'VEH')",50.0,0.06684815883636475,0.06362862139940262,0.06997804045677185,True,12192,11176
dmn_within,81,"('WT', 'VEH')","('Dp1Yey', 'VEH')",95.0,0.107896040380001,0.10492277909070231,0.11226197857409705,True,12192,11176
dmn_within,81,"('WT', 'VEH')","('Dp1Yey', 'VEH')",99.0,0.14845174401998518,0.1432726276293397,0.1521443892642856,True,12192,11176
dmn_within,81,"('WT', 'LCTB92')","('Dp1Yey', 'LCTB92')",1.0,-0.14148507356643675,-0.14347162042558192,-0.1389634838551283,True,14224,11176
dmn_within,81,"('WT', 'LCTB92')","('Dp1Yey', 'LCTB92')",5.0,-0.1310166835784912,-0.13442687951028348,-0.12833515152335168,True,14224,11176
dmn_within,81,"('WT', 'LCTB92')","('Dp1Yey', 'LCTB92')",50.0,0.003761798143386841,-0.00040603503584861754,0.007245378196239471,False,14224,11176
dmn_within,81,"('WT', 'LCTB92')","('Dp1Yey', 'LCTB92')",95.0,-0.05901389718055727,-0.06554627377539875,-0.039721795171499256,True,14224,11176
dmn_within,81,"('WT', 'LCTB92')","('Dp1Yey', 'LCTB92')",99.0,-0.11544268131256097,-0.12092092958837743,-0.10679955725371813,True,14224,11176
dmn_within,82,"('WT', 'VEH')","('WT', 'LCTB92')",1.0,0.07684851229190826,0.07338404290378092,0.07935036931931973,True,12048,14056
dmn_within,82,"('WT', 'VEH')","('WT', 'LCTB92')",5.0,0.0779167503118515,0.07308827750384808,0.08268596738576889,True,12048,14056
dmn_within,82,"('WT', 'VEH')","('WT', 'LCTB92')",50.0,0.06587269902229309,0.060799026489257814,0.07050752937793732,True,12048,14056
dmn_within,82,"('WT', 'VEH')","('WT', 'LCTB92')",95.0,0.06035480946302407,0.05710667002946138,0.06414536438882341,True,12048,14056
dmn_within,82,"('WT', 'VEH')","('WT', 'LCTB92')",99.0,0.08956589430570594,0.08339317023754088,0.0951268834024666,True,12048,14056
dmn_within,82,"('Dp1Yey', 'VEH')","('Dp1Yey', 'LCTB92')",1.0,-0.04779738008975984,-0.05377467367053033,-0.043475210666656494,True,11044,11044
dmn_within,82,"('Dp1Yey', 'VEH')","('Dp1Yey', 'LCTB92')",5.0,-0.03906647861003876,-0.04228258080780505,-0.035991722866892804,True,11044,11044
dmn_within,82,"('Dp1Yey', 'VEH')","('Dp1Yey', 'LCTB92')",50.0,0.002964317798614502,0.000358223170042038,0.004910722374916077,True,11044,11044
dmn_within,82,"('Dp1Yey', 'VEH')","('Dp1Yey', 'LCTB92')",95.0,-0.1120748281478885,-0.11781470302492415,-0.09473416540771724,True,11044,11044
dmn_within,82,"('Dp1Yey', 'VEH')","('Dp1Yey', 'LCTB92')",99.0,-0.17407620608806607,-0.17928285588324075,-0.16955759492516534,True,11044,11044
dmn_within,82,"('WT', 'VEH')","('Dp1Yey', 'VEH')",1.0,-0.017196835875511185,-0.021719102606177345,-0.01154170514643194,True,12048,11044
dmn_within,82,"('WT', 'VEH')","('Dp1Yey', 'VEH')",5.0,-0.016383343935012812,-0.021267812699079524,-0.011575485020875926,True,12048,11044
dmn_within,82,"('WT', 'VEH')","('Dp1Yey', 'VEH')",50.0,0.06635022163391113,0.06300052404403686,0.07005482614040374,True,12048,11044
dmn_within,82,"('WT', 'VEH')","('Dp1Yey', 'VEH')",95.0,0.1084033071994781,0.10529721383005379,0.11222568970173595,True,12048,11044
dmn_within,82,"('WT', 'VEH')","('Dp1Yey', 'VEH')",99.0,0.150138852596283,0.14564477205276505,0.1550072438195348,True,12048,11044
dmn_within,82,"('WT', 'LCTB92')","('Dp1Yey', 'LCTB92')",1.0,-0.14184272825717928,-0.14438122230768205,-0.1387801254838705,True,14056,11044
dmn_within,82,"('WT', 'LCTB92')","('Dp1Yey', 'LCTB92')",5.0,-0.13336657285690307,-0.13663360476493835,-0.13007242538034916,True,14056,11044
dmn_within,82,"('WT', 'LCTB92')","('Dp1Yey', 'LCTB92')",50.0,0.003441840410232544,-0.00027228519320487976,0.007636503130197523,False,14056,11044
dmn_within,82,"('WT', 'LCTB92')","('Dp1Yey', 'LCTB92')",95.0,-0.06402633041143446,-0.06974137686193016,-0.04710642322897918,True,14056,11044
dmn_within,82,"('WT', 'LCTB92')","('Dp1Yey', 'LCTB92')",99.0,-0.113503247797489,-0.11879786846786693,-0.10706857701390961,True,14056,11044
dmn_within,83,"('WT', 'VEH')","('WT', 'LCTB92')",1.0,0.0758257555961609,0.07113211403787137,0.07817949414253235,True,11904,13888
dmn_within,83,"('WT', 'VEH')","('WT', 'LCTB92')",5.0,0.07431062757968904,0.07039300046861173,0.07982133917510509,True,11904,13888
dmn_within,83,"('WT', 'VEH')","('WT', 'LCTB92')",50.0,0.06695151329040527,0.06158665418624878,0.07173958793282509,True,11904,13888
dmn_within,83,"('WT', 'VEH')","('WT', 'LCTB92')",95.0,0.05935552567243574,0.055879629068076614,0.0634082842990756,True,11904,13888
dmn_within,83,"('WT', 'VEH')","('WT', 'LCTB92')",99.0,0.08602550476789506,0.08077103976905334,0.09396427855640622,True,11904,13888
dmn_within,83,"('Dp1Yey', 'VEH')","('Dp1Yey', 'LCTB92')",1.0,-0.04896065592765811,-0.05361023780703544,-0.043404888331890115,True,10912,10912
dmn_within,83,"('Dp1Yey', 'VEH')","('Dp1Yey', 'LCTB92')",5.0,-0.043031525611877425,-0.04580806873738766,-0.03945749402046204,True,10912,10912
dmn_within,83,"('Dp1Yey', 'VEH')","('Dp1Yey', 'LCTB92')",50.0,0.0029540061950683594,0.0005402892827987672,0.005154128372669218,True,10912,10912
dmn_within,83,"('Dp1Yey', 'VEH')","('Dp1Yey', 'LCTB92')",95.0,-0.11183738708496072,-0.12024953301995969,-0.09708240840584031,True,10912,10912
dmn_within,83,"('Dp1Yey', 'VEH')","('Dp1Yey', 'LCTB92')",99.0,-0.17735668182373066,-0.18372964718937873,-0.17143817555159338,True,10912,10912
dmn_within,83,"('WT', 'VEH')","('Dp1Yey', 'VEH')",1.0,-0.017458654046058647,-0.022179461658000936,-0.013387953385710754,True,11904,10912
dmn_within,83,"('WT', 'VEH')","('Dp1Yey', 'VEH')",5.0,-0.01590303480625152,-0.02050729155540467,-0.010526405572891235,True,11904,10912
dmn_within,83,"('WT', 'VEH')","('Dp1Yey', 'VEH')",50.0,0.06691005825996399,0.06335117667913437,0.0696920245885849,True,11904,10912
dmn_within,83,"('WT', 'VEH')","('Dp1Yey', 'VEH')",95.0,0.10671374797821043,0.10352403767406942,0.11063705153763292,True,11904,10912
dmn_within,83,"('WT', 'VEH')","('Dp1Yey', 'VEH')",99.0,0.1489943629503252,0.14556005901843339,0.15492226780951043,True,11904,10912
dmn_within,83,"('WT', 'LCTB92')","('Dp1Yey', 'LCTB92')",1.0,-0.14224506556987765,-0.14526412323117258,-0.1366894169598818,True,13888,10912
dmn_within,83,"('WT', 'LCTB92')","('Dp1Yey', 'LCTB92')",5.0,-0.13324518799781798,-0.13640713378787045,-0.13024479426443578,True,13888,10912
dmn_within,83,"('WT', 'LCTB92')","('Dp1Yey', 'LCTB92')",50.0,0.002912551164627075,-0.0016785517334938049,0.007555717229843135,False,13888,10912
dmn_within,83,"('WT', 'LCTB92')","('Dp1Yey', 'LCTB92')",95.0,-0.06447916477918603,-0.07266919072717426,-0.05015606045722962,True,13888,10912
dmn_within,83,"('WT', 'LCTB92')","('Dp1Yey', 'LCTB92')",99.0,-0.11438782364130051,-0.12261067385226516,-0.10709785525500773,True,13888,10912
dmn_within,84,"('WT', 'VEH')","('WT', 'LCTB92')",1.0,0.0725489217042923,0.06743756239116191,0.07748302023112773,True,11760,13720
dmn_within,84,"('WT', 'VEH')","('WT', 'LCTB92')",5.0,0.07181420922279355,0.06822806805372239,0.07630385510623454,True,11760,13720
dmn_within,84,"('WT', 'VEH')","('WT', 'LCTB92')",50.0,0.06568840146064758,0.060313521325588225,0.0711064800620079,True,11760,13720
dmn_within,84,"('WT', 'VEH')","('WT', 'LCTB92')",95.0,0.05906491279602055,0.055781389400362924,0.06248369187116622,True,11760,13720
dmn_within,84,"('WT', 'VEH')","('WT', 'LCTB92')",99.0,0.08468362987041467,0.08044500260800116,0.09108787139505174,True,11760,13720
dmn_within,84,"('Dp1Yey', 'VEH')","('Dp1Yey', 'LCTB92')",1.0,-0.04667093336582184,-0.052694970950484296,-0.04280483230948448,True,10780,10780
dmn_within,84,"('Dp1Yey', 'VEH')","('Dp1Yey', 'LCTB92')",5.0,-0.045873478055000305,-0.048271183371543895,-0.043240316435694676,True,10780,10780
dmn_within,84,"('Dp1Yey', 'VEH')","('Dp1Yey', 'LCTB92')",50.0,0.0018938183784484863,-0.000562170147895813,0.004427559673786159,False,10780,10780
dmn_within,84,"('Dp1Yey', 'VEH')","('Dp1Yey', 'LCTB92')",95.0,-0.11184833496808988,-0.11983067963272331,-0.09429593104869138,True,10780,10780
dmn_within,84,"('Dp1Yey', 'VEH')","('Dp1Yey', 'LCTB92')",99.0,-0.18138591438531904,-0.1856549437567592,-0.1727235437333588,True,10780,10780
dmn_within,84,"('WT', 'VEH')","('Dp1Yey', 'VEH')",1.0,-0.018681229948997513,-0.02400694850087166,-0.012430860504508036,True,11760,10780
dmn_within,84,"('WT', 'VEH')","('Dp1Yey', 'VEH')",5.0,-0.0156820207834244,-0.019683423191308974,-0.011703330725431432,True,11760,10780
dmn_within,84,"('WT', 'VEH')","('Dp1Yey', 'VEH')",50.0,0.06623217463493347,0.06286505088210106,0.06961957290768624,True,11760,10780
dmn_within,84,"('WT', 'VEH')","('Dp1Yey', 'VEH')",95.0,0.10691899508237845,0.10364152152091234,0.11017754666507244,True,11760,10780
dmn_within,84,"('WT', 'VEH')","('Dp1Yey', 'VEH')",99.0,0.15215425193309817,0.1467633882984524,0.15634878592938198,True,11760,10780
dmn_within,84,"('WT', 'LCTB92')","('Dp1Yey', 'LCTB92')",1.0,-0.13790108501911164,-0.14231805369257924,-0.13433865696191788,True,13720,10780
dmn_within,84,"('WT', 'LCTB92')","('Dp1Yey', 'LCTB92')",5.0,-0.13336970806121826,-0.1362385427951813,-0.1310322032123804,True,13720,10780
dmn_within,84,"('WT', 'LCTB92')","('Dp1Yey', 'LCTB92')",50.0,0.002437591552734375,-0.0020161472260951997,0.007438416779041287,False,13720,10780
dmn_within,84,"('WT', 'LCTB92')","('Dp1Yey', 'LCTB92')",95.0,-0.06399425268173198,-0.07201163731515349,-0.04676753722131216,True,13720,10780
dmn_within,84,"('WT', 'LCTB92')","('Dp1Yey', 'LCTB92')",99.0,-0.11391529232263553,-0.12036440144479266,-0.10561892035603523,True,13720,10780
dmn_within,85,"('WT', 'VEH')","('WT', 'LCTB92')",1.0,0.0728616863489151,0.0692266435176134,0.07628016702830792,True,11616,13552
dmn_within,85,"('WT', 'VEH')","('WT', 'LCTB92')",5.0,0.06911479830741882,0.06605456173419952,0.07296552702784538,True,11616,13552
dmn_within,85,"('WT', 'VEH')","('WT', 'LCTB92')",50.0,0.06271615624427795,0.058521813899278644,0.06681770309805869,True,11616,13552
dmn_within,85,"('WT', 'VEH')","('WT', 'LCTB92')",95.0,0.05832279175519939,0.05399738181382418,0.06158983539789915,True,11616,13552
dmn_within,85,"('WT', 'VEH')","('WT', 'LCTB92')",99.0,0.08879132926464095,0.08337851739674808,0.09724734021723312,True,11616,13552
dmn_within,85,"('Dp1Yey', 'VEH')","('Dp1Yey', 'LCTB92')",1.0,-0.04971825182437897,-0.05614433762431145,-0.045656004741787916,True,10648,10648
dmn_within,85,"('Dp1Yey', 'VEH')","('Dp1Yey', 'LCTB92')",5.0,-0.04698137640953065,-0.049483318701386454,-0.043946531713008885,True,10648,10648
dmn_within,85,"('Dp1Yey', 'VEH')","('Dp1Yey', 'LCTB92')",50.0,0.000897824764251709,-0.0018714137375354766,0.0033065252006053924,False,10648,10648
dmn_within,85,"('Dp1Yey', 'VEH')","('Dp1Yey', 'LCTB92')",95.0,-0.11087024211883545,-0.12058206375688314,-0.096598116867244,True,10648,10648
dmn_within,85,"('Dp1Yey', 'VEH')","('Dp1Yey', 'LCTB92')",99.0,-0.1845481348037722,-0.18943098999559874,-0.1715091476216915,True,10648,10648
dmn_within,85,"('WT', 'VEH')","('Dp1Yey', 'VEH')",1.0,-0.01617324829101563,-0.02088200516998769,-0.010108757764101018,True,11616,10648
dmn_within,85,"('WT', 'VEH')","('Dp1Yey', 'VEH')",5.0,-0.018034476041793812,-0.02121333181858063,-0.01474336825311184,True,11616,10648
dmn_within,85,"('WT', 'VEH')","('Dp1Yey', 'VEH')",50.0,0.06435814499855042,0.06129406094551086,0.06776294335722924,True,11616,10648
dmn_within,85,"('WT', 'VEH')","('Dp1Yey', 'VEH')",95.0,0.1090727299451828,0.10493903800845146,0.11316805083304646,True,11616,10648
dmn_within,85,"('WT', 'VEH')","('Dp1Yey', 'VEH')",99.0,0.15737507045269028,0.14889388256520011,0.16097233474254607,True,11616,10648
dmn_within,85,"('WT', 'LCTB92')","('Dp1Yey', 'LCTB92')",1.0,-0.1387531864643097,-0.14234954854846002,-0.13589646229147914,True,13552,10648
dmn_within,85,"('WT', 'LCTB92')","('Dp1Yey', 'LCTB92')",5.0,-0.13413065075874328,-0.1372525668144226,-0.13140933662652968,True,13552,10648
dmn_within,85,"('WT', 'LCTB92')","('Dp1Yey', 'LCTB92')",50.0,0.00253981351852417,-0.0011142268776893616,0.006425889581441879,False,13552,10648
dmn_within,85,"('WT', 'LCTB92')","('Dp1Yey', 'LCTB92')",95.0,-0.06012030392885204,-0.0694250987097623,-0.04611127357929924,True,13552,10648
dmn_within,85,"('WT', 'LCTB92')","('Dp1Yey', 'LCTB92')",99.0,-0.11596439361572286,-0.12444323875755077,-0.10635885402560243,True,13552,10648
dmn_within,86,"('WT', 'VEH')","('WT', 'LCTB92')",1.0,0.07567701101303102,0.07211315232515335,0.0782899874150753,True,11472,13384
dmn_within,86,"('WT', 'VEH')","('WT', 'LCTB92')",5.0,0.06800580024719238,0.0649680244922638,0.07100320637226103,True,11472,13384
dmn_within,86,"('WT', 'VEH')","('WT', 'LCTB92')",50.0,0.06138014793395996,0.0571779415011406,0.06528651118278503,True,11472,13384
dmn_within,86,"('WT', 'VEH')","('WT', 'LCTB92')",95.0,0.05690450817346582,0.053496370986103915,0.060311585664749146,True,11472,13384
dmn_within,86,"('WT', 'VEH')","('WT', 'LCTB92')",99.0,0.08952670574188215,0.08201063698530159,0.09494527973234652,True,11472,13384
dmn_within,86,"('Dp1Yey', 'VEH')","('Dp1Yey', 'LCTB92')",1.0,-0.05308597087860106,-0.0603066726028919,-0.04789971701800823,True,10516,10516
dmn_within,86,"('Dp1Yey', 'VEH')","('Dp1Yey', 'LCTB92')",5.0,-0.0460423082113266,-0.04904366433620453,-0.04299456067383289,True,10516,10516
dmn_within,86,"('Dp1Yey', 'VEH')","('Dp1Yey', 'LCTB92')",50.0,-7.286667823791504e-05,-0.0029223673045635223,0.00253578498959541,False,10516,10516
dmn_within,86,"('Dp1Yey', 'VEH')","('Dp1Yey', 'LCTB92')",95.0,-0.11461317539215088,-0.12512706983834504,-0.10338854249566794,True,10516,10516
dmn_within,86,"('Dp1Yey', 'VEH')","('Dp1Yey', 'LCTB92')",99.0,-0.18484171777963632,-0.18992956578731526,-0.17446988806128483,True,10516,10516
dmn_within,86,"('WT', 'VEH')","('Dp1Yey', 'VEH')",1.0,-0.014515294432640075,-0.019569403380155562,-0.006225671470165266,True,11472,10516
dmn_within,86,"('WT', 'VEH')","('Dp1Yey', 'VEH')",5.0,-0.01973771452903747,-0.023454199805855735,-0.016267235204577447,True,11472,10516
dmn_within,86,"('WT', 'VEH')","('Dp1Yey', 'VEH')",50.0,0.06488034129142761,0.06188707426190376,0.06752382740378379,True,11472,10516
dmn_within,86,"('WT', 'VEH')","('Dp1Yey', 'VEH')",95.0,0.11272442638874058,0.10849554568529127,0.11556219179183233,True,11472,10516
dmn_within,86,"('WT', 'VEH')","('Dp1Yey', 'VEH')",99.0,0.153069769144058,0.1464551039710635,0.15776570153236355,True,11472,10516
dmn_within,86,"('WT', 'LCTB92')","('Dp1Yey', 'LCTB92')",1.0,-0.14327827632427215,-0.14512057109177112,-0.13973408928513528,True,13384,10516
dmn_within,86,"('WT', 'LCTB92')","('Dp1Yey', 'LCTB92')",5.0,-0.13378582298755645,-0.13643014311790466,-0.1313282635062933,True,13384,10516
dmn_within,86,"('WT', 'LCTB92')","('Dp1Yey', 'LCTB92')",50.0,0.0034273266792297363,-0.0006950132548809051,0.007517524063587174,False,13384,10516
dmn_within,86,"('WT', 'LCTB92')","('Dp1Yey', 'LCTB92')",95.0,-0.05879325717687611,-0.06943087913095952,-0.0479382511228323,True,13384,10516
dmn_within,86,"('WT', 'LCTB92')","('Dp1Yey', 'LCTB92')",99.0,-0.12129865437746046,-0.126552636012435,-0.10992706786841186,True,13384,10516
dmn_within,87,"('WT', 'VEH')","('WT', 'LCTB92')",1.0,0.07557109951972962,0.07291584055125713,0.07814552228152752,True,11328,13216
dmn_within,87,"('WT', 'VEH')","('WT', 'LCTB92')",5.0,0.06678287982940673,0.06424211293458938,0.0692802170664072,True,11328,13216
dmn_within,87,"('WT', 'VEH')","('WT', 'LCTB92')",50.0,0.059437692165374756,0.05537577196955681,0.06306385323405266,True,11328,13216
dmn_within,87,"('WT', 'VEH')","('WT', 'LCTB92')",95.0,0.058628082275390625,0.05530612912029022,0.06203208506107326,True,11328,13216
dmn_within,87,"('WT', 'VEH')","('WT', 'LCTB92')",99.0,0.07888124644756278,0.07450523376464843,0.08654021237790563,True,11328,13216
dmn_within,87,"('Dp1Yey', 'VEH')","('Dp1Yey', 'LCTB92')",1.0,-0.05133138358592987,-0.06582097880542277,-0.04874768102169038,True,10384,10384
dmn_within,87,"('Dp1Yey', 'VEH')","('Dp1Yey', 'LCTB92')",5.0,-0.04589876234531404,-0.0502333027124405,-0.042157398089766485,True,10384,10384
dmn_within,87,"('Dp1Yey', 'VEH')","('Dp1Yey', 'LCTB92')",50.0,0.0008481144905090332,-0.0016695752739906311,0.003150015324354168,False,10384,10384
dmn_within,87,"('Dp1Yey', 'VEH')","('Dp1Yey', 'LCTB92')",95.0,-0.1189650014042854,-0.12567345328629018,-0.10479334779083728,True,10384,10384
dmn_within,87,"('Dp1Yey', 'VEH')","('Dp1Yey', 'LCTB92')",99.0,-0.18141803115606314,-0.18798366570472716,-0.17118936930596834,True,10384,10384
dmn_within,87,"('WT', 'VEH')","('Dp1Yey', 'VEH')",1.0,-0.016511405706405635,-0.019428113818168627,-0.005562362194061296,True,11328,10384
dmn_within,87,"('WT', 'VEH')","('Dp1Yey', 'VEH')",5.0,-0.02057519257068635,-0.024491388052701932,-0.016167187169194238,True,11328,10384
dmn_within,87,"('WT', 'VEH')","('Dp1Yey', 'VEH')",50.0,0.06433829665184021,0.06123216301202774,0.06710877418518066,True,11328,10384
dmn_within,87,"('WT', 'VEH')","('Dp1Yey', 'VEH')",95.0,0.1121282204985618,0.1089823813736438,0.1152709243819117,True,11328,10384
dmn_within,87,"('WT', 'VEH')","('Dp1Yey', 'VEH')",99.0,0.14489828884601585,0.14096600427478542,0.150085827358067,True,11328,10384
dmn_within,87,"('WT', 'LCTB92')","('Dp1Yey', 'LCTB92')",1.0,-0.14341388881206513,-0.14575423595309256,-0.1409791052341461,True,13216,10384
dmn_within,87,"('WT', 'LCTB92')","('Dp1Yey', 'LCTB92')",5.0,-0.13325683474540712,-0.13577586375176906,-0.13099490709602832,True,13216,10384
dmn_within,87,"('WT', 'LCTB92')","('Dp1Yey', 'LCTB92')",50.0,0.005748718976974487,0.002143801748752594,0.009360557794570921,True,13216,10384
dmn_within,87,"('WT', 'LCTB92')","('Dp1Yey', 'LCTB92')",95.0,-0.06546486318111422,-0.07219198334962129,-0.05112771589308982,True,13216,10384
dmn_within,87,"('WT', 'LCTB92')","('Dp1Yey', 'LCTB92')",99.0,-0.11540098875761007,-0.1233372597247363,-0.10492913212627146,True,13216,10384
dmn_within,88,"('WT', 'VEH')","('WT', 'LCTB92')",1.0,0.07573030591011048,0.07387071466445923,0.07864192509651184,True,11184,13048
dmn_within,88,"('WT', 'VEH')","('WT', 'LCTB92')",5.0,0.06558934450149537,0.0635035614669323,0.06763835541903973,True,11184,13048
dmn_within,88,"('WT', 'VEH')","('WT', 'LCTB92')",50.0,0.05739861726760864,0.054030738025903705,0.06072840988636016,True,11184,13048
dmn_within,88,"('WT', 'VEH')","('WT', 'LCTB92')",95.0,0.05991465896368042,0.05645480904728174,0.0633511725813151,True,11184,13048
dmn_within,88,"('WT', 'VEH')","('WT', 'LCTB92')",99.0,0.07551771163940413,0.06995053207874304,0.08154362432658639,True,11184,13048
dmn_within,88,"('Dp1Yey', 'VEH')","('Dp1Yey', 'LCTB92')",1.0,-0.049491515159606925,-0.05914374166727062,-0.04624352145195008,True,10252,10252
dmn_within,88,"('Dp1Yey', 'VEH')","('Dp1Yey', 'LCTB92')",5.0,-0.047304001450538646,-0.05070598021149634,-0.04387313917279243,True,10252,10252
dmn_within,88,"('Dp1Yey', 'VEH')","('Dp1Yey', 'LCTB92')",50.0,0.001531064510345459,-0.0007674336433410644,0.0038698129355907427,False,10252,10252
dmn_within,88,"('Dp1Yey', 'VEH')","('Dp1Yey', 'LCTB92')",95.0,-0.12009496390819518,-0.12771492637693724,-0.10611823618411995,True,10252,10252
dmn_within,88,"('Dp1Yey', 'VEH')","('Dp1Yey', 'LCTB92')",99.0,-0.17980860590934722,-0.18739007755368947,-0.16898924688249828,True,10252,10252
dmn_within,88,"('WT', 'VEH')","('Dp1Yey', 'VEH')",1.0,-0.01641084730625153,-0.019450797140598306,-0.0003897105008364203,True,11184,10252
dmn_within,88,"('WT', 'VEH')","('Dp1Yey', 'VEH')",5.0,-0.02066082358360291,-0.023994763642549505,-0.017293686941266054,True,11184,10252
dmn_within,88,"('WT', 'VEH')","('Dp1Yey', 'VEH')",50.0,0.06282088160514832,0.06040252894163132,0.06554709747433662,True,11184,10252
dmn_within,88,"('WT', 'VEH')","('Dp1Yey', 'VEH')",95.0,0.11365426182746896,0.1090293017029764,0.11747221540659664,True,11184,10252
dmn_within,88,"('WT', 'VEH')","('Dp1Yey', 'VEH')",99.0,0.1428829315304757,0.13679318270832314,0.1487621977552772,True,11184,10252
dmn_within,88,"('WT', 'LCTB92')","('Dp1Yey', 'LCTB92')",1.0,-0.14163266837596894,-0.14414647880196568,-0.13942469580471517,True,13048,10252
dmn_within,88,"('WT', 'LCTB92')","('Dp1Yey', 'LCTB92')",5.0,-0.13355416953563692,-0.13553692974150178,-0.13136934630572794,True,13048,10252
dmn_within,88,"('WT', 'LCTB92')","('Dp1Yey', 'LCTB92')",50.0,0.006953328847885132,0.003771030157804489,0.010212333500385284,True,13048,10252
dmn_within,88,"('WT', 'LCTB92')","('Dp1Yey', 'LCTB92')",95.0,-0.06635536104440665,-0.07464920155703998,-0.05337571792304248,True,13048,10252
dmn_within,88,"('WT', 'LCTB92')","('Dp1Yey', 'LCTB92')",99.0,-0.11244338601827564,-0.1202001446038484,-0.1019397597759962,True,13048,10252
dmn_within,89,"('WT', 'VEH')","('WT', 'LCTB92')",1.0,0.07647770702838899,0.07480878812074661,0.07864417934417725,True,11040,12880
dmn_within,89,"('WT', 'VEH')","('WT', 'LCTB92')",5.0,0.06442117094993591,0.0628222665935755,0.06643139630556108,True,11040,12880
dmn_within,89,"('WT', 'VEH')","('WT', 'LCTB92')",50.0,0.056726694107055664,0.053517600148916246,0.05967487394809723,True,11040,12880
dmn_within,89,"('WT', 'VEH')","('WT', 'LCTB92')",95.0,0.060028082132339455,0.05585038080811492,0.06340697761625051,True,11040,12880
dmn_within,89,"('WT', 'VEH')","('WT', 'LCTB92')",99.0,0.07554981440305741,0.06930106260627526,0.08334887439757588,True,11040,12880
dmn_within,89,"('Dp1Yey', 'VEH')","('Dp1Yey', 'LCTB92')",1.0,-0.04794041574001312,-0.06285955202579498,-0.044595592230558395,True,10120,10120
dmn_within,89,"('Dp1Yey', 'VEH')","('Dp1Yey', 'LCTB92')",5.0,-0.04691069126129149,-0.05010463163256643,-0.04342427894473077,True,10120,10120
dmn_within,89,"('Dp1Yey', 'VEH')","('Dp1Yey', 'LCTB92')",50.0,0.0014015138149261475,-0.0007437273859977722,0.0035193093121051776,False,10120,10120
dmn_within,89,"('Dp1Yey', 'VEH')","('Dp1Yey', 'LCTB92')",95.0,-0.12079964727163317,-0.12929535366594794,-0.10671403910964708,True,10120,10120
dmn_within,89,"('Dp1Yey', 'VEH')","('Dp1Yey', 'LCTB92')",99.0,-0.1779440864920615,-0.18572950265556548,-0.16486435650289077,True,10120,10120
dmn_within,89,"('WT', 'VEH')","('Dp1Yey', 'VEH')",1.0,-0.015594517588615409,-0.01839904965460301,-0.0009368075430393252,True,11040,10120
dmn_within,89,"('WT', 'VEH')","('Dp1Yey', 'VEH')",5.0,-0.021433103084564226,-0.024687328636646265,-0.018252060413360607,True,11040,10120
dmn_within,89,"('WT', 'VEH')","('Dp1Yey', 'VEH')",50.0,0.06318837404251099,0.06064214333891869,0.06560793817043305,True,11040,10120
dmn_within,89,"('WT', 'VEH')","('Dp1Yey', 'VEH')",95.0,0.11534736156463621,0.11066712092608201,0.11951762251555909,True,11040,10120
dmn_within,89,"('WT', 'VEH')","('Dp1Yey', 'VEH')",99.0,0.1454895442724229,0.1342888626679783,0.15180939651280645,True,11040,10120
dmn_within,89,"('WT', 'LCTB92')","('Dp1Yey', 'LCTB92')",1.0,-0.14001264035701752,-0.1419091999232769,-0.13781005553901196,True,12880,10120
dmn_within,89,"('WT', 'LCTB92')","('Dp1Yey', 'LCTB92')",5.0,-0.13276496529579163,-0.13491857282817363,-0.1306559631228447,True,12880,10120
dmn_within,89,"('WT', 'LCTB92')","('Dp1Yey', 'LCTB92')",50.0,0.00786319375038147,0.004812410473823548,0.010975848883390418,True,12880,10120
dmn_within,89,"('WT', 'LCTB92')","('Dp1Yey', 'LCTB92')",95.0,-0.06548036783933642,-0.07350767537951468,-0.05203703239560128,True,12880,10120
dmn_within,89,"('WT', 'LCTB92')","('Dp1Yey', 'LCTB92')",99.0,-0.10800435662269603,-0.11727866021543717,-0.099710448615253,True,12880,10120
dmn_within,8,"('WT', 'VEH')","('WT', 'LCTB92')",1.0,0.11102921724319459,0.09894843912124636,0.12099635849148034,True,22704,26488
dmn_within,8,"('WT', 'VEH')","('WT', 'LCTB92')",5.0,0.08471550792455673,0.07794191624969246,0.09119478672742842,True,22704,26488
dmn_within,8,"('WT', 'VEH')","('WT', 'LCTB92')",50.0,0.026956722140312195,0.024701306596398354,0.029457583650946615,True,22704,26488
dmn_within,8,"('WT', 'VEH')","('WT', 'LCTB92')",95.0,0.008508719399105802,0.006615682477131485,0.010857264398947073,True,22704,26488
dmn_within,8,"('WT', 'VEH')","('WT', 'LCTB92')",99.0,0.005227738544344884,0.0023211576985195993,0.00820653496496399,True,22704,26488
dmn_within,8,"('Dp1Yey', 'VEH')","('Dp1Yey', 'LCTB92')",1.0,-0.007916894555091814,-0.018943669885396957,0.007555906146764686,False,20812,20812
dmn_within,8,"('Dp1Yey', 'VEH')","('Dp1Yey', 'LCTB92')",5.0,0.006937652826309204,-0.0008417397737503051,0.015217292681336403,False,20812,20812
dmn_within,8,"('Dp1Yey', 'VEH')","('Dp1Yey', 'LCTB92')",50.0,0.006904274225234985,0.004242402128875255,0.009460507333278656,True,20812,20812
dmn_within,8,"('Dp1Yey', 'VEH')","('Dp1Yey', 'LCTB92')",95.0,-0.007544999546371445,-0.00992930478649216,-0.004820963550009722,True,20812,20812
dmn_within,8,"('Dp1Yey', 'VEH')","('Dp1Yey', 'LCTB92')",99.0,-0.01297724325209848,-0.017162715994752754,-0.008446567602921607,True,20812,20812
dmn_within,8,"('WT', 'VEH')","('Dp1Yey', 'VEH')",1.0,0.07131229281425477,0.06083692549169062,0.08150571066886184,True,22704,20812
dmn_within,8,"('WT', 'VEH')","('Dp1Yey', 'VEH')",5.0,0.051655957102775596,0.04307673111557958,0.05915262460708624,True,22704,20812
dmn_within,8,"('WT', 'VEH')","('Dp1Yey', 'VEH')",50.0,0.0328037366271019,0.03053936092182994,0.03508501742035151,True,22704,20812
dmn_within,8,"('WT', 'VEH')","('Dp1Yey', 'VEH')",95.0,0.02433930025435993,0.021948072091908973,0.026479728606063718,True,22704,20812
dmn_within,8,"('WT', 'VEH')","('Dp1Yey', 'VEH')",99.0,0.02087817050516616,0.016919331112876534,0.024572084735613346,True,22704,20812
dmn_within,8,"('WT', 'LCTB92')","('Dp1Yey', 'LCTB92')",1.0,-0.04763381898403163,-0.0588502760306001,-0.03061621466279031,True,26488,20812
dmn_within,8,"('WT', 'LCTB92')","('Dp1Yey', 'LCTB92')",5.0,-0.026121897995471932,-0.032590853273868604,-0.01970335230231283,True,26488,20812
dmn_within,8,"('WT', 'LCTB92')","('Dp1Yey', 'LCTB92')",50.0,0.012751288712024689,0.010028356313705444,0.01545467060059309,True,26488,20812
dmn_within,8,"('WT', 'LCTB92')","('Dp1Yey', 'LCTB92')",95.0,0.008285581308882684,0.005891935199033404,0.010642361375503258,True,26488,20812
dmn_within,8,"('WT', 'LCTB92')","('Dp1Yey', 'LCTB92')",99.0,0.0026731887087227957,-0.001062450407072746,0.006408052487298781,False,26488,20812
dmn_within,90,"('WT', 'VEH')","('WT', 'LCTB92')",1.0,0.07636365592479706,0.07449451634287835,0.07848413272202014,True,10896,12712
dmn_within,90,"('WT', 'VEH')","('WT', 'LCTB92')",5.0,0.06387803852558135,0.061933121159672734,0.06616733863949774,True,10896,12712
dmn_within,90,"('WT', 'VEH')","('WT', 'LCTB92')",50.0,0.05441117286682129,0.05174444541335106,0.05792862623929977,True,10896,12712
dmn_within,90,"('WT', 'VEH')","('WT', 'LCTB92')",95.0,0.05938811302185065,0.05628595087677249,0.06297942619770779,True,10896,12712
dmn_within,90,"('WT', 'VEH')","('WT', 'LCTB92')",99.0,0.0770135438442231,0.0695706948786979,0.08519345463067345,True,10896,12712
dmn_within,90,"('Dp1Yey', 'VEH')","('Dp1Yey', 'LCTB92')",1.0,-0.05228927493095398,-0.0667153324633837,-0.04555298766493798,True,9988,9988
dmn_within,90,"('Dp1Yey', 'VEH')","('Dp1Yey', 'LCTB92')",5.0,-0.045249161124229414,-0.04989276252686978,-0.0424883780628443,True,9988,9988
dmn_within,90,"('Dp1Yey', 'VEH')","('Dp1Yey', 'LCTB92')",50.0,0.0008296072483062744,-0.0010251984000205993,0.0031901381909847258,False,9988,9988
dmn_within,90,"('Dp1Yey', 'VEH')","('Dp1Yey', 'LCTB92')",95.0,-0.12399919182062152,-0.13100216329097766,-0.11242156978696566,True,9988,9988
dmn_within,90,"('Dp1Yey', 'VEH')","('Dp1Yey', 'LCTB92')",99.0,-0.16847783386707305,-0.17707205127179554,-0.158715636469424,True,9988,9988
dmn_within,90,"('WT', 'VEH')","('Dp1Yey', 'VEH')",1.0,-0.0098067843914032,-0.01624665324389936,0.003922038376331293,False,10896,9988
dmn_within,90,"('WT', 'VEH')","('Dp1Yey', 'VEH')",5.0,-0.02305682301521303,-0.025879060328006746,-0.018866084516048435,True,10896,9988
dmn_within,90,"('WT', 'VEH')","('Dp1Yey', 'VEH')",50.0,0.06317579746246338,0.06068100258708,0.06544488742947578,True,10896,9988
dmn_within,90,"('WT', 'VEH')","('Dp1Yey', 'VEH')",95.0,0.1173070371150971,0.1126728167384863,0.12128560479730371,True,10896,9988
dmn_within,90,"('WT', 'VEH')","('Dp1Yey', 'VEH')",99.0,0.13780928492546096,0.1293263563141231,0.14641895881295205,True,10896,9988
dmn_within,90,"('WT', 'LCTB92')","('Dp1Yey', 'LCTB92')",1.0,-0.13845971524715422,-0.1405308190882206,-0.13645588748157025,True,12712,9988
dmn_within,90,"('WT', 'LCTB92')","('Dp1Yey', 'LCTB92')",5.0,-0.1321840226650238,-0.13476845771074294,-0.12984592154622077,True,12712,9988
dmn_within,90,"('WT', 'LCTB92')","('Dp1Yey', 'LCTB92')",50.0,0.009594231843948364,0.006252811849117279,0.012273511290550232,True,12712,9988
dmn_within,90,"('WT', 'LCTB92')","('Dp1Yey', 'LCTB92')",95.0,-0.06608026772737507,-0.0727316473796962,-0.055332219824195054,True,12712,9988
dmn_within,90,"('WT', 'LCTB92')","('Dp1Yey', 'LCTB92')",99.0,-0.10768209278583518,-0.1157706306502222,-0.09870001295208918,True,12712,9988
dmn_within,91,"('WT', 'VEH')","('WT', 'LCTB92')",1.0,0.07395648539066314,0.07127927874028683,0.07694269618391991,True,10752,12544
dmn_within,91,"('WT', 'VEH')","('WT', 'LCTB92')",5.0,0.06407680511474612,0.06205340422689914,0.0666309393942356,True,10752,12544
dmn_within,91,"('WT', 'VEH')","('WT', 'LCTB92')",50.0,0.05307695269584656,0.04993891343474388,0.05699217692017555,True,10752,12544
dmn_within,91,"('WT', 'VEH')","('WT', 'LCTB92')",95.0,0.062099252641201086,0.05839785270392915,0.06623022887855784,True,10752,12544
dmn_within,91,"('WT', 'VEH')","('WT', 'LCTB92')",99.0,0.0784623196721076,0.07062142653763309,0.0869705080986023,True,10752,12544
dmn_within,91,"('Dp1Yey', 'VEH')","('Dp1Yey', 'LCTB92')",1.0,-0.0544861286878586,-0.06423219054937362,-0.0490338908135891,True,9856,9856
dmn_within,91,"('Dp1Yey', 'VEH')","('Dp1Yey', 'LCTB92')",5.0,-0.04513086378574371,-0.04732027277350426,-0.04289659857749939,True,9856,9856
dmn_within,91,"('Dp1Yey', 'VEH')","('Dp1Yey', 'LCTB92')",50.0,-4.038214683532715e-05,-0.0018659301102161407,0.0020472154021263116,False,9856,9856
dmn_within,91,"('Dp1Yey', 'VEH')","('Dp1Yey', 'LCTB92')",95.0,-0.1270204856991768,-0.13680757004767657,-0.11732743103057146,True,9856,9856
dmn_within,91,"('Dp1Yey', 'VEH')","('Dp1Yey', 'LCTB92')",99.0,-0.16059132218360894,-0.1705430934950712,-0.1537603410333393,True,9856,9856
dmn_within,91,"('WT', 'VEH')","('Dp1Yey', 'VEH')",1.0,-0.005987836718559264,-0.011391537338495265,0.003551219806075074,False,10752,9856
dmn_within,91,"('WT', 'VEH')","('Dp1Yey', 'VEH')",5.0,-0.022884783148765547,-0.025005639344453812,-0.020702307224273672,True,10752,9856
dmn_within,91,"('WT', 'VEH')","('Dp1Yey', 'VEH')",50.0,0.06358623504638672,0.06092969924211502,0.066145259141922,True,10752,9856
dmn_within,91,"('WT', 'VEH')","('Dp1Yey', 'VEH')",95.0,0.12083772420883176,0.11670724548399448,0.124959409609437,True,10752,9856
dmn_within,91,"('WT', 'VEH')","('Dp1Yey', 'VEH')",99.0,0.13030237704515424,0.12365416597574927,0.14054837355017638,True,10752,9856
dmn_within,91,"('WT', 'LCTB92')","('Dp1Yey', 'LCTB92')",1.0,-0.134430450797081,-0.1377396874129772,-0.13147427636384962,True,12544,9856
dmn_within,91,"('WT', 'LCTB92')","('Dp1Yey', 'LCTB92')",5.0,-0.13209245204925538,-0.13457297682762145,-0.12987644523382186,True,12544,9856
dmn_within,91,"('WT', 'LCTB92')","('Dp1Yey', 'LCTB92')",50.0,0.010468900203704834,0.006987618654966355,0.013322238624095916,True,12544,9856
dmn_within,91,"('WT', 'LCTB92')","('Dp1Yey', 'LCTB92')",95.0,-0.06828201413154611,-0.07760972037911426,-0.059086813367903245,True,12544,9856
dmn_within,91,"('WT', 'LCTB92')","('Dp1Yey', 'LCTB92')",99.0,-0.1087512648105623,-0.11685444032400898,-0.09996158175170433,True,12544,9856
dmn_within,92,"('WT', 'VEH')","('WT', 'LCTB92')",1.0,0.07141921520233155,0.06950287854671479,0.07377701380848885,True,10608,12376
dmn_within,92,"('WT', 'VEH')","('WT', 'LCTB92')",5.0,0.0639461636543274,0.06162458308041096,0.06641610868275165,True,10608,12376
dmn_within,92,"('WT', 'VEH')","('WT', 'LCTB92')",50.0,0.05061560869216919,0.04672311097383499,0.05500248819589615,True,10608,12376
dmn_within,92,"('WT', 'VEH')","('WT', 'LCTB92')",95.0,0.06421320438385003,0.060475272908806776,0.06848707735538483,True,10608,12376
dmn_within,92,"('WT', 'VEH')","('WT', 'LCTB92')",99.0,0.07997908920049679,0.07301738248020416,0.08745931295305491,True,10608,12376
dmn_within,92,"('Dp1Yey', 'VEH')","('Dp1Yey', 'LCTB92')",1.0,-0.05804641127586363,-0.06297997131943703,-0.0495191302448511,True,9724,9724
dmn_within,92,"('Dp1Yey', 'VEH')","('Dp1Yey', 'LCTB92')",5.0,-0.044333881139755255,-0.04644029088318349,-0.04146571129560471,True,9724,9724
dmn_within,92,"('Dp1Yey', 'VEH')","('Dp1Yey', 'LCTB92')",50.0,-0.0008499622344970703,-0.0028860822319984438,0.001172034442424774,False,9724,9724
dmn_within,92,"('Dp1Yey', 'VEH')","('Dp1Yey', 'LCTB92')",95.0,-0.13333531618118294,-0.13977916009724156,-0.12011326633393764,True,9724,9724
dmn_within,92,"('Dp1Yey', 'VEH')","('Dp1Yey', 'LCTB92')",99.0,-0.15446218699216852,-0.1664958048686381,-0.14840671086311286,True,9724,9724
dmn_within,92,"('WT', 'VEH')","('Dp1Yey', 'VEH')",1.0,-0.0015415710210800182,-0.009745993211865419,0.0033096980303525957,False,10608,9724
dmn_within,92,"('WT', 'VEH')","('Dp1Yey', 'VEH')",5.0,-0.022806182503700256,-0.025251856222748777,-0.020673291683197037,True,10608,9724
dmn_within,92,"('WT', 'VEH')","('Dp1Yey', 'VEH')",50.0,0.06332987546920776,0.05988498255610466,0.0661851055920124,True,10608,9724
dmn_within,92,"('WT', 'VEH')","('Dp1Yey', 'VEH')",95.0,0.1227262079715728,0.11829689629375924,0.12683143667876717,True,10608,9724
dmn_within,92,"('WT', 'VEH')","('Dp1Yey', 'VEH')",99.0,0.12366139084100725,0.1172239177227017,0.13575738917291091,True,10608,9724
dmn_within,92,"('WT', 'LCTB92')","('Dp1Yey', 'LCTB92')",1.0,-0.1310071974992752,-0.13373291172087193,-0.1289269923865795,True,12376,9724
dmn_within,92,"('WT', 'LCTB92')","('Dp1Yey', 'LCTB92')",5.0,-0.1310862272977829,-0.13352491296827793,-0.12828955739736556,True,12376,9724
dmn_within,92,"('WT', 'LCTB92')","('Dp1Yey', 'LCTB92')",50.0,0.011864304542541504,0.00809282660484314,0.015080264955759048,True,12376,9724
dmn_within,92,"('WT', 'LCTB92')","('Dp1Yey', 'LCTB92')",95.0,-0.07482231259346017,-0.08127322115004067,-0.06136145293712639,True,12376,9724
dmn_within,92,"('WT', 'LCTB92')","('Dp1Yey', 'LCTB92')",99.0,-0.11077988535165806,-0.1198945865035057,-0.10453901807963858,True,12376,9724
dmn_within,93,"('WT', 'VEH')","('WT', 'LCTB92')",1.0,0.06936473309993743,0.06751780559122562,0.07207798464596271,True,10464,12208
dmn_within,93,"('WT', 'VEH')","('WT', 'LCTB92')",5.0,0.06252911388874052,0.05974462397396564,0.06554079860448835,True,10464,12208
dmn_within,93,"('WT', 'VEH')","('WT', 'LCTB92')",50.0,0.04774925112724304,0.04379293024539947,0.0526119276881218,True,10464,12208
dmn_within,93,"('WT', 'VEH')","('WT', 'LCTB92')",95.0,0.06550401449203491,0.06109368182718756,0.0704721350222826,True,10464,12208
dmn_within,93,"('WT', 'VEH')","('WT', 'LCTB92')",99.0,0.07585854947566983,0.07057691065967103,0.08174233931303027,True,10464,12208
dmn_within,93,"('Dp1Yey', 'VEH')","('Dp1Yey', 'LCTB92')",1.0,-0.056901482939720166,-0.061212874725461,-0.04794152314960958,True,9592,9592
dmn_within,93,"('Dp1Yey', 'VEH')","('Dp1Yey', 'LCTB92')",5.0,-0.04302411973476408,-0.04596108846366404,-0.04059923470020296,True,9592,9592
dmn_within,93,"('Dp1Yey', 'VEH')","('Dp1Yey', 'LCTB92')",50.0,-0.0011362433433532715,-0.0034561626613140105,0.0008438602089881895,False,9592,9592
dmn_within,93,"('Dp1Yey', 'VEH')","('Dp1Yey', 'LCTB92')",95.0,-0.13510992377996445,-0.14200043294578787,-0.12302901703864293,True,9592,9592
dmn_within,93,"('Dp1Yey', 'VEH')","('Dp1Yey', 'LCTB92')",99.0,-0.15004304170608518,-0.16144677629321794,-0.14411608444154259,True,9592,9592
dmn_within,93,"('WT', 'VEH')","('Dp1Yey', 'VEH')",1.0,-0.0021644669771194447,-0.01136891518533231,0.0016173422336578373,False,10464,9592
dmn_within,93,"('WT', 'VEH')","('Dp1Yey', 'VEH')",5.0,-0.02434445619583131,-0.026879712119698515,-0.02172177225351334,True,10464,9592
dmn_within,93,"('WT', 'VEH')","('Dp1Yey', 'VEH')",50.0,0.062215179204940796,0.05957792773842811,0.06505759134888649,True,10464,9592
dmn_within,93,"('WT', 'VEH')","('Dp1Yey', 'VEH')",95.0,0.12302966266870508,0.11899814669042832,0.12860382277518545,True,10464,9592
dmn_within,93,"('WT', 'VEH')","('Dp1Yey', 'VEH')",99.0,0.11483541846275336,0.11118466141819978,0.12623490914702415,True,10464,9592
dmn_within,93,"('WT', 'LCTB92')","('Dp1Yey', 'LCTB92')",1.0,-0.12843068301677704,-0.13217812271416188,-0.1251437267512083,True,12208,9592
dmn_within,93,"('WT', 'LCTB92')","('Dp1Yey', 'LCTB92')",5.0,-0.12989768981933592,-0.13296468801796435,-0.12725398555397988,True,12208,9592
dmn_within,93,"('WT', 'LCTB92')","('Dp1Yey', 'LCTB92')",50.0,0.013329684734344482,0.008862072229385376,0.016879865527153017,True,12208,9592
dmn_within,93,"('WT', 'LCTB92')","('Dp1Yey', 'LCTB92')",95.0,-0.07758427560329428,-0.08457241274416445,-0.06540972445160145,True,12208,9592
dmn_within,93,"('WT', 'LCTB92')","('Dp1Yey', 'LCTB92')",99.0,-0.11106617271900165,-0.11552098178863529,-0.10418391964584582,True,12208,9592
dmn_within,94,"('WT', 'VEH')","('WT', 'LCTB92')",1.0,0.07017504453659057,0.06730225349962711,0.07240977038443087,True,10320,12040
dmn_within,94,"('WT', 'VEH')","('WT', 'LCTB92')",5.0,0.060635933279991144,0.05840139746665956,0.06326049901545047,True,10320,12040
dmn_within,94,"('WT', 'VEH')","('WT', 'LCTB92')",50.0,0.04694607853889465,0.04250825420022011,0.051352863013744345,True,10320,12040
dmn_within,94,"('WT', 'VEH')","('WT', 'LCTB92')",95.0,0.06591687649488454,0.06252679631114005,0.0711139387637376,True,10320,12040
dmn_within,94,"('WT', 'VEH')","('WT', 'LCTB92')",99.0,0.07102800369262674,0.06671662267297479,0.07622762066870864,True,10320,12040
dmn_within,94,"('Dp1Yey', 'VEH')","('Dp1Yey', 'LCTB92')",1.0,-0.05334344565868379,-0.061880591645836834,-0.04660629779100419,True,9460,9460
dmn_within,94,"('Dp1Yey', 'VEH')","('Dp1Yey', 'LCTB92')",5.0,-0.04308764934539794,-0.04642461374402046,-0.03897375032305719,True,9460,9460
dmn_within,94,"('Dp1Yey', 'VEH')","('Dp1Yey', 'LCTB92')",50.0,-0.0014605820178985596,-0.0033271357417106627,0.0004476681351661662,False,9460,9460
dmn_within,94,"('Dp1Yey', 'VEH')","('Dp1Yey', 'LCTB92')",95.0,-0.1389908805489541,-0.1467122453823688,-0.12496500607579952,True,9460,9460
dmn_within,94,"('Dp1Yey', 'VEH')","('Dp1Yey', 'LCTB92')",99.0,-0.146790756881237,-0.16144384237378828,-0.1419480799287557,True,9460,9460
dmn_within,94,"('WT', 'VEH')","('Dp1Yey', 'VEH')",1.0,-0.002602274417877193,-0.011018944382667536,0.0034306124001741356,False,10320,9460
dmn_within,94,"('WT', 'VEH')","('Dp1Yey', 'VEH')",5.0,-0.025951927900314337,-0.028541479259729406,-0.023006478771567352,True,10320,9460
dmn_within,94,"('WT', 'VEH')","('Dp1Yey', 'VEH')",50.0,0.062314003705978394,0.05928269475698471,0.06510654166340828,True,10320,9460
dmn_within,94,"('WT', 'VEH')","('Dp1Yey', 'VEH')",95.0,0.12613369822502146,0.1220345878601076,0.13151944324374198,True,10320,9460
dmn_within,94,"('WT', 'VEH')","('Dp1Yey', 'VEH')",99.0,0.10959335803985593,0.10557478482276203,0.1249818331673743,True,10320,9460
dmn_within,94,"('WT', 'LCTB92')","('Dp1Yey', 'LCTB92')",1.0,-0.12612076461315155,-0.13147371673583985,-0.12217244423925877,True,12040,9460
dmn_within,94,"('WT', 'LCTB92')","('Dp1Yey', 'LCTB92')",5.0,-0.12967551052570342,-0.1329492521286011,-0.12588977053761483,True,12040,9460
dmn_within,94,"('WT', 'LCTB92')","('Dp1Yey', 'LCTB92')",50.0,0.01390734314918518,0.009878826886415481,0.01774090826511383,True,12040,9460
dmn_within,94,"('WT', 'LCTB92')","('Dp1Yey', 'LCTB92')",95.0,-0.07877405881881716,-0.08614066302776331,-0.06484977193176551,True,12040,9460
dmn_within,94,"('WT', 'LCTB92')","('Dp1Yey', 'LCTB92')",99.0,-0.10822540253400781,-0.1132771844267844,-0.10351191566139453,True,12040,9460
dmn_within,95,"('WT', 'VEH')","('WT', 'LCTB92')",1.0,0.06999281346797943,0.06702371461689471,0.07325413599610328,True,10176,11872
dmn_within,95,"('WT', 'VEH')","('WT', 'LCTB92')",5.0,0.059431013464927684,0.05741314463317393,0.06156682036817074,True,10176,11872
dmn_within,95,"('WT', 'VEH')","('WT', 'LCTB92')",50.0,0.046306103467941284,0.042029501497745515,0.05155554339289665,True,10176,11872
dmn_within,95,"('WT', 'VEH')","('WT', 'LCTB92')",95.0,0.06930049955844886,0.06390233296900988,0.0731879567727449,True,10176,11872
dmn_within,95,"('WT', 'VEH')","('WT', 'LCTB92')",99.0,0.06832501322031026,0.0643724530190232,0.07559011899679899,True,10176,11872
dmn_within,95,"('Dp1Yey', 'VEH')","('Dp1Yey', 'LCTB92')",1.0,-0.05158648431301116,-0.05934880782663825,-0.04002594064176085,True,9328,9328
dmn_within,95,"('Dp1Yey', 'VEH')","('Dp1Yey', 'LCTB92')",5.0,-0.04016997218132018,-0.04429154463112355,-0.037353810071945215,True,9328,9328
dmn_within,95,"('Dp1Yey', 'VEH')","('Dp1Yey', 'LCTB92')",50.0,-0.0027969181537628174,-0.00501871407032013,-0.0008391767740249653,True,9328,9328
dmn_within,95,"('Dp1Yey', 'VEH')","('Dp1Yey', 'LCTB92')",95.0,-0.14147885292768475,-0.14841007605195045,-0.13143123857676983,True,9328,9328
dmn_within,95,"('Dp1Yey', 'VEH')","('Dp1Yey', 'LCTB92')",99.0,-0.14722008198499714,-0.15837630770355587,-0.13817542300373278,True,9328,9328
dmn_within,95,"('WT', 'VEH')","('Dp1Yey', 'VEH')",1.0,-0.002499592900276182,-0.013773056387901312,0.004989388883113843,False,10176,9328
dmn_within,95,"('WT', 'VEH')","('Dp1Yey', 'VEH')",5.0,-0.026925164461135853,-0.02909232258796692,-0.024437956511974335,True,10176,9328
dmn_within,95,"('WT', 'VEH')","('Dp1Yey', 'VEH')",50.0,0.06290462613105774,0.06030974835157395,0.06568723395466804,True,10176,9328
dmn_within,95,"('WT', 'VEH')","('Dp1Yey', 'VEH')",95.0,0.13048946708440784,0.12507251825183632,0.1339454738423229,True,10176,9328
dmn_within,95,"('WT', 'VEH')","('Dp1Yey', 'VEH')",99.0,0.10707271516323125,0.0984893672168257,0.1192407602742322,True,10176,9328
dmn_within,95,"('WT', 'LCTB92')","('Dp1Yey', 'LCTB92')",1.0,-0.12407889068126678,-0.12767048715054988,-0.12063855123519897,True,11872,9328
dmn_within,95,"('WT', 'LCTB92')","('Dp1Yey', 'LCTB92')",5.0,-0.12652615010738372,-0.13045053720474242,-0.12380734793841838,True,11872,9328
dmn_within,95,"('WT', 'LCTB92')","('Dp1Yey', 'LCTB92')",50.0,0.013801604509353638,0.008585861325263977,0.01790473386645317,True,11872,9328
dmn_within,95,"('WT', 'LCTB92')","('Dp1Yey', 'LCTB92')",95.0,-0.08028988540172577,-0.08750792458653457,-0.07011452428996579,True,11872,9328
dmn_within,95,"('WT', 'LCTB92')","('Dp1Yey', 'LCTB92')",99.0,-0.10847238004207616,-0.11549059823900458,-0.10387494589388388,True,11872,9328
dmn_within,96,"('WT', 'VEH')","('WT', 'LCTB92')",1.0,0.07033003091812133,0.06611428986489774,0.07351785959303378,True,10032,11704
dmn_within,96,"('WT', 'VEH')","('WT', 'LCTB92')",5.0,0.057991790771484364,0.056041591316461574,0.059924581795930874,True,10032,11704
dmn_within,96,"('WT', 'VEH')","('WT', 'LCTB92')",50.0,0.04637691378593445,0.04154560193419456,0.052311746031045915,True,10032,11704
dmn_within,96,"('WT', 'VEH')","('WT', 'LCTB92')",95.0,0.07054467648267748,0.06496772646903981,0.0746620614826679,True,10032,11704
dmn_within,96,"('WT', 'VEH')","('WT', 'LCTB92')",99.0,0.06920176804065725,0.0648951707035303,0.07498062811791897,True,10032,11704
dmn_within,96,"('Dp1Yey', 'VEH')","('Dp1Yey', 'LCTB92')",1.0,-0.04528827667236329,-0.057272549346089364,-0.037807242348790154,True,9196,9196
dmn_within,96,"('Dp1Yey', 'VEH')","('Dp1Yey', 'LCTB92')",5.0,-0.04004339873790741,-0.04321223497390747,-0.03743441589176655,True,9196,9196
dmn_within,96,"('Dp1Yey', 'VEH')","('Dp1Yey', 'LCTB92')",50.0,-0.004167407751083374,-0.006066329032182694,-0.002198686450719838,True,9196,9196
dmn_within,96,"('Dp1Yey', 'VEH')","('Dp1Yey', 'LCTB92')",95.0,-0.14217031747102737,-0.14961317516863346,-0.13427778668701648,True,9196,9196
dmn_within,96,"('Dp1Yey', 'VEH')","('Dp1Yey', 'LCTB92')",99.0,-0.14875032007694278,-0.166362160183489,-0.13779776487499465,True,9196,9196
dmn_within,96,"('WT', 'VEH')","('Dp1Yey', 'VEH')",1.0,-0.007955613136291506,-0.015387235626578332,0.004002744048833845,False,10032,9196
dmn_within,96,"('WT', 'VEH')","('Dp1Yey', 'VEH')",5.0,-0.027711433172225963,-0.029928782135248185,-0.025924983248114587,True,10032,9196
dmn_within,96,"('WT', 'VEH')","('Dp1Yey', 'VEH')",50.0,0.06337547302246094,0.0603436067700386,0.06585620269179344,True,10032,9196
dmn_within,96,"('WT', 'VEH')","('Dp1Yey', 'VEH')",95.0,0.13114711791276934,0.12683152519166468,0.13513896692544214,True,10032,9196
dmn_within,96,"('WT', 'VEH')","('Dp1Yey', 'VEH')",99.0,0.10601174086332354,0.09565650655329228,0.12356467397511046,True,10032,9196
dmn_within,96,"('WT', 'LCTB92')","('Dp1Yey', 'LCTB92')",1.0,-0.12357392072677613,-0.12658054962754248,-0.1189114648550749,True,11704,9196
dmn_within,96,"('WT', 'LCTB92')","('Dp1Yey', 'LCTB92')",5.0,-0.12574662268161774,-0.1289444686472416,-0.12315320871770383,True,11704,9196
dmn_within,96,"('WT', 'LCTB92')","('Dp1Yey', 'LCTB92')",50.0,0.012831151485443115,0.00729578360915184,0.01752831265330314,True,11704,9196
dmn_within,96,"('WT', 'LCTB92')","('Dp1Yey', 'LCTB92')",95.0,-0.08156787604093552,-0.08953886248171325,-0.07251014344394204,True,11704,9196
dmn_within,96,"('WT', 'LCTB92')","('Dp1Yey', 'LCTB92')",99.0,-0.11194034725427648,-0.11724598237872133,-0.10666350375860953,True,11704,9196
dmn_within,97,"('WT', 'VEH')","('WT', 'LCTB92')",1.0,0.06945149958133696,0.0660210248976946,0.07147073508799075,True,9888,11536
dmn_within,97,"('WT', 'VEH')","('WT', 'LCTB92')",5.0,0.0568286508321762,0.054051718711853027,0.05881439119577408,True,9888,11536
dmn_within,97,"('WT', 'VEH')","('WT', 'LCTB92')",50.0,0.04670119285583496,0.04088781103491783,0.05209165960550308,True,9888,11536
dmn_within,97,"('WT', 'VEH')","('WT', 'LCTB92')",95.0,0.07076172530651093,0.06502967778593288,0.07617277093231678,True,9888,11536
dmn_within,97,"('WT', 'VEH')","('WT', 'LCTB92')",99.0,0.0705180671811102,0.06616502408683306,0.07380442059785107,True,9888,11536
dmn_within,97,"('Dp1Yey', 'VEH')","('Dp1Yey', 'LCTB92')",1.0,-0.04251109540462494,-0.05231085298955441,-0.03493905653059482,True,9064,9064
dmn_within,97,"('Dp1Yey', 'VEH')","('Dp1Yey', 'LCTB92')",5.0,-0.03958192467689514,-0.041629666090011584,-0.03746337793767451,True,9064,9064
dmn_within,97,"('Dp1Yey', 'VEH')","('Dp1Yey', 'LCTB92')",50.0,-0.004958152770996094,-0.006902559101581574,-0.0024933516979217534,True,9064,9064
dmn_within,97,"('Dp1Yey', 'VEH')","('Dp1Yey', 'LCTB92')",95.0,-0.14232251793146122,-0.14987027578055856,-0.13804581079632045,True,9064,9064
dmn_within,97,"('Dp1Yey', 'VEH')","('Dp1Yey', 'LCTB92')",99.0,-0.15195843845605794,-0.16581316639482974,-0.1397068134099249,True,9064,9064
dmn_within,97,"('WT', 'VEH')","('Dp1Yey', 'VEH')",1.0,-0.009928863644599911,-0.016912571951746943,-0.0009231632202863836,True,9888,9064
dmn_within,97,"('WT', 'VEH')","('Dp1Yey', 'VEH')",5.0,-0.02925103306770327,-0.03142641812562942,-0.02732336781919003,True,9888,9064
dmn_within,97,"('WT', 'VEH')","('Dp1Yey', 'VEH')",50.0,0.06352558732032776,0.060160260647535324,0.06613018810749054,True,9888,9064
dmn_within,97,"('WT', 'VEH')","('Dp1Yey', 'VEH')",95.0,0.13119716942310322,0.1258641569688916,0.13660182058811188,True,9888,9064
dmn_within,97,"('WT', 'VEH')","('Dp1Yey', 'VEH')",99.0,0.10799037277698431,0.09646581704169409,0.12125944156944753,True,9888,9064
dmn_within,97,"('WT', 'LCTB92')","('Dp1Yey', 'LCTB92')",1.0,-0.12189145863056182,-0.12516238194704055,-0.11741042524576187,True,11536,9064
dmn_within,97,"('WT', 'LCTB92')","('Dp1Yey', 'LCTB92')",5.0,-0.1256616085767746,-0.12772461637854576,-0.12285773895680903,True,11536,9064
dmn_within,97,"('WT', 'LCTB92')","('Dp1Yey', 'LCTB92')",50.0,0.011866241693496704,0.006701526790857315,0.0173310175538063,True,11536,9064
dmn_within,97,"('WT', 'LCTB92')","('Dp1Yey', 'LCTB92')",95.0,-0.08188707381486893,-0.08995691817253827,-0.07666558325290687,True,11536,9064
dmn_within,97,"('WT', 'LCTB92')","('Dp1Yey', 'LCTB92')",99.0,-0.11448613286018383,-0.11806509859114897,-0.109070765450597,True,11536,9064
dmn_within,98,"('WT', 'VEH')","('WT', 'LCTB92')",1.0,0.06790543615818025,0.06555913166701793,0.06940838925540448,True,9744,11368
dmn_within,98,"('WT', 'VEH')","('WT', 'LCTB92')",5.0,0.05574732720851899,0.053173400014638904,0.057624444365501404,True,9744,11368
dmn_within,98,"('WT', 'VEH')","('WT', 'LCTB92')",50.0,0.04665094614028931,0.04085794165730476,0.051314618438482285,True,9744,11368
dmn_within,98,"('WT', 'VEH')","('WT', 'LCTB92')",95.0,0.06961622238159182,0.06206866048276424,0.07843437805771834,True,9744,11368
dmn_within,98,"('WT', 'VEH')","('WT', 'LCTB92')",99.0,0.07090816110372544,0.06638385114818811,0.074750213123858,True,9744,11368
dmn_within,98,"('Dp1Yey', 'VEH')","('Dp1Yey', 'LCTB92')",1.0,-0.041354392170906085,-0.04891503916680813,-0.03263431291282178,True,8932,8932
dmn_within,98,"('Dp1Yey', 'VEH')","('Dp1Yey', 'LCTB92')",5.0,-0.03869691491127014,-0.040386007800698294,-0.0366432713717222,True,8932,8932
dmn_within,98,"('Dp1Yey', 'VEH')","('Dp1Yey', 'LCTB92')",50.0,-0.004254728555679321,-0.0061450846493244175,-0.0022013939917087558,True,8932,8932
dmn_within,98,"('Dp1Yey', 'VEH')","('Dp1Yey', 'LCTB92')",95.0,-0.1484370663762093,-0.16218989327549932,-0.13836241163313426,True,8932,8932
dmn_within,98,"('Dp1Yey', 'VEH')","('Dp1Yey', 'LCTB92')",99.0,-0.15200525045394875,-0.16577133027464128,-0.13425332979112864,True,8932,8932
dmn_within,98,"('WT', 'VEH')","('Dp1Yey', 'VEH')",1.0,-0.010255877971649147,-0.018910996466875073,-0.0032959128767252,True,9744,8932
dmn_within,98,"('WT', 'VEH')","('Dp1Yey', 'VEH')",5.0,-0.030017712712287897,-0.03221106953918935,-0.028317204788327208,True,9744,8932
dmn_within,98,"('WT', 'VEH')","('Dp1Yey', 'VEH')",50.0,0.06238207221031189,0.05880777910351753,0.064897920191288,True,9744,8932
dmn_within,98,"('WT', 'VEH')","('Dp1Yey', 'VEH')",95.0,0.13249282538890855,0.12561953961849212,0.1400834200531247,True,9744,8932
dmn_within,98,"('WT', 'VEH')","('Dp1Yey', 'VEH')",99.0,0.10620231628417942,0.08891800361871713,0.11961887472122897,True,9744,8932
dmn_within,98,"('WT', 'LCTB92')","('Dp1Yey', 'LCTB92')",1.0,-0.11951570630073548,-0.12195007184147834,-0.11618398085236552,True,11368,8932
dmn_within,98,"('WT', 'LCTB92')","('Dp1Yey', 'LCTB92')",5.0,-0.12446195483207703,-0.12636076547205446,-0.1219853638857603,True,11368,8932
dmn_within,98,"('WT', 'LCTB92')","('Dp1Yey', 'LCTB92')",50.0,0.011476397514343262,0.0072384350001811985,0.01681666299700737,True,11368,8932
dmn_within,98,"('WT', 'LCTB92')","('Dp1Yey', 'LCTB92')",95.0,-0.08556046336889256,-0.10021765712648632,-0.0745790739357471,True,11368,8932
dmn_within,98,"('WT', 'LCTB92')","('Dp1Yey', 'LCTB92')",99.0,-0.11671109527349477,-0.12113276590406906,-0.11042267319560055,True,11368,8932
dmn_within,99,"('WT', 'VEH')","('WT', 'LCTB92')",1.0,0.06585671961307527,0.06407459330558776,0.06802349671721457,True,9600,11200
dmn_within,99,"('WT', 'VEH')","('WT', 'LCTB92')",5.0,0.05415421724319458,0.051329171881079674,0.05593870460987091,True,9600,11200
dmn_within,99,"('WT', 'VEH')","('WT', 'LCTB92')",50.0,0.0452573299407959,0.03988489955663681,0.049446996301412575,True,9600,11200
dmn_within,99,"('WT', 'VEH')","('WT', 'LCTB92')",95.0,0.06889665275812129,0.06124644216149996,0.07850746974349035,True,9600,11200
dmn_within,99,"('WT', 'VEH')","('WT', 'LCTB92')",99.0,0.07132194697856897,0.06576962301135064,0.0746253392919898,True,9600,11200
dmn_within,99,"('Dp1Yey', 'VEH')","('Dp1Yey', 'LCTB92')",1.0,-0.04128583371639252,-0.04929596608877182,-0.03075423189997673,True,8800,8800
dmn_within,99,"('Dp1Yey', 'VEH')","('Dp1Yey', 'LCTB92')",5.0,-0.03639929294586183,-0.03908720575273035,-0.03419840179383758,True,8800,8800
dmn_within,99,"('Dp1Yey', 'VEH')","('Dp1Yey', 'LCTB92')",50.0,-0.004106432199478149,-0.006116847693920136,-0.0016935087740421312,True,8800,8800
dmn_within,99,"('Dp1Yey', 'VEH')","('Dp1Yey', 'LCTB92')",95.0,-0.15421074181795108,-0.16788551300764085,-0.14309501081705076,True,8800,8800
dmn_within,99,"('Dp1Yey', 'VEH')","('Dp1Yey', 'LCTB92')",99.0,-0.15117263972759165,-0.1637415925264358,-0.1328466031625867,True,8800,8800
dmn_within,99,"('WT', 'VEH')","('Dp1Yey', 'VEH')",1.0,-0.010904609560966477,-0.02095253029465674,-0.003928787931799866,True,9600,8800
dmn_within,99,"('WT', 'VEH')","('Dp1Yey', 'VEH')",5.0,-0.03170283734798432,-0.034041228368878365,-0.029286160543560983,True,9600,8800
dmn_within,99,"('WT', 'VEH')","('Dp1Yey', 'VEH')",50.0,0.06064790487289429,0.05792589336633682,0.06328122615814209,True,9600,8800
dmn_within,99,"('WT', 'VEH')","('Dp1Yey', 'VEH')",95.0,0.13534115701913813,0.12787134360522037,0.14580620143562553,True,9600,8800
dmn_within,99,"('WT', 'VEH')","('Dp1Yey', 'VEH')",99.0,0.10220318347215573,0.08468630655854945,0.11507485878467558,True,9600,8800
dmn_within,99,"('WT', 'LCTB92')","('Dp1Yey', 'LCTB92')",1.0,-0.11804716289043427,-0.12062078709900378,-0.11438988149166107,True,11200,8800
dmn_within,99,"('WT', 'LCTB92')","('Dp1Yey', 'LCTB92')",5.0,-0.12225634753704073,-0.12444739036262037,-0.1194912874698639,True,11200,8800
dmn_within,99,"('WT', 'LCTB92')","('Dp1Yey', 'LCTB92')",50.0,0.01128414273262024,0.007525479793548584,0.01643707603216171,True,11200,8800
dmn_within,99,"('WT', 'LCTB92')","('Dp1Yey', 'LCTB92')",95.0,-0.08776623755693425,-0.10159913878887886,-0.07520519409328696,True,11200,8800
dmn_within,99,"('WT', 'LCTB92')","('Dp1Yey', 'LCTB92')",99.0,-0.12029140323400489,-0.12298161892592896,-0.11322336038202047,True,11200,8800
dmn_within,9,"('WT', 'VEH')","('WT', 'LCTB92')",1.0,0.11339775860309603,0.10304726005345585,0.12280831965059047,True,22560,26320
dmn_within,9,"('WT', 'VEH')","('WT', 'LCTB92')",5.0,0.08967438489198676,0.0822586193308234,0.09658492073416709,True,22560,26320
dmn_within,9,"('WT', 'VEH')","('WT', 'LCTB92')",50.0,0.03163427114486694,0.02906397506594658,0.03409802485257387,True,22560,26320
dmn_within,9,"('WT', 'VEH')","('WT', 'LCTB92')",95.0,0.007652371833682947,0.005637288035613827,0.009506283885566515,True,22560,26320
dmn_within,9,"('WT', 'VEH')","('WT', 'LCTB92')",99.0,0.007414834722876629,0.0038232029872014074,0.010120987839530915,True,22560,26320
dmn_within,9,"('Dp1Yey', 'VEH')","('Dp1Yey', 'LCTB92')",1.0,-0.005526643395423914,-0.01846347914636135,0.006038571655750258,False,20680,20680
dmn_within,9,"('Dp1Yey', 'VEH')","('Dp1Yey', 'LCTB92')",5.0,0.010657346248626798,0.0033787564188242384,0.01845776490867142,True,20680,20680
dmn_within,9,"('Dp1Yey', 'VEH')","('Dp1Yey', 'LCTB92')",50.0,0.009594418108463287,0.007128876447677612,0.011885755695402622,True,20680,20680
dmn_within,9,"('Dp1Yey', 'VEH')","('Dp1Yey', 'LCTB92')",95.0,-0.009849111363291585,-0.012693392792716427,-0.006810921286232708,True,20680,20680
dmn_within,9,"('Dp1Yey', 'VEH')","('Dp1Yey', 'LCTB92')",99.0,-0.016286466754972917,-0.021465757278027013,-0.012015291882446036,True,20680,20680
dmn_within,9,"('WT', 'VEH')","('Dp1Yey', 'VEH')",1.0,0.0804497188329697,0.070638593159616,0.0898011683598161,True,22560,20680
dmn_within,9,"('WT', 'VEH')","('Dp1Yey', 'VEH')",5.0,0.047783301770687014,0.03992766216397281,0.05575404345989231,True,22560,20680
dmn_within,9,"('WT', 'VEH')","('Dp1Yey', 'VEH')",50.0,0.03746672719717026,0.03524748589843511,0.04003299511969089,True,22560,20680
dmn_within,9,"('WT', 'VEH')","('Dp1Yey', 'VEH')",95.0,0.027473348416970023,0.025144184063829036,0.02991210399544798,True,22560,20680
dmn_within,9,"('WT', 'VEH')","('Dp1Yey', 'VEH')",99.0,0.02681491062045116,0.022195066593587488,0.030481998206582112,True,22560,20680
dmn_within,9,"('WT', 'LCTB92')","('Dp1Yey', 'LCTB92')",1.0,-0.03847468316555025,-0.051489092394709585,-0.026607574760913875,True,26320,20680
dmn_within,9,"('WT', 'LCTB92')","('Dp1Yey', 'LCTB92')",5.0,-0.031233736872672946,-0.03810804810374975,-0.024390903115272478,True,26320,20680
dmn_within,9,"('WT', 'LCTB92')","('Dp1Yey', 'LCTB92')",50.0,0.015426874160766602,0.013302893936634063,0.01807344816625118,True,26320,20680
dmn_within,9,"('WT', 'LCTB92')","('Dp1Yey', 'LCTB92')",95.0,0.00997186521999549,0.007379187634796791,0.012691646468010728,True,26320,20680
dmn_within,9,"('WT', 'LCTB92')","('Dp1Yey', 'LCTB92')",99.0,0.0031136091426016144,-0.001106947534251884,0.006676868814975023,False,26320,20680
dmn_within,short,"('WT', 'VEH')","('WT', 'LCTB92')",1.0,0.10092766106128692,0.09974726898968218,0.1021761595904827,True,948096,1106112
dmn_within,short,"('WT', 'VEH')","('WT', 'LCTB92')",5.0,0.08357017636299136,0.08257767990231514,0.08459089525043964,True,948096,1106112
dmn_within,short,"('WT', 'VEH')","('WT', 'LCTB92')",50.0,0.059983476996421814,0.05932530760765076,0.06065276972949505,True,948096,1106112
dmn_within,short,"('WT', 'VEH')","('WT', 'LCTB92')",95.0,0.014879533089697472,0.014160671923309632,0.015541472346522022,True,948096,1106112
dmn_within,short,"('WT', 'VEH')","('WT', 'LCTB92')",99.0,0.006991231120191621,0.006273927770089488,0.007789250235073597,True,948096,1106112
dmn_within,short,"('Dp1Yey', 'VEH')","('Dp1Yey', 'LCTB92')",1.0,0.0091906946897507,0.008016616687178572,0.010258058071136503,True,869088,869088
dmn_within,short,"('Dp1Yey', 'VEH')","('Dp1Yey', 'LCTB92')",5.0,0.01388449072837833,0.013077381253242492,0.014681489691138267,True,869088,869088
dmn_within,short,"('Dp1Yey', 'VEH')","('Dp1Yey', 'LCTB92')",50.0,0.004407867789268494,0.0037511389702558516,0.005054212361574172,True,869088,869088
dmn_within,short,"('Dp1Yey', 'VEH')","('Dp1Yey', 'LCTB92')",95.0,-0.0034503914415837666,-0.004271473558620153,-0.0026460813358426378,True,869088,869088
dmn_within,short,"('Dp1Yey', 'VEH')","('Dp1Yey', 'LCTB92')",99.0,-0.0046796430583343485,-0.005655445665688647,-0.003690011468577645,True,869088,869088
dmn_within,short,"('WT', 'VEH')","('Dp1Yey', 'VEH')",1.0,-0.023302183747291594,-0.02449590815603733,-0.022065915763378123,True,948096,869088
dmn_within,short,"('WT', 'VEH')","('Dp1Yey', 'VEH')",5.0,0.003713479638099648,0.0027608600258827317,0.004692833274602857,True,948096,869088
dmn_within,short,"('WT', 'VEH')","('Dp1Yey', 'VEH')",50.0,0.07988384366035461,0.0792182806879282,0.0805288378149271,True,948096,869088
dmn_within,short,"('WT', 'VEH')","('Dp1Yey', 'VEH')",95.0,0.030671555921435667,0.029946737689897553,0.031430787192657635,True,948096,869088
dmn_within,short,"('WT', 'VEH')","('Dp1Yey', 'VEH')",99.0,0.018780404310673515,0.01797661853721377,0.019611332638887778,True,948096,869088
dmn_within,short,"('WT', 'LCTB92')","('Dp1Yey', 'LCTB92')",1.0,-0.11503915011882782,-0.11610959081351756,-0.11399560742080213,True,1106112,869088
dmn_within,short,"('WT', 'LCTB92')","('Dp1Yey', 'LCTB92')",5.0,-0.06597220599651338,-0.06675471186637884,-0.06513887085020541,True,1106112,869088
dmn_within,short,"('WT', 'LCTB92')","('Dp1Yey', 'LCTB92')",50.0,0.024308234453201294,0.023597698658704758,0.024996447563171386,True,1106112,869088
dmn_within,short,"('WT', 'LCTB92')","('Dp1Yey', 'LCTB92')",95.0,0.012341631390154428,0.011582508450374132,0.013093638913705949,True,1106112,869088
dmn_within,short,"('WT', 'LCTB92')","('Dp1Yey', 'LCTB92')",99.0,0.007109530132147546,0.00619396083016095,0.007932093196643087,True,1106112,869088
dmn_within,long,"('WT', 'VEH')","('WT', 'LCTB92')",1.0,0.07053825914859772,0.07007404392957686,0.0709962357133627,True,616320,719040
dmn_within,long,"('WT', 'VEH')","('WT', 'LCTB92')",5.0,0.07177458703517914,0.07102894321084023,0.07249807789921758,True,616320,719040
dmn_within,long,"('WT', 'VEH')","('WT', 'LCTB92')",50.0,0.06078609824180603,0.0600836381316185,0.06147442981600761,True,616320,719040
dmn_within,long,"('WT', 'VEH')","('WT', 'LCTB92')",95.0,0.057294413447380066,0.05652452211827039,0.05811516858637293,True,616320,719040
dmn_within,long,"('WT', 'VEH')","('WT', 'LCTB92')",99.0,0.06426228493452046,0.06276863374561066,0.06566554434597494,True,616320,719040
dmn_within,long,"('Dp1Yey', 'VEH')","('Dp1Yey', 'LCTB92')",1.0,-0.04060560703277588,-0.041134773790836326,-0.04004836170375349,True,564960,564960
dmn_within,long,"('Dp1Yey', 'VEH')","('Dp1Yey', 'LCTB92')",5.0,-0.03188273906707764,-0.03236926265060899,-0.03140916399657728,True,564960,564960
dmn_within,long,"('Dp1Yey', 'VEH')","('Dp1Yey', 'LCTB92')",50.0,-0.005318641662597656,-0.005824664235115051,-0.004865874350070954,True,564960,564960
dmn_within,long,"('Dp1Yey', 'VEH')","('Dp1Yey', 'LCTB92')",95.0,-0.06729822009801856,-0.06822742592543364,-0.06633999921381488,True,564960,564960
dmn_within,long,"('Dp1Yey', 'VEH')","('Dp1Yey', 'LCTB92')",99.0,-0.10562733262777313,-0.10685877948999403,-0.10428084810823202,True,564960,564960
dmn_within,long,"('WT', 'VEH')","('Dp1Yey', 'VEH')",1.0,-0.018978575468063336,-0.019533946231007564,-0.018392105579376226,True,616320,564960
dmn_within,long,"('WT', 'VEH')","('Dp1Yey', 'VEH')",5.0,-0.021765837073326105,-0.022481602579355244,-0.021082547903060914,True,616320,564960
dmn_within,long,"('WT', 'VEH')","('Dp1Yey', 'VEH')",50.0,0.07601812481880188,0.07547061517834663,0.07655222341418266,True,616320,564960
dmn_within,long,"('WT', 'VEH')","('Dp1Yey', 'VEH')",95.0,0.1111602634191513,0.11033658098429407,0.11196333367377524,True,616320,564960
dmn_within,long,"('WT', 'VEH')","('Dp1Yey', 'VEH')",99.0,0.12173498421907358,0.12032943787425755,0.12297361555695384,True,616320,564960
dmn_within,long,"('WT', 'LCTB92')","('Dp1Yey', 'LCTB92')",1.0,-0.13012244164943693,-0.13051952846348286,-0.12966196438670158,True,719040,564960
dmn_within,long,"('WT', 'LCTB92')","('Dp1Yey', 'LCTB92')",5.0,-0.12542316317558289,-0.12598559848964216,-0.12485342517495157,True,719040,564960
dmn_within,long,"('WT', 'LCTB92')","('Dp1Yey', 'LCTB92')",50.0,0.009913384914398193,0.009204422682523727,0.010547415912151336,True,719040,564960
dmn_within,long,"('WT', 'LCTB92')","('Dp1Yey', 'LCTB92')",95.0,-0.013432370126247317,-0.01437513086944788,-0.012570970505475995,True,719040,564960
dmn_within,long,"('WT', 'LCTB92')","('Dp1Yey', 'LCTB92')",99.0,-0.04815463334322001,-0.04949939656257635,-0.04686474018543959,True,719040,564960
