region,window,group,q,point,lo,hi,n
dmn_within,100,"('Dp1Yey', 'LCTB92')",1.0,0.42660404205322267,0.4235115051269531,0.43190234899520874,388
dmn_within,100,"('Dp1Yey', 'LCTB92')",5.0,0.4424657613039017,0.4346052525937557,0.44558091163635255,388
dmn_within,100,"('Dp1Yey', 'LCTB92')",50.0,0.48917055130004883,0.4866647467017174,0.4910290241241455,388
dmn_within,100,"('Dp1Yey', 'LCTB92')",95.0,0.520496666431427,0.5106562912464142,0.524493770301342,388
dmn_within,100,"('Dp1Yey', 'LCTB92')",99.0,0.5267779007554054,0.5253133377432823,0.5281472206115723,388
dmn_within,100,"('Dp1Yey', 'VEH')",1.0,0.48398011684417724,0.45995640754699707,0.4926912784576416,388
dmn_within,100,"('Dp1Yey', 'VEH')",5.0,0.500154247879982,0.4971693158149719,0.5036227852106094,388
dmn_within,100,"('Dp1Yey', 'VEH')",50.0,0.5436653792858124,0.5372768044471741,0.5463441122323275,388
dmn_within,100,"('Dp1Yey', 'VEH')",95.0,0.5899822697043419,0.5727850437164306,0.6109738290309905,388
dmn_within,100,"('Dp1Yey', 'VEH')",99.0,0.6216438141465187,0.6153545111417771,0.6282814741134644,388
dmn_within,100,"('Dp1Yey', 'LCTB92')",1.0,0.19931215167045593,0.1978042291998863,0.20055976152420044,788
dmn_within,100,"('Dp1Yey', 'LCTB92')",5.0,0.20391681492328645,0.202642560005188,0.20522380769252777,788
dmn_within,100,"('Dp1Yey', 'LCTB92')",50.0,0.27255579829216003,0.26536963805556296,0.2921520173549652,788
dmn_within,100,"('Dp1Yey', 'LCTB92')",95.0,0.36000413596630093,0.35163456201553345,0.3715989589691162,788
dmn_within,100,"('Dp1Yey', 'LCTB92')",99.0,0.3788896286487579,0.3784145712852478,0.38107202887535097,788
dmn_within,100,"('Dp1Yey', 'VEH')",1.0,0.35472863137722016,0.35311113953590395,0.35623821437358855,788
dmn_within,100,"('Dp1Yey', 'VEH')",5.0,0.3676018834114075,0.35952030718326566,0.38006707429885866,788
dmn_within,100,"('Dp1Yey', 'VEH')",50.0,0.4383782148361206,0.43473945558071136,0.4413606353104115,788
dmn_within,100,"('Dp1Yey', 'VEH')",95.0,0.5291665345430374,0.5213074722886085,0.5336176246404648,788
dmn_within,100,"('Dp1Yey', 'VEH')",99.0,0.5476621541380883,0.545928418636322,0.5510888355970383,788
dmn_within,10,"('Dp1Yey', 'LCTB92')",1.0,0.677059362232685,0.6510642468929291,0.6853406131267548,1468
dmn_within,10,"('Dp1Yey', 'LCTB92')",5.0,0.7343596428632736,0.7232615053653717,0.7420154884457588,1468
dmn_within,10,"('Dp1Yey', 'LCTB92')",50.0,0.863354817032814,0.8584450840950012,0.8669968545436859,1468
dmn_within,10,"('Dp1Yey', 'LCTB92')",95.0,0.9904844844248145,0.9860670412890611,0.9963743049075128,1468
dmn_within,10,"('Dp1Yey', 'LCTB92')",99.0,1.0232320316322148,1.0148307774215937,1.0288727724738418,1468
dmn_within,10,"('Dp1Yey', 'VEH')",1.0,0.7228276813030243,0.7070462259650231,0.7411060009151696,1468
dmn_within,10,"('Dp1Yey', 'VEH')",5.0,0.7964485585689545,0.7835703343153,0.8044713385403156,1468
dmn_within,10,"('Dp1Yey', 'VEH')",50.0,0.9331754893064499,0.929559487849474,0.9371192306280136,1468
dmn_within,10,"('Dp1Yey', 'VEH')",95.0,1.0102322429884225,1.0077619386371224,1.015175093198195,1468
dmn_within,10,"('Dp1Yey', 'VEH')",99.0,1.0343227266892792,1.0279911365360022,1.0464423167333001,1468
dmn_within,10,"('Dp1Yey', 'LCTB92')",1.0,0.39777544379234314,0.3921771627664566,0.40576799631118776,1868
dmn_within,10,"('Dp1Yey', 'LCTB92')",5.0,0.4699211061000824,0.4456620216369629,0.49833074033260344,1868
dmn_within,10,"('Dp1Yey', 'LCTB92')",50.0,0.7931420803070068,0.7849627286195755,0.8026036828756332,1868
dmn_within,10,"('Dp1Yey', 'LCTB92')",95.0,0.9617921127006411,0.9567385165020823,0.9683531422168016,1868
dmn_within,10,"('Dp1Yey', 'LCTB92')",99.0,1.0021297756838612,0.9961490020784549,1.0110805509146301,1868
dmn_within,10,"('Dp1Yey', 'VEH')",1.0,0.5752816742658615,0.5612760782241821,0.5901061530038714,1868
dmn_within,10,"('Dp1Yey', 'VEH')",5.0,0.7179196193814278,0.7042379214987159,0.733924617394805,1868
dmn_within,10,"('Dp1Yey', 'VEH')",50.0,0.8900389783084393,0.8854788914322853,0.8947377352043986,1868
dmn_within,10,"('Dp1Yey', 'VEH')",95.0,1.007439566683024,1.0026753581361845,1.012080038068816,1868
dmn_within,10,"('Dp1Yey', 'VEH')",99.0,1.039442347511649,1.029900320419576,1.0459170527756214,1868
dmn_within,11,"('Dp1Yey', 'LCTB92')",1.0,0.6232474997639657,0.6178074434399605,0.6740397766232491,1456
dmn_within,11,"('Dp1Yey', 'LCTB92')",5.0,0.7170694917440414,0.7091595008969307,0.7281449660658836,1456
dmn_within,11,"('Dp1Yey', 'LCTB92')",50.0,0.8427803441882133,0.8375762447714805,0.8476279228925705,1456
dmn_within,11,"('Dp1Yey', 'LCTB92')",95.0,0.9897652498912066,0.9854250028729439,0.9947191006329376,1456
dmn_within,11,"('Dp1Yey', 'LCTB92')",99.0,1.030398832913488,1.0156655381433666,1.035660096630454,1456
dmn_within,11,"('Dp1Yey', 'VEH')",1.0,0.6865178748965264,0.6692922413349152,0.7030484318733216,1456
dmn_within,11,"('Dp1Yey', 'VEH')",5.0,0.7712885662913322,0.7570772916078568,0.7866347394883633,1456
dmn_within,11,"('Dp1Yey', 'VEH')",50.0,0.9244435988366604,0.9200243353843689,0.9279417842626572,1456
dmn_within,11,"('Dp1Yey', 'VEH')",95.0,1.001478667021729,0.9969267798005603,1.005303077865392,1456
dmn_within,11,"('Dp1Yey', 'VEH')",99.0,1.0250577845610678,1.015813923999667,1.0320557726547122,1456
dmn_within,11,"('Dp1Yey', 'LCTB92')",1.0,0.3728347808122635,0.3624957323074341,0.38511849045753477,1856
dmn_within,11,"('Dp1Yey', 'LCTB92')",5.0,0.44426625967025757,0.4248695373535156,0.47946505136787887,1856
dmn_within,11,"('Dp1Yey', 'LCTB92')",50.0,0.7749990671873093,0.764462947845459,0.7842300431802869,1856
dmn_within,11,"('Dp1Yey', 'LCTB92')",95.0,0.9439510824158788,0.9358433994930238,0.9505107961595058,1856
dmn_within,11,"('Dp1Yey', 'LCTB92')",99.0,0.992420692043379,0.9803959168493748,0.9993218304138282,1856
dmn_within,11,"('Dp1Yey', 'VEH')",1.0,0.5762897118926048,0.5559157684445382,0.6017578840255737,1856
dmn_within,11,"('Dp1Yey', 'VEH')",5.0,0.7032106667757034,0.6848196089267731,0.7182642446830868,1856
dmn_within,11,"('Dp1Yey', 'VEH')",50.0,0.8723699152469635,0.868308856524527,0.8787726520560681,1856
dmn_within,11,"('Dp1Yey', 'VEH')",95.0,0.9959979181876406,0.9914022730663419,0.9997513889593392,1856
dmn_within,11,"('Dp1Yey', 'VEH')",99.0,1.0231565761379897,1.0186371793039144,1.028837551176548,1856
dmn_within,12,"('Dp1Yey', 'LCTB92')",1.0,0.6220202466845512,0.608586286008358,0.6407431746348737,1444
dmn_within,12,"('Dp1Yey', 'LCTB92')",5.0,0.7033539533615112,0.6987424790859222,0.7117362869530917,1444
dmn_within,12,"('Dp1Yey', 'LCTB92')",50.0,0.832120418548584,0.8267509983852506,0.8370190344750881,1444
dmn_within,12,"('Dp1Yey', 'LCTB92')",95.0,0.9827440751716494,0.974553094001021,0.9926182657480239,1444
dmn_within,12,"('Dp1Yey', 'LCTB92')",99.0,1.0207354363799095,1.013594986870885,1.0290551222860813,1444
dmn_within,12,"('Dp1Yey', 'VEH')",1.0,0.659936499595642,0.6474592512845994,0.6772807163000106,1444
dmn_within,12,"('Dp1Yey', 'VEH')",5.0,0.7489830732345581,0.7311264365911484,0.764426588267088,1444
dmn_within,12,"('Dp1Yey', 'VEH')",50.0,0.9138688668608665,0.9098085520789028,0.9180248528718948,1444
dmn_within,12,"('Dp1Yey', 'VEH')",95.0,0.9965653522522188,0.9922647839412093,1.0012196720053907,1444
dmn_within,12,"('Dp1Yey', 'VEH')",99.0,1.023029851783067,1.020334236547351,1.0292092319577932,1444
dmn_within,12,"('Dp1Yey', 'LCTB92')",1.0,0.33866904854774477,0.31537619411945345,0.3554283380508423,1844
dmn_within,12,"('Dp1Yey', 'LCTB92')",5.0,0.4246601313352585,0.4133713308721781,0.4425191879272461,1844
dmn_within,12,"('Dp1Yey', 'LCTB92')",50.0,0.75919009745121,0.7496901631355286,0.7672658836469054,1844
dmn_within,12,"('Dp1Yey', 'LCTB92')",95.0,0.9254310339689255,0.9188765347003935,0.9343311861157417,1844
dmn_within,12,"('Dp1Yey', 'LCTB92')",99.0,0.9712872688844798,0.9657063592225312,0.9842016007751226,1844
dmn_within,12,"('Dp1Yey', 'VEH')",1.0,0.6037919503450394,0.5793842577934265,0.6339524957537651,1844
dmn_within,12,"('Dp1Yey', 'VEH')",5.0,0.6904657661914826,0.6793327420949936,0.7032279801368714,1844
dmn_within,12,"('Dp1Yey', 'VEH')",50.0,0.8603374063968658,0.8544683530926704,0.8655673414468765,1844
dmn_within,12,"('Dp1Yey', 'VEH')",95.0,0.9856852423399687,0.9795581999351268,0.989138852758333,1844
dmn_within,12,"('Dp1Yey', 'VEH')",99.0,1.005650536864996,1.002101402641274,1.0097882142290473,1844
dmn_within,13,"('Dp1Yey', 'LCTB92')",1.0,0.6000090047717095,0.559097409248352,0.6188600888848305,1432
dmn_within,13,"('Dp1Yey', 'LCTB92')",5.0,0.6857148081064224,0.671401570737362,0.6944999858736992,1432
dmn_within,13,"('Dp1Yey', 'LCTB92')",50.0,0.8259736150503159,0.8175898194313049,0.8309850320219994,1432
dmn_within,13,"('Dp1Yey', 'LCTB92')",95.0,0.9728900450281799,0.9657765910541639,0.9792813829146326,1432
dmn_within,13,"('Dp1Yey', 'LCTB92')",99.0,1.0081468692375348,0.996336990202428,1.0130492709577084,1432
dmn_within,13,"('Dp1Yey', 'VEH')",1.0,0.6424867540597916,0.6370161080360413,0.6611638367176056,1432
dmn_within,13,"('Dp1Yey', 'VEH')",5.0,0.7334957107901573,0.7157905489578843,0.7454833717271686,1432
dmn_within,13,"('Dp1Yey', 'VEH')",50.0,0.9076396450400352,0.9039948768913746,0.9114091470837593,1432
dmn_within,13,"('Dp1Yey', 'VEH')",95.0,0.9962428211118095,0.9914429005235433,1.0024472893215717,1432
dmn_within,13,"('Dp1Yey', 'VEH')",99.0,1.024690692424774,1.017845407128334,1.0324081599339843,1432
dmn_within,13,"('Dp1Yey', 'LCTB92')",1.0,0.30565754890441893,0.29191335022449494,0.32203914582729337,1832
dmn_within,13,"('Dp1Yey', 'LCTB92')",5.0,0.40903967022895815,0.3956569015979767,0.42022646963596344,1832
dmn_within,13,"('Dp1Yey', 'LCTB92')",50.0,0.7440770417451859,0.7345078587532043,0.7532331120222807,1832
dmn_within,13,"('Dp1Yey', 'LCTB92')",95.0,0.9076383538544178,0.9032596565783023,0.9132024697959423,1832
dmn_within,13,"('Dp1Yey', 'LCTB92')",99.0,0.9697802011668682,0.9463650258257986,0.9772363870590925,1832
dmn_within,13,"('Dp1Yey', 'VEH')",1.0,0.6338135662674904,0.6202673962712288,0.6427391704916954,1832
dmn_within,13,"('Dp1Yey', 'VEH')",5.0,0.6870339438319206,0.6771799027919769,0.6986579090356827,1832
dmn_within,13,"('Dp1Yey', 'VEH')",50.0,0.8493521735072136,0.8435889407992363,0.8539135605096817,1832
dmn_within,13,"('Dp1Yey', 'VEH')",95.0,0.9694019152782858,0.965236834064126,0.9744010079652069,1832
dmn_within,13,"('Dp1Yey', 'VEH')",99.0,0.9944658750575036,0.9904806297444738,0.9971198288490996,1832
dmn_within,14,"('Dp1Yey', 'LCTB92')",1.0,0.5337764954566956,0.5151008665561676,0.5811375066637993,1420
dmn_within,14,"('Dp1Yey', 'LCTB92')",5.0,0.661076495051384,0.6459690526127815,0.6738538205623626,1420
dmn_within,14,"('Dp1Yey', 'LCTB92')",50.0,0.8193094357848167,0.8119888411834836,0.8241119831800461,1420
dmn_within,14,"('Dp1Yey', 'LCTB92')",95.0,0.9547666247934102,0.9482554905116558,0.9619642004370689,1420
dmn_within,14,"('Dp1Yey', 'LCTB92')",99.0,0.9877535307686776,0.9826710280030966,0.9952197032980621,1420
dmn_within,14,"('Dp1Yey', 'VEH')",1.0,0.6328370437026024,0.6222585365176201,0.6400068753957748,1420
dmn_within,14,"('Dp1Yey', 'VEH')",5.0,0.7078247144818306,0.6827042996883392,0.7294813126325608,1420
dmn_within,14,"('Dp1Yey', 'VEH')",50.0,0.8970666900277138,0.8915802612900734,0.9017590209841728,1420
dmn_within,14,"('Dp1Yey', 'VEH')",95.0,0.993481098394841,0.9886085735633969,1.001982665248215,1420
dmn_within,14,"('Dp1Yey', 'VEH')",99.0,1.0277934958785773,1.0210986133664846,1.0314662192761899,1420
dmn_within,14,"('Dp1Yey', 'LCTB92')",1.0,0.28750000953674315,0.28068201783299446,0.30230165699124334,1820
dmn_within,14,"('Dp1Yey', 'LCTB92')",5.0,0.3976698100566864,0.37941482067108157,0.41284926332533334,1820
dmn_within,14,"('Dp1Yey', 'LCTB92')",50.0,0.7320643216371536,0.723710224032402,0.743296205997467,1820
dmn_within,14,"('Dp1Yey', 'LCTB92')",95.0,0.8932214584201574,0.8886496909055858,0.8967179160565137,1820
dmn_within,14,"('Dp1Yey', 'LCTB92')",99.0,0.9295124924927949,0.9198328548669814,0.9435959905385971,1820
dmn_within,14,"('Dp1Yey', 'VEH')",1.0,0.6014837121963501,0.5811140835285187,0.6217094659805298,1820
dmn_within,14,"('Dp1Yey', 'VEH')",5.0,0.6822904214262963,0.6719337269663811,0.6981198519468308,1820
dmn_within,14,"('Dp1Yey', 'VEH')",50.0,0.8394752368330956,0.8344404567033052,0.8443980714306235,1820
dmn_within,14,"('Dp1Yey', 'VEH')",95.0,0.9534104323014617,0.9472702071070671,0.9571004800312221,1820
dmn_within,14,"('Dp1Yey', 'VEH')",99.0,0.9816975395195187,0.9758507925965823,0.9855986637808383,1820
dmn_within,15,"('Dp1Yey', 'LCTB92')",1.0,0.5311110216379166,0.5196775794029236,0.546241149008274,1408
dmn_within,15,"('Dp1Yey', 'LCTB92')",5.0,0.6341917380690575,0.6091944575309753,0.6463629189133644,1408
dmn_within,15,"('Dp1Yey', 'LCTB92')",50.0,0.815087616443634,0.8083993701264263,0.8211176991462708,1408
dmn_within,15,"('Dp1Yey', 'LCTB92')",95.0,0.9388593738898635,0.9350368589162826,0.943593080593273,1408
dmn_within,15,"('Dp1Yey', 'LCTB92')",99.0,0.976621454525739,0.9710272699594498,0.9836188852787018,1408
dmn_within,15,"('Dp1Yey', 'VEH')",1.0,0.6190420898795128,0.5812919208407402,0.6336621704623103,1408
dmn_within,15,"('Dp1Yey', 'VEH')",5.0,0.7028150424361229,0.6728313758969308,0.720945356786251,1408
dmn_within,15,"('Dp1Yey', 'VEH')",50.0,0.8875247202813625,0.8834250047802925,0.893618088029325,1408
dmn_within,15,"('Dp1Yey', 'VEH')",95.0,0.9872994932346045,0.98111900575459,0.9933556357398629,1408
dmn_within,15,"('Dp1Yey', 'VEH')",99.0,1.019865967258811,1.0136382618360222,1.0358506552875042,1408
dmn_within,15,"('Dp1Yey', 'LCTB92')",1.0,0.2729556202888489,0.26972913861274717,0.285892128944397,1808
dmn_within,15,"('Dp1Yey', 'LCTB92')",5.0,0.3902035176753998,0.3702251295000315,0.41479955926537515,1808
dmn_within,15,"('Dp1Yey', 'LCTB92')",50.0,0.7219340801239014,0.7103854715824127,0.7305028438568115,1808
dmn_within,15,"('Dp1Yey', 'LCTB92')",95.0,0.8827637959271669,0.875835545361042,0.8871851442102342,1808
dmn_within,15,"('Dp1Yey', 'LCTB92')",99.0,0.9180740176886321,0.9091680195927622,0.925639426484704,1808
dmn_within,15,"('Dp1Yey', 'VEH')",1.0,0.5596034732460976,0.545957101881504,0.5940240943729878,1808
dmn_within,15,"('Dp1Yey', 'VEH')",5.0,0.6751858353614807,0.6653859501704574,0.6835053579881788,1808
dmn_within,15,"('Dp1Yey', 'VEH')",50.0,0.8300741538405418,0.8250682502985001,0.8347917646169662,1808
dmn_within,15,"('Dp1Yey', 'VEH')",95.0,0.9381655145436525,0.9343473628163338,0.9436262622475624,1808
dmn_within,15,"('Dp1Yey', 'VEH')",99.0,0.9605466749146581,0.9566729886624962,0.9645226124254987,1808
dmn_within,16,"('Dp1Yey', 'LCTB92')",1.0,0.5324622690677643,0.5189788043498993,0.5609356924891472,1396
dmn_within,16,"('Dp1Yey', 'LCTB92')",5.0,0.6094375848770142,0.5990005135536194,0.6204878903925418,1396
dmn_within,16,"('Dp1Yey', 'LCTB92')",50.0,0.8073749095201492,0.8026878295466304,0.8132135702297092,1396
dmn_within,16,"('Dp1Yey', 'LCTB92')",95.0,0.9280343726277351,0.922147311270237,0.9359799977391958,1396
dmn_within,16,"('Dp1Yey', 'LCTB92')",99.0,0.968061196245253,0.9556575438007711,0.9741412345319986,1396
dmn_within,16,"('Dp1Yey', 'VEH')",1.0,0.6234428972005844,0.6184210777282715,0.6370889544487,1396
dmn_within,16,"('Dp1Yey', 'VEH')",5.0,0.700796514749527,0.686358880624175,0.7321981936693192,1396
dmn_within,16,"('Dp1Yey', 'VEH')",50.0,0.8767001703381538,0.8732255548238754,0.8815044462680817,1396
dmn_within,16,"('Dp1Yey', 'VEH')",95.0,0.9796225004829466,0.9740795058431104,0.9834541138261557,1396
dmn_within,16,"('Dp1Yey', 'VEH')",99.0,1.0146799950394778,1.004397944221273,1.02785358261317,1396
dmn_within,16,"('Dp1Yey', 'LCTB92')",1.0,0.2695936501026154,0.2649330884218216,0.274424871057272,1796
dmn_within,16,"('Dp1Yey', 'LCTB92')",5.0,0.39635296165943146,0.37306588888168335,0.41889989376068115,1796
dmn_within,16,"('Dp1Yey', 'LCTB92')",50.0,0.7067899256944656,0.6941405653953552,0.7170265316963196,1796
dmn_within,16,"('Dp1Yey', 'LCTB92')",95.0,0.8652444072067738,0.858868096023798,0.8695103301666677,1796
dmn_within,16,"('Dp1Yey', 'LCTB92')",99.0,0.9106439527124166,0.8921734850853679,0.91798837184906,1796
dmn_within,16,"('Dp1Yey', 'VEH')",1.0,0.5420788779854775,0.5215379446744919,0.5743737358227372,1796
dmn_within,16,"('Dp1Yey', 'VEH')",5.0,0.6585099101066589,0.6468439102172852,0.672388106584549,1796
dmn_within,16,"('Dp1Yey', 'VEH')",50.0,0.8189347982406616,0.8150621950626373,0.8241319626569747,1796
dmn_within,16,"('Dp1Yey', 'VEH')",95.0,0.9274459909647703,0.9229678139090538,0.9308458585292101,1796
dmn_within,16,"('Dp1Yey', 'VEH')",99.0,0.9512814842164515,0.9467269735923036,0.9581949282437563,1796
dmn_within,17,"('Dp1Yey', 'LCTB92')",1.0,0.5446961262822151,0.5301602619886399,0.5534861475229264,1384
dmn_within,17,"('Dp1Yey', 'LCTB92')",5.0,0.6018665477633476,0.5894635131955147,0.6093885660171509,1384
dmn_within,17,"('Dp1Yey', 'LCTB92')",50.0,0.795624852180481,0.7889398783445358,0.8015001565217972,1384
dmn_within,17,"('Dp1Yey', 'LCTB92')",95.0,0.929920021817088,0.9210923314094543,0.9347283911891282,1384
dmn_within,17,"('Dp1Yey', 'LCTB92')",99.0,0.9559501057490707,0.9505519841983915,0.9632544942572713,1384
dmn_within,17,"('Dp1Yey', 'VEH')",1.0,0.6271349829435349,0.6196385622024536,0.6403802931308746,1384
dmn_within,17,"('Dp1Yey', 'VEH')",5.0,0.7156257390975952,0.6913665533065796,0.7388048923760653,1384
dmn_within,17,"('Dp1Yey', 'VEH')",50.0,0.8700835481286049,0.8657657919451595,0.8752420917153358,1384
dmn_within,17,"('Dp1Yey', 'VEH')",95.0,0.9666418431326746,0.9611281817220151,0.976294901035726,1384
dmn_within,17,"('Dp1Yey', 'VEH')",99.0,1.0060396196832881,1.000070600664767,1.0178345429897309,1384
dmn_within,17,"('Dp1Yey', 'LCTB92')",1.0,0.270510972738266,0.26618034780025485,0.27933746337890625,1784
dmn_within,17,"('Dp1Yey', 'LCTB92')",5.0,0.4022239625453949,0.39215242862701416,0.41840513050556183,1784
dmn_within,17,"('Dp1Yey', 'LCTB92')",50.0,0.6864290535449982,0.6768455281853676,0.6991335600614548,1784
dmn_within,17,"('Dp1Yey', 'LCTB92')",95.0,0.8429558701813221,0.8394206620752811,0.8491666294634342,1784
dmn_within,17,"('Dp1Yey', 'LCTB92')",99.0,0.884612285345793,0.8736961359530688,0.897638061568141,1784
dmn_within,17,"('Dp1Yey', 'VEH')",1.0,0.5014235669374466,0.49368612283468244,0.5333500853180886,1784
dmn_within,17,"('Dp1Yey', 'VEH')",5.0,0.6435318574309349,0.6245879426598548,0.6619310677051544,1784
dmn_within,17,"('Dp1Yey', 'VEH')",50.0,0.8105464056134224,0.8043232806026935,0.8148544751107692,1784
dmn_within,17,"('Dp1Yey', 'VEH')",95.0,0.919986155256629,0.9150169491767883,0.9243132621049881,1784
dmn_within,17,"('Dp1Yey', 'VEH')",99.0,0.9496766367182136,0.9412618725793438,0.9533562924712897,1784
dmn_within,18,"('Dp1Yey', 'LCTB92')",1.0,0.5363157767057419,0.5109433323144913,0.5539016544818878,1372
dmn_within,18,"('Dp1Yey', 'LCTB92')",5.0,0.5873208522796631,0.5805026650428772,0.5953511163592339,1372
dmn_within,18,"('Dp1Yey', 'LCTB92')",50.0,0.7858954146504402,0.7811153069138527,0.7937685782089829,1372
dmn_within,18,"('Dp1Yey', 'LCTB92')",95.0,0.9275630503892899,0.9155532588623465,0.9330627173185349,1372
dmn_within,18,"('Dp1Yey', 'LCTB92')",99.0,0.952624253667891,0.9476236170902849,0.9557292226329446,1372
dmn_within,18,"('Dp1Yey', 'VEH')",1.0,0.6333059486746788,0.6168175673484803,0.6439264416694641,1372
dmn_within,18,"('Dp1Yey', 'VEH')",5.0,0.7241098925471305,0.7158573269844055,0.7330562174320221,1372
dmn_within,18,"('Dp1Yey', 'VEH')",50.0,0.8620064333081245,0.8541844040155411,0.8670801520347595,1372
dmn_within,18,"('Dp1Yey', 'VEH')",95.0,0.9624696239829064,0.9562759846448898,0.9741976601607166,1372
dmn_within,18,"('Dp1Yey', 'VEH')",99.0,1.0069998918659986,1.0007840549806133,1.0128329619765282,1372
dmn_within,18,"('Dp1Yey', 'LCTB92')",1.0,0.2687677204608917,0.26456205546855927,0.27739304304122925,1772
dmn_within,18,"('Dp1Yey', 'LCTB92')",5.0,0.40693193674087524,0.39451515674591064,0.41620898246765137,1772
dmn_within,18,"('Dp1Yey', 'LCTB92')",50.0,0.6697504967451096,0.6603180915117264,0.6794294118881226,1772
dmn_within,18,"('Dp1Yey', 'LCTB92')",95.0,0.8217237412929534,0.8190944716334342,0.8275018543004988,1772
dmn_within,18,"('Dp1Yey', 'LCTB92')",99.0,0.859458877891302,0.851955583691597,0.8659453702047464,1772
dmn_within,18,"('Dp1Yey', 'VEH')",1.0,0.4943362045288086,0.4605523149073124,0.508410110771656,1772
dmn_within,18,"('Dp1Yey', 'VEH')",5.0,0.6298931375145912,0.6209569573402405,0.6412155792862176,1772
dmn_within,18,"('Dp1Yey', 'VEH')",50.0,0.8009820878505707,0.7964196214452386,0.8056235678493977,1772
dmn_within,18,"('Dp1Yey', 'VEH')",95.0,0.9145880784839391,0.908753789961338,0.9186224289238453,1772
dmn_within,18,"('Dp1Yey', 'VEH')",99.0,0.940402509458363,0.9353680469095706,0.9452086466923355,1772
dmn_within,19,"('Dp1Yey', 'LCTB92')",1.0,0.5096400916576386,0.4916079044342041,0.5374513566493988,1360
dmn_within,19,"('Dp1Yey', 'LCTB92')",5.0,0.5811188831925392,0.5705962464213371,0.5860523646324873,1360
dmn_within,19,"('Dp1Yey', 'LCTB92')",50.0,0.7796774134039879,0.7749719822779297,0.7842359617352486,1360
dmn_within,19,"('Dp1Yey', 'LCTB92')",95.0,0.9156145595014095,0.9103931248188019,0.9210407916456461,1360
dmn_within,19,"('Dp1Yey', 'LCTB92')",99.0,0.9472583920136094,0.9411221144720913,0.9506640817970038,1360
dmn_within,19,"('Dp1Yey', 'VEH')",1.0,0.6277683019638062,0.6081028831005096,0.6496005842089653,1360
dmn_within,19,"('Dp1Yey', 'VEH')",5.0,0.7206069901585579,0.7150443196296692,0.7248319134116172,1360
dmn_within,19,"('Dp1Yey', 'VEH')",50.0,0.843704029917717,0.8369756117463112,0.8505271824076771,1360
dmn_within,19,"('Dp1Yey', 'VEH')",95.0,0.9636604139581323,0.9569398506823926,0.9705320985987782,1360
dmn_within,19,"('Dp1Yey', 'VEH')",99.0,1.0008407902624459,0.9975580734852701,1.0047542824340054,1360
dmn_within,19,"('Dp1Yey', 'LCTB92')",1.0,0.27590649485588076,0.2708885967731476,0.2840423172116279,1760
dmn_within,19,"('Dp1Yey', 'LCTB92')",5.0,0.407986781001091,0.39894333481788635,0.42067164182662964,1760
dmn_within,19,"('Dp1Yey', 'LCTB92')",50.0,0.6561323255300522,0.6443211901932955,0.666221697255969,1760
dmn_within,19,"('Dp1Yey', 'LCTB92')",95.0,0.8132437244057655,0.8060706406831741,0.818788468837738,1760
dmn_within,19,"('Dp1Yey', 'LCTB92')",99.0,0.8442815504968166,0.8351708501577377,0.8486643028259278,1760
dmn_within,19,"('Dp1Yey', 'VEH')",1.0,0.4953379243612289,0.4497073292732239,0.512657011449337,1760
dmn_within,19,"('Dp1Yey', 'VEH')",5.0,0.6120052844285965,0.600009074807167,0.6327051407098769,1760
dmn_within,19,"('Dp1Yey', 'VEH')",50.0,0.789258174598217,0.7853925824165344,0.794109433889389,1760
dmn_within,19,"('Dp1Yey', 'VEH')",95.0,0.9097395919263362,0.9029549922794103,0.9152727174572646,1760
dmn_within,19,"('Dp1Yey', 'VEH')",99.0,0.9353766601532698,0.930225777104497,0.9398998623713851,1760
dmn_within,20,"('Dp1Yey', 'LCTB92')",1.0,0.5079809328913689,0.49902271330356596,0.5186458370089531,1348
dmn_within,20,"('Dp1Yey', 'LCTB92')",5.0,0.5639868512749672,0.5600112974643707,0.5703737468272447,1348
dmn_within,20,"('Dp1Yey', 'LCTB92')",50.0,0.7687646150588989,0.7632919412106276,0.7750538289546967,1348
dmn_within,20,"('Dp1Yey', 'LCTB92')",95.0,0.907208051905036,0.9011169895529747,0.9117977436631918,1348
dmn_within,20,"('Dp1Yey', 'LCTB92')",99.0,0.9314525174349546,0.924689168035984,0.9366870690882205,1348
dmn_within,20,"('Dp1Yey', 'VEH')",1.0,0.6449465069174767,0.6194675695896149,0.6714097857475281,1348
dmn_within,20,"('Dp1Yey', 'VEH')",5.0,0.7142648220062255,0.7058560714125633,0.721358273923397,1348
dmn_within,20,"('Dp1Yey', 'VEH')",50.0,0.8269922435283661,0.8220004588365555,0.8349325656890869,1348
dmn_within,20,"('Dp1Yey', 'VEH')",95.0,0.9598540406674146,0.9522571204230188,0.965564101934433,1348
dmn_within,20,"('Dp1Yey', 'VEH')",99.0,0.9965291411522775,0.9882924848608672,1.0034226045237737,1348
dmn_within,20,"('Dp1Yey', 'LCTB92')",1.0,0.282291796207428,0.2783668041229248,0.2895421614348888,1748
dmn_within,20,"('Dp1Yey', 'LCTB92')",5.0,0.41240317821502687,0.38454209268093115,0.42137683913111684,1748
dmn_within,20,"('Dp1Yey', 'LCTB92')",50.0,0.6433460563421249,0.6333831250667572,0.6526399362832308,1748
dmn_within,20,"('Dp1Yey', 'LCTB92')",95.0,0.8026685014367103,0.7952592593804002,0.8095559313520786,1748
dmn_within,20,"('Dp1Yey', 'LCTB92')",99.0,0.8389185652136802,0.8343521803617477,0.8433258686959743,1748
dmn_within,20,"('Dp1Yey', 'VEH')",1.0,0.4992267417907715,0.47862853527069094,0.5161737501621246,1748
dmn_within,20,"('Dp1Yey', 'VEH')",5.0,0.5916035428643227,0.5789089530706406,0.6122289551049471,1748
dmn_within,20,"('Dp1Yey', 'VEH')",50.0,0.7793136686086655,0.7745934650301933,0.784539133310318,1748
dmn_within,20,"('Dp1Yey', 'VEH')",95.0,0.9038169056177139,0.8990661718603223,0.9072483286261558,1748
dmn_within,20,"('Dp1Yey', 'VEH')",99.0,0.9263635836541653,0.9224988789856433,0.9293827340006828,1748
dmn_within,21,"('Dp1Yey', 'LCTB92')",1.0,0.4912347048521042,0.47634971141815186,0.5024060010910034,1336
dmn_within,21,"('Dp1Yey', 'LCTB92')",5.0,0.5466569438576698,0.5368215441703796,0.5595002174377441,1336
dmn_within,21,"('Dp1Yey', 'LCTB92')",50.0,0.7614525258541107,0.755887508392334,0.7657671006396413,1336
dmn_within,21,"('Dp1Yey', 'LCTB92')",95.0,0.8942526374012232,0.8893315587192774,0.8983645215630531,1336
dmn_within,21,"('Dp1Yey', 'LCTB92')",99.0,0.9187712147831918,0.9124921067897231,0.9233382515609264,1336
dmn_within,21,"('Dp1Yey', 'VEH')",1.0,0.6601970463991165,0.6539385780692101,0.6720238327980042,1336
dmn_within,21,"('Dp1Yey', 'VEH')",5.0,0.7074690088629723,0.6976060595363378,0.7129534482955933,1336
dmn_within,21,"('Dp1Yey', 'VEH')",50.0,0.8149962574243546,0.8086734818294644,0.8218677192926407,1336
dmn_within,21,"('Dp1Yey', 'VEH')",95.0,0.9535677209496498,0.948828542442061,0.9579848263878376,1336
dmn_within,21,"('Dp1Yey', 'VEH')",99.0,0.9905884000938386,0.9803770419210197,0.9977180805173703,1336
dmn_within,21,"('Dp1Yey', 'LCTB92')",1.0,0.28587297797203065,0.2818939208984375,0.29444420337677,1736
dmn_within,21,"('Dp1Yey', 'LCTB92')",5.0,0.40494753420352936,0.38653936982154846,0.4155847430229187,1736
dmn_within,21,"('Dp1Yey', 'LCTB92')",50.0,0.63206847012043,0.6238409578800201,0.6385264467447996,1736
dmn_within,21,"('Dp1Yey', 'LCTB92')",95.0,0.7946605421602726,0.7844156473875046,0.802089293859899,1736
dmn_within,21,"('Dp1Yey', 'LCTB92')",99.0,0.830239149928093,0.8248851901106539,0.8359773635864258,1736
dmn_within,21,"('Dp1Yey', 'VEH')",1.0,0.5008541196584702,0.4847018390893936,0.5194270610809326,1736
dmn_within,21,"('Dp1Yey', 'VEH')",5.0,0.5861743986606598,0.5595601499080658,0.6099963385611772,1736
dmn_within,21,"('Dp1Yey', 'VEH')",50.0,0.7706767097115517,0.7664280291646719,0.7742110043764114,1736
dmn_within,21,"('Dp1Yey', 'VEH')",95.0,0.8940859753638506,0.8893716042861343,0.9009976089000702,1736
dmn_within,21,"('Dp1Yey', 'VEH')",99.0,0.9206630632281304,0.9145903576165438,0.9263630215078594,1736
dmn_within,22,"('Dp1Yey', 'LCTB92')",1.0,0.44193643510341646,0.4368565082550049,0.47453870832920075,1324
dmn_within,22,"('Dp1Yey', 'LCTB92')",5.0,0.5309416636824608,0.5213795900344849,0.5425010368227958,1324
dmn_within,22,"('Dp1Yey', 'LCTB92')",50.0,0.75379478931427,0.7495223134756088,0.7584634125232697,1324
dmn_within,22,"('Dp1Yey', 'LCTB92')",95.0,0.8771659571677446,0.8735103510320186,0.8813580106943846,1324
dmn_within,22,"('Dp1Yey', 'LCTB92')",99.0,0.903490562364459,0.8974357582628727,0.9110393533110618,1324
dmn_within,22,"('Dp1Yey', 'VEH')",1.0,0.6681505078077317,0.6581808370351792,0.6785563826560974,1324
dmn_within,22,"('Dp1Yey', 'VEH')",5.0,0.695885106921196,0.6906732648611069,0.7025519622117281,1324
dmn_within,22,"('Dp1Yey', 'VEH')",50.0,0.7991473227739334,0.7932809516787529,0.8058576071634889,1324
dmn_within,22,"('Dp1Yey', 'VEH')",95.0,0.9454862071201205,0.9400551062077284,0.9509997591376305,1324
dmn_within,22,"('Dp1Yey', 'VEH')",99.0,0.9803097223117948,0.9750754806771874,0.9847343862056732,1324
dmn_within,22,"('Dp1Yey', 'LCTB92')",1.0,0.291598739027977,0.2803745287656784,0.29922372102737427,1724
dmn_within,22,"('Dp1Yey', 'LCTB92')",5.0,0.3944080054759979,0.3820203483104706,0.40783804655075073,1724
dmn_within,22,"('Dp1Yey', 'LCTB92')",50.0,0.622181162238121,0.6162066459655762,0.6299682438373566,1724
dmn_within,22,"('Dp1Yey', 'LCTB92')",95.0,0.7804687932133673,0.7701068222522736,0.7969435900449753,1724
dmn_within,22,"('Dp1Yey', 'LCTB92')",99.0,0.8234575369954109,0.8151128354482352,0.8280668937228619,1724
dmn_within,22,"('Dp1Yey', 'VEH')",1.0,0.490167133808136,0.4769476401805878,0.511650800704956,1724
dmn_within,22,"('Dp1Yey', 'VEH')",5.0,0.5724403738975525,0.5554885849356651,0.5940243899822235,1724
dmn_within,22,"('Dp1Yey', 'VEH')",50.0,0.7599728852510452,0.7560404986143112,0.7646316438913345,1724
dmn_within,22,"('Dp1Yey', 'VEH')",95.0,0.8819853253662586,0.8778588868677616,0.8885397162288428,1724
dmn_within,22,"('Dp1Yey', 'VEH')",99.0,0.9193442102521658,0.9131277389079332,0.9237911212444305,1724
dmn_within,23,"('Dp1Yey', 'LCTB92')",1.0,0.42124488174915314,0.4050709271430969,0.4399583166837692,1312
dmn_within,23,"('Dp1Yey', 'LCTB92')",5.0,0.5220387801527977,0.5072222054004669,0.5293322712182998,1312
dmn_within,23,"('Dp1Yey', 'LCTB92')",50.0,0.7483372092247009,0.7412895113229752,0.7541935294866562,1312
dmn_within,23,"('Dp1Yey', 'LCTB92')",95.0,0.864351624250412,0.8572380595467984,0.8704429876245559,1312
dmn_within,23,"('Dp1Yey', 'LCTB92')",99.0,0.9053691973537213,0.8893154277652502,0.9117632991075519,1312
dmn_within,23,"('Dp1Yey', 'VEH')",1.0,0.6627363160252571,0.6579016956686974,0.6689984500408173,1312
dmn_within,23,"('Dp1Yey', 'VEH')",5.0,0.6862260028719902,0.6827196776866913,0.6923759579658508,1312
dmn_within,23,"('Dp1Yey', 'VEH')",50.0,0.7887594029307365,0.7852490991353989,0.7931605577468872,1312
dmn_within,23,"('Dp1Yey', 'VEH')",95.0,0.9384478375315667,0.9318320211023092,0.946562267281115,1312
dmn_within,23,"('Dp1Yey', 'VEH')",99.0,0.9716059724241496,0.9666209742426872,0.9781621256470681,1312
dmn_within,23,"('Dp1Yey', 'LCTB92')",1.0,0.2782281500101089,0.26306289076805117,0.29246329128742216,1712
dmn_within,23,"('Dp1Yey', 'LCTB92')",5.0,0.3902853399515152,0.3845718819648028,0.39718234837055205,1712
dmn_within,23,"('Dp1Yey', 'LCTB92')",50.0,0.613809660077095,0.602716326713562,0.6201717257499695,1712
dmn_within,23,"('Dp1Yey', 'LCTB92')",95.0,0.7672330267727371,0.7553038234263658,0.7789309322834015,1712
dmn_within,23,"('Dp1Yey', 'LCTB92')",99.0,0.8195462629199026,0.813352033495903,0.827950825691223,1712
dmn_within,23,"('Dp1Yey', 'VEH')",1.0,0.48112936317920685,0.4719522601366043,0.4904052835702896,1712
dmn_within,23,"('Dp1Yey', 'VEH')",5.0,0.5553833663463593,0.5388171763345599,0.5687312811613083,1712
dmn_within,23,"('Dp1Yey', 'VEH')",50.0,0.7531392201781273,0.7495798420161008,0.7577056180685758,1712
dmn_within,23,"('Dp1Yey', 'VEH')",95.0,0.8748726941645145,0.8712041499651967,0.8793482478708029,1712
dmn_within,23,"('Dp1Yey', 'VEH')",99.0,0.9172198797762393,0.9081863446757197,0.9230877172201871,1712
dmn_within,24,"('Dp1Yey', 'LCTB92')",1.0,0.40283757507801055,0.3986891508102417,0.42464168965816496,1300
dmn_within,24,"('Dp1Yey', 'LCTB92')",5.0,0.5115277513861656,0.5040310814976692,0.521263274550438,1300
dmn_within,24,"('Dp1Yey', 'LCTB92')",50.0,0.7443673461675644,0.736933308839798,0.7499790489673615,1300
dmn_within,24,"('Dp1Yey', 'LCTB92')",95.0,0.8502238810062408,0.8447590470314026,0.8572471462190151,1300
dmn_within,24,"('Dp1Yey', 'LCTB92')",99.0,0.8999865230172872,0.8867965327948331,0.9048241376876831,1300
dmn_within,24,"('Dp1Yey', 'VEH')",1.0,0.6467945915460587,0.6451829397454858,0.6524039423465728,1300
dmn_within,24,"('Dp1Yey', 'VEH')",5.0,0.6736031576991082,0.6662567853927612,0.6794559157267213,1300
dmn_within,24,"('Dp1Yey', 'VEH')",50.0,0.7843800857663155,0.7801017165184021,0.7886562943458557,1300
dmn_within,24,"('Dp1Yey', 'VEH')",95.0,0.9294673100113868,0.9238785651139915,0.9339806448668241,1300
dmn_within,24,"('Dp1Yey', 'VEH')",99.0,0.9603262707218527,0.9540587146980688,0.9700535126030445,1300
dmn_within,24,"('Dp1Yey', 'LCTB92')",1.0,0.287645691037178,0.2558969259262085,0.2974246579408646,1700
dmn_within,24,"('Dp1Yey', 'LCTB92')",5.0,0.38645749986171724,0.3812681257724762,0.391939504519105,1700
dmn_within,24,"('Dp1Yey', 'LCTB92')",50.0,0.6032320857048035,0.5980128943920135,0.6106584768742322,1700
dmn_within,24,"('Dp1Yey', 'LCTB92')",95.0,0.7504609882831573,0.7439023669064044,0.7634391105547547,1700
dmn_within,24,"('Dp1Yey', 'LCTB92')",99.0,0.8069386358559132,0.8017423301935196,0.818030908703804,1700
dmn_within,24,"('Dp1Yey', 'VEH')",1.0,0.474917077422142,0.4715622663497925,0.4870588779449463,1700
dmn_within,24,"('Dp1Yey', 'VEH')",5.0,0.5409473896026611,0.5232832327485084,0.5631460879743099,1700
dmn_within,24,"('Dp1Yey', 'VEH')",50.0,0.7494797259569168,0.7449039965867996,0.7542152440175414,1700
dmn_within,24,"('Dp1Yey', 'VEH')",95.0,0.8719692625105381,0.8664373457431793,0.8778857182618228,1700
dmn_within,24,"('Dp1Yey', 'VEH')",99.0,0.9064494094252586,0.8985955231636763,0.9121844545006752,1700
dmn_within,25,"('Dp1Yey', 'LCTB92')",1.0,0.40733200788497925,0.4005868434906006,0.42120679318904874,1288
dmn_within,25,"('Dp1Yey', 'LCTB92')",5.0,0.5038402810692787,0.4979945749044418,0.5094434931874275,1288
dmn_within,25,"('Dp1Yey', 'LCTB92')",50.0,0.736735463142395,0.7289724349975586,0.7433787435293198,1288
dmn_within,25,"('Dp1Yey', 'LCTB92')",95.0,0.840379961580038,0.8337778235413135,0.8479249030351639,1288
dmn_within,25,"('Dp1Yey', 'LCTB92')",99.0,0.8855140396207558,0.8683358794972299,0.8998880088329315,1288
dmn_within,25,"('Dp1Yey', 'VEH')",1.0,0.6333951389789582,0.6311613565683365,0.6384145021438599,1288
dmn_within,25,"('Dp1Yey', 'VEH')",5.0,0.6549647837877274,0.6493397355079651,0.6616896688938141,1288
dmn_within,25,"('Dp1Yey', 'VEH')",50.0,0.7797214463353157,0.7754542082548141,0.7849495425820351,1288
dmn_within,25,"('Dp1Yey', 'VEH')",95.0,0.91896963827312,0.9146831148583442,0.9241963292472065,1288
dmn_within,25,"('Dp1Yey', 'VEH')",99.0,0.9474273215979334,0.9395852647721767,0.9608212560415268,1288
dmn_within,25,"('Dp1Yey', 'LCTB92')",1.0,0.27316554546356203,0.25102192878723145,0.2997082817554474,1688
dmn_within,25,"('Dp1Yey', 'LCTB92')",5.0,0.38157674968242644,0.37066262364387514,0.3872467932105064,1688
dmn_within,25,"('Dp1Yey', 'LCTB92')",50.0,0.600107803940773,0.5943713486194611,0.6064533740282059,1688
dmn_within,25,"('Dp1Yey', 'LCTB92')",95.0,0.7383678585290908,0.7281204745173453,0.7476131662726402,1688
dmn_within,25,"('Dp1Yey', 'LCTB92')",99.0,0.7917754584550857,0.7813141493499278,0.7962745279073715,1688
dmn_within,25,"('Dp1Yey', 'VEH')",1.0,0.48298590660095214,0.47242194414138794,0.487330521941185,1688
dmn_within,25,"('Dp1Yey', 'VEH')",5.0,0.5364073097705842,0.5215426295995712,0.557372222840786,1688
dmn_within,25,"('Dp1Yey', 'VEH')",50.0,0.7445184886455536,0.7392478823661804,0.7495440542697906,1688
dmn_within,25,"('Dp1Yey', 'VEH')",95.0,0.8652563720941543,0.8621221851743757,0.8695168535411357,1688
dmn_within,25,"('Dp1Yey', 'VEH')",99.0,0.8923941339552401,0.8878581076860428,0.8942548632621765,1688
dmn_within,26,"('Dp1Yey', 'LCTB92')",1.0,0.4072905033826828,0.4025462865829468,0.41868888735771176,1276
dmn_within,26,"('Dp1Yey', 'LCTB92')",5.0,0.4924590140581131,0.4791743755340576,0.49982404708862305,1276
dmn_within,26,"('Dp1Yey', 'LCTB92')",50.0,0.7289762943983078,0.7200808219611645,0.7353370785713196,1276
dmn_within,26,"('Dp1Yey', 'LCTB92')",95.0,0.8293442763388157,0.8247496634721756,0.836711011826992,1276
dmn_within,26,"('Dp1Yey', 'LCTB92')",99.0,0.8646745830774307,0.8576937466859818,0.8855572566390038,1276
dmn_within,26,"('Dp1Yey', 'VEH')",1.0,0.618190124630928,0.6082664430141449,0.62154820561409,1276
dmn_within,26,"('Dp1Yey', 'VEH')",5.0,0.6383703052997589,0.6340525060892105,0.6437502607703208,1276
dmn_within,26,"('Dp1Yey', 'VEH')",50.0,0.7759146690368652,0.770725728571415,0.7812235131859779,1276
dmn_within,26,"('Dp1Yey', 'VEH')",95.0,0.9146808348596096,0.9088926389813423,0.9195826854556799,1276
dmn_within,26,"('Dp1Yey', 'VEH')",99.0,0.9397280877456069,0.9332485728431493,0.9459587037563324,1276
dmn_within,26,"('Dp1Yey', 'LCTB92')",1.0,0.25359879434108734,0.24169284105300903,0.29404796175658704,1676
dmn_within,26,"('Dp1Yey', 'LCTB92')",5.0,0.37154683470726013,0.35933560132980347,0.381590873003006,1676
dmn_within,26,"('Dp1Yey', 'LCTB92')",50.0,0.5939407646656036,0.585993954539299,0.601964920759201,1676
dmn_within,26,"('Dp1Yey', 'LCTB92')",95.0,0.7271521911025047,0.7156780660152435,0.7349110245704651,1676
dmn_within,26,"('Dp1Yey', 'LCTB92')",99.0,0.7711267285048962,0.7617707177996635,0.7775361835956573,1676
dmn_within,26,"('Dp1Yey', 'VEH')",1.0,0.47586095333099365,0.4668578505516052,0.4862300753593445,1676
dmn_within,26,"('Dp1Yey', 'VEH')",5.0,0.5320393145084381,0.5176166478544474,0.5463533625006676,1676
dmn_within,26,"('Dp1Yey', 'VEH')",50.0,0.7379932999610901,0.7338402271270752,0.7438219074159861,1676
dmn_within,26,"('Dp1Yey', 'VEH')",95.0,0.8576220236718655,0.8527531363070011,0.8613978177309036,1676
dmn_within,26,"('Dp1Yey', 'VEH')",99.0,0.881834851577878,0.876068115234375,0.889213852584362,1676
dmn_within,27,"('Dp1Yey', 'LCTB92')",1.0,0.4079576486349106,0.40320897102355957,0.4196920299530029,1264
dmn_within,27,"('Dp1Yey', 'LCTB92')",5.0,0.4724274933338165,0.46298530995845794,0.48091425001621246,1264
dmn_within,27,"('Dp1Yey', 'LCTB92')",50.0,0.7216629832983017,0.7140564024448395,0.7279202938079834,1264
dmn_within,27,"('Dp1Yey', 'LCTB92')",95.0,0.820181293785572,0.8142053145356476,0.8297852836549279,1264
dmn_within,27,"('Dp1Yey', 'LCTB92')",99.0,0.8527069588005542,0.8422419257760045,0.8594597727060318,1264
dmn_within,27,"('Dp1Yey', 'VEH')",1.0,0.5901261854171753,0.5836344957351685,0.5938537418842316,1264
dmn_within,27,"('Dp1Yey', 'VEH')",5.0,0.6234687462449073,0.6197113692760468,0.6319660976529121,1264
dmn_within,27,"('Dp1Yey', 'VEH')",50.0,0.7728222385048866,0.7684187144041061,0.7790728658437729,1264
dmn_within,27,"('Dp1Yey', 'VEH')",95.0,0.9115594111382961,0.9029005300253629,0.9170063805952667,1264
dmn_within,27,"('Dp1Yey', 'VEH')",99.0,0.9321073634177446,0.9281920906901358,0.9371310255676503,1264
dmn_within,27,"('Dp1Yey', 'LCTB92')",1.0,0.24833512246608733,0.2388516664505005,0.27847721755504606,1664
dmn_within,27,"('Dp1Yey', 'LCTB92')",5.0,0.3659066468477249,0.35436830088496213,0.3713144719600677,1664
dmn_within,27,"('Dp1Yey', 'LCTB92')",50.0,0.5823118090629578,0.5740314811468125,0.5914026714861393,1664
dmn_within,27,"('Dp1Yey', 'LCTB92')",95.0,0.7177891388535499,0.7104329243302345,0.7267397344112396,1664
dmn_within,27,"('Dp1Yey', 'LCTB92')",99.0,0.7612647250294684,0.7509945176541805,0.7684754133224487,1664
dmn_within,27,"('Dp1Yey', 'VEH')",1.0,0.46410832345485686,0.45190781354904175,0.4834021484851837,1664
dmn_within,27,"('Dp1Yey', 'VEH')",5.0,0.522583757340908,0.5146705344319343,0.5292058512568474,1664
dmn_within,27,"('Dp1Yey', 'VEH')",50.0,0.7358277887105942,0.727782666683197,0.7405194491147995,1664
dmn_within,27,"('Dp1Yey', 'VEH')",95.0,0.8455747902393341,0.8424299880862236,0.8510810308158397,1664
dmn_within,27,"('Dp1Yey', 'VEH')",99.0,0.8764000906795263,0.8692107700034976,0.879821352660656,1664
dmn_within,28,"('Dp1Yey', 'LCTB92')",1.0,0.4051269829273224,0.40079226195812223,0.4147132635116577,1252
dmn_within,28,"('Dp1Yey', 'LCTB92')",5.0,0.4588094174861908,0.4532296657562256,0.4680423140525818,1252
dmn_within,28,"('Dp1Yey', 'LCTB92')",50.0,0.7150705456733704,0.7082644112408161,0.720715769007802,1252
dmn_within,28,"('Dp1Yey', 'LCTB92')",95.0,0.8124954208731652,0.8066747039556503,0.8193817287683487,1252
dmn_within,28,"('Dp1Yey', 'LCTB92')",99.0,0.8404727679491043,0.8350576609373093,0.8484281003475189,1252
dmn_within,28,"('Dp1Yey', 'VEH')",1.0,0.5753031745553017,0.5682646262645722,0.5840490738302468,1252
dmn_within,28,"('Dp1Yey', 'VEH')",5.0,0.6123281002044678,0.6057612478733063,0.6191593408584595,1252
dmn_within,28,"('Dp1Yey', 'VEH')",50.0,0.7708776667714119,0.7657256126403809,0.7775380006060004,1252
dmn_within,28,"('Dp1Yey', 'VEH')",95.0,0.9025619812309742,0.895173566415906,0.9070743340998888,1252
dmn_within,28,"('Dp1Yey', 'VEH')",99.0,0.9351563467830419,0.9262744861841202,0.9387357442080975,1252
dmn_within,28,"('Dp1Yey', 'LCTB92')",1.0,0.2462268590927124,0.23916269302368165,0.2723364669829607,1652
dmn_within,28,"('Dp1Yey', 'LCTB92')",5.0,0.3589095860719681,0.354527215436101,0.3633332517743111,1652
dmn_within,28,"('Dp1Yey', 'LCTB92')",50.0,0.5734612941741943,0.5671287272125483,0.5791314393281937,1652
dmn_within,28,"('Dp1Yey', 'LCTB92')",95.0,0.7134399890899658,0.7037429824471474,0.7209762912243605,1652
dmn_within,28,"('Dp1Yey', 'LCTB92')",99.0,0.7506095688045025,0.7474373281002045,0.758210763335228,1652
dmn_within,28,"('Dp1Yey', 'VEH')",1.0,0.4509546762704849,0.4441227912902832,0.479311466217041,1652
dmn_within,28,"('Dp1Yey', 'VEH')",5.0,0.5136284738779068,0.5051214098930359,0.5181917212530971,1652
dmn_within,28,"('Dp1Yey', 'VEH')",50.0,0.72647824883461,0.7200711481273174,0.7348858781158925,1652
dmn_within,28,"('Dp1Yey', 'VEH')",95.0,0.8369957149028778,0.8332552180811762,0.8441301454231136,1652
dmn_within,28,"('Dp1Yey', 'VEH')",99.0,0.8633044303953648,0.858529973179102,0.8716542422771454,1652
dmn_within,29,"('Dp1Yey', 'LCTB92')",1.0,0.40180848896503446,0.3878092432022095,0.4294614613056183,1240
dmn_within,29,"('Dp1Yey', 'LCTB92')",5.0,0.44994550943374634,0.44372830986976625,0.458493173122406,1240
dmn_within,29,"('Dp1Yey', 'LCTB92')",50.0,0.7098947912454605,0.7034023854881525,0.7147420346736908,1240
dmn_within,29,"('Dp1Yey', 'LCTB92')",95.0,0.8060804083943366,0.7955354124307632,0.8105084091424942,1240
dmn_within,29,"('Dp1Yey', 'LCTB92')",99.0,0.8320902341604233,0.8250065824389456,0.8399656265974045,1240
dmn_within,29,"('Dp1Yey', 'VEH')",1.0,0.5668269804120064,0.5627367496490479,0.576868117749691,1240
dmn_within,29,"('Dp1Yey', 'VEH')",5.0,0.6040736541152001,0.5952181431278586,0.6115631741285324,1240
dmn_within,29,"('Dp1Yey', 'VEH')",50.0,0.7685619667172432,0.7634745389223099,0.774186946451664,1240
dmn_within,29,"('Dp1Yey', 'VEH')",95.0,0.8999064039438963,0.8938510492444038,0.9042192045599222,1240
dmn_within,29,"('Dp1Yey', 'VEH')",99.0,0.9324652823805806,0.9257963202893732,0.9405861459672451,1240
dmn_within,29,"('Dp1Yey', 'LCTB92')",1.0,0.24463907122612,0.241174618601799,0.2604197859764099,1640
dmn_within,29,"('Dp1Yey', 'LCTB92')",5.0,0.349680495262146,0.34300559759140015,0.3594425916671753,1640
dmn_within,29,"('Dp1Yey', 'LCTB92')",50.0,0.5665964335203171,0.5610707055777311,0.5737788677215576,1640
dmn_within,29,"('Dp1Yey', 'LCTB92')",95.0,0.7033940985798836,0.699711412191391,0.7117522656917572,1640
dmn_within,29,"('Dp1Yey', 'LCTB92')",99.0,0.7441242510080337,0.7406816676259039,0.749406635761261,1640
dmn_within,29,"('Dp1Yey', 'VEH')",1.0,0.4570597755908966,0.4417088335752487,0.4691097795963287,1640
dmn_within,29,"('Dp1Yey', 'VEH')",5.0,0.5018332496285438,0.4960195094347,0.5095991790294647,1640
dmn_within,29,"('Dp1Yey', 'VEH')",50.0,0.7198068648576736,0.7130693197250366,0.7274410389363766,1640
dmn_within,29,"('Dp1Yey', 'VEH')",95.0,0.8331808105111123,0.8289675116539001,0.8371122479438782,1640
dmn_within,29,"('Dp1Yey', 'VEH')",99.0,0.859718735218048,0.8535710573196411,0.8656373037397861,1640
dmn_within,30,"('Dp1Yey', 'LCTB92')",1.0,0.4203260737657547,0.4048904776573181,0.4309727720618246,1228
dmn_within,30,"('Dp1Yey', 'LCTB92')",5.0,0.4493183076381683,0.4436158835887909,0.4559011753648519,1228
dmn_within,30,"('Dp1Yey', 'LCTB92')",50.0,0.7011333554983139,0.6941860545426607,0.7059634625911713,1228
dmn_within,30,"('Dp1Yey', 'LCTB92')",95.0,0.7933905847370625,0.7856456786394119,0.8008237176574766,1228
dmn_within,30,"('Dp1Yey', 'LCTB92')",99.0,0.8328007560968399,0.8196807652711868,0.8364209647476674,1228
dmn_within,30,"('Dp1Yey', 'VEH')",1.0,0.5707298466563224,0.5620192774534225,0.5730942785739899,1228
dmn_within,30,"('Dp1Yey', 'VEH')",5.0,0.5921210244297981,0.5851390659809113,0.5988214684277773,1228
dmn_within,30,"('Dp1Yey', 'VEH')",50.0,0.7667373418807983,0.7633331462740898,0.7736711353063583,1228
dmn_within,30,"('Dp1Yey', 'VEH')",95.0,0.9013024624437094,0.8963119328022003,0.9083922207355499,1228
dmn_within,30,"('Dp1Yey', 'VEH')",99.0,0.928270641118288,0.923228420317173,0.9311695957761258,1228
dmn_within,30,"('Dp1Yey', 'LCTB92')",1.0,0.2496927100419998,0.24266849756240844,0.25951439142227173,1628
dmn_within,30,"('Dp1Yey', 'LCTB92')",5.0,0.3426092088222504,0.3296666443347931,0.3479732275009155,1628
dmn_within,30,"('Dp1Yey', 'LCTB92')",50.0,0.5665891170501709,0.5585553646087646,0.5728180706501007,1628
dmn_within,30,"('Dp1Yey', 'LCTB92')",95.0,0.6986845791339874,0.6947852132841945,0.7067151725292206,1628
dmn_within,30,"('Dp1Yey', 'LCTB92')",99.0,0.7369370621442795,0.7343685626983643,0.745046047270298,1628
dmn_within,30,"('Dp1Yey', 'VEH')",1.0,0.45978885114192963,0.45152735710144043,0.4670469751805067,1628
dmn_within,30,"('Dp1Yey', 'VEH')",5.0,0.49059995710849763,0.48524485230445863,0.49888062246143816,1628
dmn_within,30,"('Dp1Yey', 'VEH')",50.0,0.715111643075943,0.709039094299078,0.7253546223044395,1628
dmn_within,30,"('Dp1Yey', 'VEH')",95.0,0.8280850723385811,0.8225454322993755,0.8304021269083023,1628
dmn_within,30,"('Dp1Yey', 'VEH')",99.0,0.8534753066301346,0.84726582467556,0.8573313355445862,1628
dmn_within,31,"('Dp1Yey', 'LCTB92')",1.0,0.4292090207338333,0.4183220795542002,0.4338763326406479,1216
dmn_within,31,"('Dp1Yey', 'LCTB92')",5.0,0.4527081847190857,0.4446982741355896,0.46254128217697144,1216
dmn_within,31,"('Dp1Yey', 'LCTB92')",50.0,0.688174307346344,0.6833052691072226,0.6934717174619436,1216
dmn_within,31,"('Dp1Yey', 'LCTB92')",95.0,0.7859909124672413,0.7808776659891009,0.7935504348017275,1216
dmn_within,31,"('Dp1Yey', 'LCTB92')",99.0,0.8275255262851714,0.8160512642003594,0.834292913973331,1216
dmn_within,31,"('Dp1Yey', 'VEH')",1.0,0.5691668182611466,0.5658241346478462,0.5732214748859406,1216
dmn_within,31,"('Dp1Yey', 'VEH')",5.0,0.5845524221658707,0.5823636129498482,0.5886414051055908,1216
dmn_within,31,"('Dp1Yey', 'VEH')",50.0,0.7680569812655449,0.7589901335537433,0.7736406907439232,1216
dmn_within,31,"('Dp1Yey', 'VEH')",95.0,0.9022478498518467,0.8962918445467949,0.9059525728225708,1216
dmn_within,31,"('Dp1Yey', 'VEH')",99.0,0.91944678761065,0.9159898970276116,0.9237117549590765,1216
dmn_within,31,"('Dp1Yey', 'LCTB92')",1.0,0.2522525191307068,0.24526071555912493,0.262668230086565,1616
dmn_within,31,"('Dp1Yey', 'LCTB92')",5.0,0.3219732642173767,0.3081183582544327,0.3396013081073761,1616
dmn_within,31,"('Dp1Yey', 'LCTB92')",50.0,0.5684960037469864,0.5603007227182388,0.5748045224696398,1616
dmn_within,31,"('Dp1Yey', 'LCTB92')",95.0,0.6985313221812248,0.6906920298933983,0.7042066752910614,1616
dmn_within,31,"('Dp1Yey', 'LCTB92')",99.0,0.7312019065022468,0.7278206437826156,0.7378481924533844,1616
dmn_within,31,"('Dp1Yey', 'VEH')",1.0,0.4536861091852188,0.4463355541229248,0.46021409653127193,1616
dmn_within,31,"('Dp1Yey', 'VEH')",5.0,0.48247578740119934,0.47791049927473067,0.4897748827934265,1616
dmn_within,31,"('Dp1Yey', 'VEH')",50.0,0.7136646807193756,0.7091070361435413,0.7202807191759347,1616
dmn_within,31,"('Dp1Yey', 'VEH')",95.0,0.8224399574100971,0.8176709115505219,0.8266067057847977,1616
dmn_within,31,"('Dp1Yey', 'VEH')",99.0,0.8455899350345134,0.8399204760789871,0.8543753020465371,1616
dmn_within,32,"('Dp1Yey', 'LCTB92')",1.0,0.432711940407753,0.4316626787185669,0.4371679916381836,1204
dmn_within,32,"('Dp1Yey', 'LCTB92')",5.0,0.45263556838035585,0.44800742268562316,0.45782724253833296,1204
dmn_within,32,"('Dp1Yey', 'LCTB92')",50.0,0.6795615404844284,0.6731148362159729,0.6846579290926457,1204
dmn_within,32,"('Dp1Yey', 'LCTB92')",95.0,0.7863243430852889,0.7792236283421516,0.7935208231210709,1204
dmn_within,32,"('Dp1Yey', 'LCTB92')",99.0,0.8184712396562099,0.8128347247838974,0.8273821133375168,1204
dmn_within,32,"('Dp1Yey', 'VEH')",1.0,0.5534726247191429,0.5472554403543473,0.5606494843959808,1204
dmn_within,32,"('Dp1Yey', 'VEH')",5.0,0.5791156515479088,0.5737061470746994,0.5821648867428303,1204
dmn_within,32,"('Dp1Yey', 'VEH')",50.0,0.7640237137675285,0.7540801137685775,0.7720483463257551,1204
dmn_within,32,"('Dp1Yey', 'VEH')",95.0,0.8956066407263279,0.8911181572359055,0.9014298409223556,1204
dmn_within,32,"('Dp1Yey', 'VEH')",99.0,0.915010161548853,0.9104702086411416,0.917801712602377,1204
dmn_within,32,"('Dp1Yey', 'LCTB92')",1.0,0.25460004806518555,0.249250590801239,0.26410841941833496,1604
dmn_within,32,"('Dp1Yey', 'LCTB92')",5.0,0.30680755972862245,0.2936581337451935,0.32699926830828185,1604
dmn_within,32,"('Dp1Yey', 'LCTB92')",50.0,0.5681373476982117,0.561063215136528,0.5754782408475876,1604
dmn_within,32,"('Dp1Yey', 'LCTB92')",95.0,0.6978136673569678,0.6863493964076042,0.7057835847139358,1604
dmn_within,32,"('Dp1Yey', 'LCTB92')",99.0,0.7290433937311173,0.7240136274695397,0.7299590408802032,1604
dmn_within,32,"('Dp1Yey', 'VEH')",1.0,0.44364371061325075,0.4343499279022217,0.4522603529691696,1604
dmn_within,32,"('Dp1Yey', 'VEH')",5.0,0.4799909144639969,0.47228747606277466,0.49329533874988557,1604
dmn_within,32,"('Dp1Yey', 'VEH')",50.0,0.711923137307167,0.7062775194644928,0.7160839390009641,1604
dmn_within,32,"('Dp1Yey', 'VEH')",95.0,0.8150638572871685,0.8086705967783928,0.8199452832341194,1604
dmn_within,32,"('Dp1Yey', 'VEH')",99.0,0.8441856980323792,0.8382807752490044,0.8498930361866952,1604
dmn_within,33,"('Dp1Yey', 'LCTB92')",1.0,0.43283228218555453,0.42885440587997437,0.4374048185348511,1192
dmn_within,33,"('Dp1Yey', 'LCTB92')",5.0,0.45082238912582395,0.44679152965545654,0.45415972769260404,1192
dmn_within,33,"('Dp1Yey', 'LCTB92')",50.0,0.6679554879665375,0.6598776444792748,0.6781834665685892,1192
dmn_within,33,"('Dp1Yey', 'LCTB92')",95.0,0.7847306899726391,0.7790323383547365,0.7977159328758718,1192
dmn_within,33,"('Dp1Yey', 'LCTB92')",99.0,0.8191931906342507,0.8133048114627597,0.8222226947546005,1192
dmn_within,33,"('Dp1Yey', 'VEH')",1.0,0.5396433219313621,0.5355324956774712,0.5443034744262696,1192
dmn_within,33,"('Dp1Yey', 'VEH')",5.0,0.5626468762755394,0.5569406236335636,0.5701903775334358,1192
dmn_within,33,"('Dp1Yey', 'VEH')",50.0,0.7607283741235733,0.7546128107234835,0.767250669747591,1192
dmn_within,33,"('Dp1Yey', 'VEH')",95.0,0.8875890407711268,0.8819847781211138,0.895427755638957,1192
dmn_within,33,"('Dp1Yey', 'VEH')",99.0,0.9122753256559372,0.9070670937746763,0.9165611490607262,1192
dmn_within,33,"('Dp1Yey', 'LCTB92')",1.0,0.25537480890750885,0.24819899681210517,0.26470865462720394,1592
dmn_within,33,"('Dp1Yey', 'LCTB92')",5.0,0.2983085483312607,0.2865900993347168,0.31847721338272095,1592
dmn_within,33,"('Dp1Yey', 'LCTB92')",50.0,0.5680398046970367,0.5600246042013168,0.5729393273591995,1592
dmn_within,33,"('Dp1Yey', 'LCTB92')",95.0,0.6940475910902023,0.6863855183124541,0.700663685798645,1592
dmn_within,33,"('Dp1Yey', 'LCTB92')",99.0,0.7232324990630149,0.7183238836750386,0.7292436957359314,1592
dmn_within,33,"('Dp1Yey', 'VEH')",1.0,0.42991094291210175,0.4226083755493164,0.44625438809394835,1592
dmn_within,33,"('Dp1Yey', 'VEH')",5.0,0.477500981092453,0.46858251094818115,0.49573034048080444,1592
dmn_within,33,"('Dp1Yey', 'VEH')",50.0,0.7056559175252914,0.7007223069667816,0.7100433558225632,1592
dmn_within,33,"('Dp1Yey', 'VEH')",95.0,0.8046599440276623,0.8019959181547165,0.812311896104365,1592
dmn_within,33,"('Dp1Yey', 'VEH')",99.0,0.8422582815587519,0.8344870521128176,0.8475109785795212,1592
dmn_within,34,"('Dp1Yey', 'LCTB92')",1.0,0.4218951112031937,0.4138188362121582,0.42678844928741455,1180
dmn_within,34,"('Dp1Yey', 'LCTB92')",5.0,0.44991823434829714,0.4447426199913025,0.4567411878705025,1180
dmn_within,34,"('Dp1Yey', 'LCTB92')",50.0,0.6597631722688675,0.6510310616344214,0.6687942396849393,1180
dmn_within,34,"('Dp1Yey', 'LCTB92')",95.0,0.7838507421314717,0.7764038085937499,0.7993046790361404,1180
dmn_within,34,"('Dp1Yey', 'LCTB92')",99.0,0.8176059532165527,0.8139383627474308,0.8198385989665985,1180
dmn_within,34,"('Dp1Yey', 'VEH')",1.0,0.5296722987294197,0.5266983297467231,0.5342709124088287,1180
dmn_within,34,"('Dp1Yey', 'VEH')",5.0,0.5492233321070671,0.5427890121936798,0.5574437096714974,1180
dmn_within,34,"('Dp1Yey', 'VEH')",50.0,0.7559338361024857,0.7511494243517518,0.7613149434328079,1180
dmn_within,34,"('Dp1Yey', 'VEH')",95.0,0.880696539953351,0.8745928294956684,0.8857039362192154,1180
dmn_within,34,"('Dp1Yey', 'VEH')",99.0,0.9079485943168402,0.9016128999739885,0.9180185049772263,1180
dmn_within,34,"('Dp1Yey', 'LCTB92')",1.0,0.2546333980560303,0.24935877323150635,0.262443381473422,1580
dmn_within,34,"('Dp1Yey', 'LCTB92')",5.0,0.3005890190601349,0.28964628629386424,0.3187164068222046,1580
dmn_within,34,"('Dp1Yey', 'LCTB92')",50.0,0.5658679157495499,0.5588854104280472,0.5715208947658539,1580
dmn_within,34,"('Dp1Yey', 'LCTB92')",95.0,0.6903823673725128,0.6842680950462817,0.6979282200336456,1580
dmn_within,34,"('Dp1Yey', 'LCTB92')",99.0,0.7232576271891594,0.7171477765217423,0.7312898933887482,1580
dmn_within,34,"('Dp1Yey', 'VEH')",1.0,0.40770785689353944,0.401214063167572,0.42030898053944105,1580
dmn_within,34,"('Dp1Yey', 'VEH')",5.0,0.48340462148189545,0.47691414654254916,0.5008611854165792,1580
dmn_within,34,"('Dp1Yey', 'VEH')",50.0,0.6995767802000046,0.6948224633932114,0.7047962248325348,1580
dmn_within,34,"('Dp1Yey', 'VEH')",95.0,0.7980144329369068,0.7930170297622681,0.8026491209864616,1580
dmn_within,34,"('Dp1Yey', 'VEH')",99.0,0.8323304446041585,0.8261470645666122,0.8436633795499802,1580
dmn_within,35,"('Dp1Yey', 'LCTB92')",1.0,0.41540345072746276,0.41035201132297516,0.4195155316591263,1168
dmn_within,35,"('Dp1Yey', 'LCTB92')",5.0,0.4483489215373993,0.4363422393798828,0.456030011177063,1168
dmn_within,35,"('Dp1Yey', 'LCTB92')",50.0,0.6552854776382446,0.6425107568502426,0.6656406819820404,1168
dmn_within,35,"('Dp1Yey', 'LCTB92')",95.0,0.7831956200301647,0.7788992662169039,0.7894244886934757,1168
dmn_within,35,"('Dp1Yey', 'LCTB92')",99.0,0.815504325479269,0.8115247349441052,0.817111000418663,1168
dmn_within,35,"('Dp1Yey', 'VEH')",1.0,0.5218799543380738,0.5174677073955536,0.5238127520680428,1168
dmn_within,35,"('Dp1Yey', 'VEH')",5.0,0.5390096411108971,0.5339021682739258,0.5455762520432472,1168
dmn_within,35,"('Dp1Yey', 'VEH')",50.0,0.751687228679657,0.7457765340805054,0.7570073461160064,1168
dmn_within,35,"('Dp1Yey', 'VEH')",95.0,0.8708016075193881,0.8673048130422829,0.8751280680298805,1168
dmn_within,35,"('Dp1Yey', 'VEH')",99.0,0.9011109595000742,0.8949687704443932,0.9113740399479866,1168
dmn_within,35,"('Dp1Yey', 'LCTB92')",1.0,0.26036302745342255,0.251786672398448,0.2646485012769699,1568
dmn_within,35,"('Dp1Yey', 'LCTB92')",5.0,0.3025613933801651,0.2949790954589844,0.31456974908709523,1568
dmn_within,35,"('Dp1Yey', 'LCTB92')",50.0,0.5609162747859955,0.5555133819580078,0.5667297728359699,1568
dmn_within,35,"('Dp1Yey', 'LCTB92')",95.0,0.6875184699892998,0.6783972818404431,0.6916243433952332,1568
dmn_within,35,"('Dp1Yey', 'LCTB92')",99.0,0.7238538813591001,0.7106894850730896,0.7607424706220627,1568
dmn_within,35,"('Dp1Yey', 'VEH')",1.0,0.39730027854442596,0.3892638087272644,0.40472718834877014,1568
dmn_within,35,"('Dp1Yey', 'VEH')",5.0,0.4868212342262268,0.47567462623119355,0.5092564523220062,1568
dmn_within,35,"('Dp1Yey', 'VEH')",50.0,0.6924720853567123,0.6884853839874268,0.6972616612911224,1568
dmn_within,35,"('Dp1Yey', 'VEH')",95.0,0.7903830274939537,0.787033518627286,0.7961849817633629,1568
dmn_within,35,"('Dp1Yey', 'VEH')",99.0,0.8286321011185646,0.8197223480045793,0.8322671800851822,1568
dmn_within,36,"('Dp1Yey', 'LCTB92')",1.0,0.41510714292526246,0.41223806142807007,0.4181956272572279,1156
dmn_within,36,"('Dp1Yey', 'LCTB92')",5.0,0.43769147992134094,0.43295973539352417,0.44751453399658203,1156
dmn_within,36,"('Dp1Yey', 'LCTB92')",50.0,0.6474339067935944,0.6410948634147644,0.6554563615471124,1156
dmn_within,36,"('Dp1Yey', 'LCTB92')",95.0,0.7813171222805977,0.7714657336473465,0.7855780852958558,1156
dmn_within,36,"('Dp1Yey', 'LCTB92')",99.0,0.8099552921950817,0.8053589190356437,0.8122284859418869,1156
dmn_within,36,"('Dp1Yey', 'VEH')",1.0,0.5094550967216491,0.5061370730400085,0.5133024647831916,1156
dmn_within,36,"('Dp1Yey', 'VEH')",5.0,0.5317644327878952,0.5265102088451385,0.5380963362753391,1156
dmn_within,36,"('Dp1Yey', 'VEH')",50.0,0.7464775443077087,0.7413603346794844,0.7523453235626221,1156
dmn_within,36,"('Dp1Yey', 'VEH')",95.0,0.8646064437925816,0.8610773533582687,0.8680535025894642,1156
dmn_within,36,"('Dp1Yey', 'VEH')",99.0,0.8880180425941945,0.8784748643543573,0.901789978146553,1156
dmn_within,36,"('Dp1Yey', 'LCTB92')",1.0,0.2547374367713928,0.23898792266845703,0.26281827688217163,1556
dmn_within,36,"('Dp1Yey', 'LCTB92')",5.0,0.3043137192726135,0.29607877135276794,0.3166539669036865,1556
dmn_within,36,"('Dp1Yey', 'LCTB92')",50.0,0.5533536374568939,0.5461520172655583,0.5583253271877766,1556
dmn_within,36,"('Dp1Yey', 'LCTB92')",95.0,0.6801752671599388,0.6719896793365479,0.685729131102562,1556
dmn_within,36,"('Dp1Yey', 'LCTB92')",99.0,0.7241443365812305,0.7098222701251509,0.7840588241815567,1556
dmn_within,36,"('Dp1Yey', 'VEH')",1.0,0.38851648569107056,0.3774244338274002,0.4150669276714325,1556
dmn_within,36,"('Dp1Yey', 'VEH')",5.0,0.48858341574668884,0.47689974308013916,0.5120766432955861,1556
dmn_within,36,"('Dp1Yey', 'VEH')",50.0,0.6872240751981735,0.6810818463563919,0.6914435029029846,1556
dmn_within,36,"('Dp1Yey', 'VEH')",95.0,0.7853521443903446,0.781578550580889,0.7898787409067154,1556
dmn_within,36,"('Dp1Yey', 'VEH')",99.0,0.8182738617062569,0.8066742528043688,0.8230369538068771,1556
dmn_within,37,"('Dp1Yey', 'LCTB92')",1.0,0.4087218356132507,0.40650343894958496,0.41583222210407256,1144
dmn_within,37,"('Dp1Yey', 'LCTB92')",5.0,0.4320221394300461,0.4288785010576248,0.4378911256790161,1144
dmn_within,37,"('Dp1Yey', 'LCTB92')",50.0,0.6430925875902176,0.6338407397270203,0.6495552778244018,1144
dmn_within,37,"('Dp1Yey', 'LCTB92')",95.0,0.7726166732609272,0.7647960259392855,0.7796537578105927,1144
dmn_within,37,"('Dp1Yey', 'LCTB92')",99.0,0.8008786633610725,0.7963798217475413,0.8027258606255054,1144
dmn_within,37,"('Dp1Yey', 'VEH')",1.0,0.5031623595952988,0.4916650456190109,0.5101852262020111,1144
dmn_within,37,"('Dp1Yey', 'VEH')",5.0,0.5233945548534393,0.5179839134216309,0.5281319714337588,1144
dmn_within,37,"('Dp1Yey', 'VEH')",50.0,0.7419002950191498,0.736379936337471,0.746267631649971,1144
dmn_within,37,"('Dp1Yey', 'VEH')",95.0,0.8572971686720848,0.8535279415547847,0.8603659139201045,1144
dmn_within,37,"('Dp1Yey', 'VEH')",99.0,0.8742021273076533,0.8673765882849693,0.8850201889872551,1144
dmn_within,37,"('Dp1Yey', 'LCTB92')",1.0,0.24048838257789612,0.2315753698348999,0.2619073987007141,1544
dmn_within,37,"('Dp1Yey', 'LCTB92')",5.0,0.3042962372303009,0.2975864399969578,0.3149029672145844,1544
dmn_within,37,"('Dp1Yey', 'LCTB92')",50.0,0.5450893193483353,0.535182748362422,0.552124634385109,1544
dmn_within,37,"('Dp1Yey', 'LCTB92')",95.0,0.670746774971485,0.6644312530010938,0.6794228136539459,1544
dmn_within,37,"('Dp1Yey', 'LCTB92')",99.0,0.7524864856898784,0.7177885755077003,0.7901692241430283,1544
dmn_within,37,"('Dp1Yey', 'VEH')",1.0,0.39604209542274477,0.3823910355567932,0.4151721543073654,1544
dmn_within,37,"('Dp1Yey', 'VEH')",5.0,0.501204089820385,0.4818069189786911,0.5246398093923926,1544
dmn_within,37,"('Dp1Yey', 'VEH')",50.0,0.6809439957141876,0.6769576370716095,0.687113893404603,1544
dmn_within,37,"('Dp1Yey', 'VEH')",95.0,0.7810586221516133,0.7767708748579025,0.7835118524730206,1544
dmn_within,37,"('Dp1Yey', 'VEH')",99.0,0.7987072078883647,0.7958409245125948,0.8040314465761185,1544
dmn_within,38,"('Dp1Yey', 'LCTB92')",1.0,0.39262308716773986,0.3885405659675598,0.403797299861908,1132
dmn_within,38,"('Dp1Yey', 'LCTB92')",5.0,0.42758420705795286,0.4205083119869232,0.43130925893783567,1132
dmn_within,38,"('Dp1Yey', 'LCTB92')",50.0,0.633146733045578,0.6267593801021576,0.6390826851129532,1132
dmn_within,38,"('Dp1Yey', 'LCTB92')",95.0,0.7666578084230423,0.7603644602000713,0.7779415398836136,1132
dmn_within,38,"('Dp1Yey', 'LCTB92')",99.0,0.7927590118348599,0.7895997627079487,0.7963333874940872,1132
dmn_within,38,"('Dp1Yey', 'VEH')",1.0,0.48954187631607055,0.4845520853996277,0.49820494651794434,1132
dmn_within,38,"('Dp1Yey', 'VEH')",5.0,0.5155408829450607,0.510897159576416,0.5204642578959465,1132
dmn_within,38,"('Dp1Yey', 'VEH')",50.0,0.7378754615783691,0.7301327884197235,0.744017094746232,1132
dmn_within,38,"('Dp1Yey', 'VEH')",95.0,0.845871825516224,0.840933457762003,0.8501832485198975,1132
dmn_within,38,"('Dp1Yey', 'VEH')",99.0,0.8662141247093678,0.8626797558367254,0.8713635206222534,1132
dmn_within,38,"('Dp1Yey', 'LCTB92')",1.0,0.23808566570281983,0.22773980021476745,0.2780250906944275,1532
dmn_within,38,"('Dp1Yey', 'LCTB92')",5.0,0.3042826443910599,0.2973315390944481,0.3115085207670927,1532
dmn_within,38,"('Dp1Yey', 'LCTB92')",50.0,0.5350224822759628,0.5274707458913326,0.544320747256279,1532
dmn_within,38,"('Dp1Yey', 'LCTB92')",95.0,0.6611805751919747,0.6575438976287842,0.6647204756736755,1532
dmn_within,38,"('Dp1Yey', 'LCTB92')",99.0,0.770395861119032,0.7355090329051021,0.7825857298076154,1532
dmn_within,38,"('Dp1Yey', 'VEH')",1.0,0.39320101499557497,0.388558030128479,0.41516584157943726,1532
dmn_within,38,"('Dp1Yey', 'VEH')",5.0,0.5154420182108879,0.49215392470359803,0.5300795316696167,1532
dmn_within,38,"('Dp1Yey', 'VEH')",50.0,0.6764163374900818,0.6715545352548361,0.6815654139965772,1532
dmn_within,38,"('Dp1Yey', 'VEH')",95.0,0.7738418690860271,0.7699719854816794,0.7769537443295121,1532
dmn_within,38,"('Dp1Yey', 'VEH')",99.0,0.7937366105616093,0.7869549165666103,0.7978782653808594,1532
dmn_within,39,"('Dp1Yey', 'LCTB92')",1.0,0.38015263676643374,0.37907302379608154,0.3867924320697784,1120
dmn_within,39,"('Dp1Yey', 'LCTB92')",5.0,0.4196725100278854,0.40454286336898804,0.42888790667057036,1120
dmn_within,39,"('Dp1Yey', 'LCTB92')",50.0,0.6237298399209976,0.6176321778446436,0.630276546627283,1120
dmn_within,39,"('Dp1Yey', 'LCTB92')",95.0,0.7642319470643997,0.7582606971263885,0.7690055429935455,1120
dmn_within,39,"('Dp1Yey', 'LCTB92')",99.0,0.790643725246191,0.786871612071991,0.7942909300327301,1120
dmn_within,39,"('Dp1Yey', 'VEH')",1.0,0.47657516956329343,0.47318798303604126,0.48305025458335876,1120
dmn_within,39,"('Dp1Yey', 'VEH')",5.0,0.5069880485534668,0.4966676026582718,0.516274644434452,1120
dmn_within,39,"('Dp1Yey', 'VEH')",50.0,0.738913357257843,0.7278320342302322,0.7443056590855122,1120
dmn_within,39,"('Dp1Yey', 'VEH')",95.0,0.8407048381865024,0.8388348874077202,0.8452389985322952,1120
dmn_within,39,"('Dp1Yey', 'VEH')",99.0,0.8625359526276588,0.8575634062290192,0.8692940473556519,1120
dmn_within,39,"('Dp1Yey', 'LCTB92')",1.0,0.2706741267442703,0.24490129947662354,0.2826725244522095,1520
dmn_within,39,"('Dp1Yey', 'LCTB92')",5.0,0.30002422332763673,0.2930905371904373,0.30673634611070155,1520
dmn_within,39,"('Dp1Yey', 'LCTB92')",50.0,0.5300224721431732,0.5219457916915416,0.5379030406475067,1520
dmn_within,39,"('Dp1Yey', 'LCTB92')",95.0,0.6502746358513832,0.6452791407704352,0.6601063206791877,1520
dmn_within,39,"('Dp1Yey', 'LCTB92')",99.0,0.7749697732925415,0.7472417598962775,0.7852768003940582,1520
dmn_within,39,"('Dp1Yey', 'VEH')",1.0,0.3893948668241501,0.3770069479942322,0.4123321771621704,1520
dmn_within,39,"('Dp1Yey', 'VEH')",5.0,0.5217061385512352,0.5077023039013148,0.5371767807751894,1520
dmn_within,39,"('Dp1Yey', 'VEH')",50.0,0.6719314157962799,0.6675951778888702,0.6749912980943918,1520
dmn_within,39,"('Dp1Yey', 'VEH')",95.0,0.7664302177727222,0.7608345448970795,0.7695139050483704,1520
dmn_within,39,"('Dp1Yey', 'VEH')",99.0,0.7912196160852908,0.7799972593784332,0.797126367688179,1520
dmn_within,40,"('Dp1Yey', 'LCTB92')",1.0,0.3702227699756622,0.36595796525478363,0.3817683106660843,1108
dmn_within,40,"('Dp1Yey', 'LCTB92')",5.0,0.40192623138427735,0.39550793170928955,0.4126266192644834,1108
dmn_within,40,"('Dp1Yey', 'LCTB92')",50.0,0.6158370971679688,0.6089587211608887,0.6199362371116877,1108
dmn_within,40,"('Dp1Yey', 'LCTB92')",95.0,0.76099369302392,0.7532864063978195,0.7683416455984114,1108
dmn_within,40,"('Dp1Yey', 'LCTB92')",99.0,0.7900258518755436,0.7825366109609604,0.7945038080215454,1108
dmn_within,40,"('Dp1Yey', 'VEH')",1.0,0.46282367885112763,0.4566975235939026,0.4669694912433624,1108
dmn_within,40,"('Dp1Yey', 'VEH')",5.0,0.5027984902262688,0.49360416531562806,0.511257366836071,1108
dmn_within,40,"('Dp1Yey', 'VEH')",50.0,0.7354797571897507,0.7263870239257812,0.7421467624604702,1108
dmn_within,40,"('Dp1Yey', 'VEH')",95.0,0.8411957286298275,0.8358440707623956,0.8468881439976392,1108
dmn_within,40,"('Dp1Yey', 'VEH')",99.0,0.8622012376785279,0.8556021898984909,0.8701373785734177,1108
dmn_within,40,"('Dp1Yey', 'LCTB92')",1.0,0.2749998825788498,0.26173579692840576,0.28157607913017274,1508
dmn_within,40,"('Dp1Yey', 'LCTB92')",5.0,0.2964069664478302,0.29168751239776614,0.3032781721651554,1508
dmn_within,40,"('Dp1Yey', 'LCTB92')",50.0,0.5236307382583618,0.5171261727809906,0.5281107723712921,1508
dmn_within,40,"('Dp1Yey', 'LCTB92')",95.0,0.6416425198316574,0.6335099652409554,0.6540125012397766,1508
dmn_within,40,"('Dp1Yey', 'LCTB92')",99.0,0.7776026025414468,0.7364283860921862,0.7866175174713135,1508
dmn_within,40,"('Dp1Yey', 'VEH')",1.0,0.3865356832742691,0.36900216341018677,0.41734920988976953,1508
dmn_within,40,"('Dp1Yey', 'VEH')",5.0,0.5262586876749993,0.5168607151508331,0.5408134460449219,1508
dmn_within,40,"('Dp1Yey', 'VEH')",50.0,0.6676237434148788,0.6623341366648674,0.6714714765548706,1508
dmn_within,40,"('Dp1Yey', 'VEH')",95.0,0.7624385714530945,0.7605334222316742,0.7647112160921097,1508
dmn_within,40,"('Dp1Yey', 'VEH')",99.0,0.7805256859958172,0.7751617826521396,0.7891955524682999,1508
dmn_within,41,"('Dp1Yey', 'LCTB92')",1.0,0.3658745765686035,0.3617786645889282,0.3743607997894287,1096
dmn_within,41,"('Dp1Yey', 'LCTB92')",5.0,0.3960108011960983,0.3905699849128723,0.4044955164194107,1096
dmn_within,41,"('Dp1Yey', 'LCTB92')",50.0,0.6042681634426117,0.5972972065210342,0.610483381152153,1096
dmn_within,41,"('Dp1Yey', 'LCTB92')",95.0,0.7524259313941002,0.7421189099550247,0.7690912187099457,1096
dmn_within,41,"('Dp1Yey', 'LCTB92')",99.0,0.792459437996149,0.7884610876441002,0.7977613411843777,1096
dmn_within,41,"('Dp1Yey', 'VEH')",1.0,0.44485695362091066,0.4373566031455994,0.45425031781196595,1096
dmn_within,41,"('Dp1Yey', 'VEH')",5.0,0.49583832919597626,0.48465540036559107,0.5043408025056124,1096
dmn_within,41,"('Dp1Yey', 'VEH')",50.0,0.7326270490884781,0.7251534007489682,0.7364999949932098,1096
dmn_within,41,"('Dp1Yey', 'VEH')",95.0,0.8391413390636444,0.8326290585100651,0.8463030010461807,1096
dmn_within,41,"('Dp1Yey', 'VEH')",99.0,0.862035235017538,0.85558877363801,0.8668078571557999,1096
dmn_within,41,"('Dp1Yey', 'LCTB92')",1.0,0.27187838554382326,0.26722152531147003,0.27735029757022855,1496
dmn_within,41,"('Dp1Yey', 'LCTB92')",5.0,0.29779376089572906,0.29183973371982574,0.30179310627281664,1496
dmn_within,41,"('Dp1Yey', 'LCTB92')",50.0,0.517742469906807,0.511176348105073,0.5224702954292297,1496
dmn_within,41,"('Dp1Yey', 'LCTB92')",95.0,0.6323756948113441,0.623216968216002,0.6511501930654048,1496
dmn_within,41,"('Dp1Yey', 'LCTB92')",99.0,0.780081232637167,0.7190192341804504,0.791932013630867,1496
dmn_within,41,"('Dp1Yey', 'VEH')",1.0,0.4200173497200012,0.37823306024074554,0.42856185734272,1496
dmn_within,41,"('Dp1Yey', 'VEH')",5.0,0.5316135287284851,0.5234522519633173,0.5433549880981445,1496
dmn_within,41,"('Dp1Yey', 'VEH')",50.0,0.6610123962163925,0.6563390344381332,0.6658152732998133,1496
dmn_within,41,"('Dp1Yey', 'VEH')",95.0,0.7586119920015335,0.7523337855935097,0.76198386028409,1496
dmn_within,41,"('Dp1Yey', 'VEH')",99.0,0.7757262326776981,0.7707125335931778,0.7787720762193202,1496
dmn_within,42,"('Dp1Yey', 'LCTB92')",1.0,0.362525172829628,0.35939927875995636,0.3692383480221033,1084
dmn_within,42,"('Dp1Yey', 'LCTB92')",5.0,0.3944148629903793,0.38837308317422864,0.40534621477127075,1084
dmn_within,42,"('Dp1Yey', 'LCTB92')",50.0,0.5940809696912766,0.5890288557857275,0.6005546901375055,1084
dmn_within,42,"('Dp1Yey', 'LCTB92')",95.0,0.7415176630020139,0.7299647331237793,0.7654476553201675,1084
dmn_within,42,"('Dp1Yey', 'LCTB92')",99.0,0.7962657548487186,0.7880223307460549,0.806591545343399,1084
dmn_within,42,"('Dp1Yey', 'VEH')",1.0,0.42186933040618896,0.4182561379671097,0.44595895349979403,1084
dmn_within,42,"('Dp1Yey', 'VEH')",5.0,0.4872661590576172,0.4757078170776367,0.49934356532990937,1084
dmn_within,42,"('Dp1Yey', 'VEH')",50.0,0.7267681807279587,0.7214569449424744,0.7321960031986237,1084
dmn_within,42,"('Dp1Yey', 'VEH')",95.0,0.8407605290412903,0.8327645570039749,0.8459554761648178,1084
dmn_within,42,"('Dp1Yey', 'VEH')",99.0,0.8599022498726845,0.8560506650805474,0.8623748174309731,1084
dmn_within,42,"('Dp1Yey', 'LCTB92')",1.0,0.271910759806633,0.2660347217321396,0.2767634844779968,1484
dmn_within,42,"('Dp1Yey', 'LCTB92')",5.0,0.29712364375591277,0.29030742943286897,0.30311119556427,1484
dmn_within,42,"('Dp1Yey', 'LCTB92')",50.0,0.5098008662462234,0.5043697401881218,0.513972669839859,1484
dmn_within,42,"('Dp1Yey', 'LCTB92')",95.0,0.6320283889770507,0.6199014782905579,0.6405519247055053,1484
dmn_within,42,"('Dp1Yey', 'LCTB92')",99.0,0.7612957711517812,0.711187743842602,0.7908165429458022,1484
dmn_within,42,"('Dp1Yey', 'VEH')",1.0,0.4228672260046005,0.4190326797962189,0.4416459232568741,1484
dmn_within,42,"('Dp1Yey', 'VEH')",5.0,0.5348036855459213,0.5243250977620483,0.5460417002439499,1484
dmn_within,42,"('Dp1Yey', 'VEH')",50.0,0.6531711220741272,0.649561196565628,0.6589342709630728,1484
dmn_within,42,"('Dp1Yey', 'VEH')",95.0,0.7514118552207946,0.7469160556793213,0.7582267671823502,1484
dmn_within,42,"('Dp1Yey', 'VEH')",99.0,0.7683407542109489,0.764735514074564,0.7712096527218819,1484
dmn_within,43,"('Dp1Yey', 'LCTB92')",1.0,0.36033731877803804,0.3538812083750963,0.36711125235259534,1072
dmn_within,43,"('Dp1Yey', 'LCTB92')",5.0,0.3969630539417267,0.3872171640396118,0.41388550102710725,1072
dmn_within,43,"('Dp1Yey', 'LCTB92')",50.0,0.588493600487709,0.5787018358707428,0.5949124842882156,1072
dmn_within,43,"('Dp1Yey', 'LCTB92')",95.0,0.7389832779765129,0.722899466753006,0.7572741955518723,1072
dmn_within,43,"('Dp1Yey', 'LCTB92')",99.0,0.7971493563055991,0.7907309840619564,0.8075423833727836,1072
dmn_within,43,"('Dp1Yey', 'VEH')",1.0,0.4189626491069794,0.41554212152957914,0.4303915470838547,1072
dmn_within,43,"('Dp1Yey', 'VEH')",5.0,0.4783080041408539,0.45868021704256534,0.4924882650375366,1072
dmn_within,43,"('Dp1Yey', 'VEH')",50.0,0.7172099500894547,0.7083892837166786,0.7246719747781754,1072
dmn_within,43,"('Dp1Yey', 'VEH')",95.0,0.8381570510566234,0.8276208661496639,0.8428991138935089,1072
dmn_within,43,"('Dp1Yey', 'VEH')",99.0,0.8557891702651977,0.8526157885789871,0.8591831532120704,1072
dmn_within,43,"('Dp1Yey', 'LCTB92')",1.0,0.2735155636072159,0.2704885870218277,0.2761222720146179,1472
dmn_within,43,"('Dp1Yey', 'LCTB92')",5.0,0.2906778007745743,0.2860130399465561,0.2995644729584455,1472
dmn_within,43,"('Dp1Yey', 'LCTB92')",50.0,0.5018195509910583,0.4980391725897789,0.5056451857089996,1472
dmn_within,43,"('Dp1Yey', 'LCTB92')",95.0,0.6270881444215775,0.6176991820335388,0.6388302892446518,1472
dmn_within,43,"('Dp1Yey', 'LCTB92')",99.0,0.7438715478777883,0.6841873228549957,0.7694467641413212,1472
dmn_within,43,"('Dp1Yey', 'VEH')",1.0,0.4321030569076538,0.42144272327423093,0.46645528078079224,1472
dmn_within,43,"('Dp1Yey', 'VEH')",5.0,0.5406049460172653,0.5309790655970573,0.5486987824738025,1472
dmn_within,43,"('Dp1Yey', 'VEH')",50.0,0.6495808213949203,0.6460060127079487,0.6531177461147308,1472
dmn_within,43,"('Dp1Yey', 'VEH')",95.0,0.7447169184684753,0.742018228136003,0.7485918402671814,1472
dmn_within,43,"('Dp1Yey', 'VEH')",99.0,0.7647418682277203,0.7606336733698844,0.7659033738076687,1472
dmn_within,44,"('Dp1Yey', 'LCTB92')",1.0,0.35168163537979125,0.34486661970615384,0.3603754198551178,1060
dmn_within,44,"('Dp1Yey', 'LCTB92')",5.0,0.40544313788414,0.3848525881767273,0.41591535970568655,1060
dmn_within,44,"('Dp1Yey', 'LCTB92')",50.0,0.5815869718790054,0.5718678895384073,0.5894213169813156,1060
dmn_within,44,"('Dp1Yey', 'LCTB92')",95.0,0.7395137846469877,0.7189504280686378,0.7558490835130215,1060
dmn_within,44,"('Dp1Yey', 'LCTB92')",99.0,0.7958857198059559,0.782564252614975,0.8000629991292953,1060
dmn_within,44,"('Dp1Yey', 'VEH')",1.0,0.41694740653038026,0.41499955236911773,0.42102813720703125,1060
dmn_within,44,"('Dp1Yey', 'VEH')",5.0,0.4636708676815033,0.454321026802063,0.49060227870941164,1060
dmn_within,44,"('Dp1Yey', 'VEH')",50.0,0.7073499411344528,0.6994386907666922,0.7135836482048035,1060
dmn_within,44,"('Dp1Yey', 'VEH')",95.0,0.8271363310515879,0.7998814076185227,0.833078996092081,1060
dmn_within,44,"('Dp1Yey', 'VEH')",99.0,0.8513435071706772,0.8479869939386845,0.856569230556488,1060
dmn_within,44,"('Dp1Yey', 'LCTB92')",1.0,0.27088296234607695,0.26845812797546387,0.27342982828617096,1460
dmn_within,44,"('Dp1Yey', 'LCTB92')",5.0,0.2838791966438293,0.2798676908016205,0.2929024577140808,1460
dmn_within,44,"('Dp1Yey', 'LCTB92')",50.0,0.49507778882980347,0.49205219745635986,0.49726587533950806,1460
dmn_within,44,"('Dp1Yey', 'LCTB92')",95.0,0.6230170741677283,0.6161063194274902,0.6345454435423016,1460
dmn_within,44,"('Dp1Yey', 'LCTB92')",99.0,0.7007488271594051,0.6790893000364315,0.74907304674387,1460
dmn_within,44,"('Dp1Yey', 'VEH')",1.0,0.4545033448934555,0.4317217481136322,0.49341345083713534,1460
dmn_within,44,"('Dp1Yey', 'VEH')",5.0,0.5412473484873772,0.5344716637954117,0.5503316728770733,1460
dmn_within,44,"('Dp1Yey', 'VEH')",50.0,0.645032599568367,0.6406006515026093,0.6490758188068867,1460
dmn_within,44,"('Dp1Yey', 'VEH')",95.0,0.7391024604439735,0.7368634654954075,0.7411183519661426,1460
dmn_within,44,"('Dp1Yey', 'VEH')",99.0,0.7510002727806568,0.7485761948376894,0.7571848392486573,1460
dmn_within,45,"('Dp1Yey', 'LCTB92')",1.0,0.3349432909488678,0.3249815934896469,0.35024911880493165,1048
dmn_within,45,"('Dp1Yey', 'LCTB92')",5.0,0.4071941912174225,0.39504295587539673,0.41780597269535064,1048
dmn_within,45,"('Dp1Yey', 'LCTB92')",50.0,0.5741445869207382,0.566802904009819,0.5797088582068681,1048
dmn_within,45,"('Dp1Yey', 'LCTB92')",95.0,0.7312571138143539,0.716037730872631,0.7522769398987292,1048
dmn_within,45,"('Dp1Yey', 'LCTB92')",99.0,0.786537357866764,0.7780580818653107,0.7952161291241646,1048
dmn_within,45,"('Dp1Yey', 'VEH')",1.0,0.4138205546140671,0.4114190340042114,0.41768823385238646,1048
dmn_within,45,"('Dp1Yey', 'VEH')",5.0,0.4605829894542694,0.4527071714401245,0.4816343277692795,1048
dmn_within,45,"('Dp1Yey', 'VEH')",50.0,0.6979376077651978,0.6878002882003784,0.7049142584204674,1048
dmn_within,45,"('Dp1Yey', 'VEH')",95.0,0.8018167309463025,0.7824704334139824,0.8242039434611796,1048
dmn_within,45,"('Dp1Yey', 'VEH')",99.0,0.8483056056499481,0.8445511239767075,0.8534325732290744,1048
dmn_within,45,"('Dp1Yey', 'LCTB92')",1.0,0.2580286705493927,0.25628358125686646,0.2626567906141281,1448
dmn_within,45,"('Dp1Yey', 'LCTB92')",5.0,0.28201491832733155,0.27798433005809786,0.28640657663345337,1448
dmn_within,45,"('Dp1Yey', 'LCTB92')",50.0,0.48577436804771423,0.48329484686255453,0.4877526149153709,1448
dmn_within,45,"('Dp1Yey', 'LCTB92')",95.0,0.6220929145812988,0.6139590770006177,0.6292618334293364,1448
dmn_within,45,"('Dp1Yey', 'LCTB92')",99.0,0.6896094238758086,0.6750537690520284,0.7098669269680976,1448
dmn_within,45,"('Dp1Yey', 'VEH')",1.0,0.48170232892036435,0.4679793292284012,0.4924347221851349,1448
dmn_within,45,"('Dp1Yey', 'VEH')",5.0,0.5434876903891563,0.5328223392367363,0.5501316800713539,1448
dmn_within,45,"('Dp1Yey', 'VEH')",50.0,0.640445351600647,0.6334972381591797,0.6443833976984024,1448
dmn_within,45,"('Dp1Yey', 'VEH')",95.0,0.7283306047320366,0.7252251684665679,0.731349766254425,1448
dmn_within,45,"('Dp1Yey', 'VEH')",99.0,0.743195127248764,0.7406135883927345,0.7455193996429443,1448
dmn_within,46,"('Dp1Yey', 'LCTB92')",1.0,0.32171777784824374,0.3148975075036287,0.33121885657310485,1036
dmn_within,46,"('Dp1Yey', 'LCTB92')",5.0,0.41085727512836456,0.3931114077568054,0.4241238236427307,1036
dmn_within,46,"('Dp1Yey', 'LCTB92')",50.0,0.5672899931669235,0.5611402988433838,0.5736952673643827,1036
dmn_within,46,"('Dp1Yey', 'LCTB92')",95.0,0.7336816936731339,0.713592566549778,0.7415511518716812,1036
dmn_within,46,"('Dp1Yey', 'LCTB92')",99.0,0.7812190592288974,0.7601334758102894,0.7880447007715703,1036
dmn_within,46,"('Dp1Yey', 'VEH')",1.0,0.4100982487201691,0.4062953621149063,0.4229882389307022,1036
dmn_within,46,"('Dp1Yey', 'VEH')",5.0,0.46009962260723114,0.4506799727678299,0.477585569024086,1036
dmn_within,46,"('Dp1Yey', 'VEH')",50.0,0.6873748302459717,0.6709314618259669,0.6950423657894135,1036
dmn_within,46,"('Dp1Yey', 'VEH')",95.0,0.7890778668224812,0.775254100561142,0.816922664642334,1036
dmn_within,46,"('Dp1Yey', 'VEH')",99.0,0.8423954144120216,0.8364577573724091,0.8449893981218339,1036
dmn_within,46,"('Dp1Yey', 'LCTB92')",1.0,0.2524998903274536,0.2502562092989683,0.25514562129974366,1436
dmn_within,46,"('Dp1Yey', 'LCTB92')",5.0,0.2803756594657898,0.2771627243608236,0.2873743623495102,1436
dmn_within,46,"('Dp1Yey', 'LCTB92')",50.0,0.47745153307914734,0.4732683300971985,0.4816802188754082,1436
dmn_within,46,"('Dp1Yey', 'LCTB92')",95.0,0.613765686750412,0.6063013542443514,0.6272101923823357,1436
dmn_within,46,"('Dp1Yey', 'LCTB92')",99.0,0.6882265329360963,0.6671689420938494,0.6985808968544008,1436
dmn_within,46,"('Dp1Yey', 'VEH')",1.0,0.49366773664951324,0.485529625415802,0.4999139100313187,1436
dmn_within,46,"('Dp1Yey', 'VEH')",5.0,0.5387655571103096,0.5322506800293922,0.5468375071883201,1436
dmn_within,46,"('Dp1Yey', 'VEH')",50.0,0.6342694759368896,0.6280164439231157,0.6405812662094832,1436
dmn_within,46,"('Dp1Yey', 'VEH')",95.0,0.7157083302736282,0.7110220193862915,0.7212171256542206,1436
dmn_within,46,"('Dp1Yey', 'VEH')",99.0,0.7335670992732048,0.7319611310958862,0.7369843125343323,1436
dmn_within,47,"('Dp1Yey', 'LCTB92')",1.0,0.31434359192848205,0.3110935091972351,0.324384543299675,1024
dmn_within,47,"('Dp1Yey', 'LCTB92')",5.0,0.4160324037075043,0.3941401243209839,0.4208710789680481,1024
dmn_within,47,"('Dp1Yey', 'LCTB92')",50.0,0.5622110664844513,0.5547581911087036,0.5709570646286011,1024
dmn_within,47,"('Dp1Yey', 'LCTB92')",95.0,0.7261075124144554,0.7026804774999618,0.7381446957588196,1024
dmn_within,47,"('Dp1Yey', 'LCTB92')",99.0,0.7608464470505714,0.7502186533808708,0.7659586369991302,1024
dmn_within,47,"('Dp1Yey', 'VEH')",1.0,0.419101465344429,0.4053316521644592,0.4291649317741394,1024
dmn_within,47,"('Dp1Yey', 'VEH')",5.0,0.46582324206829073,0.45384703278541566,0.48164474964141846,1024
dmn_within,47,"('Dp1Yey', 'VEH')",50.0,0.6666330397129059,0.6566571839153766,0.685122475028038,1024
dmn_within,47,"('Dp1Yey', 'VEH')",95.0,0.7821948669850823,0.7736214242875576,0.8092919588088989,1024
dmn_within,47,"('Dp1Yey', 'VEH')",99.0,0.8383435826003551,0.8300240394473075,0.8442241030931472,1024
dmn_within,47,"('Dp1Yey', 'LCTB92')",1.0,0.25168476641178134,0.24831177055835724,0.2566656470298767,1424
dmn_within,47,"('Dp1Yey', 'LCTB92')",5.0,0.2797175765037537,0.27415600612759594,0.2855749487876892,1424
dmn_within,47,"('Dp1Yey', 'LCTB92')",50.0,0.46867600083351135,0.4647571951150894,0.4727461107075214,1424
dmn_within,47,"('Dp1Yey', 'LCTB92')",95.0,0.6107448801398276,0.6023049443960189,0.6293531368300314,1424
dmn_within,47,"('Dp1Yey', 'LCTB92')",99.0,0.6845091632008552,0.6644768118858337,0.6951165258958936,1424
dmn_within,47,"('Dp1Yey', 'VEH')",1.0,0.5009507381916046,0.4966546130180359,0.5057256597280503,1424
dmn_within,47,"('Dp1Yey', 'VEH')",5.0,0.5348466396331787,0.5287571549415588,0.5423499047756195,1424
dmn_within,47,"('Dp1Yey', 'VEH')",50.0,0.6293032318353653,0.6246233880519867,0.6352905318140983,1424
dmn_within,47,"('Dp1Yey', 'VEH')",95.0,0.7126725107431411,0.7087443888932466,0.7149388700723648,1424
dmn_within,47,"('Dp1Yey', 'VEH')",99.0,0.7275066909193992,0.7240964478254318,0.7292683494091033,1424
dmn_within,48,"('Dp1Yey', 'LCTB92')",1.0,0.31601117193698885,0.31116387963294984,0.32256041407585145,1012
dmn_within,48,"('Dp1Yey', 'LCTB92')",5.0,0.41019870042800904,0.39543059170246125,0.4180251777172089,1012
dmn_within,48,"('Dp1Yey', 'LCTB92')",50.0,0.5582021176815033,0.5499365072697401,0.5661473572254181,1012
dmn_within,48,"('Dp1Yey', 'LCTB92')",95.0,0.706749902665615,0.6938970983028412,0.730917704105377,1012
dmn_within,48,"('Dp1Yey', 'LCTB92')",99.0,0.7518716542422771,0.74759586840868,0.7589037460088729,1012
dmn_within,48,"('Dp1Yey', 'VEH')",1.0,0.4223514002561569,0.41472465336322784,0.4333333516120911,1012
dmn_within,48,"('Dp1Yey', 'VEH')",5.0,0.47853828966617584,0.45864664316177367,0.492863887399435,1012
dmn_within,48,"('Dp1Yey', 'VEH')",50.0,0.6540403217077255,0.6473633129149675,0.6694813519716263,1012
dmn_within,48,"('Dp1Yey', 'VEH')",95.0,0.7767661675810814,0.7727871619164943,0.7956048474274574,1012
dmn_within,48,"('Dp1Yey', 'VEH')",99.0,0.8332677640020847,0.8203358797729016,0.8415537178516388,1012
dmn_within,48,"('Dp1Yey', 'LCTB92')",1.0,0.2534722238779068,0.25056103348731995,0.25943747282028196,1412
dmn_within,48,"('Dp1Yey', 'LCTB92')",5.0,0.2776707857847214,0.2724927693605423,0.2819379776716232,1412
dmn_within,48,"('Dp1Yey', 'LCTB92')",50.0,0.4604494273662567,0.45705997943878174,0.4640633836388588,1412
dmn_within,48,"('Dp1Yey', 'LCTB92')",95.0,0.6066919490695001,0.5925924465060235,0.6315889954566956,1412
dmn_within,48,"('Dp1Yey', 'LCTB92')",99.0,0.6724068266153337,0.6629392467215659,0.6839969968795777,1412
dmn_within,48,"('Dp1Yey', 'VEH')",1.0,0.5035795983672142,0.4980991783738136,0.5105156898498535,1412
dmn_within,48,"('Dp1Yey', 'VEH')",5.0,0.5330973789095879,0.5286230742931366,0.5389852225780487,1412
dmn_within,48,"('Dp1Yey', 'VEH')",50.0,0.6240141838788986,0.6195988655090332,0.6307228654623032,1412
dmn_within,48,"('Dp1Yey', 'VEH')",95.0,0.7089588493108749,0.7058028757572175,0.711717477440834,1412
dmn_within,48,"('Dp1Yey', 'VEH')",99.0,0.7236289480328559,0.7198739492893219,0.7245497107505798,1412
dmn_within,49,"('Dp1Yey', 'LCTB92')",1.0,0.3174890238046646,0.3135110318660736,0.3405990612506867,1000
dmn_within,49,"('Dp1Yey', 'LCTB92')",5.0,0.40976439118385316,0.3900315761566162,0.4169221520423889,1000
dmn_within,49,"('Dp1Yey', 'LCTB92')",50.0,0.5564952045679092,0.5474520027637482,0.563820093870163,1000
dmn_within,49,"('Dp1Yey', 'LCTB92')",95.0,0.7056518256664276,0.6933422356843948,0.718205839395523,1000
dmn_within,49,"('Dp1Yey', 'LCTB92')",99.0,0.7452661275863648,0.7383001068234444,0.7523399345576763,1000
dmn_within,49,"('Dp1Yey', 'VEH')",1.0,0.422926579117775,0.4154913377761841,0.4500890874862671,1000
dmn_within,49,"('Dp1Yey', 'VEH')",5.0,0.4828593134880066,0.4682464003562927,0.49855502545833585,1000
dmn_within,49,"('Dp1Yey', 'VEH')",50.0,0.6461494415998459,0.6386713236570358,0.6587265431880951,1000
dmn_within,49,"('Dp1Yey', 'VEH')",95.0,0.777307252585888,0.7727057355083525,0.7868737876415253,1000
dmn_within,49,"('Dp1Yey', 'VEH')",99.0,0.8342033959925175,0.8132452516444026,0.8402094393968582,1000
dmn_within,49,"('Dp1Yey', 'LCTB92')",1.0,0.25718996465206145,0.2501242858171463,0.2591561257392168,1400
dmn_within,49,"('Dp1Yey', 'LCTB92')",5.0,0.2732959032058716,0.2706703543663025,0.2782514959573746,1400
dmn_within,49,"('Dp1Yey', 'LCTB92')",50.0,0.4555661678314209,0.4517079293727875,0.45820133611559866,1400
dmn_within,49,"('Dp1Yey', 'LCTB92')",95.0,0.6013403758406639,0.5862216651439667,0.6321371107175946,1400
dmn_within,49,"('Dp1Yey', 'LCTB92')",99.0,0.6705413830280303,0.660085873901844,0.6757984161376953,1400
dmn_within,49,"('Dp1Yey', 'VEH')",1.0,0.5017632901668548,0.49584734499454497,0.5119077038764953,1400
dmn_within,49,"('Dp1Yey', 'VEH')",5.0,0.530537086725235,0.5268473029136658,0.5338025803864002,1400
dmn_within,49,"('Dp1Yey', 'VEH')",50.0,0.6195158660411835,0.6146645843982697,0.6256027817726135,1400
dmn_within,49,"('Dp1Yey', 'VEH')",95.0,0.704109525680542,0.7006775460019707,0.7101592883467674,1400
dmn_within,49,"('Dp1Yey', 'VEH')",99.0,0.7215445038676261,0.7175266745686532,0.7234373709559441,1400
dmn_within,50,"('Dp1Yey', 'LCTB92')",1.0,0.33486112117767336,0.314879834651947,0.34991331577301027,988
dmn_within,50,"('Dp1Yey', 'LCTB92')",5.0,0.40904841721057894,0.39240530133247375,0.41484772562980654,988
dmn_within,50,"('Dp1Yey', 'LCTB92')",50.0,0.5534380525350571,0.5417786538600922,0.56228270791471,988
dmn_within,50,"('Dp1Yey', 'LCTB92')",95.0,0.7020018890500068,0.6917597979679704,0.7145357310771941,988
dmn_within,50,"('Dp1Yey', 'LCTB92')",99.0,0.7387399509549141,0.7285250810161232,0.7411039173603058,988
dmn_within,50,"('Dp1Yey', 'VEH')",1.0,0.439699804186821,0.43450193464756015,0.4560073381662369,988
dmn_within,50,"('Dp1Yey', 'VEH')",5.0,0.496369281411171,0.4822442352771759,0.5025619241222739,988
dmn_within,50,"('Dp1Yey', 'VEH')",50.0,0.6375469416379929,0.6323051452636719,0.6536210160702466,988
dmn_within,50,"('Dp1Yey', 'VEH')",95.0,0.7801034778356553,0.7764130964875221,0.7864830466546117,988
dmn_within,50,"('Dp1Yey', 'VEH')",99.0,0.8252437055110932,0.8079422804713249,0.8302147580683231,988
dmn_within,50,"('Dp1Yey', 'LCTB92')",1.0,0.25187209725379944,0.2494325041770935,0.25772279500961304,1388
dmn_within,50,"('Dp1Yey', 'LCTB92')",5.0,0.27341726422309875,0.27091067731380464,0.2773206830024719,1388
dmn_within,50,"('Dp1Yey', 'LCTB92')",50.0,0.4491148889064789,0.44564351439476013,0.4527890831232071,1388
dmn_within,50,"('Dp1Yey', 'LCTB92')",95.0,0.5940439701080322,0.5746098100766538,0.621616376452148,1388
dmn_within,50,"('Dp1Yey', 'LCTB92')",99.0,0.6620326825976366,0.6543523669242859,0.6768036484718323,1388
dmn_within,50,"('Dp1Yey', 'VEH')",1.0,0.5027068603038788,0.5008793771266937,0.5092298114299774,1388
dmn_within,50,"('Dp1Yey', 'VEH')",5.0,0.5284723892807961,0.5264229193329811,0.5307241082191467,1388
dmn_within,50,"('Dp1Yey', 'VEH')",50.0,0.6150262355804443,0.6083923578262329,0.6213799756020307,1388
dmn_within,50,"('Dp1Yey', 'VEH')",95.0,0.6996252745389938,0.6934727977588773,0.7038296687975526,1388
dmn_within,50,"('Dp1Yey', 'VEH')",99.0,0.7176212692260742,0.7156190907955169,0.721516881585121,1388
dmn_within,51,"('Dp1Yey', 'LCTB92')",1.0,0.3399019092321396,0.33614565432071686,0.3465643376111984,976
dmn_within,51,"('Dp1Yey', 'LCTB92')",5.0,0.41112759709358215,0.4020952582359314,0.41359905898571014,976
dmn_within,51,"('Dp1Yey', 'LCTB92')",50.0,0.5493611544370651,0.5362444829195738,0.5571441948413849,976
dmn_within,51,"('Dp1Yey', 'LCTB92')",95.0,0.7009682059288025,0.6899451907724142,0.7121268957853317,976
dmn_within,51,"('Dp1Yey', 'LCTB92')",99.0,0.729699432849884,0.7226488068699837,0.7363274842500687,976
dmn_within,51,"('Dp1Yey', 'VEH')",1.0,0.46109554171562195,0.4497486352920532,0.4771971106529236,976
dmn_within,51,"('Dp1Yey', 'VEH')",5.0,0.49761033058166504,0.49403202533721924,0.5073242783546448,976
dmn_within,51,"('Dp1Yey', 'VEH')",50.0,0.6306531131267548,0.6242542251944542,0.6473592683672905,976
dmn_within,51,"('Dp1Yey', 'VEH')",95.0,0.7800559662282467,0.7744648233056068,0.7841242365539074,976
dmn_within,51,"('Dp1Yey', 'VEH')",99.0,0.8171943463385105,0.8057328388094902,0.8224682435393333,976
dmn_within,51,"('Dp1Yey', 'LCTB92')",1.0,0.24850916862487793,0.24451595544815063,0.2539049834012985,1376
dmn_within,51,"('Dp1Yey', 'LCTB92')",5.0,0.2732701003551483,0.27113775014877317,0.2766688589006662,1376
dmn_within,51,"('Dp1Yey', 'LCTB92')",50.0,0.4421858787536621,0.43887555599212646,0.4463563449680805,1376
dmn_within,51,"('Dp1Yey', 'LCTB92')",95.0,0.5844228267669678,0.572190454415977,0.6005448922514915,1376
dmn_within,51,"('Dp1Yey', 'LCTB92')",99.0,0.6431046426296234,0.6333457976579666,0.6658071950078011,1376
dmn_within,51,"('Dp1Yey', 'VEH')",1.0,0.5005966946482658,0.49726587533950806,0.5059817060828209,1376
dmn_within,51,"('Dp1Yey', 'VEH')",5.0,0.525910273194313,0.5220039784908295,0.528480239212513,1376
dmn_within,51,"('Dp1Yey', 'VEH')",50.0,0.6092924624681473,0.6042883194983005,0.6146070852875709,1376
dmn_within,51,"('Dp1Yey', 'VEH')",95.0,0.696202240884304,0.688650275208056,0.701381079852581,1376
dmn_within,51,"('Dp1Yey', 'VEH')",99.0,0.7148075103759766,0.7117130754515528,0.718207836151123,1376
dmn_within,52,"('Dp1Yey', 'LCTB92')",1.0,0.34446405589580537,0.3414413332939148,0.3505346004217863,964
dmn_within,52,"('Dp1Yey', 'LCTB92')",5.0,0.40813671350479125,0.4024347811937332,0.413369807600975,964
dmn_within,52,"('Dp1Yey', 'LCTB92')",50.0,0.5436840653419495,0.5330000519752502,0.5539017915725708,964
dmn_within,52,"('Dp1Yey', 'LCTB92')",95.0,0.6985300973057746,0.6830628439784048,0.7057714685797691,964
dmn_within,52,"('Dp1Yey', 'LCTB92')",99.0,0.7246902829408646,0.714131600856781,0.73428756326437,964
dmn_within,52,"('Dp1Yey', 'VEH')",1.0,0.483905143737793,0.48080527782440186,0.4903938150405884,964
dmn_within,52,"('Dp1Yey', 'VEH')",5.0,0.507478442788124,0.4995312389731407,0.5152151775360108,964
dmn_within,52,"('Dp1Yey', 'VEH')",50.0,0.621731698513031,0.6143896657973528,0.6347298175096512,964
dmn_within,52,"('Dp1Yey', 'VEH')",95.0,0.7764263488352299,0.7731286585330963,0.7813418261706829,964
dmn_within,52,"('Dp1Yey', 'VEH')",99.0,0.8086691410839557,0.8037975464761257,0.8104845498315989,964
dmn_within,52,"('Dp1Yey', 'LCTB92')",1.0,0.24670975983142854,0.24396663904190063,0.2534639835357666,1364
dmn_within,52,"('Dp1Yey', 'LCTB92')",5.0,0.272197550535202,0.26565961837768554,0.27881133556365967,1364
dmn_within,52,"('Dp1Yey', 'LCTB92')",50.0,0.43567705154418945,0.42998677492141724,0.4405278891324997,1364
dmn_within,52,"('Dp1Yey', 'LCTB92')",95.0,0.5773055702447891,0.5669064472243188,0.5889322626963254,1364
dmn_within,52,"('Dp1Yey', 'LCTB92')",99.0,0.6214307141304015,0.6136928466409444,0.627779205739498,1364
dmn_within,52,"('Dp1Yey', 'VEH')",1.0,0.4995430564880371,0.4961025357246399,0.5045601010322571,1364
dmn_within,52,"('Dp1Yey', 'VEH')",5.0,0.5227689802646637,0.5185217559337616,0.5256429037079214,1364
dmn_within,52,"('Dp1Yey', 'VEH')",50.0,0.605184018611908,0.5994994789361954,0.6089892983436584,1364
dmn_within,52,"('Dp1Yey', 'VEH')",95.0,0.6888466402888298,0.680656346231699,0.694762846827507,1364
dmn_within,52,"('Dp1Yey', 'VEH')",99.0,0.7108344122767448,0.7080972790718079,0.7132036557793616,1364
dmn_within,53,"('Dp1Yey', 'LCTB92')",1.0,0.3523710173368454,0.3495628023147583,0.3695416384935379,952
dmn_within,53,"('Dp1Yey', 'LCTB92')",5.0,0.40071880221366885,0.39619199983775616,0.4038763552904129,952
dmn_within,53,"('Dp1Yey', 'LCTB92')",50.0,0.5395937114953995,0.5300853699445724,0.5492686673998832,952
dmn_within,53,"('Dp1Yey', 'LCTB92')",95.0,0.6919656425714492,0.672294190749526,0.7024158835411072,952
dmn_within,53,"('Dp1Yey', 'LCTB92')",99.0,0.7166954302787781,0.7120399743318557,0.7296474066376687,952
dmn_within,53,"('Dp1Yey', 'VEH')",1.0,0.49277077555656434,0.48714131116867065,0.4978093636035919,952
dmn_within,53,"('Dp1Yey', 'VEH')",5.0,0.5133483529090881,0.5083875998854637,0.5196427627652883,952
dmn_within,53,"('Dp1Yey', 'VEH')",50.0,0.6160206347703934,0.6099830269813538,0.6261243224143982,952
dmn_within,53,"('Dp1Yey', 'VEH')",95.0,0.7734939530491829,0.7687083840370178,0.776318934559822,952
dmn_within,53,"('Dp1Yey', 'VEH')",99.0,0.8038684213161469,0.7953881357610226,0.806739404797554,952
dmn_within,53,"('Dp1Yey', 'LCTB92')",1.0,0.2506712692975998,0.24750376880168914,0.2532091004103422,1352
dmn_within,53,"('Dp1Yey', 'LCTB92')",5.0,0.2692720413208008,0.263127738237381,0.28579847782850265,1352
dmn_within,53,"('Dp1Yey', 'LCTB92')",50.0,0.42495617270469666,0.41794156059622767,0.4337541237473488,1352
dmn_within,53,"('Dp1Yey', 'LCTB92')",95.0,0.5713673874735833,0.5608870983123779,0.5829113662242891,1352
dmn_within,53,"('Dp1Yey', 'LCTB92')",99.0,0.6130329215526581,0.6079409757256508,0.6171634259819985,1352
dmn_within,53,"('Dp1Yey', 'VEH')",1.0,0.4932506394386291,0.49160517632961276,0.4981898999214172,1352
dmn_within,53,"('Dp1Yey', 'VEH')",5.0,0.5157105028629303,0.5123680353164672,0.5189043893665076,1352
dmn_within,53,"('Dp1Yey', 'VEH')",50.0,0.6024276912212372,0.5978875160217285,0.6066564321517944,1352
dmn_within,53,"('Dp1Yey', 'VEH')",95.0,0.6815034344792366,0.6771203547716141,0.6864448189735413,1352
dmn_within,53,"('Dp1Yey', 'VEH')",99.0,0.7075880163908005,0.702151520550251,0.7119394242763519,1352
dmn_within,54,"('Dp1Yey', 'LCTB92')",1.0,0.35531275629997255,0.35143620675802234,0.3665891748666763,940
dmn_within,54,"('Dp1Yey', 'LCTB92')",5.0,0.3926795423030853,0.3862637042999268,0.3982803851366043,940
dmn_within,54,"('Dp1Yey', 'LCTB92')",50.0,0.5369872450828552,0.5231284350156784,0.5443083941936493,940
dmn_within,54,"('Dp1Yey', 'LCTB92')",95.0,0.6728789925575256,0.6602373331785202,0.6951589286327362,940
dmn_within,54,"('Dp1Yey', 'LCTB92')",99.0,0.7115258485078811,0.7033835649490356,0.7228846928477287,940
dmn_within,54,"('Dp1Yey', 'VEH')",1.0,0.4986387252807617,0.4932117784023285,0.5021988719701767,940
dmn_within,54,"('Dp1Yey', 'VEH')",5.0,0.513526825606823,0.5112807214260101,0.5217576221376657,940
dmn_within,54,"('Dp1Yey', 'VEH')",50.0,0.611480712890625,0.6076236516237259,0.6180876009166241,940
dmn_within,54,"('Dp1Yey', 'VEH')",95.0,0.7708764523267746,0.7612358301877975,0.7735774405300617,940
dmn_within,54,"('Dp1Yey', 'VEH')",99.0,0.7970878528058529,0.7860174749791623,0.8020022642612458,940
dmn_within,54,"('Dp1Yey', 'LCTB92')",1.0,0.2524953192472458,0.25022220849990845,0.2539866137504578,1340
dmn_within,54,"('Dp1Yey', 'LCTB92')",5.0,0.2709096759557724,0.26175939440727236,0.2907536809146404,1340
dmn_within,54,"('Dp1Yey', 'LCTB92')",50.0,0.41296401619911194,0.4094073176383972,0.4202736347913742,1340
dmn_within,54,"('Dp1Yey', 'LCTB92')",95.0,0.5672307401895522,0.5565363138914108,0.5827426910400391,1340
dmn_within,54,"('Dp1Yey', 'LCTB92')",99.0,0.6153813666105269,0.6106137922778723,0.6226756867766378,1340
dmn_within,54,"('Dp1Yey', 'VEH')",1.0,0.48732936203479765,0.4843092405796051,0.4946153712272644,1340
dmn_within,54,"('Dp1Yey', 'VEH')",5.0,0.5093745812773705,0.5061309620738029,0.5129059472307563,1340
dmn_within,54,"('Dp1Yey', 'VEH')",50.0,0.5982060134410858,0.594024658203125,0.6024952553212642,1340
dmn_within,54,"('Dp1Yey', 'VEH')",95.0,0.6755450770258903,0.6669358760118484,0.6810366481542587,1340
dmn_within,54,"('Dp1Yey', 'VEH')",99.0,0.7034986087679863,0.695940732359886,0.7067538979649544,1340
dmn_within,55,"('Dp1Yey', 'LCTB92')",1.0,0.34608578860759737,0.3397960168123245,0.35476408421993255,928
dmn_within,55,"('Dp1Yey', 'LCTB92')",5.0,0.38724416494369507,0.37790133953094485,0.3943283438682556,928
dmn_within,55,"('Dp1Yey', 'LCTB92')",50.0,0.530602291226387,0.5178211331367493,0.5409672882407903,928
dmn_within,55,"('Dp1Yey', 'LCTB92')",95.0,0.6655547499656677,0.6501020193099976,0.6752049175649881,928
dmn_within,55,"('Dp1Yey', 'LCTB92')",99.0,0.7054924485087395,0.6962620276212692,0.7120423793792725,928
dmn_within,55,"('Dp1Yey', 'VEH')",1.0,0.49816703975200655,0.48897808730602266,0.5043773010373116,928
dmn_within,55,"('Dp1Yey', 'VEH')",5.0,0.5146385282278061,0.5113904178142548,0.5193304121494293,928
dmn_within,55,"('Dp1Yey', 'VEH')",50.0,0.608913317322731,0.6057965010404587,0.6128486692905426,928
dmn_within,55,"('Dp1Yey', 'VEH')",95.0,0.7625684224069118,0.7548874156177043,0.7678044766187668,928
dmn_within,55,"('Dp1Yey', 'VEH')",99.0,0.7893258883059024,0.7782715106569231,0.7946575042940677,928
dmn_within,55,"('Dp1Yey', 'LCTB92')",1.0,0.24826622664928436,0.24649593353271484,0.25166327349841594,1328
dmn_within,55,"('Dp1Yey', 'LCTB92')",5.0,0.2802359461784363,0.2654091955721378,0.2940879839658737,1328
dmn_within,55,"('Dp1Yey', 'LCTB92')",50.0,0.40489712357521057,0.4017573595046997,0.40903741121292114,1328
dmn_within,55,"('Dp1Yey', 'LCTB92')",95.0,0.5634500503540038,0.5520349279046053,0.5830948818102478,1328
dmn_within,55,"('Dp1Yey', 'LCTB92')",99.0,0.6205972224473953,0.6129075586795807,0.6249090531468392,1328
dmn_within,55,"('Dp1Yey', 'VEH')",1.0,0.48522989094257357,0.4825714335590601,0.4891081827878952,1328
dmn_within,55,"('Dp1Yey', 'VEH')",5.0,0.5028637453913689,0.49845606088638306,0.508375507555902,1328
dmn_within,55,"('Dp1Yey', 'VEH')",50.0,0.593915268778801,0.5898507688194513,0.5976734902709723,1328
dmn_within,55,"('Dp1Yey', 'VEH')",95.0,0.6679834723472595,0.662730872631073,0.6736213117837906,1328
dmn_within,55,"('Dp1Yey', 'VEH')",99.0,0.6966342416405679,0.6897055038809776,0.7061320143938065,1328
dmn_within,56,"('Dp1Yey', 'LCTB92')",1.0,0.339176207780838,0.33558530509471896,0.3430643081665039,916
dmn_within,56,"('Dp1Yey', 'LCTB92')",5.0,0.3848818689584732,0.37274858355522156,0.3975844383239746,916
dmn_within,56,"('Dp1Yey', 'LCTB92')",50.0,0.5262044072151184,0.5094592422246933,0.5369129497557878,916
dmn_within,56,"('Dp1Yey', 'LCTB92')",95.0,0.6544793024659157,0.6449353694915771,0.6618066808208822,916
dmn_within,56,"('Dp1Yey', 'LCTB92')",99.0,0.6906507715582848,0.6844964674487711,0.6962434262037277,916
dmn_within,56,"('Dp1Yey', 'VEH')",1.0,0.5033568710088729,0.4845638185739517,0.5064375400543213,916
dmn_within,56,"('Dp1Yey', 'VEH')",5.0,0.5163874924182892,0.5136010870337486,0.5212049186229706,916
dmn_within,56,"('Dp1Yey', 'VEH')",50.0,0.6056958585977554,0.6028852015733719,0.6092571765184402,916
dmn_within,56,"('Dp1Yey', 'VEH')",95.0,0.756055474281311,0.7423521652817726,0.7613224312663078,916
dmn_within,56,"('Dp1Yey', 'VEH')",99.0,0.7824713364243507,0.7711206912994385,0.7852601997554303,916
dmn_within,56,"('Dp1Yey', 'LCTB92')",1.0,0.25078455805778505,0.24913253784179687,0.25412288010120393,1316
dmn_within,56,"('Dp1Yey', 'LCTB92')",5.0,0.2883461266756058,0.27526354789733887,0.29769641160964966,1316
dmn_within,56,"('Dp1Yey', 'LCTB92')",50.0,0.40135458111763,0.3979224614799023,0.40547922551631926,1316
dmn_within,56,"('Dp1Yey', 'LCTB92')",95.0,0.5623714327812195,0.5406886637210846,0.5704659223556519,1316
dmn_within,56,"('Dp1Yey', 'LCTB92')",99.0,0.623210299015045,0.6162997782230377,0.6259482309222221,1316
dmn_within,56,"('Dp1Yey', 'VEH')",1.0,0.4785077959299088,0.47298002541065215,0.4827492833137512,1316
dmn_within,56,"('Dp1Yey', 'VEH')",5.0,0.49679751694202423,0.4924285363405943,0.5002502948045731,1316
dmn_within,56,"('Dp1Yey', 'VEH')",50.0,0.5912743359804153,0.5861216485500336,0.5958927594125271,1316
dmn_within,56,"('Dp1Yey', 'VEH')",95.0,0.6624703407287598,0.6581555083394051,0.6676087081432343,1316
dmn_within,56,"('Dp1Yey', 'VEH')",99.0,0.6871091783046721,0.6795463800430297,0.6950389951467512,1316
dmn_within,57,"('Dp1Yey', 'LCTB92')",1.0,0.3407625794410706,0.33795748472213744,0.34220569729804995,904
dmn_within,57,"('Dp1Yey', 'LCTB92')",5.0,0.3900803804397583,0.38037557899951935,0.4001878947019577,904
dmn_within,57,"('Dp1Yey', 'LCTB92')",50.0,0.5196361541748047,0.5047845542430878,0.5343146026134491,904
dmn_within,57,"('Dp1Yey', 'LCTB92')",95.0,0.6472186684608459,0.6362526827678083,0.6514246523380278,904
dmn_within,57,"('Dp1Yey', 'LCTB92')",99.0,0.6758554884791375,0.6687147617340088,0.6800576707720757,904
dmn_within,57,"('Dp1Yey', 'VEH')",1.0,0.49486734747886657,0.488962219953537,0.5060633420944214,904
dmn_within,57,"('Dp1Yey', 'VEH')",5.0,0.5188887223601342,0.5143632620573044,0.5235264003276825,904
dmn_within,57,"('Dp1Yey', 'VEH')",50.0,0.6021673232316971,0.5983080565929413,0.6063495010137558,904
dmn_within,57,"('Dp1Yey', 'VEH')",95.0,0.7361422270536423,0.727016532421112,0.7519607639312744,904
dmn_within,57,"('Dp1Yey', 'VEH')",99.0,0.7668484455347061,0.7623690718412399,0.7699098864980042,904
dmn_within,57,"('Dp1Yey', 'LCTB92')",1.0,0.25541749894618987,0.2536033755540848,0.25748801007866856,1304
dmn_within,57,"('Dp1Yey', 'LCTB92')",5.0,0.28997802734375,0.28471124172210693,0.32468160398304446,1304
dmn_within,57,"('Dp1Yey', 'LCTB92')",50.0,0.3964722156524658,0.3924456536769867,0.40186014771461487,1304
dmn_within,57,"('Dp1Yey', 'LCTB92')",95.0,0.5574289843440055,0.5359564047306776,0.5685262084007263,1304
dmn_within,57,"('Dp1Yey', 'LCTB92')",99.0,0.6166727191209793,0.6047149584665896,0.6271090027689934,1304
dmn_within,57,"('Dp1Yey', 'VEH')",1.0,0.468596248626709,0.46558063447475434,0.4736368989944458,1304
dmn_within,57,"('Dp1Yey', 'VEH')",5.0,0.49182058572769166,0.485578066110611,0.4957975894212723,1304
dmn_within,57,"('Dp1Yey', 'VEH')",50.0,0.5893315374851227,0.5849812626838684,0.5948602769523859,1304
dmn_within,57,"('Dp1Yey', 'VEH')",95.0,0.657588392496109,0.6535816195234655,0.6616705074906348,1304
dmn_within,57,"('Dp1Yey', 'VEH')",99.0,0.6770424839854241,0.6708619892597198,0.6825697088241577,1304
dmn_within,58,"('Dp1Yey', 'LCTB92')",1.0,0.345043762922287,0.3406553268432617,0.3535131812095642,892
dmn_within,58,"('Dp1Yey', 'LCTB92')",5.0,0.39205715954303744,0.3861662119626999,0.4002896547317505,892
dmn_within,58,"('Dp1Yey', 'LCTB92')",50.0,0.5184887796640396,0.5002360146492719,0.5285797912627459,892
dmn_within,58,"('Dp1Yey', 'LCTB92')",95.0,0.6328129962086677,0.629638135433197,0.6425867423415184,892
dmn_within,58,"('Dp1Yey', 'LCTB92')",99.0,0.6568992483615876,0.6511794241666794,0.6721906065940857,892
dmn_within,58,"('Dp1Yey', 'VEH')",1.0,0.4968533790111542,0.49380427598953247,0.5042167979478837,892
dmn_within,58,"('Dp1Yey', 'VEH')",5.0,0.521946533024311,0.5166898667812347,0.5254584142193198,892
dmn_within,58,"('Dp1Yey', 'VEH')",50.0,0.5990718603134155,0.5945897102355957,0.6025050282478333,892
dmn_within,58,"('Dp1Yey', 'VEH')",95.0,0.7203841894865035,0.7154015630483627,0.7340959012508392,892
dmn_within,58,"('Dp1Yey', 'VEH')",99.0,0.7548999404907227,0.751100167632103,0.7620976269245148,892
dmn_within,58,"('Dp1Yey', 'LCTB92')",1.0,0.2569223552942276,0.2545422911643982,0.26093972057104114,1292
dmn_within,58,"('Dp1Yey', 'LCTB92')",5.0,0.29945371150970457,0.2882304102182388,0.3191462457180023,1292
dmn_within,58,"('Dp1Yey', 'LCTB92')",50.0,0.3922404944896698,0.38795177042484286,0.3991518020629883,1292
dmn_within,58,"('Dp1Yey', 'LCTB92')",95.0,0.5541851490736008,0.5337093725800515,0.5662639737129211,1292
dmn_within,58,"('Dp1Yey', 'LCTB92')",99.0,0.5984075644612311,0.5826479438245289,0.606914758682251,1292
dmn_within,58,"('Dp1Yey', 'VEH')",1.0,0.4640790843963623,0.4628232717514038,0.4653399306535721,1292
dmn_within,58,"('Dp1Yey', 'VEH')",5.0,0.48856174051761625,0.4790683388710022,0.4957697600126266,1292
dmn_within,58,"('Dp1Yey', 'VEH')",50.0,0.5853710174560547,0.5797831118106842,0.5899268984794617,1292
dmn_within,58,"('Dp1Yey', 'VEH')",95.0,0.6509239032864571,0.6479951714351774,0.6556884126365184,1292
dmn_within,58,"('Dp1Yey', 'VEH')",99.0,0.6671712073683738,0.6627483796104788,0.6699633002281189,1292
dmn_within,59,"('Dp1Yey', 'LCTB92')",1.0,0.35707755863666535,0.3488178253173828,0.36283997893333436,880
dmn_within,59,"('Dp1Yey', 'LCTB92')",5.0,0.3913779228925705,0.38512069687247275,0.3995077073574066,880
dmn_within,59,"('Dp1Yey', 'LCTB92')",50.0,0.5113978981971741,0.49927574396133423,0.5211578845977783,880
dmn_within,59,"('Dp1Yey', 'LCTB92')",95.0,0.628004164993763,0.6238049134612084,0.632402628660202,880
dmn_within,59,"('Dp1Yey', 'LCTB92')",99.0,0.6505466079711915,0.6450605087056758,0.6516889333724976,880
dmn_within,59,"('Dp1Yey', 'VEH')",1.0,0.4985523593425751,0.49188417196273804,0.5056365621089935,880
dmn_within,59,"('Dp1Yey', 'VEH')",5.0,0.5220587715506554,0.5145817399024963,0.5247797140851617,880
dmn_within,59,"('Dp1Yey', 'VEH')",50.0,0.5956720113754272,0.5905677080154419,0.599352153390646,880
dmn_within,59,"('Dp1Yey', 'VEH')",95.0,0.7131439685821533,0.706769198179245,0.7189396917819977,880
dmn_within,59,"('Dp1Yey', 'VEH')",99.0,0.748924497961998,0.7420018875598907,0.7514006942510605,880
dmn_within,59,"('Dp1Yey', 'LCTB92')",1.0,0.26120465755462646,0.2579701495170593,0.27233376114070407,1280
dmn_within,59,"('Dp1Yey', 'LCTB92')",5.0,0.3081222504377365,0.29572057723999023,0.31390329316258425,1280
dmn_within,59,"('Dp1Yey', 'LCTB92')",50.0,0.3888916075229645,0.3842571943998337,0.39437586069107056,1280
dmn_within,59,"('Dp1Yey', 'LCTB92')",95.0,0.5436918810009956,0.5319871008396149,0.56495185226202,1280
dmn_within,59,"('Dp1Yey', 'LCTB92')",99.0,0.5832579720020294,0.5786039417982102,0.5972275733947754,1280
dmn_within,59,"('Dp1Yey', 'VEH')",1.0,0.4612704938650131,0.4588471257686615,0.46348442673683166,1280
dmn_within,59,"('Dp1Yey', 'VEH')",5.0,0.4767305672168732,0.4685085892677307,0.4895022701472044,1280
dmn_within,59,"('Dp1Yey', 'VEH')",50.0,0.5818887650966644,0.5776747167110443,0.585522037371993,1280
dmn_within,59,"('Dp1Yey', 'VEH')",95.0,0.6451056405901908,0.6426147222518921,0.6483217909932136,1280
dmn_within,59,"('Dp1Yey', 'VEH')",99.0,0.6608093720674515,0.6567580103874207,0.6634666323661804,1280
dmn_within,5,"('Dp1Yey', 'LCTB92')",1.0,0.7517051462829113,0.7363677620887756,0.7679053282737732,1528
dmn_within,5,"('Dp1Yey', 'LCTB92')",5.0,0.8183317311108113,0.8080742210149765,0.8306910246610641,1528
dmn_within,5,"('Dp1Yey', 'LCTB92')",50.0,0.9598181862384081,0.9566565379500389,0.963932441547513,1528
dmn_within,5,"('Dp1Yey', 'LCTB92')",95.0,1.034173494577408,1.0306976858526469,1.039362481981516,1528
dmn_within,5,"('Dp1Yey', 'LCTB92')",99.0,1.0608573964610697,1.05483406111598,1.0672896653413773,1528
dmn_within,5,"('Dp1Yey', 'VEH')",1.0,0.7677267390489578,0.7378605645895004,0.7909712426364421,1528
dmn_within,5,"('Dp1Yey', 'VEH')",5.0,0.8599255830049515,0.8493455685675144,0.868120014667511,1528
dmn_within,5,"('Dp1Yey', 'VEH')",50.0,0.9797883061692119,0.9765047375112772,0.9839122099801898,1528
dmn_within,5,"('Dp1Yey', 'VEH')",95.0,1.041614924930036,1.0396310708345844,1.0453158654272556,1528
dmn_within,5,"('Dp1Yey', 'VEH')",99.0,1.0617394001781941,1.0553773740613832,1.066597357392311,1528
dmn_within,5,"('Dp1Yey', 'LCTB92')",1.0,0.5115336644649505,0.49660056829452515,0.5367442965507507,1928
dmn_within,5,"('Dp1Yey', 'LCTB92')",5.0,0.6498300030827522,0.6326388120651245,0.6670186051726341,1928
dmn_within,5,"('Dp1Yey', 'LCTB92')",50.0,0.9095894135534763,0.9047176688909531,0.916211811080575,1928
dmn_within,5,"('Dp1Yey', 'LCTB92')",95.0,1.0215175647288561,1.0167929695500062,1.0256141498684883,1928
dmn_within,5,"('Dp1Yey', 'LCTB92')",99.0,1.0514530209451913,1.0468620428815485,1.0546044372022152,1928
dmn_within,5,"('Dp1Yey', 'VEH')",1.0,0.7305529350042343,0.6857807338237762,0.7583644539117813,1928
dmn_within,5,"('Dp1Yey', 'VEH')",5.0,0.8337882854044437,0.8273001223802566,0.8464246243238449,1928
dmn_within,5,"('Dp1Yey', 'VEH')",50.0,0.9696627808734775,0.9667484201490879,0.9724750714376569,1928
dmn_within,5,"('Dp1Yey', 'VEH')",95.0,1.04676418248564,1.0442242044955492,1.0506378434505315,1928
dmn_within,5,"('Dp1Yey', 'VEH')",99.0,1.070032523497939,1.0665659215301275,1.075705885887146,1928
dmn_within,60,"('Dp1Yey', 'LCTB92')",1.0,0.36277283132076266,0.3515937924385071,0.37147344313561914,868
dmn_within,60,"('Dp1Yey', 'LCTB92')",5.0,0.3933022230863571,0.3840858443826437,0.3998613566160202,868
dmn_within,60,"('Dp1Yey', 'LCTB92')",50.0,0.5057752579450607,0.4991140365600586,0.5177345361560582,868
dmn_within,60,"('Dp1Yey', 'LCTB92')",95.0,0.6213274106383324,0.6164282858371735,0.6269039586186409,868
dmn_within,60,"('Dp1Yey', 'LCTB92')",99.0,0.6351623034477234,0.6312424630075693,0.6417284905910492,868
dmn_within,60,"('Dp1Yey', 'VEH')",1.0,0.5045657989382744,0.4963287115097046,0.5081732884049416,868
dmn_within,60,"('Dp1Yey', 'VEH')",5.0,0.5163420960307121,0.5118756979703903,0.5209369957447052,868
dmn_within,60,"('Dp1Yey', 'VEH')",50.0,0.5922505110502243,0.5876335799694061,0.5968420509248972,868
dmn_within,60,"('Dp1Yey', 'VEH')",95.0,0.707463389635086,0.6999654173851013,0.7161089070513844,868
dmn_within,60,"('Dp1Yey', 'VEH')",99.0,0.7388530817627907,0.7313547739386559,0.7422938942909241,868
dmn_within,60,"('Dp1Yey', 'LCTB92')",1.0,0.2701311296224594,0.2599073052406311,0.28823989629745483,1268
dmn_within,60,"('Dp1Yey', 'LCTB92')",5.0,0.30618093013763426,0.30243227779865267,0.30904555320739746,1268
dmn_within,60,"('Dp1Yey', 'LCTB92')",50.0,0.3856380879878998,0.38150942176580427,0.39096710085868835,1268
dmn_within,60,"('Dp1Yey', 'LCTB92')",95.0,0.5405137121677398,0.531162644252181,0.5521310105919837,1268
dmn_within,60,"('Dp1Yey', 'LCTB92')",99.0,0.5785846570134162,0.5731818192526696,0.5829732120037079,1268
dmn_within,60,"('Dp1Yey', 'VEH')",1.0,0.459964212179184,0.45703357458114624,0.46147755682468417,1268
dmn_within,60,"('Dp1Yey', 'VEH')",5.0,0.46841215789318086,0.4656190872192383,0.472257474064827,1268
dmn_within,60,"('Dp1Yey', 'VEH')",50.0,0.5759402066469193,0.5715646155178546,0.5805425226688385,1268
dmn_within,60,"('Dp1Yey', 'VEH')",95.0,0.6407623067498207,0.6384736582636833,0.6433249190449715,1268
dmn_within,60,"('Dp1Yey', 'VEH')",99.0,0.6559066781401633,0.6502411067485809,0.6581294151693582,1268
dmn_within,61,"('Dp1Yey', 'LCTB92')",1.0,0.3669025212526321,0.3640180230140686,0.3718575166910887,856
dmn_within,61,"('Dp1Yey', 'LCTB92')",5.0,0.39381128549575806,0.38834385573863983,0.4000649593770504,856
dmn_within,61,"('Dp1Yey', 'LCTB92')",50.0,0.5033821910619736,0.49802476167678833,0.5117354840040207,856
dmn_within,61,"('Dp1Yey', 'LCTB92')",95.0,0.6150369569659233,0.6128688156604767,0.6171629726886749,856
dmn_within,61,"('Dp1Yey', 'LCTB92')",99.0,0.6260777041316032,0.6235246062278748,0.6295337378978729,856
dmn_within,61,"('Dp1Yey', 'VEH')",1.0,0.5033912703394889,0.5019743740558624,0.5070986554026604,856
dmn_within,61,"('Dp1Yey', 'VEH')",5.0,0.5142756402492523,0.5102446377277374,0.5197399333119392,856
dmn_within,61,"('Dp1Yey', 'VEH')",50.0,0.5897984355688095,0.58436419069767,0.5959570869803429,856
dmn_within,61,"('Dp1Yey', 'VEH')",95.0,0.7031617686152458,0.69708052277565,0.7100590392947197,856
dmn_within,61,"('Dp1Yey', 'VEH')",99.0,0.7264013886451722,0.7208793818950654,0.7342364192008972,856
dmn_within,61,"('Dp1Yey', 'LCTB92')",1.0,0.28238924145698546,0.27576208114624023,0.2910683125257492,1256
dmn_within,61,"('Dp1Yey', 'LCTB92')",5.0,0.30164313316345215,0.29891008138656616,0.30368339046835896,1256
dmn_within,61,"('Dp1Yey', 'LCTB92')",50.0,0.3834742307662964,0.37927544116973877,0.38729394823312757,1256
dmn_within,61,"('Dp1Yey', 'LCTB92')",95.0,0.5402903258800507,0.5247234404087067,0.549983412027359,1256
dmn_within,61,"('Dp1Yey', 'LCTB92')",99.0,0.5738514468073845,0.5629639431834221,0.5808790624141693,1256
dmn_within,61,"('Dp1Yey', 'VEH')",1.0,0.4564894467592239,0.45405077934265137,0.45937204360961914,1256
dmn_within,61,"('Dp1Yey', 'VEH')",5.0,0.4657324552536011,0.4641485810279846,0.46780896186828613,1256
dmn_within,61,"('Dp1Yey', 'VEH')",50.0,0.5714309811592102,0.5685708057135344,0.574924886226654,1256
dmn_within,61,"('Dp1Yey', 'VEH')",95.0,0.6373595967888832,0.6339716613292694,0.640281118452549,1256
dmn_within,61,"('Dp1Yey', 'VEH')",99.0,0.6505077123641968,0.6469786465167999,0.6537974551320076,1256
dmn_within,62,"('Dp1Yey', 'LCTB92')",1.0,0.3686699330806732,0.3664290246963501,0.3739098190814257,844
dmn_within,62,"('Dp1Yey', 'LCTB92')",5.0,0.3915529787540436,0.38387369215488437,0.4003373343497515,844
dmn_within,62,"('Dp1Yey', 'LCTB92')",50.0,0.5014370381832123,0.49400684684515,0.5092437565326691,844
dmn_within,62,"('Dp1Yey', 'LCTB92')",95.0,0.6099019765853881,0.6074347874894739,0.6120053991675376,844
dmn_within,62,"('Dp1Yey', 'LCTB92')",99.0,0.6171189746260642,0.6146892032027245,0.6193126142024994,844
dmn_within,62,"('Dp1Yey', 'VEH')",1.0,0.5041462355852127,0.5007414519786835,0.5073312520980835,844
dmn_within,62,"('Dp1Yey', 'VEH')",5.0,0.5133953377604484,0.510398656129837,0.518966406583786,844
dmn_within,62,"('Dp1Yey', 'VEH')",50.0,0.5907317698001862,0.5850835591554642,0.5966181457042694,844
dmn_within,62,"('Dp1Yey', 'VEH')",95.0,0.6999854281544685,0.6957705631852149,0.7047044336795807,844
dmn_within,62,"('Dp1Yey', 'VEH')",99.0,0.7198069033026693,0.7120069906115531,0.7230443358421326,844
dmn_within,62,"('Dp1Yey', 'LCTB92')",1.0,0.2832272863388062,0.2813727855682373,0.2851206284761429,1244
dmn_within,62,"('Dp1Yey', 'LCTB92')",5.0,0.29656808972358706,0.2930952310562134,0.2997284770011902,1244
dmn_within,62,"('Dp1Yey', 'LCTB92')",50.0,0.38085660338401794,0.3760783962905407,0.3854597561061382,1244
dmn_within,62,"('Dp1Yey', 'LCTB92')",95.0,0.5386493891477584,0.5204475089907646,0.5457662254571914,1244
dmn_within,62,"('Dp1Yey', 'LCTB92')",99.0,0.5705000436305997,0.5599173507094383,0.5812210515141487,1244
dmn_within,62,"('Dp1Yey', 'VEH')",1.0,0.45301435112953187,0.4508716928958893,0.45547759532928467,1244
dmn_within,62,"('Dp1Yey', 'VEH')",5.0,0.46261513531208037,0.4603407382965088,0.4659466318041086,1244
dmn_within,62,"('Dp1Yey', 'VEH')",50.0,0.5678092539310455,0.5649109117686748,0.5710622400045395,1244
dmn_within,62,"('Dp1Yey', 'VEH')",95.0,0.6338468104600906,0.6320211887359619,0.6361842006444931,1244
dmn_within,62,"('Dp1Yey', 'VEH')",99.0,0.6457118371129036,0.6415194889903069,0.6500192880630493,1244
dmn_within,63,"('Dp1Yey', 'LCTB92')",1.0,0.37224729359149933,0.3685685992240906,0.37710168957710266,832
dmn_within,63,"('Dp1Yey', 'LCTB92')",5.0,0.3913964778184891,0.38570642471313477,0.39668629959225654,832
dmn_within,63,"('Dp1Yey', 'LCTB92')",50.0,0.49925291538238525,0.49001455307006836,0.5123315762728452,832
dmn_within,63,"('Dp1Yey', 'LCTB92')",95.0,0.6053632870316505,0.6031308592855931,0.6069582119584084,832
dmn_within,63,"('Dp1Yey', 'LCTB92')",99.0,0.6149050372838973,0.6107042095065116,0.625446466207504,832
dmn_within,63,"('Dp1Yey', 'VEH')",1.0,0.5035309466719627,0.5015124678611755,0.5051623582839966,832
dmn_within,63,"('Dp1Yey', 'VEH')",5.0,0.5096907004714012,0.5081146359443665,0.5113694667816162,832
dmn_within,63,"('Dp1Yey', 'VEH')",50.0,0.591460108757019,0.5865190029144287,0.5971655547618866,832
dmn_within,63,"('Dp1Yey', 'VEH')",95.0,0.6925554484128952,0.6872622668743134,0.6979334354400635,832
dmn_within,63,"('Dp1Yey', 'VEH')",99.0,0.7116287475824356,0.7046706727147102,0.7196247577667236,832
dmn_within,63,"('Dp1Yey', 'LCTB92')",1.0,0.274574499130249,0.27311819791793823,0.2771230573654175,1232
dmn_within,63,"('Dp1Yey', 'LCTB92')",5.0,0.2867350161075592,0.2826255699247122,0.29060815274715424,1232
dmn_within,63,"('Dp1Yey', 'LCTB92')",50.0,0.375882089138031,0.3717221975326538,0.3817897573113441,1232
dmn_within,63,"('Dp1Yey', 'LCTB92')",95.0,0.5316157430410386,0.5227772891521454,0.5421480885520578,1232
dmn_within,63,"('Dp1Yey', 'LCTB92')",99.0,0.5626402488350869,0.5553252809271216,0.5784067022800446,1232
dmn_within,63,"('Dp1Yey', 'VEH')",1.0,0.4492101061344147,0.4474344253540039,0.45220797538757324,1232
dmn_within,63,"('Dp1Yey', 'VEH')",5.0,0.4587132126092911,0.45724948346614835,0.46325666934251786,1232
dmn_within,63,"('Dp1Yey', 'VEH')",50.0,0.5646966844797134,0.561049222946167,0.5672538578510284,1232
dmn_within,63,"('Dp1Yey', 'VEH')",95.0,0.6318523436784744,0.6299347556382418,0.6329140588641167,1232
dmn_within,63,"('Dp1Yey', 'VEH')",99.0,0.6402875486016274,0.6372841188311578,0.6440043124556543,1232
dmn_within,64,"('Dp1Yey', 'LCTB92')",1.0,0.3765938496589661,0.3744942545890808,0.3830484253168106,820
dmn_within,64,"('Dp1Yey', 'LCTB92')",5.0,0.39325055181980134,0.38922540843486786,0.39637856781482694,820
dmn_within,64,"('Dp1Yey', 'LCTB92')",50.0,0.494139164686203,0.48712271451950073,0.5115890800952911,820
dmn_within,64,"('Dp1Yey', 'LCTB92')",95.0,0.6024785578250885,0.6007214486598969,0.6040014469996094,820
dmn_within,64,"('Dp1Yey', 'LCTB92')",99.0,0.626356082856655,0.6104762256145477,0.6284108459949493,820
dmn_within,64,"('Dp1Yey', 'VEH')",1.0,0.4902313095331192,0.4865664839744568,0.49552463294565674,820
dmn_within,64,"('Dp1Yey', 'VEH')",5.0,0.5048482730984688,0.5023780331015587,0.5073811272531747,820
dmn_within,64,"('Dp1Yey', 'VEH')",50.0,0.5894398242235184,0.5845988877117634,0.599475622177124,820
dmn_within,64,"('Dp1Yey', 'VEH')",95.0,0.6837147042155266,0.6773890081420539,0.6878777523711324,820
dmn_within,64,"('Dp1Yey', 'VEH')",99.0,0.7057308092713356,0.7012244996428486,0.7106141448020935,820
dmn_within,64,"('Dp1Yey', 'LCTB92')",1.0,0.2648416233062744,0.26133501529693604,0.26868875713646406,1220
dmn_within,64,"('Dp1Yey', 'LCTB92')",5.0,0.28000996112823484,0.27614896893501284,0.286684589907527,1220
dmn_within,64,"('Dp1Yey', 'LCTB92')",50.0,0.37263602018356323,0.36872708797454834,0.3774859309196472,1220
dmn_within,64,"('Dp1Yey', 'LCTB92')",95.0,0.5316520884633065,0.524952232837677,0.5388985276222229,1220
dmn_within,64,"('Dp1Yey', 'LCTB92')",99.0,0.5564794331789015,0.5470745220780373,0.5699878251701593,1220
dmn_within,64,"('Dp1Yey', 'VEH')",1.0,0.44421766102314,0.44203855873644354,0.4490628933906555,1220
dmn_within,64,"('Dp1Yey', 'VEH')",5.0,0.45665405690670013,0.4550402522087097,0.4605251431465149,1220
dmn_within,64,"('Dp1Yey', 'VEH')",50.0,0.5577974915504456,0.5542851686477661,0.5618841625750065,1220
dmn_within,64,"('Dp1Yey', 'VEH')",95.0,0.627749890089035,0.6241466596722602,0.6299238204956055,1220
dmn_within,64,"('Dp1Yey', 'VEH')",99.0,0.6357056903839111,0.6337996259331703,0.6372182855010032,1220
dmn_within,65,"('Dp1Yey', 'LCTB92')",1.0,0.3826079946756363,0.3815597891807556,0.3865123391151428,808
dmn_within,65,"('Dp1Yey', 'LCTB92')",5.0,0.39467463195323943,0.39179015159606934,0.39768393225967885,808
dmn_within,65,"('Dp1Yey', 'LCTB92')",50.0,0.49019673466682434,0.48160509765148163,0.5149735659360886,808
dmn_within,65,"('Dp1Yey', 'LCTB92')",95.0,0.6006476074457169,0.5980415506288409,0.6037688553333282,808
dmn_within,65,"('Dp1Yey', 'LCTB92')",99.0,0.6270344087481498,0.6096926927566528,0.6293417461439966,808
dmn_within,65,"('Dp1Yey', 'VEH')",1.0,0.4790967732667923,0.4775906801223755,0.4824378544092178,808
dmn_within,65,"('Dp1Yey', 'VEH')",5.0,0.49535548090934756,0.4904104083776474,0.4999044120311737,808
dmn_within,65,"('Dp1Yey', 'VEH')",50.0,0.5879591852426529,0.5820062458515167,0.6011954098939896,808
dmn_within,65,"('Dp1Yey', 'VEH')",95.0,0.6770671680569649,0.6750980816408992,0.6797430619597435,808
dmn_within,65,"('Dp1Yey', 'VEH')",99.0,0.6966423171758649,0.6882704856991768,0.703507555425167,808
dmn_within,65,"('Dp1Yey', 'LCTB92')",1.0,0.2531435054540634,0.2501789575815201,0.26300630807876585,1208
dmn_within,65,"('Dp1Yey', 'LCTB92')",5.0,0.2741636633872986,0.27078641951084137,0.2792051362246275,1208
dmn_within,65,"('Dp1Yey', 'LCTB92')",50.0,0.36970165371894836,0.36537641286849976,0.374481737613678,1208
dmn_within,65,"('Dp1Yey', 'LCTB92')",95.0,0.5283707410097122,0.5245350456982849,0.5337136210873723,1208
dmn_within,65,"('Dp1Yey', 'LCTB92')",99.0,0.5487584921717644,0.5444797065854072,0.5619653517007833,1208
dmn_within,65,"('Dp1Yey', 'VEH')",1.0,0.4428360444307327,0.4402924185693264,0.4457261284440756,1208
dmn_within,65,"('Dp1Yey', 'VEH')",5.0,0.455954709649086,0.45337599515914917,0.4587016701698303,1208
dmn_within,65,"('Dp1Yey', 'VEH')",50.0,0.5521716922521591,0.5481142651289701,0.5557767696678638,1208
dmn_within,65,"('Dp1Yey', 'VEH')",95.0,0.6223763212561607,0.6212185934185982,0.6239564825966954,1208
dmn_within,65,"('Dp1Yey', 'VEH')",99.0,0.6332169276475906,0.6305559512972831,0.6343936622142792,1208
dmn_within,66,"('Dp1Yey', 'LCTB92')",1.0,0.3855208486318588,0.3826577216386795,0.38818332850933074,796
dmn_within,66,"('Dp1Yey', 'LCTB92')",5.0,0.3935178369283676,0.39086270332336426,0.3959803432226181,796
dmn_within,66,"('Dp1Yey', 'LCTB92')",50.0,0.4931347966194153,0.479423763602972,0.5123266778886318,796
dmn_within,66,"('Dp1Yey', 'LCTB92')",95.0,0.6013021171092987,0.5966015458106995,0.606513649225235,796
dmn_within,66,"('Dp1Yey', 'LCTB92')",99.0,0.6249500468373298,0.6158454837650058,0.630976140499115,796
dmn_within,66,"('Dp1Yey', 'VEH')",1.0,0.46705720126628875,0.4642010569572449,0.47389556765556334,796
dmn_within,66,"('Dp1Yey', 'VEH')",5.0,0.4863554388284683,0.47959399223327637,0.49335697293281555,796
dmn_within,66,"('Dp1Yey', 'VEH')",50.0,0.5853722095489502,0.5796588957309723,0.6003049463033676,796
dmn_within,66,"('Dp1Yey', 'VEH')",95.0,0.676861122250557,0.6719261333346367,0.680516242980957,796
dmn_within,66,"('Dp1Yey', 'VEH')",99.0,0.6865451768040656,0.6838243812322616,0.6954472333192824,796
dmn_within,66,"('Dp1Yey', 'LCTB92')",1.0,0.25187560319900515,0.2493588924407959,0.25835939019918436,1196
dmn_within,66,"('Dp1Yey', 'LCTB92')",5.0,0.2681609094142914,0.2664470672607422,0.2712078094482422,1196
dmn_within,66,"('Dp1Yey', 'LCTB92')",50.0,0.36964479088783264,0.3646624684333801,0.3733763568103313,1196
dmn_within,66,"('Dp1Yey', 'LCTB92')",95.0,0.5264610275626183,0.5200389450415969,0.5321699380874634,1196
dmn_within,66,"('Dp1Yey', 'LCTB92')",99.0,0.5481198087334632,0.5447357346117495,0.5523681342601776,1196
dmn_within,66,"('Dp1Yey', 'VEH')",1.0,0.44118811190128326,0.43887293338775635,0.44482015669345853,1196
dmn_within,66,"('Dp1Yey', 'VEH')",5.0,0.4558245986700058,0.4530164062976837,0.4583821419626474,1196
dmn_within,66,"('Dp1Yey', 'VEH')",50.0,0.5474411696195602,0.5435798961669207,0.5507457599043846,1196
dmn_within,66,"('Dp1Yey', 'VEH')",95.0,0.6216457709670067,0.6197034046053886,0.624038077890873,1196
dmn_within,66,"('Dp1Yey', 'VEH')",99.0,0.6319098681211471,0.6298233866691589,0.6343526542186737,1196
dmn_within,67,"('Dp1Yey', 'LCTB92')",1.0,0.38625347673892974,0.3845304846763611,0.38833029091358184,784
dmn_within,67,"('Dp1Yey', 'LCTB92')",5.0,0.3930103540420532,0.39132997088134286,0.39456464946269987,784
dmn_within,67,"('Dp1Yey', 'LCTB92')",50.0,0.49198824167251587,0.47843486070632935,0.5101831417530774,784
dmn_within,67,"('Dp1Yey', 'LCTB92')",95.0,0.6023575171828269,0.5980886816978455,0.6066559195518493,784
dmn_within,67,"('Dp1Yey', 'LCTB92')",99.0,0.6255729264020919,0.619304220676422,0.6289933285117149,784
dmn_within,67,"('Dp1Yey', 'VEH')",1.0,0.44561227679252624,0.44019017219543455,0.45722404956817625,784
dmn_within,67,"('Dp1Yey', 'VEH')",5.0,0.4795891374349594,0.470714807510376,0.48768761456012727,784
dmn_within,67,"('Dp1Yey', 'VEH')",50.0,0.5851587951183319,0.5797142088413239,0.5965906251221895,784
dmn_within,67,"('Dp1Yey', 'VEH')",95.0,0.6720343276858329,0.6686114400625228,0.6788789182901382,784
dmn_within,67,"('Dp1Yey', 'VEH')",99.0,0.688966172337532,0.6851432919502258,0.6905291730165481,784
dmn_within,67,"('Dp1Yey', 'LCTB92')",1.0,0.25343876361846923,0.2498660182952881,0.25692814588546753,1184
dmn_within,67,"('Dp1Yey', 'LCTB92')",5.0,0.2653053909540176,0.26289681196212766,0.2674500644207001,1184
dmn_within,67,"('Dp1Yey', 'LCTB92')",50.0,0.36914584040641785,0.3657712936401367,0.37284439653158186,1184
dmn_within,67,"('Dp1Yey', 'LCTB92')",95.0,0.5238690093159676,0.5195424437522888,0.530866653136909,1184
dmn_within,67,"('Dp1Yey', 'LCTB92')",99.0,0.5471815341711045,0.5413013598322869,0.549478489458561,1184
dmn_within,67,"('Dp1Yey', 'VEH')",1.0,0.437761310338974,0.43490415811538696,0.4420452117919922,1184
dmn_within,67,"('Dp1Yey', 'VEH')",5.0,0.4513740956783295,0.44832277297973633,0.45480847358703613,1184
dmn_within,67,"('Dp1Yey', 'VEH')",50.0,0.5421057045459747,0.5389297667890787,0.5464500602334738,1184
dmn_within,67,"('Dp1Yey', 'VEH')",95.0,0.6201756745576859,0.6178608001768588,0.621628627628088,1184
dmn_within,67,"('Dp1Yey', 'VEH')",99.0,0.6332202172279359,0.6301773771643638,0.6381233748793603,1184
dmn_within,68,"('Dp1Yey', 'LCTB92')",1.0,0.37408574163913727,0.37195857167243956,0.3832332911491394,772
dmn_within,68,"('Dp1Yey', 'LCTB92')",5.0,0.3913176506757736,0.3885432004928589,0.39478510022163393,772
dmn_within,68,"('Dp1Yey', 'LCTB92')",50.0,0.49242815375328064,0.4764999449253082,0.5093266852200031,772
dmn_within,68,"('Dp1Yey', 'LCTB92')",95.0,0.6049024596810341,0.5988393127918243,0.6095533668994904,772
dmn_within,68,"('Dp1Yey', 'LCTB92')",99.0,0.624077712893486,0.6177830109000205,0.6278211143612861,772
dmn_within,68,"('Dp1Yey', 'VEH')",1.0,0.42851927936077117,0.4226757925748825,0.4368973743915558,772
dmn_within,68,"('Dp1Yey', 'VEH')",5.0,0.4661402881145477,0.4545510411262512,0.4837071180343628,772
dmn_within,68,"('Dp1Yey', 'VEH')",50.0,0.5830922871828079,0.5785300433635712,0.5948102314025163,772
dmn_within,68,"('Dp1Yey', 'VEH')",95.0,0.6692375257611275,0.6661273643374442,0.6733613554015756,772
dmn_within,68,"('Dp1Yey', 'VEH')",99.0,0.6877105796337127,0.683500576019287,0.6916155749559402,772
dmn_within,68,"('Dp1Yey', 'LCTB92')",1.0,0.2531688803434372,0.2521324157714844,0.25417327880859375,1172
dmn_within,68,"('Dp1Yey', 'LCTB92')",5.0,0.26049216389656066,0.2582632303237915,0.2640218138694763,1172
dmn_within,68,"('Dp1Yey', 'LCTB92')",50.0,0.36827802658081055,0.36507268846035,0.37173885107040405,1172
dmn_within,68,"('Dp1Yey', 'LCTB92')",95.0,0.5217624932527543,0.5153378635644913,0.5284112691879272,1172
dmn_within,68,"('Dp1Yey', 'LCTB92')",99.0,0.5395934361219406,0.5343806743621826,0.5435406863689423,1172
dmn_within,68,"('Dp1Yey', 'VEH')",1.0,0.4347978001832962,0.43303918838500977,0.4369758459329605,1172
dmn_within,68,"('Dp1Yey', 'VEH')",5.0,0.44794476628303526,0.4448877176642418,0.45139902234077456,1172
dmn_within,68,"('Dp1Yey', 'VEH')",50.0,0.5374514013528824,0.5319914817810059,0.5424404144287109,1172
dmn_within,68,"('Dp1Yey', 'VEH')",95.0,0.6202059477567673,0.6179912495613098,0.6230245187878609,1172
dmn_within,68,"('Dp1Yey', 'VEH')",99.0,0.6328576439619065,0.6306663032397627,0.6358110171556473,1172
dmn_within,69,"('Dp1Yey', 'LCTB92')",1.0,0.3702167218923569,0.36671111702919007,0.37603432714939117,760
dmn_within,69,"('Dp1Yey', 'LCTB92')",5.0,0.3873176395893097,0.38400906324386597,0.39133422754704955,760
dmn_within,69,"('Dp1Yey', 'LCTB92')",50.0,0.4928945004940033,0.47140518575906754,0.5063668042421341,760
dmn_within,69,"('Dp1Yey', 'LCTB92')",95.0,0.6065518602728843,0.6010443016886711,0.6086435943841935,760
dmn_within,69,"('Dp1Yey', 'LCTB92')",99.0,0.6172876134514809,0.6146509164571762,0.6245570778846741,760
dmn_within,69,"('Dp1Yey', 'VEH')",1.0,0.41729527175426484,0.4148026674985886,0.42711092174053195,760
dmn_within,69,"('Dp1Yey', 'VEH')",5.0,0.453897088766098,0.43967777490615845,0.4671811055392027,760
dmn_within,69,"('Dp1Yey', 'VEH')",50.0,0.5830464214086533,0.5786169767379761,0.5911689102649689,760
dmn_within,69,"('Dp1Yey', 'VEH')",95.0,0.6685567185282707,0.6648171305656433,0.6707827746868134,760
dmn_within,69,"('Dp1Yey', 'VEH')",99.0,0.6904138541221618,0.6834318339824677,0.6923587584495544,760
dmn_within,69,"('Dp1Yey', 'LCTB92')",1.0,0.25096511721611026,0.24922502040863037,0.25281888246536255,1160
dmn_within,69,"('Dp1Yey', 'LCTB92')",5.0,0.2582178026437759,0.25668609142303467,0.2620466822385788,1160
dmn_within,69,"('Dp1Yey', 'LCTB92')",50.0,0.36600279808044434,0.36244937777519226,0.36920303106307983,1160
dmn_within,69,"('Dp1Yey', 'LCTB92')",95.0,0.5180955067276954,0.5134888901934027,0.5239907145500183,1160
dmn_within,69,"('Dp1Yey', 'LCTB92')",99.0,0.5376926970481872,0.535462059378624,0.5390388667583466,1160
dmn_within,69,"('Dp1Yey', 'VEH')",1.0,0.4338016712665558,0.4306548237800598,0.43636164486408235,1160
dmn_within,69,"('Dp1Yey', 'VEH')",5.0,0.4468392252922058,0.44135532677173617,0.44937207996845246,1160
dmn_within,69,"('Dp1Yey', 'VEH')",50.0,0.5305937081575394,0.5263552069664001,0.5361902918666601,1160
dmn_within,69,"('Dp1Yey', 'VEH')",95.0,0.6206255465745926,0.6181800752878189,0.6247870326042175,1160
dmn_within,69,"('Dp1Yey', 'VEH')",99.0,0.6318966987729072,0.6305470895767212,0.6342450450956821,1160
dmn_within,6,"('Dp1Yey', 'LCTB92')",1.0,0.7469712316989898,0.736275315284729,0.7595974080264568,1516
dmn_within,6,"('Dp1Yey', 'LCTB92')",5.0,0.8026615381240845,0.7929293587803841,0.814040582627058,1516
dmn_within,6,"('Dp1Yey', 'LCTB92')",50.0,0.944636894389987,0.9413439483381808,0.9485989863518626,1516
dmn_within,6,"('Dp1Yey', 'LCTB92')",95.0,1.0210885684937239,1.0192342139780521,1.0236809775233269,1516
dmn_within,6,"('Dp1Yey', 'LCTB92')",99.0,1.0466980325058102,1.0365236092358827,1.0586542673408985,1516
dmn_within,6,"('Dp1Yey', 'VEH')",1.0,0.7365626722574234,0.6999751925468445,0.7564145475625992,1516
dmn_within,6,"('Dp1Yey', 'VEH')",5.0,0.828968983143568,0.8141190446913242,0.8443005193956196,1516
dmn_within,6,"('Dp1Yey', 'VEH')",50.0,0.9687211625277996,0.9653128068894148,0.9731480050832033,1516
dmn_within,6,"('Dp1Yey', 'VEH')",95.0,1.0412116441875696,1.0367937060073018,1.0437678575515748,1516
dmn_within,6,"('Dp1Yey', 'VEH')",99.0,1.0595697458833455,1.0566752983629701,1.0635053887963295,1516
dmn_within,6,"('Dp1Yey', 'LCTB92')",1.0,0.48526889979839327,0.42949527502059937,0.5370511546730995,1916
dmn_within,6,"('Dp1Yey', 'LCTB92')",5.0,0.6204337924718857,0.5919236540794373,0.6367713510990143,1916
dmn_within,6,"('Dp1Yey', 'LCTB92')",50.0,0.8869195803999901,0.8813778348267078,0.8913821017369628,1916
dmn_within,6,"('Dp1Yey', 'LCTB92')",95.0,1.0123485089279711,1.0026714499705123,1.016642365604639,1916
dmn_within,6,"('Dp1Yey', 'LCTB92')",99.0,1.0408621348440645,1.0349708722904325,1.0487852338701487,1916
dmn_within,6,"('Dp1Yey', 'VEH')",1.0,0.6937572434544563,0.679741246663034,0.7181121706962585,1916
dmn_within,6,"('Dp1Yey', 'VEH')",5.0,0.810110080987215,0.7891287356615067,0.8185266330838203,1916
dmn_within,6,"('Dp1Yey', 'VEH')",50.0,0.9559685308486223,0.9526710397563874,0.9591039605438709,1916
dmn_within,6,"('Dp1Yey', 'VEH')",95.0,1.0366566414013505,1.0328433886170387,1.0421516373753548,1916
dmn_within,6,"('Dp1Yey', 'VEH')",99.0,1.0695929907262325,1.060608308762312,1.0763236209750175,1916
dmn_within,70,"('Dp1Yey', 'LCTB92')",1.0,0.3709236592054367,0.3665110820531845,0.37838369607925415,748
dmn_within,70,"('Dp1Yey', 'LCTB92')",5.0,0.38621895015239716,0.38169904351234435,0.3886096317321062,748
dmn_within,70,"('Dp1Yey', 'LCTB92')",50.0,0.49183690547943115,0.4676299072802067,0.5058764517307281,748
dmn_within,70,"('Dp1Yey', 'LCTB92')",95.0,0.5996012672781944,0.5968452095985413,0.6023261547088623,748
dmn_within,70,"('Dp1Yey', 'LCTB92')",99.0,0.6198603421449661,0.6073908248543739,0.6265454429388047,748
dmn_within,70,"('Dp1Yey', 'VEH')",1.0,0.41652689039707186,0.4144238233566284,0.41867154836654663,748
dmn_within,70,"('Dp1Yey', 'VEH')",5.0,0.4408942848443985,0.4297314643859863,0.45461001694202424,748
dmn_within,70,"('Dp1Yey', 'VEH')",50.0,0.5834673345088959,0.5777826607227325,0.5928355008363724,748
dmn_within,70,"('Dp1Yey', 'VEH')",95.0,0.6689654603600502,0.6655323505401611,0.6704670310020446,748
dmn_within,70,"('Dp1Yey', 'VEH')",99.0,0.6901008039712906,0.6829245734214783,0.6918042281270027,748
dmn_within,70,"('Dp1Yey', 'LCTB92')",1.0,0.24824375987052918,0.2462613582611084,0.2507628816366196,1148
dmn_within,70,"('Dp1Yey', 'LCTB92')",5.0,0.2579138308763504,0.25625693798065186,0.26002686336636543,1148
dmn_within,70,"('Dp1Yey', 'LCTB92')",50.0,0.3622921407222748,0.35850125551223755,0.36488737165927887,1148
dmn_within,70,"('Dp1Yey', 'LCTB92')",95.0,0.5156728997826575,0.5094480732828379,0.5213201294094322,1148
dmn_within,70,"('Dp1Yey', 'LCTB92')",99.0,0.53778648853302,0.5319241179078816,0.5430824160575867,1148
dmn_within,70,"('Dp1Yey', 'VEH')",1.0,0.43141670048236846,0.4290323704481125,0.4341205370426178,1148
dmn_within,70,"('Dp1Yey', 'VEH')",5.0,0.4443224549293518,0.4416043311357498,0.4476668119430542,1148
dmn_within,70,"('Dp1Yey', 'VEH')",50.0,0.5247698426246643,0.5208370685577393,0.529643639922142,1148
dmn_within,70,"('Dp1Yey', 'VEH')",95.0,0.6176310166716575,0.6135172516107559,0.6212320918217301,1148
dmn_within,70,"('Dp1Yey', 'VEH')",99.0,0.6320099401473999,0.6301711368560791,0.6329476237297058,1148
dmn_within,71,"('Dp1Yey', 'LCTB92')",1.0,0.36658587753772737,0.3631371259689331,0.3747887645661831,736
dmn_within,71,"('Dp1Yey', 'LCTB92')",5.0,0.3852629214525223,0.3821059688925743,0.38808752596378326,736
dmn_within,71,"('Dp1Yey', 'LCTB92')",50.0,0.4967172145843506,0.4690181203186512,0.5040646940469742,736
dmn_within,71,"('Dp1Yey', 'LCTB92')",95.0,0.594924807548523,0.5916004490107298,0.5985734164714813,736
dmn_within,71,"('Dp1Yey', 'LCTB92')",99.0,0.6191713586449623,0.6054727464914321,0.6220697566866874,736
dmn_within,71,"('Dp1Yey', 'VEH')",1.0,0.41576713025569917,0.4142942547798157,0.4186599373817444,736
dmn_within,71,"('Dp1Yey', 'VEH')",5.0,0.42900072038173676,0.4229061007499695,0.4428938627243042,736
dmn_within,71,"('Dp1Yey', 'VEH')",50.0,0.58694888651371,0.578425720334053,0.5965969555079937,736
dmn_within,71,"('Dp1Yey', 'VEH')",95.0,0.6701749712228775,0.6676972033455968,0.6726502999663353,736
dmn_within,71,"('Dp1Yey', 'VEH')",99.0,0.6891804307699203,0.6827571228146553,0.6924673676490783,736
dmn_within,71,"('Dp1Yey', 'LCTB92')",1.0,0.24759861826896667,0.24627017974853516,0.24937361478805542,1136
dmn_within,71,"('Dp1Yey', 'LCTB92')",5.0,0.2577868700027466,0.25398266315460205,0.2596206419169903,1136
dmn_within,71,"('Dp1Yey', 'LCTB92')",50.0,0.3587549328804016,0.3564351499080658,0.3620092570781708,1136
dmn_within,71,"('Dp1Yey', 'LCTB92')",95.0,0.5114865899085999,0.5072801038622856,0.5208030045032501,1136
dmn_within,71,"('Dp1Yey', 'LCTB92')",99.0,0.5344171166419984,0.5301302671432495,0.536304235458374,1136
dmn_within,71,"('Dp1Yey', 'VEH')",1.0,0.42935712039470675,0.42682164907455444,0.43200676441192626,1136
dmn_within,71,"('Dp1Yey', 'VEH')",5.0,0.44222410023212433,0.4391397688537836,0.4460786134004593,1136
dmn_within,71,"('Dp1Yey', 'VEH')",50.0,0.5190301239490509,0.5136175867170095,0.5251147300004959,1136
dmn_within,71,"('Dp1Yey', 'VEH')",95.0,0.6119968965649605,0.6092242896556854,0.6166775094345212,1136
dmn_within,71,"('Dp1Yey', 'VEH')",99.0,0.6323049068450928,0.6292598277330399,0.6359620094299316,1136
dmn_within,72,"('Dp1Yey', 'LCTB92')",1.0,0.36585002064704897,0.36169321835041046,0.36875734490156176,724
dmn_within,72,"('Dp1Yey', 'LCTB92')",5.0,0.3840471565723419,0.37959790229797363,0.38745258152484896,724
dmn_within,72,"('Dp1Yey', 'LCTB92')",50.0,0.49541378021240234,0.47134642824530604,0.5024977475404739,724
dmn_within,72,"('Dp1Yey', 'LCTB92')",95.0,0.5902883291244507,0.5871676847338676,0.5949690982699394,724
dmn_within,72,"('Dp1Yey', 'LCTB92')",99.0,0.6110291028022766,0.6034842431545258,0.6142676907777785,724
dmn_within,72,"('Dp1Yey', 'VEH')",1.0,0.4171453070640564,0.41437403976917264,0.41838788986206055,724
dmn_within,72,"('Dp1Yey', 'VEH')",5.0,0.42535875737667084,0.4211742877960205,0.4344040066003799,724
dmn_within,72,"('Dp1Yey', 'VEH')",50.0,0.5856757462024689,0.5790078222751618,0.597230464220047,724
dmn_within,72,"('Dp1Yey', 'VEH')",95.0,0.6708281919360161,0.6681973159313201,0.6729156672954559,724
dmn_within,72,"('Dp1Yey', 'VEH')",99.0,0.6918612539768219,0.6846108755469321,0.6962969622015953,724
dmn_within,72,"('Dp1Yey', 'LCTB92')",1.0,0.24634594559669495,0.24404269456863403,0.24776533842086793,1124
dmn_within,72,"('Dp1Yey', 'LCTB92')",5.0,0.2564269781112671,0.2535591721534729,0.258650466799736,1124
dmn_within,72,"('Dp1Yey', 'LCTB92')",50.0,0.35602274537086487,0.3503621816635132,0.35958683490753174,1124
dmn_within,72,"('Dp1Yey', 'LCTB92')",95.0,0.5081899046897889,0.5045295804738998,0.5124149322509766,1124
dmn_within,72,"('Dp1Yey', 'LCTB92')",99.0,0.5335126334428787,0.5258292794525623,0.5372941493988037,1124
dmn_within,72,"('Dp1Yey', 'VEH')",1.0,0.42682243168354034,0.4259253245592117,0.42807459831237793,1124
dmn_within,72,"('Dp1Yey', 'VEH')",5.0,0.43639143705368044,0.43309410512447355,0.43975585997104644,1124
dmn_within,72,"('Dp1Yey', 'VEH')",50.0,0.5139768570661545,0.5117664933204651,0.5191619485616684,1124
dmn_within,72,"('Dp1Yey', 'VEH')",95.0,0.6103856489062309,0.6065438717603683,0.6145197866111993,1124
dmn_within,72,"('Dp1Yey', 'VEH')",99.0,0.6359410482645035,0.630564272403717,0.6385020911693573,1124
dmn_within,73,"('Dp1Yey', 'LCTB92')",1.0,0.36315643548965454,0.35824882984161377,0.36807529389858246,712
dmn_within,73,"('Dp1Yey', 'LCTB92')",5.0,0.38068273663520813,0.37497485280036924,0.3834465742111206,712
dmn_within,73,"('Dp1Yey', 'LCTB92')",50.0,0.4943712651729584,0.47255730628967285,0.4987168967723846,712
dmn_within,73,"('Dp1Yey', 'LCTB92')",95.0,0.5889002531766891,0.5864324562624097,0.5922267535328866,712
dmn_within,73,"('Dp1Yey', 'LCTB92')",99.0,0.6031768244504928,0.5996784220412373,0.6086424589157104,712
dmn_within,73,"('Dp1Yey', 'VEH')",1.0,0.41567607402801515,0.41306443241238594,0.41727651476860045,712
dmn_within,73,"('Dp1Yey', 'VEH')",5.0,0.4236135333776474,0.4212031424045563,0.4291835457086563,712
dmn_within,73,"('Dp1Yey', 'VEH')",50.0,0.588471382856369,0.5800112187862396,0.5993958115577698,712
dmn_within,73,"('Dp1Yey', 'VEH')",95.0,0.6750323191285134,0.6709454953670502,0.6786373853683472,712
dmn_within,73,"('Dp1Yey', 'VEH')",99.0,0.6916670134663582,0.6875896563455463,0.6954191029071808,712
dmn_within,73,"('Dp1Yey', 'LCTB92')",1.0,0.24522828459739685,0.24420762062072754,0.24733745336532592,1112
dmn_within,73,"('Dp1Yey', 'LCTB92')",5.0,0.25479919612407687,0.2522801900655031,0.2572362620383501,1112
dmn_within,73,"('Dp1Yey', 'LCTB92')",50.0,0.34900397062301636,0.34316152334213257,0.3549750745296478,1112
dmn_within,73,"('Dp1Yey', 'LCTB92')",95.0,0.506506934762001,0.5008573829382659,0.5105133056640625,1112
dmn_within,73,"('Dp1Yey', 'LCTB92')",99.0,0.5306987178325654,0.5258950823545456,0.534578263759613,1112
dmn_within,73,"('Dp1Yey', 'VEH')",1.0,0.42333700478076935,0.4200723171234131,0.42540513694286347,1112
dmn_within,73,"('Dp1Yey', 'VEH')",5.0,0.43329870104789736,0.43073623530566696,0.4361457169055939,1112
dmn_within,73,"('Dp1Yey', 'VEH')",50.0,0.5118895322084427,0.5090170986950397,0.5147378262132406,1112
dmn_within,73,"('Dp1Yey', 'VEH')",95.0,0.610062013566494,0.6059164832532405,0.6163678765296936,1112
dmn_within,73,"('Dp1Yey', 'VEH')",99.0,0.6343069827556611,0.6291242241859436,0.6417025625705719,1112
dmn_within,74,"('Dp1Yey', 'LCTB92')",1.0,0.36215381681919095,0.3581538200378418,0.3704586714506149,700
dmn_within,74,"('Dp1Yey', 'LCTB92')",5.0,0.37814525663852694,0.37532520294189453,0.38268089294433594,700
dmn_within,74,"('Dp1Yey', 'LCTB92')",50.0,0.4919809103012085,0.4709758758544922,0.4958999097347259,700
dmn_within,74,"('Dp1Yey', 'LCTB92')",95.0,0.586802713572979,0.5828234046697617,0.5892522171139716,700
dmn_within,74,"('Dp1Yey', 'LCTB92')",99.0,0.5982441508769989,0.5952947613596916,0.6069374978542328,700
dmn_within,74,"('Dp1Yey', 'VEH')",1.0,0.41400449454784394,0.41185390889644624,0.4162566113471985,700
dmn_within,74,"('Dp1Yey', 'VEH')",5.0,0.4218264162540436,0.4193067342042923,0.4273588329553604,700
dmn_within,74,"('Dp1Yey', 'VEH')",50.0,0.5878048241138458,0.5773167312145233,0.6004625368863344,700
dmn_within,74,"('Dp1Yey', 'VEH')",95.0,0.6765973091125488,0.6714589580893516,0.6824165657162666,700
dmn_within,74,"('Dp1Yey', 'VEH')",99.0,0.6921186327934266,0.6889133155345917,0.6955196309089661,700
dmn_within,74,"('Dp1Yey', 'LCTB92')",1.0,0.24577538728713988,0.2435236644744873,0.24691054701805115,1100
dmn_within,74,"('Dp1Yey', 'LCTB92')",5.0,0.25269157290458677,0.2503746062517166,0.2546749323606491,1100
dmn_within,74,"('Dp1Yey', 'LCTB92')",50.0,0.34420445561408997,0.3402544856071472,0.347567592561245,1100
dmn_within,74,"('Dp1Yey', 'LCTB92')",95.0,0.499222132563591,0.4950730621814728,0.5084203481674194,1100
dmn_within,74,"('Dp1Yey', 'LCTB92')",99.0,0.5277581679821014,0.5249222606420517,0.5299864439219236,1100
dmn_within,74,"('Dp1Yey', 'VEH')",1.0,0.4151724672317505,0.41278059482574464,0.42266231775283813,1100
dmn_within,74,"('Dp1Yey', 'VEH')",5.0,0.43036738634109495,0.42914760708808897,0.43201786279678345,1100
dmn_within,74,"('Dp1Yey', 'VEH')",50.0,0.5066368281841278,0.5034003935754299,0.5102323740720749,1100
dmn_within,74,"('Dp1Yey', 'VEH')",95.0,0.6093479797244072,0.6043614611774683,0.6159011721611023,1100
dmn_within,74,"('Dp1Yey', 'VEH')",99.0,0.6291630056500435,0.6238613161444664,0.6329462212324143,1100
dmn_within,75,"('Dp1Yey', 'LCTB92')",1.0,0.36350551545619963,0.3604323071241379,0.3667414253950119,688
dmn_within,75,"('Dp1Yey', 'LCTB92')",5.0,0.3764020502567291,0.36960760071873666,0.38064396381378174,688
dmn_within,75,"('Dp1Yey', 'LCTB92')",50.0,0.4876580834388733,0.4709953971207142,0.49374224022030827,688
dmn_within,75,"('Dp1Yey', 'LCTB92')",95.0,0.5812843754887581,0.5777627646923065,0.5843466818332672,688
dmn_within,75,"('Dp1Yey', 'LCTB92')",99.0,0.6017140561342239,0.5903039282560348,0.6057819032669067,688
dmn_within,75,"('Dp1Yey', 'VEH')",1.0,0.4145510196685791,0.41239051285386086,0.41601580262184146,688
dmn_within,75,"('Dp1Yey', 'VEH')",5.0,0.42159182727336886,0.41903257369995117,0.4251601278781891,688
dmn_within,75,"('Dp1Yey', 'VEH')",50.0,0.5854995399713516,0.5747503936290741,0.5986970961093903,688
dmn_within,75,"('Dp1Yey', 'VEH')",95.0,0.6782619848847389,0.6723177433013916,0.6827614068984985,688
dmn_within,75,"('Dp1Yey', 'VEH')",99.0,0.6906477361917496,0.6873776614665985,0.6919931182265282,688
dmn_within,75,"('Dp1Yey', 'LCTB92')",1.0,0.24221789538860322,0.23962043941020966,0.24352509558200836,1088
dmn_within,75,"('Dp1Yey', 'LCTB92')",5.0,0.24991705119609833,0.24780875444412231,0.2517217379063368,1088
dmn_within,75,"('Dp1Yey', 'LCTB92')",50.0,0.34209367632865906,0.3389390707015991,0.3444026678800583,1088
dmn_within,75,"('Dp1Yey', 'LCTB92')",95.0,0.494317951798439,0.49066999912261944,0.4993929773569107,1088
dmn_within,75,"('Dp1Yey', 'LCTB92')",99.0,0.5251520916819572,0.5222357393577695,0.5278835594654083,1088
dmn_within,75,"('Dp1Yey', 'VEH')",1.0,0.4137925261259079,0.4116528970003128,0.41621583759784697,1088
dmn_within,75,"('Dp1Yey', 'VEH')",5.0,0.4277430921792984,0.4234800606966019,0.4299197937548161,1088
dmn_within,75,"('Dp1Yey', 'VEH')",50.0,0.5012905448675156,0.4974280595779419,0.5049936771392822,1088
dmn_within,75,"('Dp1Yey', 'VEH')",95.0,0.6072486728429793,0.6021392941474915,0.609950859993696,1088
dmn_within,75,"('Dp1Yey', 'VEH')",99.0,0.6225788766145705,0.6193630352616311,0.6239392253756523,1088
dmn_within,76,"('Dp1Yey', 'LCTB92')",1.0,0.36135032773017883,0.35955381393432617,0.3632114976644516,676
dmn_within,76,"('Dp1Yey', 'LCTB92')",5.0,0.37277311086654663,0.36650434136390686,0.38226059935986995,676
dmn_within,76,"('Dp1Yey', 'LCTB92')",50.0,0.4854244291782379,0.46969419717788696,0.4944577217102051,676
dmn_within,76,"('Dp1Yey', 'LCTB92')",95.0,0.5778299793601036,0.5759852677583694,0.5816023200750351,676
dmn_within,76,"('Dp1Yey', 'LCTB92')",99.0,0.5971114113926888,0.5890986762940884,0.6013635104522108,676
dmn_within,76,"('Dp1Yey', 'VEH')",1.0,0.41113653779029846,0.4071977138519287,0.41552507877349854,676
dmn_within,76,"('Dp1Yey', 'VEH')",5.0,0.42135871946811676,0.41878706216812134,0.4254037946462631,676
dmn_within,76,"('Dp1Yey', 'VEH')",50.0,0.5877109915018082,0.5722170472145081,0.5987005084753036,676
dmn_within,76,"('Dp1Yey', 'VEH')",95.0,0.6779710650444031,0.6750384867191315,0.6809771507978439,676
dmn_within,76,"('Dp1Yey', 'VEH')",99.0,0.6858652606606483,0.6832460165023804,0.6898019686341286,676
dmn_within,76,"('Dp1Yey', 'LCTB92')",1.0,0.2386208474636078,0.23768848180770874,0.2403802778571844,1076
dmn_within,76,"('Dp1Yey', 'LCTB92')",5.0,0.2466980665922165,0.24497467279434204,0.249021515250206,1076
dmn_within,76,"('Dp1Yey', 'LCTB92')",50.0,0.3398379385471344,0.33655122518539426,0.3430968225002289,1076
dmn_within,76,"('Dp1Yey', 'LCTB92')",95.0,0.49157537519931793,0.48524874448776245,0.49377864599227905,1076
dmn_within,76,"('Dp1Yey', 'LCTB92')",99.0,0.5239231586456299,0.5171112716197968,0.5256603434681892,1076
dmn_within,76,"('Dp1Yey', 'VEH')",1.0,0.4109744131565094,0.40946443378925323,0.4124418135732412,1076
dmn_within,76,"('Dp1Yey', 'VEH')",5.0,0.4234229028224945,0.4185760021209717,0.4263358563184738,1076
dmn_within,76,"('Dp1Yey', 'VEH')",50.0,0.4972052574157715,0.49265927225351336,0.5022429823875427,1076
dmn_within,76,"('Dp1Yey', 'VEH')",95.0,0.6016895100474358,0.5988683179020882,0.6063753664493561,1076
dmn_within,76,"('Dp1Yey', 'VEH')",99.0,0.6174806579947472,0.6159820258617401,0.6201857104897499,1076
dmn_within,77,"('Dp1Yey', 'LCTB92')",1.0,0.3584403973817825,0.3536587953567505,0.3613832300901413,664
dmn_within,77,"('Dp1Yey', 'LCTB92')",5.0,0.3795682340860367,0.36751306027173997,0.3872498869895935,664
dmn_within,77,"('Dp1Yey', 'LCTB92')",50.0,0.48393526673316956,0.4711452968418598,0.4936594069004059,664
dmn_within,77,"('Dp1Yey', 'LCTB92')",95.0,0.5787546962499619,0.5752098262310028,0.5823413372039795,664
dmn_within,77,"('Dp1Yey', 'LCTB92')",99.0,0.587129280269146,0.5846769213676453,0.5910748088359833,664
dmn_within,77,"('Dp1Yey', 'VEH')",1.0,0.40433372497558595,0.4007421815395355,0.41187141835689545,664
dmn_within,77,"('Dp1Yey', 'VEH')",5.0,0.42476136088371275,0.417502760887146,0.4285246104001999,664
dmn_within,77,"('Dp1Yey', 'VEH')",50.0,0.590254619717598,0.5727183818817139,0.5968520939350128,664
dmn_within,77,"('Dp1Yey', 'VEH')",95.0,0.6760478168725967,0.6732703790068626,0.6782545745372772,664
dmn_within,77,"('Dp1Yey', 'VEH')",99.0,0.6821868994832039,0.6810166835784912,0.6840412977337837,664
dmn_within,77,"('Dp1Yey', 'LCTB92')",1.0,0.23804333806037903,0.2357654458284378,0.23890158474445344,1064
dmn_within,77,"('Dp1Yey', 'LCTB92')",5.0,0.24423503279685974,0.24269852794706823,0.2468494713306427,1064
dmn_within,77,"('Dp1Yey', 'LCTB92')",50.0,0.3377554714679718,0.3318620026111603,0.3420223593711853,1064
dmn_within,77,"('Dp1Yey', 'LCTB92')",95.0,0.4870294481515884,0.48016583919525146,0.4890308856964111,1064
dmn_within,77,"('Dp1Yey', 'LCTB92')",99.0,0.5120731961727142,0.5058540105819702,0.5190267652273176,1064
dmn_within,77,"('Dp1Yey', 'VEH')",1.0,0.4069997429847717,0.4056834423542023,0.4080955106019974,1064
dmn_within,77,"('Dp1Yey', 'VEH')",5.0,0.41845445334911346,0.4136959910392761,0.42375929057598116,1064
dmn_within,77,"('Dp1Yey', 'VEH')",50.0,0.4923132658004761,0.48724162578582764,0.4994279444217682,1064
dmn_within,77,"('Dp1Yey', 'VEH')",95.0,0.5999111533164978,0.5948032140731812,0.6022419144213199,1064
dmn_within,77,"('Dp1Yey', 'VEH')",99.0,0.6114035579562187,0.6068031376600265,0.6180278389006851,1064
dmn_within,78,"('Dp1Yey', 'LCTB92')",1.0,0.3519699001312256,0.34386039435863497,0.362490713596344,652
dmn_within,78,"('Dp1Yey', 'LCTB92')",5.0,0.38757939338684083,0.3789293557405472,0.39316659271717075,652
dmn_within,78,"('Dp1Yey', 'LCTB92')",50.0,0.48478204011917114,0.4745275378227234,0.49281102418899536,652
dmn_within,78,"('Dp1Yey', 'LCTB92')",95.0,0.5758824437856674,0.5719165802001953,0.5783216491341591,652
dmn_within,78,"('Dp1Yey', 'LCTB92')",99.0,0.5851469910144806,0.581416042149067,0.58746737241745,652
dmn_within,78,"('Dp1Yey', 'VEH')",1.0,0.4035170692205429,0.3999484181404114,0.41158634424209595,652
dmn_within,78,"('Dp1Yey', 'VEH')",5.0,0.42367422580718994,0.4167018532752991,0.42895052567124364,652
dmn_within,78,"('Dp1Yey', 'VEH')",50.0,0.5881046950817108,0.575005528703332,0.5962867267429829,652
dmn_within,78,"('Dp1Yey', 'VEH')",95.0,0.6741548299789428,0.6721744000911712,0.6759739726781845,652
dmn_within,78,"('Dp1Yey', 'VEH')",99.0,0.6801848316192627,0.6785788834095001,0.6827658495306969,652
dmn_within,78,"('Dp1Yey', 'LCTB92')",1.0,0.2346389502286911,0.2328775429725647,0.23791663646697997,1052
dmn_within,78,"('Dp1Yey', 'LCTB92')",5.0,0.24277306497097015,0.2407757280021906,0.24590468406677246,1052
dmn_within,78,"('Dp1Yey', 'LCTB92')",50.0,0.332829087972641,0.32816323861479757,0.3374272122979164,1052
dmn_within,78,"('Dp1Yey', 'LCTB92')",95.0,0.4827330321073532,0.47596241787076,0.4859302043914795,1052
dmn_within,78,"('Dp1Yey', 'LCTB92')",99.0,0.5027289938926697,0.4949496072530747,0.5090903455018997,1052
dmn_within,78,"('Dp1Yey', 'VEH')",1.0,0.4019739586114883,0.39909799277782443,0.40613824129104614,1052
dmn_within,78,"('Dp1Yey', 'VEH')",5.0,0.41723082959651947,0.41307786606252195,0.41945176422595976,1052
dmn_within,78,"('Dp1Yey', 'VEH')",50.0,0.4885639548301697,0.4832713633775711,0.49454412013292315,1052
dmn_within,78,"('Dp1Yey', 'VEH')",95.0,0.5932483360171318,0.5891055464744568,0.5968929376453161,1052
dmn_within,78,"('Dp1Yey', 'VEH')",99.0,0.6072023084759712,0.6038968861103058,0.6113971257209778,1052
dmn_within,79,"('Dp1Yey', 'LCTB92')",1.0,0.34817471086978913,0.33976373851299285,0.3670908099412918,640
dmn_within,79,"('Dp1Yey', 'LCTB92')",5.0,0.39596090614795687,0.38477039337158203,0.40284677445888517,640
dmn_within,79,"('Dp1Yey', 'LCTB92')",50.0,0.4806393086910248,0.4710417687892914,0.49430284947156905,640
dmn_within,79,"('Dp1Yey', 'LCTB92')",95.0,0.5721352696418762,0.5689722001552582,0.5758837863802909,640
dmn_within,79,"('Dp1Yey', 'LCTB92')",99.0,0.5859495770931243,0.5826330983638763,0.5881861853599548,640
dmn_within,79,"('Dp1Yey', 'VEH')",1.0,0.40865561604499817,0.40476224780082704,0.4137714127600193,640
dmn_within,79,"('Dp1Yey', 'VEH')",5.0,0.42428415417671206,0.41788609862327575,0.42806533306837075,640
dmn_within,79,"('Dp1Yey', 'VEH')",50.0,0.5884357243776321,0.5760931577533484,0.5954433016479015,640
dmn_within,79,"('Dp1Yey', 'VEH')",95.0,0.6712065547704696,0.6690486624836922,0.6738791231438518,640
dmn_within,79,"('Dp1Yey', 'VEH')",99.0,0.6807006466388702,0.677009791135788,0.6826961159706115,640
dmn_within,79,"('Dp1Yey', 'LCTB92')",1.0,0.23305513620376586,0.23165546655654906,0.23653706002235408,1040
dmn_within,79,"('Dp1Yey', 'LCTB92')",5.0,0.2416136234998703,0.24023443460464478,0.2430781126022339,1040
dmn_within,79,"('Dp1Yey', 'LCTB92')",50.0,0.32891568541526794,0.3236215949058533,0.33234404027462006,1040
dmn_within,79,"('Dp1Yey', 'LCTB92')",95.0,0.47550793886184684,0.4723964989185333,0.4815188229084015,1040
dmn_within,79,"('Dp1Yey', 'LCTB92')",99.0,0.49368813395500144,0.48869769334793084,0.5026458296179764,1040
dmn_within,79,"('Dp1Yey', 'VEH')",1.0,0.39788073420524595,0.39469342876970764,0.40415040135383606,1040
dmn_within,79,"('Dp1Yey', 'VEH')",5.0,0.4179444074630737,0.4131387623399496,0.4209287762641907,1040
dmn_within,79,"('Dp1Yey', 'VEH')",50.0,0.4838462173938751,0.4785380572080612,0.490262958407402,1040
dmn_within,79,"('Dp1Yey', 'VEH')",95.0,0.5870935037732125,0.5841653645038605,0.5909661740064621,1040
dmn_within,79,"('Dp1Yey', 'VEH')",99.0,0.5994759935140609,0.5965042412281036,0.602219580411911,1040
dmn_within,7,"('Dp1Yey', 'LCTB92')",1.0,0.7292739644646644,0.7216064929962158,0.7437180551886559,1504
dmn_within,7,"('Dp1Yey', 'LCTB92')",5.0,0.7835191316902638,0.7765461479499937,0.7950386695563794,1504
dmn_within,7,"('Dp1Yey', 'LCTB92')",50.0,0.9300018176436424,0.925568014383316,0.9347898451611399,1504
dmn_within,7,"('Dp1Yey', 'LCTB92')",95.0,1.013079086272046,1.0081146536394954,1.0160616617649794,1504
dmn_within,7,"('Dp1Yey', 'LCTB92')",99.0,1.0354532400146126,1.0294622797332704,1.0440543927252293,1504
dmn_within,7,"('Dp1Yey', 'VEH')",1.0,0.7238749703764915,0.703133761882782,0.7461971256136894,1504
dmn_within,7,"('Dp1Yey', 'VEH')",5.0,0.8189134389162064,0.8004553392529488,0.8294932298362255,1504
dmn_within,7,"('Dp1Yey', 'VEH')",50.0,0.9594161007553339,0.9533230305649341,0.964773888560012,1504
dmn_within,7,"('Dp1Yey', 'VEH')",95.0,1.0407662609592079,1.0345841499045492,1.0451887829229236,1504
dmn_within,7,"('Dp1Yey', 'VEH')",99.0,1.0631243093311786,1.0585946301305666,1.0682930573821068,1504
dmn_within,7,"('Dp1Yey', 'LCTB92')",1.0,0.46013593673706055,0.43752914667129517,0.48927717745304106,1904
dmn_within,7,"('Dp1Yey', 'LCTB92')",5.0,0.5755241677165032,0.5606072202324868,0.5960117846727371,1904
dmn_within,7,"('Dp1Yey', 'LCTB92')",50.0,0.8559816628694534,0.8492621198296547,0.8649475261569023,1904
dmn_within,7,"('Dp1Yey', 'LCTB92')",95.0,1.0019709255080669,0.9949709684122353,1.0072102428879588,1904
dmn_within,7,"('Dp1Yey', 'LCTB92')",99.0,1.0405214599147439,1.0313337221741676,1.0468188263475895,1904
dmn_within,7,"('Dp1Yey', 'VEH')",1.0,0.671315168440342,0.6603826493024826,0.6976530194282532,1904
dmn_within,7,"('Dp1Yey', 'VEH')",5.0,0.7867683939635753,0.7719708830118179,0.7987357348203659,1904
dmn_within,7,"('Dp1Yey', 'VEH')",50.0,0.9398710299283266,0.9363418836146593,0.9435700608883053,1904
dmn_within,7,"('Dp1Yey', 'VEH')",95.0,1.0286627813242375,1.021709480229765,1.0334067685529589,1904
dmn_within,7,"('Dp1Yey', 'VEH')",99.0,1.0647884675860406,1.0554077376052737,1.0784357815980914,1904
dmn_within,80,"('Dp1Yey', 'LCTB92')",1.0,0.36627075374126433,0.35252768456935885,0.3750567442178726,628
dmn_within,80,"('Dp1Yey', 'LCTB92')",5.0,0.3993478059768677,0.3891239404678345,0.4088683945685625,628
dmn_within,80,"('Dp1Yey', 'LCTB92')",50.0,0.47871169447898865,0.4709581434726715,0.4962824873626232,628
dmn_within,80,"('Dp1Yey', 'LCTB92')",95.0,0.5701661884784698,0.5647813677787781,0.5768123112618923,628
dmn_within,80,"('Dp1Yey', 'LCTB92')",99.0,0.586378148496151,0.5822905060350896,0.5879111045598984,628
dmn_within,80,"('Dp1Yey', 'VEH')",1.0,0.4148161333799362,0.4122267580032349,0.41842788994312285,628
dmn_within,80,"('Dp1Yey', 'VEH')",5.0,0.42410305738449094,0.42115187786519526,0.4278789222240448,628
dmn_within,80,"('Dp1Yey', 'VEH')",50.0,0.5864263325929642,0.5740712732076645,0.5952254634350538,628
dmn_within,80,"('Dp1Yey', 'VEH')",95.0,0.6712455838918686,0.6680076111853123,0.6752283230423927,628
dmn_within,80,"('Dp1Yey', 'VEH')",99.0,0.6797150057554245,0.6775358346104622,0.6833535432815552,628
dmn_within,80,"('Dp1Yey', 'LCTB92')",1.0,0.2316605693101883,0.2305740637332201,0.2344574499130249,1028
dmn_within,80,"('Dp1Yey', 'LCTB92')",5.0,0.2398299217224121,0.23856237530708313,0.24141107000410558,1028
dmn_within,80,"('Dp1Yey', 'LCTB92')",50.0,0.3247402012348175,0.3193035125732422,0.32803839445114136,1028
dmn_within,80,"('Dp1Yey', 'LCTB92')",95.0,0.47222247123718264,0.46287238597869873,0.4760844457894563,1028
dmn_within,80,"('Dp1Yey', 'LCTB92')",99.0,0.48702138125896455,0.48287636041641235,0.49257743775844576,1028
dmn_within,80,"('Dp1Yey', 'VEH')",1.0,0.3954909360408783,0.39459930300712587,0.3998337072134018,1028
dmn_within,80,"('Dp1Yey', 'VEH')",5.0,0.41662264466285703,0.4132148027420044,0.41965544819831846,1028
dmn_within,80,"('Dp1Yey', 'VEH')",50.0,0.47961312532424927,0.4761769771575928,0.48472511768341064,1028
dmn_within,80,"('Dp1Yey', 'VEH')",95.0,0.5828157722949981,0.5789512944966555,0.5847038626670837,1028
dmn_within,80,"('Dp1Yey', 'VEH')",99.0,0.5933317729830742,0.5907104214057327,0.5961529922485351,1028
dmn_within,81,"('Dp1Yey', 'LCTB92')",1.0,0.3863023787736893,0.37596645653247834,0.39285556972026825,616
dmn_within,81,"('Dp1Yey', 'LCTB92')",5.0,0.409123957157135,0.398123562335968,0.41408487111330033,616
dmn_within,81,"('Dp1Yey', 'LCTB92')",50.0,0.47907862067222595,0.46940278485417364,0.500296026468277,616
dmn_within,81,"('Dp1Yey', 'LCTB92')",95.0,0.5673531070351601,0.5609045183286071,0.5704092383384705,616
dmn_within,81,"('Dp1Yey', 'LCTB92')",99.0,0.5831476911902428,0.5766748785972595,0.5868176475167275,616
dmn_within,81,"('Dp1Yey', 'VEH')",1.0,0.41714784502983093,0.4154333312809467,0.42012637853622437,616
dmn_within,81,"('Dp1Yey', 'VEH')",5.0,0.4259425848722458,0.4244142174720764,0.43030035495758057,616
dmn_within,81,"('Dp1Yey', 'VEH')",50.0,0.584732249379158,0.5759004984050989,0.5914548337459564,616
dmn_within,81,"('Dp1Yey', 'VEH')",95.0,0.6699832379817963,0.6665243867784738,0.6740309596061707,616
dmn_within,81,"('Dp1Yey', 'VEH')",99.0,0.6802851855754852,0.677080312743783,0.6828985333442689,616
dmn_within,81,"('Dp1Yey', 'LCTB92')",1.0,0.22669486403465272,0.22405847907066345,0.2308714900165796,1016
dmn_within,81,"('Dp1Yey', 'LCTB92')",5.0,0.2372235804796219,0.23539841175079346,0.23923182487487793,1016
dmn_within,81,"('Dp1Yey', 'LCTB92')",50.0,0.3198395073413849,0.31650522351264954,0.3236432671546936,1016
dmn_within,81,"('Dp1Yey', 'LCTB92')",95.0,0.46374912559986115,0.4585646986961365,0.4689142405986786,1016
dmn_within,81,"('Dp1Yey', 'LCTB92')",99.0,0.4797970175743103,0.4765312224626541,0.48380895853042605,1016
dmn_within,81,"('Dp1Yey', 'VEH')",1.0,0.39511231780052186,0.393535178899765,0.3994110941886902,1016
dmn_within,81,"('Dp1Yey', 'VEH')",5.0,0.41253891587257385,0.40810251235961914,0.41537056863307953,1016
dmn_within,81,"('Dp1Yey', 'VEH')",50.0,0.4755966365337372,0.4727405644953251,0.4788146913051605,1016
dmn_within,81,"('Dp1Yey', 'VEH')",95.0,0.5797110348939896,0.5741308331489563,0.5814684107899666,1016
dmn_within,81,"('Dp1Yey', 'VEH')",99.0,0.5869631260633469,0.5856899797916413,0.5890318766236305,1016
dmn_within,82,"('Dp1Yey', 'LCTB92')",1.0,0.4036670392751694,0.3988518661260605,0.4101138519346714,604
dmn_within,82,"('Dp1Yey', 'LCTB92')",5.0,0.4141281932592392,0.4123640833795071,0.4165436029434204,604
dmn_within,82,"('Dp1Yey', 'LCTB92')",50.0,0.4820612370967865,0.4679019547998905,0.5024398565292358,604
dmn_within,82,"('Dp1Yey', 'LCTB92')",95.0,0.5632291704416275,0.5567671224474907,0.5662056758999825,604
dmn_within,82,"('Dp1Yey', 'LCTB92')",99.0,0.5730946561694146,0.5698139622807503,0.5787486052513123,604
dmn_within,82,"('Dp1Yey', 'VEH')",1.0,0.41817344844341275,0.4140370535850525,0.4201454520225525,604
dmn_within,82,"('Dp1Yey', 'VEH')",5.0,0.42732707858085633,0.4243162274360657,0.43217748403549194,604
dmn_within,82,"('Dp1Yey', 'VEH')",50.0,0.5814086347818375,0.5740335285663605,0.5878475308418274,604
dmn_within,82,"('Dp1Yey', 'VEH')",95.0,0.6690483927726746,0.6627571597695351,0.6735231743380428,604
dmn_within,82,"('Dp1Yey', 'VEH')",99.0,0.6805660417675973,0.676606972500682,0.6876736305877568,604
dmn_within,82,"('Dp1Yey', 'LCTB92')",1.0,0.22395534873008727,0.22336512923240662,0.22567936182022094,1004
dmn_within,82,"('Dp1Yey', 'LCTB92')",5.0,0.2339726746082306,0.2312406450510025,0.23635774850845337,1004
dmn_within,82,"('Dp1Yey', 'LCTB92')",50.0,0.3162054121494293,0.3129665270447731,0.3189810514450073,1004
dmn_within,82,"('Dp1Yey', 'LCTB92')",95.0,0.45651681423187246,0.453830436989665,0.46077864170074456,1004
dmn_within,82,"('Dp1Yey', 'LCTB92')",99.0,0.47631581425666814,0.47210842728614805,0.4780697327852249,1004
dmn_within,82,"('Dp1Yey', 'VEH')",1.0,0.39497881531715395,0.39289897441864013,0.3968504673242569,1004
dmn_within,82,"('Dp1Yey', 'VEH')",5.0,0.41053529977798464,0.40660709142684937,0.41399073600769043,1004
dmn_within,82,"('Dp1Yey', 'VEH')",50.0,0.47322383522987366,0.4694437086582184,0.47548783347010615,1004
dmn_within,82,"('Dp1Yey', 'VEH')",95.0,0.5734005481004715,0.568511962890625,0.5791627883911132,1004
dmn_within,82,"('Dp1Yey', 'VEH')",99.0,0.5839493867754936,0.5831160950660705,0.585160066485405,1004
dmn_within,83,"('Dp1Yey', 'LCTB92')",1.0,0.41152982771396635,0.4105880856513977,0.4139809900522232,592
dmn_within,83,"('Dp1Yey', 'LCTB92')",5.0,0.4171485275030136,0.41555577516555786,0.42016291074454787,592
dmn_within,83,"('Dp1Yey', 'LCTB92')",50.0,0.4835752546787262,0.470131516456604,0.5009985715150833,592
dmn_within,83,"('Dp1Yey', 'LCTB92')",95.0,0.5562215015292168,0.5537671267986297,0.5607422144338489,592
dmn_within,83,"('Dp1Yey', 'LCTB92')",99.0,0.5666675201058388,0.5651755672693253,0.568692535161972,592
dmn_within,83,"('Dp1Yey', 'VEH')",1.0,0.4143788015842438,0.4109521508216858,0.41876453752815723,592
dmn_within,83,"('Dp1Yey', 'VEH')",5.0,0.4268485575914383,0.42291778028011323,0.43027188777923586,592
dmn_within,83,"('Dp1Yey', 'VEH')",50.0,0.5751250088214874,0.5709149539470673,0.5805025860667229,592
dmn_within,83,"('Dp1Yey', 'VEH')",95.0,0.6661275431513787,0.6628469526767731,0.6709137558937072,592
dmn_within,83,"('Dp1Yey', 'VEH')",99.0,0.6815369468927385,0.6774037498235703,0.6874192357063293,592
dmn_within,83,"('Dp1Yey', 'LCTB92')",1.0,0.2201604551076889,0.21802979707717896,0.22337085962295533,992
dmn_within,83,"('Dp1Yey', 'LCTB92')",5.0,0.23051006197929383,0.22813983157277107,0.23320171535015105,992
dmn_within,83,"('Dp1Yey', 'LCTB92')",50.0,0.31316062808036804,0.30932268500328064,0.31617738902568815,992
dmn_within,83,"('Dp1Yey', 'LCTB92')",95.0,0.451914444565773,0.4490536481142044,0.45494753122329706,992
dmn_within,83,"('Dp1Yey', 'LCTB92')",99.0,0.4734070444107056,0.4657364519387486,0.4750338810682297,992
dmn_within,83,"('Dp1Yey', 'VEH')",1.0,0.3879039144515991,0.3835030198097229,0.3962413090467453,992
dmn_within,83,"('Dp1Yey', 'VEH')",5.0,0.41097792983055115,0.4048952326178551,0.4140577687323094,992
dmn_within,83,"('Dp1Yey', 'VEH')",50.0,0.47099563479423523,0.4668428897857666,0.47372966557741164,992
dmn_within,83,"('Dp1Yey', 'VEH')",95.0,0.5705260172486305,0.5651722422614693,0.5762028396129608,992
dmn_within,83,"('Dp1Yey', 'VEH')",99.0,0.5859066241979599,0.5827190962433815,0.5884087383747101,992
dmn_within,84,"('Dp1Yey', 'LCTB92')",1.0,0.41217399656772613,0.40858811140060425,0.41545623540878296,580
dmn_within,84,"('Dp1Yey', 'LCTB92')",5.0,0.41867822110652925,0.4170029044151306,0.42234158515930176,580
dmn_within,84,"('Dp1Yey', 'LCTB92')",50.0,0.4882417619228363,0.47921687364578247,0.49755099415779114,580
dmn_within,84,"('Dp1Yey', 'LCTB92')",95.0,0.5515900582075118,0.5489733278751373,0.555984729528427,580
dmn_within,84,"('Dp1Yey', 'LCTB92')",99.0,0.5624946802854538,0.5604224809855223,0.5638951659202576,580
dmn_within,84,"('Dp1Yey', 'VEH')",1.0,0.4097981870174408,0.4080234169960022,0.41440075635910034,580
dmn_within,84,"('Dp1Yey', 'VEH')",5.0,0.4224961459636688,0.4172341704368591,0.42763154178857804,580
dmn_within,84,"('Dp1Yey', 'VEH')",50.0,0.5713850259780884,0.5683391243219376,0.5761579643934965,580
dmn_within,84,"('Dp1Yey', 'VEH')",95.0,0.6689905658364296,0.6621405124664307,0.6720700553804636,580
dmn_within,84,"('Dp1Yey', 'VEH')",99.0,0.6772988843917847,0.6752661093845964,0.6804370284080505,580
dmn_within,84,"('Dp1Yey', 'LCTB92')",1.0,0.2137542575597763,0.212099352478981,0.2193897956609726,980
dmn_within,84,"('Dp1Yey', 'LCTB92')",5.0,0.22886619865894317,0.22591114044189453,0.2309948056936264,980
dmn_within,84,"('Dp1Yey', 'LCTB92')",50.0,0.3112930953502655,0.30624193474650385,0.3151401422917843,980
dmn_within,84,"('Dp1Yey', 'LCTB92')",95.0,0.4471329152584076,0.44349592134356497,0.4503887891769409,980
dmn_within,84,"('Dp1Yey', 'LCTB92')",99.0,0.4653030705451966,0.45721273575723176,0.47150152921676636,980
dmn_within,84,"('Dp1Yey', 'VEH')",1.0,0.38641290068626405,0.38187551498413086,0.39161823749542235,980
dmn_within,84,"('Dp1Yey', 'VEH')",5.0,0.4083676367998123,0.40330958366394043,0.41101528294384476,980
dmn_within,84,"('Dp1Yey', 'VEH')",50.0,0.46937233209609985,0.4655666254460812,0.4735279083251953,980
dmn_within,84,"('Dp1Yey', 'VEH')",95.0,0.5680066302418708,0.564585953950882,0.5723147988319397,980
dmn_within,84,"('Dp1Yey', 'VEH')",99.0,0.5820141825079918,0.5798091849684716,0.5832391068339348,980
dmn_within,85,"('Dp1Yey', 'LCTB92')",1.0,0.4109454756975174,0.4090225100517273,0.41386680901050565,568
dmn_within,85,"('Dp1Yey', 'LCTB92')",5.0,0.42049485743045806,0.4174038380384445,0.4241923183202744,568
dmn_within,85,"('Dp1Yey', 'LCTB92')",50.0,0.48870375752449036,0.4826870128512383,0.4975093603134155,568
dmn_within,85,"('Dp1Yey', 'LCTB92')",95.0,0.5479904249310493,0.5464298456907273,0.5497252821922303,568
dmn_within,85,"('Dp1Yey', 'LCTB92')",99.0,0.5564857840538024,0.5520100891590118,0.5588241517543793,568
dmn_within,85,"('Dp1Yey', 'VEH')",1.0,0.4097274774312973,0.40792590379714966,0.4118127226829529,568
dmn_within,85,"('Dp1Yey', 'VEH')",5.0,0.4161381721496582,0.4141214698553085,0.4193890064954758,568
dmn_within,85,"('Dp1Yey', 'VEH')",50.0,0.5713516473770142,0.5674727514386178,0.5762421637773514,568
dmn_within,85,"('Dp1Yey', 'VEH')",95.0,0.6666319146752357,0.6622647851705551,0.6694462105631829,568
dmn_within,85,"('Dp1Yey', 'VEH')",99.0,0.6746981680393219,0.6730638720318675,0.6788887679576874,568
dmn_within,85,"('Dp1Yey', 'LCTB92')",1.0,0.21035714864730834,0.20733743906021118,0.21291064083576203,968
dmn_within,85,"('Dp1Yey', 'LCTB92')",5.0,0.22729424238204957,0.22204256057739258,0.2299442295730114,968
dmn_within,85,"('Dp1Yey', 'LCTB92')",50.0,0.30950334668159485,0.3001224994659424,0.3137269616127014,968
dmn_within,85,"('Dp1Yey', 'LCTB92')",95.0,0.4425000101327896,0.4387346476316452,0.4480029344558716,968
dmn_within,85,"('Dp1Yey', 'LCTB92')",99.0,0.45740936219692246,0.45289924800395964,0.4628570580482483,968
dmn_within,85,"('Dp1Yey', 'VEH')",1.0,0.3878272420167923,0.3864938485622406,0.391346937417984,968
dmn_within,85,"('Dp1Yey', 'VEH')",5.0,0.4027725160121918,0.3992559164762497,0.4080175429582596,968
dmn_within,85,"('Dp1Yey', 'VEH')",50.0,0.4672403633594513,0.46380149126052855,0.4711497724056244,968
dmn_within,85,"('Dp1Yey', 'VEH')",95.0,0.566537594795227,0.5619619549810887,0.5704263910651207,968
dmn_within,85,"('Dp1Yey', 'VEH')",99.0,0.5770306915044785,0.5738013359904289,0.5791028189659119,968
dmn_within,86,"('Dp1Yey', 'LCTB92')",1.0,0.4106622993946075,0.4081777334213257,0.4131506681442261,556
dmn_within,86,"('Dp1Yey', 'LCTB92')",5.0,0.41884593665599823,0.41701656579971313,0.4236321449279785,556
dmn_within,86,"('Dp1Yey', 'LCTB92')",50.0,0.48981717228889465,0.4797049403190613,0.49928597286343573,556
dmn_within,86,"('Dp1Yey', 'LCTB92')",95.0,0.5467051640152931,0.5434968397021294,0.5495764877647161,556
dmn_within,86,"('Dp1Yey', 'LCTB92')",99.0,0.5528031289577484,0.5509297817945481,0.5540911257266998,556
dmn_within,86,"('Dp1Yey', 'VEH')",1.0,0.40356542468070983,0.3968570828437805,0.41010251343250276,556
dmn_within,86,"('Dp1Yey', 'VEH')",5.0,0.4147859662771225,0.4115031957626343,0.41667401790618896,556
dmn_within,86,"('Dp1Yey', 'VEH')",50.0,0.5713969469070435,0.5678627986460925,0.5756500512361526,556
dmn_within,86,"('Dp1Yey', 'VEH')",95.0,0.6630157604813576,0.6612176597118378,0.6654877588152885,556
dmn_within,86,"('Dp1Yey', 'VEH')",99.0,0.6732391938567162,0.6700122192502023,0.6745053231716156,556
dmn_within,86,"('Dp1Yey', 'LCTB92')",1.0,0.2054527372121811,0.20356208086013794,0.21086978018283845,956
dmn_within,86,"('Dp1Yey', 'LCTB92')",5.0,0.22334697842597961,0.21568018198013306,0.22820331528782845,956
dmn_within,86,"('Dp1Yey', 'LCTB92')",50.0,0.30379346013069153,0.2938993781805038,0.3111030556261539,956
dmn_within,86,"('Dp1Yey', 'LCTB92')",95.0,0.43870405852794647,0.4360104650259018,0.44253191351890564,956
dmn_within,86,"('Dp1Yey', 'LCTB92')",99.0,0.4550123274326324,0.4504746198654175,0.45681698918342595,956
dmn_within,86,"('Dp1Yey', 'VEH')",1.0,0.39190668761730196,0.3877875000238419,0.39534715116024016,956
dmn_within,86,"('Dp1Yey', 'VEH')",5.0,0.4008353650569916,0.3996291905641556,0.40306444838643074,956
dmn_within,86,"('Dp1Yey', 'VEH')",50.0,0.46478885412216187,0.45985058769583703,0.46877503097057344,956
dmn_within,86,"('Dp1Yey', 'VEH')",95.0,0.562063992023468,0.5586045458912849,0.5667165517807007,956
dmn_within,86,"('Dp1Yey', 'VEH')",99.0,0.5714015141129494,0.5690591037273407,0.5727458134293556,956
dmn_within,87,"('Dp1Yey', 'LCTB92')",1.0,0.41155145347118377,0.40934228897094727,0.41385948181152343,544
dmn_within,87,"('Dp1Yey', 'LCTB92')",5.0,0.41774532198905945,0.4154710054397583,0.42238080501556396,544
dmn_within,87,"('Dp1Yey', 'LCTB92')",50.0,0.4898768365383148,0.47947302982211115,0.4998916983604431,544
dmn_within,87,"('Dp1Yey', 'LCTB92')",95.0,0.5427296802401542,0.5411625504493713,0.5442955017089843,544
dmn_within,87,"('Dp1Yey', 'LCTB92')",99.0,0.5485001161694527,0.5456259712576866,0.5508560240268707,544
dmn_within,87,"('Dp1Yey', 'VEH')",1.0,0.39626206398010255,0.38762444257736206,0.400900242626667,544
dmn_within,87,"('Dp1Yey', 'VEH')",5.0,0.4129116714000702,0.41003698110580444,0.4143672823905945,544
dmn_within,87,"('Dp1Yey', 'VEH')",50.0,0.5697326213121414,0.5670185528695584,0.5762802712619305,544
dmn_within,87,"('Dp1Yey', 'VEH')",95.0,0.6619603857398033,0.6577485652640462,0.6632927387952805,544
dmn_within,87,"('Dp1Yey', 'VEH')",99.0,0.6673456659913064,0.6643551650643349,0.6694702208042145,544
dmn_within,87,"('Dp1Yey', 'LCTB92')",1.0,0.20374503672122957,0.20129066705703735,0.2066677212715149,944
dmn_within,87,"('Dp1Yey', 'LCTB92')",5.0,0.21732843518257142,0.2139487862586975,0.22128765583038332,944
dmn_within,87,"('Dp1Yey', 'LCTB92')",50.0,0.29963234066963196,0.2871299982070923,0.3058279179036617,944
dmn_within,87,"('Dp1Yey', 'LCTB92')",95.0,0.43478702306747435,0.4318924218416214,0.4378540515899658,944
dmn_within,87,"('Dp1Yey', 'LCTB92')",99.0,0.4513990414142608,0.44691538155078886,0.45729376196861266,944
dmn_within,87,"('Dp1Yey', 'VEH')",1.0,0.39259411454200743,0.3918292869180441,0.393731461673975,944
dmn_within,87,"('Dp1Yey', 'VEH')",5.0,0.4015710085630417,0.3986916959285736,0.4033214644342661,944
dmn_within,87,"('Dp1Yey', 'VEH')",50.0,0.4610258936882019,0.45796069502830505,0.4662017822265625,944
dmn_within,87,"('Dp1Yey', 'VEH')",95.0,0.5542483985424042,0.549082338809967,0.5615561991930007,944
dmn_within,87,"('Dp1Yey', 'VEH')",99.0,0.5688180190324783,0.5662168860435486,0.5698422676324844,944
dmn_within,88,"('Dp1Yey', 'LCTB92')",1.0,0.41015672624111177,0.40763169527053833,0.4122461676597595,532
dmn_within,88,"('Dp1Yey', 'LCTB92')",5.0,0.4166457116603851,0.4142259359359741,0.42086535394191743,532
dmn_within,88,"('Dp1Yey', 'LCTB92')",50.0,0.4924243092536926,0.4808679521083832,0.5040919966995716,532
dmn_within,88,"('Dp1Yey', 'LCTB92')",95.0,0.5398074805736541,0.5384137257933617,0.5414440333843231,532
dmn_within,88,"('Dp1Yey', 'LCTB92')",99.0,0.5452545914053917,0.5436829182505607,0.5480475425720215,532
dmn_within,88,"('Dp1Yey', 'VEH')",1.0,0.3966181093454361,0.38926440477371216,0.3998517692089081,532
dmn_within,88,"('Dp1Yey', 'VEH')",5.0,0.41061489284038544,0.4043388366699219,0.41325907707214354,532
dmn_within,88,"('Dp1Yey', 'VEH')",50.0,0.566918134689331,0.5633366852998734,0.5733907770365476,532
dmn_within,88,"('Dp1Yey', 'VEH')",95.0,0.6571185886859894,0.65560352653265,0.6595465695858002,532
dmn_within,88,"('Dp1Yey', 'VEH')",99.0,0.6628354653716088,0.6605676412582397,0.664279967546463,532
dmn_within,88,"('Dp1Yey', 'LCTB92')",1.0,0.2026013594865799,0.20102309167385102,0.20392351150512694,932
dmn_within,88,"('Dp1Yey', 'LCTB92')",5.0,0.21479421257972717,0.20891712605953217,0.21954363584518433,932
dmn_within,88,"('Dp1Yey', 'LCTB92')",50.0,0.29528534412384033,0.2765873670578003,0.3014553189277649,932
dmn_within,88,"('Dp1Yey', 'LCTB92')",95.0,0.4324628353118896,0.4255073457956314,0.4345002621412277,932
dmn_within,88,"('Dp1Yey', 'LCTB92')",99.0,0.45188411295413966,0.44277068853378276,0.4563282883167266,932
dmn_within,88,"('Dp1Yey', 'VEH')",1.0,0.391862508058548,0.3898417526483536,0.3927572458982468,932
dmn_within,88,"('Dp1Yey', 'VEH')",5.0,0.4003401130437851,0.39854819178581236,0.4024868453294039,932
dmn_within,88,"('Dp1Yey', 'VEH')",50.0,0.4583342969417572,0.4545817971229553,0.4618053436279297,932
dmn_within,88,"('Dp1Yey', 'VEH')",95.0,0.5459435373544693,0.5422712221741677,0.5551142081618305,932
dmn_within,88,"('Dp1Yey', 'VEH')",99.0,0.5669950324296952,0.5650781111866235,0.5685147735476493,932
dmn_within,89,"('Dp1Yey', 'LCTB92')",1.0,0.4068456757068634,0.40588802099227905,0.4115146118402481,520
dmn_within,89,"('Dp1Yey', 'LCTB92')",5.0,0.41643021404743197,0.41433851420879364,0.42044597864151,520
dmn_within,89,"('Dp1Yey', 'LCTB92')",50.0,0.4956412613391876,0.48451319336891174,0.506175196915865,520
dmn_within,89,"('Dp1Yey', 'LCTB92')",95.0,0.5404261097311973,0.5376426383852959,0.5427439510822296,520
dmn_within,89,"('Dp1Yey', 'LCTB92')",99.0,0.5480328327417373,0.5440537664294243,0.5497013628482819,520
dmn_within,89,"('Dp1Yey', 'VEH')",1.0,0.397193044424057,0.3914310932159424,0.39851524293422697,520
dmn_within,89,"('Dp1Yey', 'VEH')",5.0,0.4109841376543045,0.4036150100827217,0.41370282173156736,520
dmn_within,89,"('Dp1Yey', 'VEH')",50.0,0.5660862475633621,0.5608391463756561,0.5714928936213255,520
dmn_within,89,"('Dp1Yey', 'VEH')",95.0,0.653072053194046,0.6501181691884994,0.6554773047566413,520
dmn_within,89,"('Dp1Yey', 'VEH')",99.0,0.6611612167954445,0.6588404870033264,0.6639236509799957,520
dmn_within,89,"('Dp1Yey', 'LCTB92')",1.0,0.20279915869235993,0.20078633427619935,0.20358646909892555,920
dmn_within,89,"('Dp1Yey', 'LCTB92')",5.0,0.2109238475561142,0.20755932927131654,0.21756238341331482,920
dmn_within,89,"('Dp1Yey', 'LCTB92')",50.0,0.2896408140659332,0.2669175863265991,0.2962833784520626,920
dmn_within,89,"('Dp1Yey', 'LCTB92')",95.0,0.42811107933521264,0.4185750484466553,0.43234023451805115,920
dmn_within,89,"('Dp1Yey', 'LCTB92')",99.0,0.44960308253765097,0.440673365727067,0.4534942138195038,920
dmn_within,89,"('Dp1Yey', 'VEH')",1.0,0.3874236160516739,0.38605660617351534,0.3896017855405807,920
dmn_within,89,"('Dp1Yey', 'VEH')",5.0,0.39983457922935484,0.3975963592529297,0.40330085486173634,920
dmn_within,89,"('Dp1Yey', 'VEH')",50.0,0.4556867778301239,0.4533103108406067,0.45857909321784973,920
dmn_within,89,"('Dp1Yey', 'VEH')",95.0,0.545355886220932,0.5421936810016632,0.5505950466170907,920
dmn_within,89,"('Dp1Yey', 'VEH')",99.0,0.5664389303326607,0.5627042766138911,0.5694427788257599,920
dmn_within,8,"('Dp1Yey', 'LCTB92')",1.0,0.6943071189522744,0.6819785407185555,0.7125908949971199,1492
dmn_within,8,"('Dp1Yey', 'LCTB92')",5.0,0.7586659409105778,0.7517728625796736,0.7723674975335598,1492
dmn_within,8,"('Dp1Yey', 'LCTB92')",50.0,0.910703532397747,0.9059823341667652,0.9166132317855954,1492
dmn_within,8,"('Dp1Yey', 'LCTB92')",95.0,1.0066406399942935,1.0000772917774157,1.0116429388988764,1492
dmn_within,8,"('Dp1Yey', 'LCTB92')",99.0,1.0348646176606418,1.0302740298211575,1.0415766054391857,1492
dmn_within,8,"('Dp1Yey', 'VEH')",1.0,0.7367099085450173,0.7259104147553443,0.7531514018774033,1492
dmn_within,8,"('Dp1Yey', 'VEH')",5.0,0.8183706074953079,0.8080351650714874,0.8266795925796032,1492
dmn_within,8,"('Dp1Yey', 'VEH')",50.0,0.9515130948275328,0.9470966700464487,0.9555239640176296,1492
dmn_within,8,"('Dp1Yey', 'VEH')",95.0,1.0334064476191998,1.0290932255797087,1.0388873666524887,1492
dmn_within,8,"('Dp1Yey', 'VEH')",99.0,1.06672109387815,1.0595303906500337,1.0705549666285514,1492
dmn_within,8,"('Dp1Yey', 'LCTB92')",1.0,0.4467661929130554,0.43316969454288484,0.4613714814186096,1892
dmn_within,8,"('Dp1Yey', 'LCTB92')",5.0,0.5366493433713913,0.5176821947097778,0.5533281490206718,1892
dmn_within,8,"('Dp1Yey', 'LCTB92')",50.0,0.8319613412022591,0.8226833790540695,0.8396461620926857,1892
dmn_within,8,"('Dp1Yey', 'LCTB92')",95.0,0.9835091387853026,0.9787590950727463,0.9920886186882854,1892
dmn_within,8,"('Dp1Yey', 'LCTB92')",99.0,1.0338448021188378,1.0238378837322815,1.038705892264843,1892
dmn_within,8,"('Dp1Yey', 'VEH')",1.0,0.628144054710865,0.6187848216816783,0.6744792246818543,1892
dmn_within,8,"('Dp1Yey', 'VEH')",5.0,0.754429753869772,0.7451890408992767,0.7721618519723416,1892
dmn_within,8,"('Dp1Yey', 'VEH')",50.0,0.9255235455930233,0.9215277719311417,0.9297115989029408,1892
dmn_within,8,"('Dp1Yey', 'VEH')",95.0,1.0189413604326547,1.0154115304816513,1.0224824491888285,1892
dmn_within,8,"('Dp1Yey', 'VEH')",99.0,1.0493766010552645,1.0390215472504496,1.0816644375771283,1892
dmn_within,90,"('Dp1Yey', 'LCTB92')",1.0,0.407276394367218,0.4055425524711609,0.411346098780632,508
dmn_within,90,"('Dp1Yey', 'LCTB92')",5.0,0.4161038726568222,0.4135366678237915,0.4205475449562073,508
dmn_within,90,"('Dp1Yey', 'LCTB92')",50.0,0.4921674430370331,0.48646833673119544,0.5005304664373398,508
dmn_within,90,"('Dp1Yey', 'LCTB92')",95.0,0.5441296264529228,0.5400599518418312,0.545832385122776,508
dmn_within,90,"('Dp1Yey', 'LCTB92')",99.0,0.5546461373567582,0.5477605298161506,0.558703750371933,508
dmn_within,90,"('Dp1Yey', 'VEH')",1.0,0.39678356766700745,0.39372193813323975,0.4012195134162903,508
dmn_within,90,"('Dp1Yey', 'VEH')",5.0,0.4093065023422241,0.40427682995796205,0.41432491019368173,508
dmn_within,90,"('Dp1Yey', 'VEH')",50.0,0.5645632296800613,0.5580006837844849,0.5726095736026764,508
dmn_within,90,"('Dp1Yey', 'VEH')",95.0,0.6485218241810798,0.6421315103769302,0.6525601148605347,508
dmn_within,90,"('Dp1Yey', 'VEH')",99.0,0.6590385881066322,0.655065293610096,0.6599313616752625,508
dmn_within,90,"('Dp1Yey', 'LCTB92')",1.0,0.20307470738887787,0.20151104509830475,0.20400649309158325,908
dmn_within,90,"('Dp1Yey', 'LCTB92')",5.0,0.2086086541414261,0.20642869174480438,0.21220628023147584,908
dmn_within,90,"('Dp1Yey', 'LCTB92')",50.0,0.28399592638015747,0.25844695046544075,0.29312190413475037,908
dmn_within,90,"('Dp1Yey', 'LCTB92')",95.0,0.42539950609207156,0.4145451220870017,0.43121677339076997,908
dmn_within,90,"('Dp1Yey', 'LCTB92')",99.0,0.4428422290086746,0.4400786883980035,0.4469453752040863,908
dmn_within,90,"('Dp1Yey', 'VEH')",1.0,0.3796192532777786,0.3753390681743622,0.38536614179611206,908
dmn_within,90,"('Dp1Yey', 'VEH')",5.0,0.400370317697525,0.3970261065661907,0.4035781383514404,908
dmn_within,90,"('Dp1Yey', 'VEH')",50.0,0.4541715979576111,0.4507659673690796,0.45605969429016113,908
dmn_within,90,"('Dp1Yey', 'VEH')",95.0,0.545428366959095,0.5425875209271908,0.5479288399219513,908
dmn_within,90,"('Dp1Yey', 'VEH')",99.0,0.5627667582035064,0.5582345128059387,0.5657301703095436,908
dmn_within,91,"('Dp1Yey', 'LCTB92')",1.0,0.40806842744350436,0.4069027781486511,0.41208124458789824,496
dmn_within,91,"('Dp1Yey', 'LCTB92')",5.0,0.4160882979631424,0.41340136528015137,0.4202016592025757,496
dmn_within,91,"('Dp1Yey', 'LCTB92')",50.0,0.48906227946281433,0.48529417589306834,0.49960964918136597,496
dmn_within,91,"('Dp1Yey', 'LCTB92')",95.0,0.5470871329307556,0.5419080274179577,0.5506555736064911,496
dmn_within,91,"('Dp1Yey', 'LCTB92')",99.0,0.558338512480259,0.5551430627703666,0.5640518516302109,496
dmn_within,91,"('Dp1Yey', 'VEH')",1.0,0.4008146286010742,0.39850139021873476,0.4036600112915039,496
dmn_within,91,"('Dp1Yey', 'VEH')",5.0,0.40926337242126465,0.4048886299133301,0.4159965042024851,496
dmn_within,91,"('Dp1Yey', 'VEH')",50.0,0.5590902417898178,0.5537938475608826,0.56901715695858,496
dmn_within,91,"('Dp1Yey', 'VEH')",95.0,0.6391310021281242,0.6356521166861058,0.6447778046131134,496
dmn_within,91,"('Dp1Yey', 'VEH')",99.0,0.6511159524321556,0.6488848924636841,0.6541003748774529,496
dmn_within,91,"('Dp1Yey', 'LCTB92')",1.0,0.20284111499786378,0.20114213228225708,0.20424377620220185,896
dmn_within,91,"('Dp1Yey', 'LCTB92')",5.0,0.20821288228034973,0.20596355199813843,0.20913824439048767,896
dmn_within,91,"('Dp1Yey', 'LCTB92')",50.0,0.2747974097728729,0.2575968436896801,0.28869935497641563,896
dmn_within,91,"('Dp1Yey', 'LCTB92')",95.0,0.41993483901023865,0.4084499478340149,0.4306301474571228,896
dmn_within,91,"('Dp1Yey', 'LCTB92')",99.0,0.43760749995708464,0.4352063626050948,0.43873053789138794,896
dmn_within,91,"('Dp1Yey', 'VEH')",1.0,0.3778558820486069,0.364901602268219,0.3864569902420044,896
dmn_within,91,"('Dp1Yey', 'VEH')",5.0,0.3995785415172577,0.39484165906906127,0.402414770796895,896
dmn_within,91,"('Dp1Yey', 'VEH')",50.0,0.45125311613082886,0.4483920969069004,0.4538426995277405,896
dmn_within,91,"('Dp1Yey', 'VEH')",95.0,0.5423525497317314,0.5388686880469322,0.5455209165811539,896
dmn_within,91,"('Dp1Yey', 'VEH')",99.0,0.5604865819215774,0.5555578768253326,0.562541127204895,896
dmn_within,92,"('Dp1Yey', 'LCTB92')",1.0,0.4105127680301666,0.40771581828594206,0.4120266228914261,484
dmn_within,92,"('Dp1Yey', 'LCTB92')",5.0,0.41670083701610566,0.41342151165008545,0.42090107798576354,484
dmn_within,92,"('Dp1Yey', 'LCTB92')",50.0,0.49315398931503296,0.4853971004486084,0.49937382340431213,484
dmn_within,92,"('Dp1Yey', 'LCTB92')",95.0,0.5499295517802238,0.5399362970143556,0.5536985993385315,484
dmn_within,92,"('Dp1Yey', 'LCTB92')",99.0,0.5587584862112999,0.5559383434057236,0.5598788401484489,484
dmn_within,92,"('Dp1Yey', 'VEH')",1.0,0.40570105850696564,0.40154110312461855,0.40876322984695435,484
dmn_within,92,"('Dp1Yey', 'VEH')",5.0,0.41280963122844694,0.41007566452026367,0.41611183285713194,484
dmn_within,92,"('Dp1Yey', 'VEH')",50.0,0.55604387819767,0.5506821572780609,0.563303779810667,484
dmn_within,92,"('Dp1Yey', 'VEH')",95.0,0.6374190405011176,0.6329439148306847,0.6392258748412132,484
dmn_within,92,"('Dp1Yey', 'VEH')",99.0,0.6434422019124031,0.6412619167566299,0.644327101111412,484
dmn_within,92,"('Dp1Yey', 'LCTB92')",1.0,0.20196889400482176,0.20096755027770996,0.2039476203918457,884
dmn_within,92,"('Dp1Yey', 'LCTB92')",5.0,0.20689041316509246,0.2057725727558136,0.20883378982543946,884
dmn_within,92,"('Dp1Yey', 'LCTB92')",50.0,0.2701415419578552,0.25594884157180786,0.2858661592006683,884
dmn_within,92,"('Dp1Yey', 'LCTB92')",95.0,0.41011196672916406,0.3915814816951749,0.4227957278490066,884
dmn_within,92,"('Dp1Yey', 'LCTB92')",99.0,0.43306372761726375,0.428278156518936,0.4353393316268921,884
dmn_within,92,"('Dp1Yey', 'VEH')",1.0,0.37459949672222137,0.36582016944885254,0.3844493990838527,884
dmn_within,92,"('Dp1Yey', 'VEH')",5.0,0.3954648733139038,0.3940688967704773,0.3981822937726974,884
dmn_within,92,"('Dp1Yey', 'VEH')",50.0,0.45016640424728394,0.44644251465797424,0.45276451110839844,884
dmn_within,92,"('Dp1Yey', 'VEH')",95.0,0.5410747155547142,0.5373463820293545,0.5463820695877075,884
dmn_within,92,"('Dp1Yey', 'VEH')",99.0,0.5572205871343613,0.5547713078260422,0.5599362850189209,884
dmn_within,93,"('Dp1Yey', 'LCTB92')",1.0,0.41046457588672636,0.40762010872364046,0.4140996873378754,472
dmn_within,93,"('Dp1Yey', 'LCTB92')",5.0,0.417837581038475,0.41490745544433594,0.42314203292131425,472
dmn_within,93,"('Dp1Yey', 'LCTB92')",50.0,0.49372807145118713,0.48956215381622314,0.49810850620269775,472
dmn_within,93,"('Dp1Yey', 'LCTB92')",95.0,0.5424539387226105,0.5341627568006515,0.5489924470707773,472
dmn_within,93,"('Dp1Yey', 'LCTB92')",99.0,0.5551557973027229,0.5521713998913765,0.5566873535513878,472
dmn_within,93,"('Dp1Yey', 'VEH')",1.0,0.4094276970624924,0.4081718820333481,0.41334489464759827,472
dmn_within,93,"('Dp1Yey', 'VEH')",5.0,0.4169436484575272,0.41527470052242277,0.42034751176834106,472
dmn_within,93,"('Dp1Yey', 'VEH')",50.0,0.5521043986082077,0.5482393503189087,0.559723287820816,472
dmn_within,93,"('Dp1Yey', 'VEH')",95.0,0.6294275403022765,0.6245040968060493,0.6355937421321869,472
dmn_within,93,"('Dp1Yey', 'VEH')",99.0,0.6404941135644913,0.6370744678378105,0.6430334508419037,472
dmn_within,93,"('Dp1Yey', 'LCTB92')",1.0,0.20157985925674438,0.20053279399871826,0.20275834038853643,872
dmn_within,93,"('Dp1Yey', 'LCTB92')",5.0,0.207048761844635,0.20464181900024414,0.20896923542022705,872
dmn_within,93,"('Dp1Yey', 'LCTB92')",50.0,0.26901260018348694,0.2539462447166443,0.2824001908302307,872
dmn_within,93,"('Dp1Yey', 'LCTB92')",95.0,0.4046948790550231,0.3823361903429031,0.4112173318862915,872
dmn_within,93,"('Dp1Yey', 'LCTB92')",99.0,0.42455816149711606,0.4227833330631256,0.427933931350708,872
dmn_within,93,"('Dp1Yey', 'VEH')",1.0,0.3761098939180374,0.37425893545150757,0.38231116144359106,872
dmn_within,93,"('Dp1Yey', 'VEH')",5.0,0.39379591345787046,0.39160698652267456,0.39609068632125854,872
dmn_within,93,"('Dp1Yey', 'VEH')",50.0,0.4480404257774353,0.4445729672908783,0.4520491361618042,872
dmn_within,93,"('Dp1Yey', 'VEH')",95.0,0.5422101721167564,0.5372087835893035,0.545437216758728,872
dmn_within,93,"('Dp1Yey', 'VEH')",99.0,0.5552701768279075,0.5512827932834625,0.5577841401100159,872
dmn_within,94,"('Dp1Yey', 'LCTB92')",1.0,0.4117776370048523,0.4106949496269226,0.4150883901119232,460
dmn_within,94,"('Dp1Yey', 'LCTB92')",5.0,0.4197545200586319,0.4161474108695984,0.4266793131828308,460
dmn_within,94,"('Dp1Yey', 'LCTB92')",50.0,0.4935014247894287,0.49068784713745117,0.4979778528213501,460
dmn_within,94,"('Dp1Yey', 'LCTB92')",95.0,0.533208854496479,0.5308270812034607,0.5375718176364899,460
dmn_within,94,"('Dp1Yey', 'LCTB92')",99.0,0.5447691690921783,0.5401819425821305,0.551041294336319,460
dmn_within,94,"('Dp1Yey', 'VEH')",1.0,0.41515581429004667,0.413161558508873,0.4175620126724243,460
dmn_within,94,"('Dp1Yey', 'VEH')",5.0,0.4242818862199783,0.41983032822608946,0.42787737846374513,460
dmn_within,94,"('Dp1Yey', 'VEH')",50.0,0.5499249547719955,0.5474009066820145,0.5562241226434708,460
dmn_within,94,"('Dp1Yey', 'VEH')",95.0,0.6260222822427749,0.6195127665996552,0.6300831943750381,460
dmn_within,94,"('Dp1Yey', 'VEH')",99.0,0.638246808052063,0.632792055606842,0.6394098427891731,460
dmn_within,94,"('Dp1Yey', 'LCTB92')",1.0,0.2021412020921707,0.2012425661087036,0.20294321775436402,860
dmn_within,94,"('Dp1Yey', 'LCTB92')",5.0,0.20622823834419252,0.20506445661187173,0.20775605440139772,860
dmn_within,94,"('Dp1Yey', 'LCTB92')",50.0,0.2672901153564453,0.254236102104187,0.27429754957556723,860
dmn_within,94,"('Dp1Yey', 'LCTB92')",95.0,0.3977216362953186,0.37531882524490356,0.40095149874687197,860
dmn_within,94,"('Dp1Yey', 'LCTB92')",99.0,0.4225299084186554,0.4189433455467224,0.42451924085617065,860
dmn_within,94,"('Dp1Yey', 'VEH')",1.0,0.37733157455921174,0.3747726082801819,0.3801314204931259,860
dmn_within,94,"('Dp1Yey', 'VEH')",5.0,0.39279391169548034,0.3907283693552017,0.3946300396323204,860
dmn_within,94,"('Dp1Yey', 'VEH')",50.0,0.447894424200058,0.4429243765771389,0.4502159133553505,860
dmn_within,94,"('Dp1Yey', 'VEH')",95.0,0.5389303654432296,0.5340615212917328,0.5426613181829453,860
dmn_within,94,"('Dp1Yey', 'VEH')",99.0,0.5521351832151412,0.5458897739648819,0.5604067444801331,860
dmn_within,95,"('Dp1Yey', 'LCTB92')",1.0,0.41401444613933563,0.41250425577163696,0.4193888562917709,448
dmn_within,95,"('Dp1Yey', 'LCTB92')",5.0,0.42327992618083954,0.42048121988773346,0.4328065484762192,448
dmn_within,95,"('Dp1Yey', 'LCTB92')",50.0,0.49598413705825806,0.4914710819721222,0.5008457899093628,448
dmn_within,95,"('Dp1Yey', 'LCTB92')",95.0,0.5297040775418281,0.5250826278328895,0.5326200157403946,448
dmn_within,95,"('Dp1Yey', 'LCTB92')",99.0,0.5383250266313553,0.5342259407043457,0.5416025969386101,448
dmn_within,95,"('Dp1Yey', 'VEH')",1.0,0.41945977091789244,0.41761079788208005,0.42392224073410034,448
dmn_within,95,"('Dp1Yey', 'VEH')",5.0,0.42964376211166383,0.4260568171739578,0.43410166203975675,448
dmn_within,95,"('Dp1Yey', 'VEH')",50.0,0.5483156889677048,0.5453385341912508,0.5564299907535314,448
dmn_within,95,"('Dp1Yey', 'VEH')",95.0,0.6226515293121337,0.618409813940525,0.626266586780548,448
dmn_within,95,"('Dp1Yey', 'VEH')",99.0,0.6324707409739494,0.628864198923111,0.6341742599010467,448
dmn_within,95,"('Dp1Yey', 'LCTB92')",1.0,0.20185284018516542,0.20083081722259521,0.2030777817964554,848
dmn_within,95,"('Dp1Yey', 'LCTB92')",5.0,0.20569790303707122,0.20492100715637207,0.20776018612086772,848
dmn_within,95,"('Dp1Yey', 'LCTB92')",50.0,0.2654900848865509,0.2572890520095825,0.27146863117814063,848
dmn_within,95,"('Dp1Yey', 'LCTB92')",95.0,0.3816190063953399,0.36977118253707886,0.3933710724115371,848
dmn_within,95,"('Dp1Yey', 'LCTB92')",99.0,0.4102781796455383,0.4026331901550293,0.41971713304519653,848
dmn_within,95,"('Dp1Yey', 'VEH')",1.0,0.3756185036897659,0.37078940868377686,0.379084050655365,848
dmn_within,95,"('Dp1Yey', 'VEH')",5.0,0.3902211368083954,0.3852840065956116,0.39313810780644415,848
dmn_within,95,"('Dp1Yey', 'VEH')",50.0,0.44549795985221863,0.44190526008605957,0.44944781735539435,848
dmn_within,95,"('Dp1Yey', 'VEH')",95.0,0.5362781241536141,0.5340633690357208,0.538486897945404,848
dmn_within,95,"('Dp1Yey', 'VEH')",99.0,0.546868181526661,0.5422762930393219,0.5512804985046387,848
dmn_within,96,"('Dp1Yey', 'LCTB92')",1.0,0.4195282608270645,0.41835245192050935,0.4228625357151031,436
dmn_within,96,"('Dp1Yey', 'LCTB92')",5.0,0.4311572462320328,0.42514777183532715,0.4354589134454727,436
dmn_within,96,"('Dp1Yey', 'LCTB92')",50.0,0.4964410066604614,0.4923940896987915,0.499719450622797,436
dmn_within,96,"('Dp1Yey', 'LCTB92')",95.0,0.5253829583525658,0.5204645097255707,0.5297751426696777,436
dmn_within,96,"('Dp1Yey', 'LCTB92')",99.0,0.5366568312048912,0.5317362546920776,0.5404368311166763,436
dmn_within,96,"('Dp1Yey', 'VEH')",1.0,0.4249364107847214,0.4229868441820145,0.4289731552451849,436
dmn_within,96,"('Dp1Yey', 'VEH')",5.0,0.4345988482236862,0.43036460876464844,0.44305209815502167,436
dmn_within,96,"('Dp1Yey', 'VEH')",50.0,0.5461722612380981,0.5426358729600906,0.5529415510594845,436
dmn_within,96,"('Dp1Yey', 'VEH')",95.0,0.620819479227066,0.6055795686319471,0.6231622025370598,436
dmn_within,96,"('Dp1Yey', 'VEH')",99.0,0.6306364938616752,0.6255205571651459,0.6321899592876434,436
dmn_within,96,"('Dp1Yey', 'LCTB92')",1.0,0.20035692155361176,0.19788748025894165,0.20370555818080902,836
dmn_within,96,"('Dp1Yey', 'LCTB92')",5.0,0.20710353553295135,0.20564283430576324,0.2088767472654581,836
dmn_within,96,"('Dp1Yey', 'LCTB92')",50.0,0.2653810381889343,0.25917956456542013,0.2724829360842705,836
dmn_within,96,"('Dp1Yey', 'LCTB92')",95.0,0.3741918355226517,0.3679225295782089,0.3827424943447113,836
dmn_within,96,"('Dp1Yey', 'LCTB92')",99.0,0.4004180759191513,0.3955187797546386,0.4026629328727722,836
dmn_within,96,"('Dp1Yey', 'VEH')",1.0,0.3692415118217468,0.3653770012408495,0.3763731837272644,836
dmn_within,96,"('Dp1Yey', 'VEH')",5.0,0.38686928153038025,0.3830742835998535,0.39031267166137695,836
dmn_within,96,"('Dp1Yey', 'VEH')",50.0,0.4427979588508606,0.4399891495704651,0.4466865658760071,836
dmn_within,96,"('Dp1Yey', 'VEH')",95.0,0.535348042845726,0.532173253595829,0.5369662940502167,836
dmn_within,96,"('Dp1Yey', 'VEH')",99.0,0.5416722565889358,0.5389448672533035,0.5439711213111877,836
dmn_within,97,"('Dp1Yey', 'LCTB92')",1.0,0.4259801495075226,0.42309347927570345,0.42945027351379395,424
dmn_within,97,"('Dp1Yey', 'LCTB92')",5.0,0.4357284873723984,0.4327421247959137,0.4386964440345764,424
dmn_within,97,"('Dp1Yey', 'LCTB92')",50.0,0.4946872889995575,0.4920041561126709,0.49641138315200806,424
dmn_within,97,"('Dp1Yey', 'LCTB92')",95.0,0.5235420048236846,0.5171718195080757,0.5262990295886993,424
dmn_within,97,"('Dp1Yey', 'LCTB92')",99.0,0.5294078043103218,0.5273222032189369,0.5331749576330185,424
dmn_within,97,"('Dp1Yey', 'VEH')",1.0,0.42905079245567324,0.4244992136955261,0.43473184287548067,424
dmn_within,97,"('Dp1Yey', 'VEH')",5.0,0.4437240093946457,0.43935216665267945,0.47333550453186035,424
dmn_within,97,"('Dp1Yey', 'VEH')",50.0,0.5443135648965836,0.5408251881599426,0.5484818078577518,424
dmn_within,97,"('Dp1Yey', 'VEH')",95.0,0.6172294408082961,0.5974130183458327,0.6235496237874031,424
dmn_within,97,"('Dp1Yey', 'VEH')",99.0,0.6258925795555115,0.6239914894104004,0.6283037376403808,424
dmn_within,97,"('Dp1Yey', 'LCTB92')",1.0,0.19985271930694581,0.19815897941589355,0.20328342974185942,824
dmn_within,97,"('Dp1Yey', 'LCTB92')",5.0,0.20674990117549896,0.205460786819458,0.20777586996555328,824
dmn_within,97,"('Dp1Yey', 'LCTB92')",50.0,0.2660422623157501,0.2595479488372803,0.27366432547569275,824
dmn_within,97,"('Dp1Yey', 'LCTB92')",95.0,0.3708080053329467,0.3611892968416213,0.37811535000801083,824
dmn_within,97,"('Dp1Yey', 'LCTB92')",99.0,0.39171031415462493,0.386538893610239,0.39379388093948364,824
dmn_within,97,"('Dp1Yey', 'VEH')",1.0,0.3625046443939209,0.3593684434890747,0.37179726362228394,824
dmn_within,97,"('Dp1Yey', 'VEH')",5.0,0.3834663450717926,0.3791620872169733,0.38665008544921875,824
dmn_within,97,"('Dp1Yey', 'VEH')",50.0,0.4417099356651306,0.4381372831761837,0.44425880908966064,824
dmn_within,97,"('Dp1Yey', 'VEH')",95.0,0.5318918421864509,0.5292008221149445,0.5355506837368011,824
dmn_within,97,"('Dp1Yey', 'VEH')",99.0,0.5433647939562798,0.5394278883635998,0.5469656586647034,824
dmn_within,98,"('Dp1Yey', 'LCTB92')",1.0,0.43048419773578644,0.4271661984920502,0.4334327545613049,412
dmn_within,98,"('Dp1Yey', 'LCTB92')",5.0,0.43942737877368926,0.4356074333190918,0.4419085294008255,412
dmn_within,98,"('Dp1Yey', 'LCTB92')",50.0,0.4928993284702301,0.491181880235672,0.4951063133776188,412
dmn_within,98,"('Dp1Yey', 'LCTB92')",95.0,0.5183166056871414,0.5128247323259711,0.5212400853633881,412
dmn_within,98,"('Dp1Yey', 'LCTB92')",99.0,0.5263350954651832,0.5231685498729348,0.5281140401959419,412
dmn_within,98,"('Dp1Yey', 'VEH')",1.0,0.4405253267288208,0.43448890566825865,0.4489731788635254,412
dmn_within,98,"('Dp1Yey', 'VEH')",5.0,0.4686753571033478,0.452331069111824,0.4848302914947271,412
dmn_within,98,"('Dp1Yey', 'VEH')",50.0,0.5435929596424103,0.5403495758771897,0.5466446727514267,412
dmn_within,98,"('Dp1Yey', 'VEH')",95.0,0.6154936090111732,0.5884758380800484,0.6185067296028137,412
dmn_within,98,"('Dp1Yey', 'VEH')",99.0,0.622139390707016,0.6200940730646253,0.6250220748782158,412
dmn_within,98,"('Dp1Yey', 'LCTB92')",1.0,0.19992924392223357,0.19881576299667358,0.20193211793899535,812
dmn_within,98,"('Dp1Yey', 'LCTB92')",5.0,0.2057378351688385,0.2044306844472885,0.20657175309956075,812
dmn_within,98,"('Dp1Yey', 'LCTB92')",50.0,0.26687192916870117,0.2618753552436829,0.2771988719701766,812
dmn_within,98,"('Dp1Yey', 'LCTB92')",95.0,0.36558260917663565,0.3561875104904174,0.3748692065477371,812
dmn_within,98,"('Dp1Yey', 'LCTB92')",99.0,0.3827684623003006,0.3798985004425049,0.3878291845321655,812
dmn_within,98,"('Dp1Yey', 'VEH')",1.0,0.3580328530073166,0.35462023079395294,0.3639617449045181,812
dmn_within,98,"('Dp1Yey', 'VEH')",5.0,0.3767812579870224,0.37359815239906313,0.3838610053062439,812
dmn_within,98,"('Dp1Yey', 'VEH')",50.0,0.4398510456085205,0.4353400468826294,0.4445425271987915,812
dmn_within,98,"('Dp1Yey', 'VEH')",95.0,0.5300847738981247,0.525883239172399,0.5344691872596741,812
dmn_within,98,"('Dp1Yey', 'VEH')",99.0,0.5471513131260872,0.5407630205154419,0.5501755475997925,812
dmn_within,99,"('Dp1Yey', 'LCTB92')",1.0,0.42893288791179657,0.4269018769264221,0.4356116384267807,400
dmn_within,99,"('Dp1Yey', 'LCTB92')",5.0,0.44191416501998904,0.43624168634414673,0.44459857046604156,400
dmn_within,99,"('Dp1Yey', 'LCTB92')",50.0,0.49133652448654175,0.48853418231010437,0.49332529306411743,400
dmn_within,99,"('Dp1Yey', 'LCTB92')",95.0,0.5168216213583946,0.510866093635559,0.5207725763320923,400
dmn_within,99,"('Dp1Yey', 'LCTB92')",99.0,0.5285967561602593,0.5224441936612129,0.5312663912773132,400
dmn_within,99,"('Dp1Yey', 'VEH')",1.0,0.45397745370864867,0.44932055473327637,0.4716087019443512,400
dmn_within,99,"('Dp1Yey', 'VEH')",5.0,0.48687908947467806,0.48369677960872653,0.49540382623672485,400
dmn_within,99,"('Dp1Yey', 'VEH')",50.0,0.5442677438259125,0.5393675118684769,0.5472487807273865,400
dmn_within,99,"('Dp1Yey', 'VEH')",95.0,0.6053983926773069,0.5832091897726058,0.6163152426481247,400
dmn_within,99,"('Dp1Yey', 'VEH')",99.0,0.6207308247685432,0.6176187932491303,0.6247888207435608,400
dmn_within,99,"('Dp1Yey', 'LCTB92')",1.0,0.2003513526916504,0.19947856664657593,0.20143290996551513,800
dmn_within,99,"('Dp1Yey', 'LCTB92')",5.0,0.20461177229881286,0.20352703332901,0.20593863725662231,800
dmn_within,99,"('Dp1Yey', 'LCTB92')",50.0,0.26968610286712646,0.26284557580947876,0.2863413691520691,800
dmn_within,99,"('Dp1Yey', 'LCTB92')",95.0,0.36028401851654035,0.353025996685028,0.37282848358154297,800
dmn_within,99,"('Dp1Yey', 'LCTB92')",99.0,0.3792513382434845,0.37805426384508606,0.3807254081964493,800
dmn_within,99,"('Dp1Yey', 'VEH')",1.0,0.3558100438117981,0.3547849631309509,0.35966426134109497,800
dmn_within,99,"('Dp1Yey', 'VEH')",5.0,0.37276978194713595,0.3678767591714859,0.37822574377059937,800
dmn_within,99,"('Dp1Yey', 'VEH')",50.0,0.44013991951942444,0.4348382741212845,0.4432985782623291,800
dmn_within,99,"('Dp1Yey', 'VEH')",95.0,0.528935581445694,0.5239201098307967,0.532649689912796,800
dmn_within,99,"('Dp1Yey', 'VEH')",99.0,0.5530054360628128,0.5411920890212059,0.5567828714847565,800
dmn_within,9,"('Dp1Yey', 'LCTB92')",1.0,0.6873004022240639,0.6710007093325258,0.70062655210495,1480
dmn_within,9,"('Dp1Yey', 'LCTB92')",5.0,0.7445488646626472,0.735716174542904,0.7538691050745546,1480
dmn_within,9,"('Dp1Yey', 'LCTB92')",50.0,0.8860021829605103,0.8808761583641171,0.8914070992730558,1480
dmn_within,9,"('Dp1Yey', 'LCTB92')",95.0,0.997460363234859,0.9903645362704993,1.0029145872103982,1480
dmn_within,9,"('Dp1Yey', 'LCTB92')",99.0,1.0305534320510923,1.024903954938054,1.0358087156014517,1480
dmn_within,9,"('Dp1Yey', 'VEH')",1.0,0.7405635851621628,0.7206808891892433,0.7597632259130478,1480
dmn_within,9,"('Dp1Yey', 'VEH')",5.0,0.805797491967678,0.7945181901752949,0.8177732294797896,1480
dmn_within,9,"('Dp1Yey', 'VEH')",50.0,0.9409208074212074,0.9373290639370679,0.9440592759754509,1480
dmn_within,9,"('Dp1Yey', 'VEH')",95.0,1.0223029657267033,1.0183105561882257,1.0263147686608136,1480
dmn_within,9,"('Dp1Yey', 'VEH')",99.0,1.0646136646717788,1.0482284893179314,1.069755879715085,1480
dmn_within,9,"('Dp1Yey', 'LCTB92')",1.0,0.433141804933548,0.4235046714544296,0.4381900459527969,1880
dmn_within,9,"('Dp1Yey', 'LCTB92')",5.0,0.4940581977367401,0.4784379035234451,0.5185387432575226,1880
dmn_within,9,"('Dp1Yey', 'LCTB92')",50.0,0.8138270676136017,0.8063134700059891,0.8198702782392502,1880
dmn_within,9,"('Dp1Yey', 'LCTB92')",95.0,0.9736924502998591,0.9675492079928517,0.9797068604268133,1880
dmn_within,9,"('Dp1Yey', 'LCTB92')",99.0,1.0169071225635709,1.0063161309808493,1.0246303764171898,1880
dmn_within,9,"('Dp1Yey', 'VEH')",1.0,0.5903159791231155,0.5744054615497589,0.6147648990154266,1880
dmn_within,9,"('Dp1Yey', 'VEH')",5.0,0.733265046775341,0.7247464597225189,0.7415403321385383,1880
dmn_within,9,"('Dp1Yey', 'VEH')",50.0,0.9083135724067688,0.9037520810961723,0.9115511626005173,1880
dmn_within,9,"('Dp1Yey', 'VEH')",95.0,1.011375733744353,1.0073404156172183,1.016404189169407,1880
dmn_within,9,"('Dp1Yey', 'VEH')",99.0,1.045326473377645,1.0345370973646641,1.0561588570382447,1880
dmn_within,short,"('Dp1Yey', 'LCTB92')",1.0,0.26592379808425903,0.26503453992307185,0.26685513071715833,158016
dmn_within,short,"('Dp1Yey', 'LCTB92')",5.0,0.331076979637146,0.3291728749871254,0.33346899077296255,158016
dmn_within,short,"('Dp1Yey', 'LCTB92')",50.0,0.5911915004253387,0.5900335311889648,0.592119362577796,158016
dmn_within,short,"('Dp1Yey', 'LCTB92')",95.0,0.910766251385212,0.9094631468411535,0.9118942469358444,158016
dmn_within,short,"('Dp1Yey', 'LCTB92')",99.0,0.9885829957202077,0.9868821110576391,0.990127310944954,158016
dmn_within,short,"('Dp1Yey', 'VEH')",1.0,0.4676976203918457,0.46526432037353516,0.4701113113760948,158016
dmn_within,short,"('Dp1Yey', 'VEH')",5.0,0.5440171360969543,0.5424549728631973,0.5453463206067681,158016
dmn_within,short,"('Dp1Yey', 'VEH')",50.0,0.7395937591791153,0.738753504678607,0.7404404945671559,158016
dmn_within,short,"('Dp1Yey', 'VEH')",95.0,0.9697569534182549,0.9687550495145842,0.9708160950802267,158016
dmn_within,short,"('Dp1Yey', 'VEH')",99.0,1.0213897339999676,1.0205222945660353,1.022708297057543,158016
dmn_within,long,"('Dp1Yey', 'LCTB92')",1.0,0.20568777978420258,0.2054545874297619,0.20594799518585205,102720
dmn_within,long,"('Dp1Yey', 'LCTB92')",5.0,0.2239460825920105,0.22332936227321626,0.22467541694641113,102720
dmn_within,long,"('Dp1Yey', 'LCTB92')",50.0,0.34897515177726746,0.34842114299535754,0.3496060580015182,102720
dmn_within,long,"('Dp1Yey', 'LCTB92')",95.0,0.511512632668018,0.5105545989423991,0.5123508870601654,102720
dmn_within,long,"('Dp1Yey', 'LCTB92')",99.0,0.5660540914535521,0.5638595223426819,0.5685258385017514,102720
dmn_within,long,"('Dp1Yey', 'VEH')",1.0,0.3880939108133316,0.3871973156929016,0.3890401461869478,102720
dmn_within,long,"('Dp1Yey', 'VEH')",5.0,0.4076903581619263,0.4073650153726339,0.40797048807144165,102720
dmn_within,long,"('Dp1Yey', 'VEH')",50.0,0.5188372135162354,0.518288254737854,0.5193642999976873,102720
dmn_within,long,"('Dp1Yey', 'VEH')",95.0,0.630677135288715,0.6302354797720909,0.6312553039565683,102720
dmn_within,long,"('Dp1Yey', 'VEH')",99.0,0.6606389173865317,0.6593766123056412,0.6615791434049606,102720
dmn_within,all,"('Dp1Yey', 'LCTB92')",1.0,0.2128371298313141,0.21240967512130737,0.21324299275875092,260736
dmn_within,all,"('Dp1Yey', 'LCTB92')",5.0,0.24736320972442627,0.24701008535921573,0.24779543280601501,260736
dmn_within,all,"('Dp1Yey', 'LCTB92')",50.0,0.47810596227645874,0.47705475687980653,0.4790934264659882,260736
dmn_within,all,"('Dp1Yey', 'LCTB92')",95.0,0.8731693774461746,0.8714967233128845,0.874481450766325,260736
dmn_within,all,"('Dp1Yey', 'LCTB92')",99.0,0.9717057577334344,0.9702396613638847,0.9730875677498989,260736
dmn_within,all,"('Dp1Yey', 'VEH')",1.0,0.39803552329540254,0.39745296239852906,0.3984851071983576,260736
dmn_within,all,"('Dp1Yey', 'VEH')",5.0,0.43097376823425293,0.43038283474743366,0.43150225281715393,260736
dmn_within,all,"('Dp1Yey', 'VEH')",50.0,0.6329875141382217,0.6322532918304204,0.6337990608066321,260736
dmn_within,all,"('Dp1Yey', 'VEH')",95.0,0.9407244995236397,0.9395360089838505,0.94190738722682,260736
dmn_within,all,"('Dp1Yey', 'VEH')",99.0,1.0088445202447474,1.0078588355297688,1.0097887660143896,260736
