region,window,A,B,q,diff,lo,hi,significant,n_a,n_b
shared,100,"('WT', 'VEH')","('WT', 'LCTB92')",1.0,nan,nan,nan,False,97,0
shared,100,"('WT', 'VEH')","('WT', 'LCTB92')",5.0,nan,nan,nan,False,97,0
shared,100,"('WT', 'VEH')","('WT', 'LCTB92')",50.0,nan,nan,nan,False,97,0
shared,100,"('WT', 'VEH')","('WT', 'LCTB92')",95.0,nan,nan,nan,False,97,0
shared,100,"('WT', 'VEH')","('WT', 'LCTB92')",99.0,nan,nan,nan,False,97,0
shared,100,"('Dp1Yey', 'VEH')","('Dp1Yey', 'LCTB92')",1.0,nan,nan,nan,False,97,0
shared,100,"('Dp1Yey', 'VEH')","('Dp1Yey', 'LCTB92')",5.0,nan,nan,nan,False,97,0
shared,100,"('Dp1Yey', 'VEH')","('Dp1Yey', 'LCTB92')",50.0,nan,nan,nan,False,97,0
shared,100,"('Dp1Yey', 'VEH')","('Dp1Yey', 'LCTB92')",95.0,nan,nan,nan,False,97,0
shared,100,"('Dp1Yey', 'VEH')","('Dp1Yey', 'LCTB92')",99.0,nan,nan,nan,False,97,0
shared,100,"('WT', 'VEH')","('Dp1Yey', 'VEH')",1.0,0.039426352977752654,0.006978957474231703,0.05668151378631592,True,97,97
shared,100,"('WT', 'VEH')","('Dp1Yey', 'VEH')",5.0,0.013038909435272195,-0.005069720745086659,0.029537606239318837,False,97,97
shared,100,"('WT', 'VEH')","('Dp1Yey', 'VEH')",50.0,0.0023700594902038574,-0.014289931952953338,0.01267695426940918,False,97,97
shared,100,"('WT', 'VEH')","('Dp1Yey', 'VEH')",95.0,0.03922141790390016,0.024952935874462106,0.062223270535469076,True,97,97
shared,100,"('WT', 'VEH')","('Dp1Yey', 'VEH')",99.0,0.047477023601532,0.031996307373046755,0.053392655849456794,True,97,97
shared,100,"('WT', 'LCTB92')","('Dp1Yey', 'LCTB92')",1.0,nan,nan,nan,False,0,0
shared,100,"('WT', 'LCTB92')","('Dp1Yey', 'LCTB92')",5.0,nan,nan,nan,False,0,0
shared,100,"('WT', 'LCTB92')","('Dp1Yey', 'LCTB92')",50.0,nan,nan,nan,False,0,0
shared,100,"('WT', 'LCTB92')","('Dp1Yey', 'LCTB92')",95.0,nan,nan,nan,False,0,0
shared,100,"('WT', 'LCTB92')","('Dp1Yey', 'LCTB92')",99.0,nan,nan,nan,False,0,0
shared,100,"('WT', 'VEH')","('WT', 'LCTB92')",1.0,0.06550504624843598,0.06149280832707882,0.06964563170075418,True,2364,2758
shared,100,"('WT', 'VEH')","('WT', 'LCTB92')",5.0,0.05355306565761567,0.04856293261051177,0.058090560063719744,True,2364,2758
shared,100,"('WT', 'VEH')","('WT', 'LCTB92')",50.0,0.04598134756088257,0.035750682651996615,0.05399350747466086,True,2364,2758
shared,100,"('WT', 'VEH')","('WT', 'LCTB92')",95.0,0.06941616386175142,0.0531916039809585,0.08530260063707784,True,2364,2758
shared,100,"('WT', 'VEH')","('WT', 'LCTB92')",99.0,0.07126713573932653,0.06212411559373175,0.07825504106283197,True,2364,2758
shared,100,"('Dp1Yey', 'VEH')","('Dp1Yey', 'LCTB92')",1.0,-0.03788121461868288,-0.05388557949662207,-0.022937024116516106,True,2167,2167
shared,100,"('Dp1Yey', 'VEH')","('Dp1Yey', 'LCTB92')",5.0,-0.03473553657531739,-0.0399888491630554,-0.030803361684083923,True,2167,2167
shared,100,"('Dp1Yey', 'VEH')","('Dp1Yey', 'LCTB92')",50.0,-0.0034218430519104004,-0.008989676833152771,0.001451690495014186,False,2167,2167
shared,100,"('Dp1Yey', 'VEH')","('Dp1Yey', 'LCTB92')",95.0,-0.15656058490276298,-0.18183126464486113,-0.13265902251005174,True,2167,2167
shared,100,"('Dp1Yey', 'VEH')","('Dp1Yey', 'LCTB92')",99.0,-0.14354210674762713,-0.17265415784716578,-0.12260823294520334,True,2167,2167
shared,100,"('WT', 'VEH')","('Dp1Yey', 'VEH')",1.0,-0.014477058649063096,-0.027924495026469216,0.0015991869419813012,False,2364,2167
shared,100,"('WT', 'VEH')","('Dp1Yey', 'VEH')",5.0,-0.03242274820804594,-0.03677763640880585,-0.027749114707112308,True,2364,2167
shared,100,"('WT', 'VEH')","('Dp1Yey', 'VEH')",50.0,0.06034138798713684,0.05473866239190102,0.06599608659744262,True,2364,2167
shared,100,"('WT', 'VEH')","('Dp1Yey', 'VEH')",95.0,0.13767899274826062,0.12269087135791752,0.1553038448095322,True,2364,2167
shared,100,"('WT', 'VEH')","('Dp1Yey', 'VEH')",99.0,0.09557317942380883,0.07439682636409999,0.12293589621782253,True,2364,2167
shared,100,"('WT', 'LCTB92')","('Dp1Yey', 'LCTB92')",1.0,-0.11786331951618195,-0.12217677831649779,-0.10988567477464677,True,2758,2167
shared,100,"('WT', 'LCTB92')","('Dp1Yey', 'LCTB92')",5.0,-0.120711350440979,-0.12565516747534275,-0.11581953741610052,True,2758,2167
shared,100,"('WT', 'LCTB92')","('Dp1Yey', 'LCTB92')",50.0,0.010938197374343872,0.0029426492750644685,0.02075977474451065,True,2758,2167
shared,100,"('WT', 'LCTB92')","('Dp1Yey', 'LCTB92')",95.0,-0.08829775601625378,-0.11090249180793753,-0.06470536898821552,True,2758,2167
shared,100,"('WT', 'LCTB92')","('Dp1Yey', 'LCTB92')",99.0,-0.11923606306314483,-0.12728013844788094,-0.10776533303409838,True,2758,2167
shared,10,"('WT', 'VEH')","('WT', 'LCTB92')",1.0,nan,nan,nan,False,367,0
shared,10,"('WT', 'VEH')","('WT', 'LCTB92')",5.0,nan,nan,nan,False,367,0
shared,10,"('WT', 'VEH')","('WT', 'LCTB92')",50.0,nan,nan,nan,False,367,0
shared,10,"('WT', 'VEH')","('WT', 'LCTB92')",95.0,nan,nan,nan,False,367,0
shared,10,"('WT', 'VEH')","('WT', 'LCTB92')",99.0,nan,nan,nan,False,367,0
shared,10,"('Dp1Yey', 'VEH')","('Dp1Yey', 'LCTB92')",1.0,nan,nan,nan,False,367,0
shared,10,"('Dp1Yey', 'VEH')","('Dp1Yey', 'LCTB92')",5.0,nan,nan,nan,False,367,0
shared,10,"('Dp1Yey', 'VEH')","('Dp1Yey', 'LCTB92')",50.0,nan,nan,nan,False,367,0
shared,10,"('Dp1Yey', 'VEH')","('Dp1Yey', 'LCTB92')",95.0,nan,nan,nan,False,367,0
shared,10,"('Dp1Yey', 'VEH')","('Dp1Yey', 'LCTB92')",99.0,nan,nan,nan,False,367,0
shared,10,"('WT', 'VEH')","('Dp1Yey', 'VEH')",1.0,-0.04082831919193264,-0.10864195598661901,0.014747238114476155,False,367,367
shared,10,"('WT', 'VEH')","('Dp1Yey', 'VEH')",5.0,0.00030099153518670096,-0.04911563128232956,0.03764485888183114,False,367,367
shared,10,"('WT', 'VEH')","('Dp1Yey', 'VEH')",50.0,0.04789724946022034,0.025847576558589935,0.07204279638826847,True,367,367
shared,10,"('WT', 'VEH')","('Dp1Yey', 'VEH')",95.0,0.0013575010001660726,-0.03197310629300769,0.030507395770400566,False,367,367
shared,10,"('WT', 'VEH')","('Dp1Yey', 'VEH')",99.0,-0.013121282458304906,-0.10734945405274629,0.03250753045082089,False,367,367
shared,10,"('WT', 'LCTB92')","('Dp1Yey', 'LCTB92')",1.0,nan,nan,nan,False,0,0
shared,10,"('WT', 'LCTB92')","('Dp1Yey', 'LCTB92')",5.0,nan,nan,nan,False,0,0
shared,10,"('WT', 'LCTB92')","('Dp1Yey', 'LCTB92')",50.0,nan,nan,nan,False,0,0
shared,10,"('WT', 'LCTB92')","('Dp1Yey', 'LCTB92')",95.0,nan,nan,nan,False,0,0
shared,10,"('WT', 'LCTB92')","('Dp1Yey', 'LCTB92')",99.0,nan,nan,nan,False,0,0
shared,10,"('WT', 'VEH')","('WT', 'LCTB92')",1.0,0.11518030107021332,0.09815826538205147,0.13370692181587218,True,5604,6538
shared,10,"('WT', 'VEH')","('WT', 'LCTB92')",5.0,0.09253381788730619,0.07803671531379218,0.10909588199108838,True,5604,6538
shared,10,"('WT', 'VEH')","('WT', 'LCTB92')",50.0,0.035759083926677704,0.031218328699469566,0.04098272267729043,True,5604,6538
shared,10,"('WT', 'VEH')","('WT', 'LCTB92')",95.0,0.010329388664103933,0.005460754575906302,0.014488324266858412,True,5604,6538
shared,10,"('WT', 'VEH')","('WT', 'LCTB92')",99.0,0.009027072321623697,0.001087742036674172,0.015992648045765258,True,5604,6538
shared,10,"('Dp1Yey', 'VEH')","('Dp1Yey', 'LCTB92')",1.0,-0.0036490821838378595,-0.02725420081615446,0.02964883285760879,False,5137,5137
shared,10,"('Dp1Yey', 'VEH')","('Dp1Yey', 'LCTB92')",5.0,0.016772806644439697,-0.0006722731888294224,0.0296835757791996,False,5137,5137
shared,10,"('Dp1Yey', 'VEH')","('Dp1Yey', 'LCTB92')",50.0,0.010981619358062744,0.005739045888185501,0.01709305942058563,True,5137,5137
shared,10,"('Dp1Yey', 'VEH')","('Dp1Yey', 'LCTB92')",95.0,-0.010890032351016932,-0.015774761401116784,-0.005748379696160556,True,5137,5137
shared,10,"('Dp1Yey', 'VEH')","('Dp1Yey', 'LCTB92')",99.0,-0.018361843738239347,-0.026277907056733885,-0.00971334220329207,True,5137,5137
shared,10,"('WT', 'VEH')","('Dp1Yey', 'VEH')",1.0,0.08199154078960419,0.059700347736477824,0.10435202866792678,True,5604,5137
shared,10,"('WT', 'VEH')","('Dp1Yey', 'VEH')",5.0,0.04119942039251334,0.029040269888937494,0.0585450413823128,True,5604,5137
shared,10,"('WT', 'VEH')","('Dp1Yey', 'VEH')",50.0,0.039575375616550446,0.03499564193189144,0.04474240392446518,True,5604,5137
shared,10,"('WT', 'VEH')","('Dp1Yey', 'VEH')",95.0,0.031829911307431624,0.02809346008580178,0.03619552787800778,True,5604,5137
shared,10,"('WT', 'VEH')","('Dp1Yey', 'VEH')",99.0,0.029812295853625992,0.020246916127391146,0.03751800064463169,True,5604,5137
shared,10,"('WT', 'LCTB92')","('Dp1Yey', 'LCTB92')",1.0,-0.03683784246444699,-0.05850251817703248,-0.009977906405925762,True,6538,5137
shared,10,"('WT', 'LCTB92')","('Dp1Yey', 'LCTB92')",5.0,-0.03456159085035315,-0.05058769747614863,-0.020597113370895353,True,6538,5137
shared,10,"('WT', 'LCTB92')","('Dp1Yey', 'LCTB92')",50.0,0.014797911047935486,0.009102584980428218,0.020622629672288895,True,6538,5137
shared,10,"('WT', 'LCTB92')","('Dp1Yey', 'LCTB92')",95.0,0.010610490292310759,0.0058344267727807155,0.016412006211467062,True,6538,5137
shared,10,"('WT', 'LCTB92')","('Dp1Yey', 'LCTB92')",99.0,0.0024233797937629475,-0.005468507501296865,0.010421201624441335,False,6538,5137
shared,11,"('WT', 'VEH')","('WT', 'LCTB92')",1.0,nan,nan,nan,False,364,0
shared,11,"('WT', 'VEH')","('WT', 'LCTB92')",5.0,nan,nan,nan,False,364,0
shared,11,"('WT', 'VEH')","('WT', 'LCTB92')",50.0,nan,nan,nan,False,364,0
shared,11,"('WT', 'VEH')","('WT', 'LCTB92')",95.0,nan,nan,nan,False,364,0
shared,11,"('WT', 'VEH')","('WT', 'LCTB92')",99.0,nan,nan,nan,False,364,0
shared,11,"('Dp1Yey', 'VEH')","('Dp1Yey', 'LCTB92')",1.0,nan,nan,nan,False,364,0
shared,11,"('Dp1Yey', 'VEH')","('Dp1Yey', 'LCTB92')",5.0,nan,nan,nan,False,364,0
shared,11,"('Dp1Yey', 'VEH')","('Dp1Yey', 'LCTB92')",50.0,nan,nan,nan,False,364,0
shared,11,"('Dp1Yey', 'VEH')","('Dp1Yey', 'LCTB92')",95.0,nan,nan,nan,False,364,0
shared,11,"('Dp1Yey', 'VEH')","('Dp1Yey', 'LCTB92')",99.0,nan,nan,nan,False,364,0
shared,11,"('WT', 'VEH')","('Dp1Yey', 'VEH')",1.0,-0.04132493197917941,-0.1279981190413237,0.06779831190407273,False,364,364
shared,11,"('WT', 'VEH')","('Dp1Yey', 'VEH')",5.0,-0.00458342581987381,-0.03278619736433031,0.05455006305128327,False,364,364
shared,11,"('WT', 'VEH')","('Dp1Yey', 'VEH')",50.0,0.05970410257577896,0.03077402226626873,0.09391682595014572,True,364,364
shared,11,"('WT', 'VEH')","('Dp1Yey', 'VEH')",95.0,0.033063265215605764,-0.012441288318950732,0.06693631863599846,False,364,364
shared,11,"('WT', 'VEH')","('Dp1Yey', 'VEH')",99.0,-0.010183479189872946,-0.079744712524116,0.07355204485356803,False,364,364
shared,11,"('WT', 'LCTB92')","('Dp1Yey', 'LCTB92')",1.0,nan,nan,nan,False,0,0
shared,11,"('WT', 'LCTB92')","('Dp1Yey', 'LCTB92')",5.0,nan,nan,nan,False,0,0
shared,11,"('WT', 'LCTB92')","('Dp1Yey', 'LCTB92')",50.0,nan,nan,nan,False,0,0
shared,11,"('WT', 'LCTB92')","('Dp1Yey', 'LCTB92')",95.0,nan,nan,nan,False,0,0
shared,11,"('WT', 'LCTB92')","('Dp1Yey', 'LCTB92')",99.0,nan,nan,nan,False,0,0
shared,11,"('WT', 'VEH')","('WT', 'LCTB92')",1.0,0.11647452473640446,0.0976132035255432,0.13677424176782368,True,5568,6496
shared,11,"('WT', 'VEH')","('WT', 'LCTB92')",5.0,0.0992908507585526,0.08383601307868957,0.11373285595327612,True,5568,6496
shared,11,"('WT', 'VEH')","('WT', 'LCTB92')",50.0,0.039905011653900146,0.03445160388946533,0.04510014336556196,True,5568,6496
shared,11,"('WT', 'VEH')","('WT', 'LCTB92')",95.0,0.010480690561234907,0.0054406878072767815,0.015289297867566366,True,5568,6496
shared,11,"('WT', 'VEH')","('WT', 'LCTB92')",99.0,0.0068690272793172635,-0.000843734077178071,0.014130277788965109,False,5568,6496
shared,11,"('Dp1Yey', 'VEH')","('Dp1Yey', 'LCTB92')",1.0,-0.0018979537487029963,-0.03158377945423124,0.024687372937798494,False,5104,5104
shared,11,"('Dp1Yey', 'VEH')","('Dp1Yey', 'LCTB92')",5.0,0.01371192634105678,-0.0016461007669567205,0.02930635225027799,False,5104,5104
shared,11,"('Dp1Yey', 'VEH')","('Dp1Yey', 'LCTB92')",50.0,0.014994323253631592,0.008277448639273644,0.020245589502155773,True,5104,5104
shared,11,"('Dp1Yey', 'VEH')","('Dp1Yey', 'LCTB92')",95.0,-0.007943590171635151,-0.013162907487712977,-0.0025317682465540404,True,5104,5104
shared,11,"('Dp1Yey', 'VEH')","('Dp1Yey', 'LCTB92')",99.0,-0.01860729662701477,-0.029545733481646012,-0.009181916141358937,True,5104,5104
shared,11,"('WT', 'VEH')","('Dp1Yey', 'VEH')",1.0,0.07986855864524844,0.051433139637112636,0.09940917102992534,True,5568,5104
shared,11,"('WT', 'VEH')","('Dp1Yey', 'VEH')",5.0,0.040188620984554335,0.0249940232560039,0.05640971329063177,True,5568,5104
shared,11,"('WT', 'VEH')","('Dp1Yey', 'VEH')",50.0,0.04031620919704437,0.03536101933568716,0.04586674962192773,True,5568,5104
shared,11,"('WT', 'VEH')","('Dp1Yey', 'VEH')",95.0,0.03422703128308058,0.02842799476813545,0.039236329081468305,True,5568,5104
shared,11,"('WT', 'VEH')","('Dp1Yey', 'VEH')",99.0,0.03125511153601068,0.022970666620763937,0.038593615789897576,True,5568,5104
shared,11,"('WT', 'LCTB92')","('Dp1Yey', 'LCTB92')",1.0,-0.03850391983985901,-0.06733213415741923,-0.022549152374267578,True,6496,5104
shared,11,"('WT', 'LCTB92')","('Dp1Yey', 'LCTB92')",5.0,-0.04539030343294148,-0.06023850820958614,-0.029813323691487335,True,6496,5104
shared,11,"('WT', 'LCTB92')","('Dp1Yey', 'LCTB92')",50.0,0.015405520796775818,0.009072337113320828,0.02103581856936216,True,6496,5104
shared,11,"('WT', 'LCTB92')","('Dp1Yey', 'LCTB92')",95.0,0.01580275055021052,0.010399184986017648,0.02050596826011319,True,6496,5104
shared,11,"('WT', 'LCTB92')","('Dp1Yey', 'LCTB92')",99.0,0.00577878762967865,-0.0043014606691430535,0.014977945388527591,False,6496,5104
shared,12,"('WT', 'VEH')","('WT', 'LCTB92')",1.0,nan,nan,nan,False,361,0
shared,12,"('WT', 'VEH')","('WT', 'LCTB92')",5.0,nan,nan,nan,False,361,0
shared,12,"('WT', 'VEH')","('WT', 'LCTB92')",50.0,nan,nan,nan,False,361,0
shared,12,"('WT', 'VEH')","('WT', 'LCTB92')",95.0,nan,nan,nan,False,361,0
shared,12,"('WT', 'VEH')","('WT', 'LCTB92')",99.0,nan,nan,nan,False,361,0
shared,12,"('Dp1Yey', 'VEH')","('Dp1Yey', 'LCTB92')",1.0,nan,nan,nan,False,361,0
shared,12,"('Dp1Yey', 'VEH')","('Dp1Yey', 'LCTB92')",5.0,nan,nan,nan,False,361,0
shared,12,"('Dp1Yey', 'VEH')","('Dp1Yey', 'LCTB92')",50.0,nan,nan,nan,False,361,0
shared,12,"('Dp1Yey', 'VEH')","('Dp1Yey', 'LCTB92')",95.0,nan,nan,nan,False,361,0
shared,12,"('Dp1Yey', 'VEH')","('Dp1Yey', 'LCTB92')",99.0,nan,nan,nan,False,361,0
shared,12,"('WT', 'VEH')","('Dp1Yey', 'VEH')",1.0,-0.042310357093811035,-0.1786650061607361,0.011149828881025156,False,361,361
shared,12,"('WT', 'VEH')","('Dp1Yey', 'VEH')",5.0,0.015989303588867188,-0.016423308104276658,0.0414452850818634,False,361,361
shared,12,"('WT', 'VEH')","('Dp1Yey', 'VEH')",50.0,0.0735686719417572,0.046326979994773865,0.10785207413136955,True,361,361
shared,12,"('WT', 'VEH')","('Dp1Yey', 'VEH')",95.0,0.014499069191515446,-0.025138741359114647,0.04994885269552469,False,361,361
shared,12,"('WT', 'VEH')","('Dp1Yey', 'VEH')",99.0,-0.012163369357585552,-0.07826994812115981,0.05867158703505999,False,361,361
shared,12,"('WT', 'LCTB92')","('Dp1Yey', 'LCTB92')",1.0,nan,nan,nan,False,0,0
shared,12,"('WT', 'LCTB92')","('Dp1Yey', 'LCTB92')",5.0,nan,nan,nan,False,0,0
shared,12,"('WT', 'LCTB92')","('Dp1Yey', 'LCTB92')",50.0,nan,nan,nan,False,0,0
shared,12,"('WT', 'LCTB92')","('Dp1Yey', 'LCTB92')",95.0,nan,nan,nan,False,0,0
shared,12,"('WT', 'LCTB92')","('Dp1Yey', 'LCTB92')",99.0,nan,nan,nan,False,0,0
shared,12,"('WT', 'VEH')","('WT', 'LCTB92')",1.0,0.12282532036304472,0.0945753111988306,0.14676635658740994,True,5532,6454
shared,12,"('WT', 'VEH')","('WT', 'LCTB92')",5.0,0.09827877134084706,0.08613785527646542,0.11469526894390583,True,5532,6454
shared,12,"('WT', 'VEH')","('WT', 'LCTB92')",50.0,0.0401897057890892,0.03533309977501631,0.04680602587759495,True,5532,6454
shared,12,"('WT', 'VEH')","('WT', 'LCTB92')",95.0,0.010437919013202235,0.005731446752324615,0.01574161163531252,True,5532,6454
shared,12,"('WT', 'VEH')","('WT', 'LCTB92')",99.0,0.004241479495540101,-0.002790790391969594,0.011432946746877816,False,5532,6454
shared,12,"('Dp1Yey', 'VEH')","('Dp1Yey', 'LCTB92')",1.0,-0.009857326745986938,-0.0331603242456913,0.019207137227058378,False,5071,5071
shared,12,"('Dp1Yey', 'VEH')","('Dp1Yey', 'LCTB92')",5.0,0.005680263042449951,-0.00683821476995945,0.02168115116655826,False,5071,5071
shared,12,"('Dp1Yey', 'VEH')","('Dp1Yey', 'LCTB92')",50.0,0.010445699095726013,0.004002432525157929,0.016678284108638745,True,5071,5071
shared,12,"('Dp1Yey', 'VEH')","('Dp1Yey', 'LCTB92')",95.0,-0.009152865037322044,-0.0162578210234642,-0.003461013501510033,True,5071,5071
shared,12,"('Dp1Yey', 'VEH')","('Dp1Yey', 'LCTB92')",99.0,-0.01354152397252606,-0.02291823232051689,-0.0034989800746552044,True,5071,5071
shared,12,"('WT', 'VEH')","('Dp1Yey', 'VEH')",1.0,0.0861268979310989,0.05834172061085701,0.11110883697867394,True,5532,5071
shared,12,"('WT', 'VEH')","('Dp1Yey', 'VEH')",5.0,0.03685597628355031,0.026004835553467272,0.052171709835529295,True,5532,5071
shared,12,"('WT', 'VEH')","('Dp1Yey', 'VEH')",50.0,0.04591626673936844,0.04096612110733986,0.051780281588435166,True,5532,5071
shared,12,"('WT', 'VEH')","('Dp1Yey', 'VEH')",95.0,0.03638858366757636,0.03084793981164694,0.042700269166380166,True,5532,5071
shared,12,"('WT', 'VEH')","('Dp1Yey', 'VEH')",99.0,0.031198186054825494,0.021851752336601995,0.03808383975177995,True,5532,5071
shared,12,"('WT', 'LCTB92')","('Dp1Yey', 'LCTB92')",1.0,-0.04655574917793276,-0.07092724093794822,-0.015296606719493898,True,6454,5071
shared,12,"('WT', 'LCTB92')","('Dp1Yey', 'LCTB92')",5.0,-0.0557425320148468,-0.0700963343679905,-0.037916963472962355,True,6454,5071
shared,12,"('WT', 'LCTB92')","('Dp1Yey', 'LCTB92')",50.0,0.01617226004600525,0.009644340351223945,0.022191913053393363,True,6454,5071
shared,12,"('WT', 'LCTB92')","('Dp1Yey', 'LCTB92')",95.0,0.016797799617052078,0.010784070617519317,0.021600272511132057,True,6454,5071
shared,12,"('WT', 'LCTB92')","('Dp1Yey', 'LCTB92')",99.0,0.013415182586759333,0.004485176195426713,0.021969030122272668,True,6454,5071
shared,13,"('WT', 'VEH')","('WT', 'LCTB92')",1.0,nan,nan,nan,False,358,0
shared,13,"('WT', 'VEH')","('WT', 'LCTB92')",5.0,nan,nan,nan,False,358,0
shared,13,"('WT', 'VEH')","('WT', 'LCTB92')",50.0,nan,nan,nan,False,358,0
shared,13,"('WT', 'VEH')","('WT', 'LCTB92')",95.0,nan,nan,nan,False,358,0
shared,13,"('WT', 'VEH')","('WT', 'LCTB92')",99.0,nan,nan,nan,False,358,0
shared,13,"('Dp1Yey', 'VEH')","('Dp1Yey', 'LCTB92')",1.0,nan,nan,nan,False,358,0
shared,13,"('Dp1Yey', 'VEH')","('Dp1Yey', 'LCTB92')",5.0,nan,nan,nan,False,358,0
shared,13,"('Dp1Yey', 'VEH')","('Dp1Yey', 'LCTB92')",50.0,nan,nan,nan,False,358,0
shared,13,"('Dp1Yey', 'VEH')","('Dp1Yey', 'LCTB92')",95.0,nan,nan,nan,False,358,0
shared,13,"('Dp1Yey', 'VEH')","('Dp1Yey', 'LCTB92')",99.0,nan,nan,nan,False,358,0
shared,13,"('WT', 'VEH')","('Dp1Yey', 'VEH')",1.0,-0.053456646800041197,-0.10749464766681191,0.000988602638244629,False,358,358
shared,13,"('WT', 'VEH')","('Dp1Yey', 'VEH')",5.0,-0.007782642543315843,-0.05133645594120025,0.02844982217997311,False,358,358
shared,13,"('WT', 'VEH')","('Dp1Yey', 'VEH')",50.0,0.06579869240522385,0.02077233549207449,0.10161783806979656,True,358,358
shared,13,"('WT', 'VEH')","('Dp1Yey', 'VEH')",95.0,0.0077742028981449,-0.02686231129744557,0.06001597506226976,False,358,358
shared,13,"('WT', 'VEH')","('Dp1Yey', 'VEH')",99.0,0.037290116623043934,-0.04618401600047985,0.06158014569431547,False,358,358
shared,13,"('WT', 'LCTB92')","('Dp1Yey', 'LCTB92')",1.0,nan,nan,nan,False,0,0
shared,13,"('WT', 'LCTB92')","('Dp1Yey', 'LCTB92')",5.0,nan,nan,nan,False,0,0
shared,13,"('WT', 'LCTB92')","('Dp1Yey', 'LCTB92')",50.0,nan,nan,nan,False,0,0
shared,13,"('WT', 'LCTB92')","('Dp1Yey', 'LCTB92')",95.0,nan,nan,nan,False,0,0
shared,13,"('WT', 'LCTB92')","('Dp1Yey', 'LCTB92')",99.0,nan,nan,nan,False,0,0
shared,13,"('WT', 'VEH')","('WT', 'LCTB92')",1.0,0.13221760392189025,0.10885593350231648,0.1542715619653463,True,5496,6412
shared,13,"('WT', 'VEH')","('WT', 'LCTB92')",5.0,0.09867169409990312,0.0856527453288436,0.11439304217696192,True,5496,6412
shared,13,"('WT', 'VEH')","('WT', 'LCTB92')",50.0,0.04569532722234726,0.03927170094102621,0.05116888284683227,True,5496,6412
shared,13,"('WT', 'VEH')","('WT', 'LCTB92')",95.0,0.013549744710326217,0.00796790283638984,0.01838576504960656,True,5496,6412
shared,13,"('WT', 'VEH')","('WT', 'LCTB92')",99.0,0.000771759427152352,-0.0081064981440431,0.010256721221245074,False,5496,6412
shared,13,"('Dp1Yey', 'VEH')","('Dp1Yey', 'LCTB92')",1.0,-0.014222448468208304,-0.03412761190533639,0.014667895078659017,False,5038,5038
shared,13,"('Dp1Yey', 'VEH')","('Dp1Yey', 'LCTB92')",5.0,-0.002586996555328458,-0.015340776033699512,0.013319527953863186,False,5038,5038
shared,13,"('Dp1Yey', 'VEH')","('Dp1Yey', 'LCTB92')",50.0,0.010067351162433624,0.003257923386991024,0.016465972550213332,True,5038,5038
shared,13,"('Dp1Yey', 'VEH')","('Dp1Yey', 'LCTB92')",95.0,-0.009119865670800253,-0.015000772690400227,-0.0014618998207151907,True,5038,5038
shared,13,"('Dp1Yey', 'VEH')","('Dp1Yey', 'LCTB92')",99.0,-0.013576841410249507,-0.02334543798631059,-0.004392677064519006,True,5038,5038
shared,13,"('WT', 'VEH')","('Dp1Yey', 'VEH')",1.0,0.08597407102584836,0.05961955350637439,0.10611398965120315,True,5496,5038
shared,13,"('WT', 'VEH')","('Dp1Yey', 'VEH')",5.0,0.04054656922817235,0.024791823737323304,0.05626426972448824,True,5496,5038
shared,13,"('WT', 'VEH')","('Dp1Yey', 'VEH')",50.0,0.05055897682905197,0.04454354792833328,0.05668256711214781,True,5496,5038
shared,13,"('WT', 'VEH')","('Dp1Yey', 'VEH')",95.0,0.041364357061684176,0.03531595404725522,0.04584380832966417,True,5496,5038
shared,13,"('WT', 'VEH')","('Dp1Yey', 'VEH')",99.0,0.03426255156751712,0.02372583045160744,0.04489775254414425,True,5496,5038
shared,13,"('WT', 'LCTB92')","('Dp1Yey', 'LCTB92')",1.0,-0.06046598136425019,-0.08291145750880242,-0.03430195328593255,True,6412,5038
shared,13,"('WT', 'LCTB92')","('Dp1Yey', 'LCTB92')",5.0,-0.06071212142705923,-0.07463106468319892,-0.046348112337291254,True,6412,5038
shared,13,"('WT', 'LCTB92')","('Dp1Yey', 'LCTB92')",50.0,0.014931000769138336,0.008295054361224175,0.02124452404677868,True,6412,5038
shared,13,"('WT', 'LCTB92')","('Dp1Yey', 'LCTB92')",95.0,0.018694746680557706,0.012437164443545002,0.025436841617338515,True,6412,5038
shared,13,"('WT', 'LCTB92')","('Dp1Yey', 'LCTB92')",99.0,0.01991395073011526,0.011111525315500106,0.02834003117983236,True,6412,5038
shared,14,"('WT', 'VEH')","('WT', 'LCTB92')",1.0,nan,nan,nan,False,355,0
shared,14,"('WT', 'VEH')","('WT', 'LCTB92')",5.0,nan,nan,nan,False,355,0
shared,14,"('WT', 'VEH')","('WT', 'LCTB92')",50.0,nan,nan,nan,False,355,0
shared,14,"('WT', 'VEH')","('WT', 'LCTB92')",95.0,nan,nan,nan,False,355,0
shared,14,"('WT', 'VEH')","('WT', 'LCTB92')",99.0,nan,nan,nan,False,355,0
shared,14,"('Dp1Yey', 'VEH')","('Dp1Yey', 'LCTB92')",1.0,nan,nan,nan,False,355,0
shared,14,"('Dp1Yey', 'VEH')","('Dp1Yey', 'LCTB92')",5.0,nan,nan,nan,False,355,0
shared,14,"('Dp1Yey', 'VEH')","('Dp1Yey', 'LCTB92')",50.0,nan,nan,nan,False,355,0
shared,14,"('Dp1Yey', 'VEH')","('Dp1Yey', 'LCTB92')",95.0,nan,nan,nan,False,355,0
shared,14,"('Dp1Yey', 'VEH')","('Dp1Yey', 'LCTB92')",99.0,nan,nan,nan,False,355,0
shared,14,"('WT', 'VEH')","('Dp1Yey', 'VEH')",1.0,-0.0299981999397278,-0.09780921635031699,0.06823844304680815,False,355,355
shared,14,"('WT', 'VEH')","('Dp1Yey', 'VEH')",5.0,0.012892484664916992,-0.03807264655828476,0.06225347816944127,False,355,355
shared,14,"('WT', 'VEH')","('Dp1Yey', 'VEH')",50.0,0.08703257143497467,0.051730260252952576,0.11535148322582245,True,355,355
shared,14,"('WT', 'VEH')","('Dp1Yey', 'VEH')",95.0,0.006193343107588678,-0.03059298921521992,0.07400168648920964,False,355,355
shared,14,"('WT', 'VEH')","('Dp1Yey', 'VEH')",99.0,-0.003196643441915503,-0.03993431329727137,0.025517252683639136,False,355,355
shared,14,"('WT', 'LCTB92')","('Dp1Yey', 'LCTB92')",1.0,nan,nan,nan,False,0,0
shared,14,"('WT', 'LCTB92')","('Dp1Yey', 'LCTB92')",5.0,nan,nan,nan,False,0,0
shared,14,"('WT', 'LCTB92')","('Dp1Yey', 'LCTB92')",50.0,nan,nan,nan,False,0,0
shared,14,"('WT', 'LCTB92')","('Dp1Yey', 'LCTB92')",95.0,nan,nan,nan,False,0,0
shared,14,"('WT', 'LCTB92')","('Dp1Yey', 'LCTB92')",99.0,nan,nan,nan,False,0,0
shared,14,"('WT', 'VEH')","('WT', 'LCTB92')",1.0,0.11648137927055358,0.09897577315568924,0.13483096876740452,True,5460,6370
shared,14,"('WT', 'VEH')","('WT', 'LCTB92')",5.0,0.09807950556278233,0.08368462380021807,0.11344861920922986,True,5460,6370
shared,14,"('WT', 'VEH')","('WT', 'LCTB92')",50.0,0.05029895156621933,0.04345982261002064,0.055889752507209775,True,5460,6370
shared,14,"('WT', 'VEH')","('WT', 'LCTB92')",95.0,0.015031697787344478,0.008998023052699955,0.019703195500187662,True,5460,6370
shared,14,"('WT', 'VEH')","('WT', 'LCTB92')",99.0,6.966707762323665e-05,-0.010033074743405437,0.0091073947835325,False,5460,6370
shared,14,"('Dp1Yey', 'VEH')","('Dp1Yey', 'LCTB92')",1.0,-0.00959670305252075,-0.042176364243030576,0.017035438239574346,False,5005,5005
shared,14,"('Dp1Yey', 'VEH')","('Dp1Yey', 'LCTB92')",5.0,0.001543897390365534,-0.015901911109685876,0.015858893990516657,False,5005,5005
shared,14,"('Dp1Yey', 'VEH')","('Dp1Yey', 'LCTB92')",50.0,0.005676001310348511,0.00016384497284889222,0.01197911873459816,True,5005,5005
shared,14,"('Dp1Yey', 'VEH')","('Dp1Yey', 'LCTB92')",95.0,-0.003744845092296667,-0.011128375232219632,0.0037056699022650916,False,5005,5005
shared,14,"('Dp1Yey', 'VEH')","('Dp1Yey', 'LCTB92')",99.0,-0.010793887302279481,-0.017646753557026367,-0.0048474168293179305,True,5005,5005
shared,14,"('WT', 'VEH')","('Dp1Yey', 'VEH')",1.0,0.07399640560150145,0.05441209252178669,0.09833869791030882,True,5460,5005
shared,14,"('WT', 'VEH')","('Dp1Yey', 'VEH')",5.0,0.03881433308124549,0.023665786385536257,0.058029867336153854,True,5460,5005
shared,14,"('WT', 'VEH')","('Dp1Yey', 'VEH')",50.0,0.0541403591632843,0.048045693151652816,0.059143416956067084,True,5460,5005
shared,14,"('WT', 'VEH')","('Dp1Yey', 'VEH')",95.0,0.0376515047624707,0.03224332504440075,0.043255658727139226,True,5460,5005
shared,14,"('WT', 'VEH')","('Dp1Yey', 'VEH')",99.0,0.03369204520713531,0.0247064137416892,0.04155038430498242,True,5460,5005
shared,14,"('WT', 'LCTB92')","('Dp1Yey', 'LCTB92')",1.0,-0.05208167672157288,-0.08257818293571471,-0.027387800797820126,True,6370,5005
shared,14,"('WT', 'LCTB92')","('Dp1Yey', 'LCTB92')",5.0,-0.05772127509117131,-0.07136973239481446,-0.043500253707170485,True,6370,5005
shared,14,"('WT', 'LCTB92')","('Dp1Yey', 'LCTB92')",50.0,0.009517408907413483,0.004081780090928078,0.01669706255197525,True,6370,5005
shared,14,"('WT', 'LCTB92')","('Dp1Yey', 'LCTB92')",95.0,0.018874961882829555,0.012730890298261998,0.0261823611147701,True,6370,5005
shared,14,"('WT', 'LCTB92')","('Dp1Yey', 'LCTB92')",99.0,0.022828490827232595,0.014447994642424642,0.030238011594279666,True,6370,5005
shared,15,"('WT', 'VEH')","('WT', 'LCTB92')",1.0,nan,nan,nan,False,352,0
shared,15,"('WT', 'VEH')","('WT', 'LCTB92')",5.0,nan,nan,nan,False,352,0
shared,15,"('WT', 'VEH')","('WT', 'LCTB92')",50.0,nan,nan,nan,False,352,0
shared,15,"('WT', 'VEH')","('WT', 'LCTB92')",95.0,nan,nan,nan,False,352,0
shared,15,"('WT', 'VEH')","('WT', 'LCTB92')",99.0,nan,nan,nan,False,352,0
shared,15,"('Dp1Yey', 'VEH')","('Dp1Yey', 'LCTB92')",1.0,nan,nan,nan,False,352,0
shared,15,"('Dp1Yey', 'VEH')","('Dp1Yey', 'LCTB92')",5.0,nan,nan,nan,False,352,0
shared,15,"('Dp1Yey', 'VEH')","('Dp1Yey', 'LCTB92')",50.0,nan,nan,nan,False,352,0
shared,15,"('Dp1Yey', 'VEH')","('Dp1Yey', 'LCTB92')",95.0,nan,nan,nan,False,352,0
shared,15,"('Dp1Yey', 'VEH')","('Dp1Yey', 'LCTB92')",99.0,nan,nan,nan,False,352,0
shared,15,"('WT', 'VEH')","('Dp1Yey', 'VEH')",1.0,-0.037611687779426584,-0.14286957919597626,0.048838599100708965,False,352,352
shared,15,"('WT', 'VEH')","('Dp1Yey', 'VEH')",5.0,0.027651445567607902,-0.016867659613490106,0.07950020693242549,False,352,352
shared,15,"('WT', 'VEH')","('Dp1Yey', 'VEH')",50.0,0.09179012477397919,0.056177576258778575,0.11791324000805614,True,352,352
shared,15,"('WT', 'VEH')","('Dp1Yey', 'VEH')",95.0,0.03354135006666181,-0.020851510032080068,0.0700089848297648,False,352,352
shared,15,"('WT', 'VEH')","('Dp1Yey', 'VEH')",99.0,-0.004070152118801795,-0.04601722793653584,0.05094104841351532,False,352,352
shared,15,"('WT', 'LCTB92')","('Dp1Yey', 'LCTB92')",1.0,nan,nan,nan,False,0,0
shared,15,"('WT', 'LCTB92')","('Dp1Yey', 'LCTB92')",5.0,nan,nan,nan,False,0,0
shared,15,"('WT', 'LCTB92')","('Dp1Yey', 'LCTB92')",50.0,nan,nan,nan,False,0,0
shared,15,"('WT', 'LCTB92')","('Dp1Yey', 'LCTB92')",95.0,nan,nan,nan,False,0,0
shared,15,"('WT', 'LCTB92')","('Dp1Yey', 'LCTB92')",99.0,nan,nan,nan,False,0,0
shared,15,"('WT', 'VEH')","('WT', 'LCTB92')",1.0,0.11619135558605193,0.09741032369434835,0.13684921522438528,True,5424,6328
shared,15,"('WT', 'VEH')","('WT', 'LCTB92')",5.0,0.09865245372056958,0.0837280321866274,0.11349745765328412,True,5424,6328
shared,15,"('WT', 'VEH')","('WT', 'LCTB92')",50.0,0.049080803990364075,0.043093135580420494,0.05612047016620635,True,5424,6328
shared,15,"('WT', 'VEH')","('WT', 'LCTB92')",95.0,0.014826999418437459,0.007184323524125008,0.01955806314479558,True,5424,6328
shared,15,"('WT', 'VEH')","('WT', 'LCTB92')",99.0,-0.0037983238603916947,-0.012982833911432002,0.003482792240567689,False,5424,6328
shared,15,"('Dp1Yey', 'VEH')","('Dp1Yey', 'LCTB92')",1.0,-0.009227299690246604,-0.030819063559174513,0.02372181813418867,False,4972,4972
shared,15,"('Dp1Yey', 'VEH')","('Dp1Yey', 'LCTB92')",5.0,0.0032139971852302995,-0.014067161083221456,0.017297562211751938,False,4972,4972
shared,15,"('Dp1Yey', 'VEH')","('Dp1Yey', 'LCTB92')",50.0,0.003135994076728821,-0.003170253336429596,0.009019299596548068,False,4972,4972
shared,15,"('Dp1Yey', 'VEH')","('Dp1Yey', 'LCTB92')",95.0,-0.0022202122956515025,-0.008332354091107889,0.004625929770991204,False,4972,4972
shared,15,"('Dp1Yey', 'VEH')","('Dp1Yey', 'LCTB92')",99.0,-0.013069074377417444,-0.020641361399088065,-0.002041116625070515,True,4972,4972
shared,15,"('WT', 'VEH')","('Dp1Yey', 'VEH')",1.0,0.07407191157341003,0.04622360487282278,0.09588456499576567,True,5424,4972
shared,15,"('WT', 'VEH')","('Dp1Yey', 'VEH')",5.0,0.04035088121891017,0.02419500358402729,0.05762801308184859,True,5424,4972
shared,15,"('WT', 'VEH')","('Dp1Yey', 'VEH')",50.0,0.05589891970157623,0.04995583426207304,0.06121592968702316,True,5424,4972
shared,15,"('WT', 'VEH')","('Dp1Yey', 'VEH')",95.0,0.03844812903553252,0.031994630461558676,0.04423675933387133,True,5424,4972
shared,15,"('WT', 'VEH')","('Dp1Yey', 'VEH')",99.0,0.03636931870132676,0.026618586594238623,0.042450755673693386,True,5424,4972
shared,15,"('WT', 'LCTB92')","('Dp1Yey', 'LCTB92')",1.0,-0.0513467437028885,-0.07125806185603138,-0.028397025600075728,True,6328,4972
shared,15,"('WT', 'LCTB92')","('Dp1Yey', 'LCTB92')",5.0,-0.055087575316429105,-0.07161375790834429,-0.04228382550179957,True,6328,4972
shared,15,"('WT', 'LCTB92')","('Dp1Yey', 'LCTB92')",50.0,0.009954109787940979,0.0018985923379659653,0.015920331329107282,True,6328,4972
shared,15,"('WT', 'LCTB92')","('Dp1Yey', 'LCTB92')",95.0,0.021400917321443558,0.015473498990759274,0.029115105830132867,True,6328,4972
shared,15,"('WT', 'LCTB92')","('Dp1Yey', 'LCTB92')",99.0,0.02709856818430101,0.017775956998812032,0.03754286916041734,True,6328,4972
shared,16,"('WT', 'VEH')","('WT', 'LCTB92')",1.0,nan,nan,nan,False,349,0
shared,16,"('WT', 'VEH')","('WT', 'LCTB92')",5.0,nan,nan,nan,False,349,0
shared,16,"('WT', 'VEH')","('WT', 'LCTB92')",50.0,nan,nan,nan,False,349,0
shared,16,"('WT', 'VEH')","('WT', 'LCTB92')",95.0,nan,nan,nan,False,349,0
shared,16,"('WT', 'VEH')","('WT', 'LCTB92')",99.0,nan,nan,nan,False,349,0
shared,16,"('Dp1Yey', 'VEH')","('Dp1Yey', 'LCTB92')",1.0,nan,nan,nan,False,349,0
shared,16,"('Dp1Yey', 'VEH')","('Dp1Yey', 'LCTB92')",5.0,nan,nan,nan,False,349,0
shared,16,"('Dp1Yey', 'VEH')","('Dp1Yey', 'LCTB92')",50.0,nan,nan,nan,False,349,0
shared,16,"('Dp1Yey', 'VEH')","('Dp1Yey', 'LCTB92')",95.0,nan,nan,nan,False,349,0
shared,16,"('Dp1Yey', 'VEH')","('Dp1Yey', 'LCTB92')",99.0,nan,nan,nan,False,349,0
shared,16,"('WT', 'VEH')","('Dp1Yey', 'VEH')",1.0,-0.0352012944221497,-0.12893059468269347,0.04880944710969925,False,349,349
shared,16,"('WT', 'VEH')","('Dp1Yey', 'VEH')",5.0,0.05833420753479002,0.014758940935134909,0.10116650849580765,True,349,349
shared,16,"('WT', 'VEH')","('Dp1Yey', 'VEH')",50.0,0.10129614174365997,0.07088720500469207,0.12494835034012794,True,349,349
shared,16,"('WT', 'VEH')","('Dp1Yey', 'VEH')",95.0,0.0459190016612413,-2.5103962979882762e-05,0.11104370686225593,False,349,349
shared,16,"('WT', 'VEH')","('Dp1Yey', 'VEH')",99.0,0.017125222980975963,-0.03900687009096154,0.07983647416532058,False,349,349
shared,16,"('WT', 'LCTB92')","('Dp1Yey', 'LCTB92')",1.0,nan,nan,nan,False,0,0
shared,16,"('WT', 'LCTB92')","('Dp1Yey', 'LCTB92')",5.0,nan,nan,nan,False,0,0
shared,16,"('WT', 'LCTB92')","('Dp1Yey', 'LCTB92')",50.0,nan,nan,nan,False,0,0
shared,16,"('WT', 'LCTB92')","('Dp1Yey', 'LCTB92')",95.0,nan,nan,nan,False,0,0
shared,16,"('WT', 'LCTB92')","('Dp1Yey', 'LCTB92')",99.0,nan,nan,nan,False,0,0
shared,16,"('WT', 'VEH')","('WT', 'LCTB92')",1.0,0.12581855237483974,0.10468860195577144,0.13874627053737643,True,5388,6286
shared,16,"('WT', 'VEH')","('WT', 'LCTB92')",5.0,0.09915017187595376,0.08518034003674979,0.11285111859440808,True,5388,6286
shared,16,"('WT', 'VEH')","('WT', 'LCTB92')",50.0,0.048792026937007904,0.04397477377206087,0.05505099296569824,True,5388,6286
shared,16,"('WT', 'VEH')","('WT', 'LCTB92')",95.0,0.012795915827155113,0.00690472229383875,0.018834428880363636,True,5388,6286
shared,16,"('WT', 'VEH')","('WT', 'LCTB92')",99.0,-0.0036312158592044508,-0.014270687950774796,0.007553826307412257,False,5388,6286
shared,16,"('Dp1Yey', 'VEH')","('Dp1Yey', 'LCTB92')",1.0,0.0025932502746581765,-0.02713375657796861,0.025261386424303017,False,4939,4939
shared,16,"('Dp1Yey', 'VEH')","('Dp1Yey', 'LCTB92')",5.0,0.0018308281898498646,-0.014110805541276932,0.01340396553277968,False,4939,4939
shared,16,"('Dp1Yey', 'VEH')","('Dp1Yey', 'LCTB92')",50.0,0.0030390918254852295,-0.0030582010746002196,0.009788262844085691,False,4939,4939
shared,16,"('Dp1Yey', 'VEH')","('Dp1Yey', 'LCTB92')",95.0,-5.0862878561153124e-05,-0.00771165760234005,0.0060454821027815095,False,4939,4939
shared,16,"('Dp1Yey', 'VEH')","('Dp1Yey', 'LCTB92')",99.0,-0.016976505666971176,-0.032055202770978224,-0.005235104989260446,True,4939,4939
shared,16,"('WT', 'VEH')","('Dp1Yey', 'VEH')",1.0,0.05871503114700316,0.03924779327213765,0.07703869558870785,True,5388,4939
shared,16,"('WT', 'VEH')","('Dp1Yey', 'VEH')",5.0,0.042713093757629494,0.029923087432980517,0.05913025602698327,True,5388,4939
shared,16,"('WT', 'VEH')","('Dp1Yey', 'VEH')",50.0,0.057267926633358,0.05124497953802347,0.0626884926110506,True,5388,4939
shared,16,"('WT', 'VEH')","('Dp1Yey', 'VEH')",95.0,0.037740936130285396,0.032760980911552905,0.04383553541265431,True,5388,4939
shared,16,"('WT', 'VEH')","('Dp1Yey', 'VEH')",99.0,0.03856505772098906,0.026127107837237505,0.0479689171104694,True,5388,4939
shared,16,"('WT', 'LCTB92')","('Dp1Yey', 'LCTB92')",1.0,-0.0645102709531784,-0.08974541296064854,-0.04029406920075418,True,6286,4939
shared,16,"('WT', 'LCTB92')","('Dp1Yey', 'LCTB92')",5.0,-0.054606249928474404,-0.06786892093718051,-0.041161281242966676,True,6286,4939
shared,16,"('WT', 'LCTB92')","('Dp1Yey', 'LCTB92')",50.0,0.011514991521835327,0.004973911866545677,0.016835830360651016,True,6286,4939
shared,16,"('WT', 'LCTB92')","('Dp1Yey', 'LCTB92')",95.0,0.02489415742456913,0.017895508045330643,0.03191481744870545,True,6286,4939
shared,16,"('WT', 'LCTB92')","('Dp1Yey', 'LCTB92')",99.0,0.025219767913222335,0.006803816460072718,0.03605785414343583,True,6286,4939
shared,17,"('WT', 'VEH')","('WT', 'LCTB92')",1.0,nan,nan,nan,False,346,0
shared,17,"('WT', 'VEH')","('WT', 'LCTB92')",5.0,nan,nan,nan,False,346,0
shared,17,"('WT', 'VEH')","('WT', 'LCTB92')",50.0,nan,nan,nan,False,346,0
shared,17,"('WT', 'VEH')","('WT', 'LCTB92')",95.0,nan,nan,nan,False,346,0
shared,17,"('WT', 'VEH')","('WT', 'LCTB92')",99.0,nan,nan,nan,False,346,0
shared,17,"('Dp1Yey', 'VEH')","('Dp1Yey', 'LCTB92')",1.0,nan,nan,nan,False,346,0
shared,17,"('Dp1Yey', 'VEH')","('Dp1Yey', 'LCTB92')",5.0,nan,nan,nan,False,346,0
shared,17,"('Dp1Yey', 'VEH')","('Dp1Yey', 'LCTB92')",50.0,nan,nan,nan,False,346,0
shared,17,"('Dp1Yey', 'VEH')","('Dp1Yey', 'LCTB92')",95.0,nan,nan,nan,False,346,0
shared,17,"('Dp1Yey', 'VEH')","('Dp1Yey', 'LCTB92')",99.0,nan,nan,nan,False,346,0
shared,17,"('WT', 'VEH')","('Dp1Yey', 'VEH')",1.0,-0.028989592194557212,-0.05334015294909476,0.05862744294106956,False,346,346
shared,17,"('WT', 'VEH')","('Dp1Yey', 'VEH')",5.0,0.08888351172208786,0.026818886399269104,0.1092491140589118,True,346,346
shared,17,"('WT', 'VEH')","('Dp1Yey', 'VEH')",50.0,0.10433711111545563,0.06753583736717701,0.13018529396504164,True,346,346
shared,17,"('WT', 'VEH')","('Dp1Yey', 'VEH')",95.0,0.1059660934843123,0.015719829654699424,0.15572669894900174,True,346,346
shared,17,"('WT', 'VEH')","('Dp1Yey', 'VEH')",99.0,0.04716780520975594,0.015337292291223876,0.0828190362701754,True,346,346
shared,17,"('WT', 'LCTB92')","('Dp1Yey', 'LCTB92')",1.0,nan,nan,nan,False,0,0
shared,17,"('WT', 'LCTB92')","('Dp1Yey', 'LCTB92')",5.0,nan,nan,nan,False,0,0
shared,17,"('WT', 'LCTB92')","('Dp1Yey', 'LCTB92')",50.0,nan,nan,nan,False,0,0
shared,17,"('WT', 'LCTB92')","('Dp1Yey', 'LCTB92')",95.0,nan,nan,nan,False,0,0
shared,17,"('WT', 'LCTB92')","('Dp1Yey', 'LCTB92')",99.0,nan,nan,nan,False,0,0
shared,17,"('WT', 'VEH')","('WT', 'LCTB92')",1.0,0.12179587602615355,0.10584410578012467,0.140419868260622,True,5352,6244
shared,17,"('WT', 'VEH')","('WT', 'LCTB92')",5.0,0.10663014650344849,0.09033518310636279,0.11953233748674391,True,5352,6244
shared,17,"('WT', 'VEH')","('WT', 'LCTB92')",50.0,0.05061791092157364,0.04462080039083958,0.056350455246865744,True,5352,6244
shared,17,"('WT', 'VEH')","('WT', 'LCTB92')",95.0,0.012900014594197318,0.00581894502975043,0.01817731048911809,True,5352,6244
shared,17,"('WT', 'VEH')","('WT', 'LCTB92')",99.0,-0.001781545802950757,-0.014284808625466525,0.006884168879129055,False,5352,6244
shared,17,"('Dp1Yey', 'VEH')","('Dp1Yey', 'LCTB92')",1.0,-0.0021758705377578624,-0.025287494137883185,0.03167976692318913,False,4906,4906
shared,17,"('Dp1Yey', 'VEH')","('Dp1Yey', 'LCTB92')",5.0,-0.0052998363971710205,-0.017736056074500083,0.008423306420445432,False,4906,4906
shared,17,"('Dp1Yey', 'VEH')","('Dp1Yey', 'LCTB92')",50.0,0.003533661365509033,-0.0030136533081531526,0.009417727589607235,False,4906,4906
shared,17,"('Dp1Yey', 'VEH')","('Dp1Yey', 'LCTB92')",95.0,-0.003324827179312706,-0.01265041483566165,0.006165807321667658,False,4906,4906
shared,17,"('Dp1Yey', 'VEH')","('Dp1Yey', 'LCTB92')",99.0,-0.012985256128013156,-0.022264728010632225,-0.004653531922958804,True,4906,4906
shared,17,"('WT', 'VEH')","('Dp1Yey', 'VEH')",1.0,0.05190954327583308,0.02793700037896633,0.06974515865743157,True,5352,4906
shared,17,"('WT', 'VEH')","('Dp1Yey', 'VEH')",5.0,0.055320480465889,0.038814259730279445,0.06911470629274842,True,5352,4906
shared,17,"('WT', 'VEH')","('Dp1Yey', 'VEH')",50.0,0.060750968754291534,0.05486682690680027,0.06702633965760468,True,5352,4906
shared,17,"('WT', 'VEH')","('Dp1Yey', 'VEH')",95.0,0.04023920185863972,0.031380758741870476,0.047401104215532536,True,5352,4906
shared,17,"('WT', 'VEH')","('Dp1Yey', 'VEH')",99.0,0.031440043002367024,0.022976316890679298,0.04192971692420521,True,5352,4906
shared,17,"('WT', 'LCTB92')","('Dp1Yey', 'LCTB92')",1.0,-0.07206220328807833,-0.0938610271215439,-0.04622861535847187,True,6244,4906
shared,17,"('WT', 'LCTB92')","('Dp1Yey', 'LCTB92')",5.0,-0.05660950243473051,-0.06890986442565918,-0.042808861657977114,True,6244,4906
shared,17,"('WT', 'LCTB92')","('Dp1Yey', 'LCTB92')",50.0,0.013666719198226929,0.007474856823682785,0.019792631641030307,True,6244,4906
shared,17,"('WT', 'LCTB92')","('Dp1Yey', 'LCTB92')",95.0,0.024014360085129693,0.015986928809434177,0.03237463279627256,True,6244,4906
shared,17,"('WT', 'LCTB92')","('Dp1Yey', 'LCTB92')",99.0,0.020236332677304625,0.012778104338795001,0.0332881753519174,True,6244,4906
shared,18,"('WT', 'VEH')","('WT', 'LCTB92')",1.0,nan,nan,nan,False,343,0
shared,18,"('WT', 'VEH')","('WT', 'LCTB92')",5.0,nan,nan,nan,False,343,0
shared,18,"('WT', 'VEH')","('WT', 'LCTB92')",50.0,nan,nan,nan,False,343,0
shared,18,"('WT', 'VEH')","('WT', 'LCTB92')",95.0,nan,nan,nan,False,343,0
shared,18,"('WT', 'VEH')","('WT', 'LCTB92')",99.0,nan,nan,nan,False,343,0
shared,18,"('Dp1Yey', 'VEH')","('Dp1Yey', 'LCTB92')",1.0,nan,nan,nan,False,343,0
shared,18,"('Dp1Yey', 'VEH')","('Dp1Yey', 'LCTB92')",5.0,nan,nan,nan,False,343,0
shared,18,"('Dp1Yey', 'VEH')","('Dp1Yey', 'LCTB92')",50.0,nan,nan,nan,False,343,0
shared,18,"('Dp1Yey', 'VEH')","('Dp1Yey', 'LCTB92')",95.0,nan,nan,nan,False,343,0
shared,18,"('Dp1Yey', 'VEH')","('Dp1Yey', 'LCTB92')",99.0,nan,nan,nan,False,343,0
shared,18,"('WT', 'VEH')","('Dp1Yey', 'VEH')",1.0,0.028562568426132195,-0.02924430158734322,0.104823477268219,False,343,343
shared,18,"('WT', 'VEH')","('Dp1Yey', 'VEH')",5.0,0.0920091778039932,0.04822865128517151,0.12702074840664868,True,343,343
shared,18,"('WT', 'VEH')","('Dp1Yey', 'VEH')",50.0,0.08206218481063843,0.0591765858232975,0.11949922777712342,True,343,343
shared,18,"('WT', 'VEH')","('Dp1Yey', 'VEH')",95.0,0.11550658121705049,0.060842658428009753,0.1391811237996445,True,343,343
shared,18,"('WT', 'VEH')","('Dp1Yey', 'VEH')",99.0,0.045921003688127016,0.015842950358986845,0.10959903012571214,True,343,343
shared,18,"('WT', 'LCTB92')","('Dp1Yey', 'LCTB92')",1.0,nan,nan,nan,False,0,0
shared,18,"('WT', 'LCTB92')","('Dp1Yey', 'LCTB92')",5.0,nan,nan,nan,False,0,0
shared,18,"('WT', 'LCTB92')","('Dp1Yey', 'LCTB92')",50.0,nan,nan,nan,False,0,0
shared,18,"('WT', 'LCTB92')","('Dp1Yey', 'LCTB92')",95.0,nan,nan,nan,False,0,0
shared,18,"('WT', 'LCTB92')","('Dp1Yey', 'LCTB92')",99.0,nan,nan,nan,False,0,0
shared,18,"('WT', 'VEH')","('WT', 'LCTB92')",1.0,0.12445838689804078,0.10733974322676659,0.1349223940372467,True,5316,6202
shared,18,"('WT', 'VEH')","('WT', 'LCTB92')",5.0,0.10410091578960418,0.08943955413997173,0.11869106993079183,True,5316,6202
shared,18,"('WT', 'VEH')","('WT', 'LCTB92')",50.0,0.052734218537807465,0.04790875315666199,0.058731550537049766,True,5316,6202
shared,18,"('WT', 'VEH')","('WT', 'LCTB92')",95.0,0.010879818350076786,0.005268637454137251,0.017610016316175536,True,5316,6202
shared,18,"('WT', 'VEH')","('WT', 'LCTB92')",99.0,-0.0030195638909934486,-0.013257786051370148,0.005934171006084427,False,5316,6202
shared,18,"('Dp1Yey', 'VEH')","('Dp1Yey', 'LCTB92')",1.0,-0.0060279250144958385,-0.02719594001770023,0.04029299211502071,False,4873,4873
shared,18,"('Dp1Yey', 'VEH')","('Dp1Yey', 'LCTB92')",5.0,-0.0059272050857543945,-0.018234877884387983,0.00822938233613967,False,4873,4873
shared,18,"('Dp1Yey', 'VEH')","('Dp1Yey', 'LCTB92')",50.0,0.0036619603633880615,-0.002674953639507294,0.010145521908998489,False,4873,4873
shared,18,"('Dp1Yey', 'VEH')","('Dp1Yey', 'LCTB92')",95.0,-0.007909242808818773,-0.016357289850711776,-5.313605070114608e-05,True,4873,4873
shared,18,"('Dp1Yey', 'VEH')","('Dp1Yey', 'LCTB92')",99.0,-0.01134838491678225,-0.023637693092226367,-0.004086031138897285,True,4873,4873
shared,18,"('WT', 'VEH')","('Dp1Yey', 'VEH')",1.0,0.05049238562583924,0.030890094280242947,0.06427345950901507,True,5316,4873
shared,18,"('WT', 'VEH')","('Dp1Yey', 'VEH')",5.0,0.05860007703304293,0.040599527731537764,0.07044918030500412,True,5316,4873
shared,18,"('WT', 'VEH')","('Dp1Yey', 'VEH')",50.0,0.06078048795461655,0.05485302563756704,0.06668645814061165,True,5316,4873
shared,18,"('WT', 'VEH')","('Dp1Yey', 'VEH')",95.0,0.046065397933125474,0.038673127330839635,0.05350154101848622,True,5316,4873
shared,18,"('WT', 'VEH')","('Dp1Yey', 'VEH')",99.0,0.03217683345079425,0.022673973841593493,0.04277143957000257,True,5316,4873
shared,18,"('WT', 'LCTB92')","('Dp1Yey', 'LCTB92')",1.0,-0.07999392628669738,-0.09795393908023836,-0.03525657181441784,True,6202,4873
shared,18,"('WT', 'LCTB92')","('Dp1Yey', 'LCTB92')",5.0,-0.05142804384231564,-0.06577720850706102,-0.03996992528438569,True,6202,4873
shared,18,"('WT', 'LCTB92')","('Dp1Yey', 'LCTB92')",50.0,0.011708229780197144,0.005741242319345474,0.01772610284388065,True,6202,4873
shared,18,"('WT', 'LCTB92')","('Dp1Yey', 'LCTB92')",95.0,0.027276336774229915,0.018771014399826723,0.03383111791685231,True,6202,4873
shared,18,"('WT', 'LCTB92')","('Dp1Yey', 'LCTB92')",99.0,0.02384801242500545,0.013003117343410952,0.03143487455323338,True,6202,4873
shared,19,"('WT', 'VEH')","('WT', 'LCTB92')",1.0,nan,nan,nan,False,340,0
shared,19,"('WT', 'VEH')","('WT', 'LCTB92')",5.0,nan,nan,nan,False,340,0
shared,19,"('WT', 'VEH')","('WT', 'LCTB92')",50.0,nan,nan,nan,False,340,0
shared,19,"('WT', 'VEH')","('WT', 'LCTB92')",95.0,nan,nan,nan,False,340,0
shared,19,"('WT', 'VEH')","('WT', 'LCTB92')",99.0,nan,nan,nan,False,340,0
shared,19,"('Dp1Yey', 'VEH')","('Dp1Yey', 'LCTB92')",1.0,nan,nan,nan,False,340,0
shared,19,"('Dp1Yey', 'VEH')","('Dp1Yey', 'LCTB92')",5.0,nan,nan,nan,False,340,0
shared,19,"('Dp1Yey', 'VEH')","('Dp1Yey', 'LCTB92')",50.0,nan,nan,nan,False,340,0
shared,19,"('Dp1Yey', 'VEH')","('Dp1Yey', 'LCTB92')",95.0,nan,nan,nan,False,340,0
shared,19,"('Dp1Yey', 'VEH')","('Dp1Yey', 'LCTB92')",99.0,nan,nan,nan,False,340,0
shared,19,"('WT', 'VEH')","('Dp1Yey', 'VEH')",1.0,0.05994052290916446,-0.026737563014030463,0.15899499297142028,False,340,340
shared,19,"('WT', 'VEH')","('Dp1Yey', 'VEH')",5.0,0.10375601500272758,0.0666510126367211,0.14027246914803965,True,340,340
shared,19,"('WT', 'VEH')","('Dp1Yey', 'VEH')",50.0,0.08449308574199677,0.058059997856616974,0.12942142151296138,True,340,340
shared,19,"('WT', 'VEH')","('Dp1Yey', 'VEH')",95.0,0.09700723702553649,0.0489944965206086,0.13291397673310712,True,340,340
shared,19,"('WT', 'VEH')","('Dp1Yey', 'VEH')",99.0,0.06831043349578958,0.01086460195481731,0.11023986954055714,True,340,340
shared,19,"('WT', 'LCTB92')","('Dp1Yey', 'LCTB92')",1.0,nan,nan,nan,False,0,0
shared,19,"('WT', 'LCTB92')","('Dp1Yey', 'LCTB92')",5.0,nan,nan,nan,False,0,0
shared,19,"('WT', 'LCTB92')","('Dp1Yey', 'LCTB92')",50.0,nan,nan,nan,False,0,0
shared,19,"('WT', 'LCTB92')","('Dp1Yey', 'LCTB92')",95.0,nan,nan,nan,False,0,0
shared,19,"('WT', 'LCTB92')","('Dp1Yey', 'LCTB92')",99.0,nan,nan,nan,False,0,0
shared,19,"('WT', 'VEH')","('WT', 'LCTB92')",1.0,0.1232872271537781,0.10488249967992307,0.1370453721284866,True,5280,6160
shared,19,"('WT', 'VEH')","('WT', 'LCTB92')",5.0,0.10025047212839122,0.08596119418740271,0.11664011098444452,True,5280,6160
shared,19,"('WT', 'VEH')","('WT', 'LCTB92')",50.0,0.0551467165350914,0.049553756788372996,0.061277035810053344,True,5280,6160
shared,19,"('WT', 'VEH')","('WT', 'LCTB92')",95.0,0.010200428590178556,0.0024772805534302835,0.016149054579436856,True,5280,6160
shared,19,"('WT', 'VEH')","('WT', 'LCTB92')",99.0,-0.0009489158913492668,-0.013673829727806005,0.006861876680515688,False,5280,6160
shared,19,"('Dp1Yey', 'VEH')","('Dp1Yey', 'LCTB92')",1.0,0.0027936786413192416,-0.029206292271614052,0.03413682001829148,False,4840,4840
shared,19,"('Dp1Yey', 'VEH')","('Dp1Yey', 'LCTB92')",5.0,-0.005255761742591847,-0.01655181899666782,0.00736263141036033,False,4840,4840
shared,19,"('Dp1Yey', 'VEH')","('Dp1Yey', 'LCTB92')",50.0,0.0031340867280960083,-0.0032559458166360857,0.009462561085820187,False,4840,4840
shared,19,"('Dp1Yey', 'VEH')","('Dp1Yey', 'LCTB92')",95.0,-0.011842373758554459,-0.022212420329451626,-0.0036898430995642557,True,4840,4840
shared,19,"('Dp1Yey', 'VEH')","('Dp1Yey', 'LCTB92')",99.0,-0.013496821746230014,-0.021502869440242846,-0.0017938372734934505,True,4840,4840
shared,19,"('WT', 'VEH')","('Dp1Yey', 'VEH')",1.0,0.04554870426654817,0.0268709659576416,0.06417127935588357,True,5280,4840
shared,19,"('WT', 'VEH')","('Dp1Yey', 'VEH')",5.0,0.05480572134256362,0.03788241818547246,0.06834663167595857,True,5280,4840
shared,19,"('WT', 'VEH')","('Dp1Yey', 'VEH')",50.0,0.06340841203927994,0.057146542519330976,0.07024993374943733,True,5280,4840
shared,19,"('WT', 'VEH')","('Dp1Yey', 'VEH')",95.0,0.04806080646812916,0.0411755174677819,0.05587231665849692,True,5280,4840
shared,19,"('WT', 'VEH')","('Dp1Yey', 'VEH')",99.0,0.03675537150353203,0.024717020767741026,0.04270715227536856,True,5280,4840
shared,19,"('WT', 'LCTB92')","('Dp1Yey', 'LCTB92')",1.0,-0.07494484424591069,-0.10398999799788002,-0.04216193187236787,True,6160,4840
shared,19,"('WT', 'LCTB92')","('Dp1Yey', 'LCTB92')",5.0,-0.05070051252841945,-0.06695519544184206,-0.04017948441207403,True,6160,4840
shared,19,"('WT', 'LCTB92')","('Dp1Yey', 'LCTB92')",50.0,0.011395782232284546,0.005168654397130013,0.017247565835714334,True,6160,4840
shared,19,"('WT', 'LCTB92')","('Dp1Yey', 'LCTB92')",95.0,0.026018004119396143,0.01687808583490533,0.03450621241703593,True,6160,4840
shared,19,"('WT', 'LCTB92')","('Dp1Yey', 'LCTB92')",99.0,0.024207465648651283,0.01440855400264288,0.0373872705567628,True,6160,4840
shared,20,"('WT', 'VEH')","('WT', 'LCTB92')",1.0,nan,nan,nan,False,337,0
shared,20,"('WT', 'VEH')","('WT', 'LCTB92')",5.0,nan,nan,nan,False,337,0
shared,20,"('WT', 'VEH')","('WT', 'LCTB92')",50.0,nan,nan,nan,False,337,0
shared,20,"('WT', 'VEH')","('WT', 'LCTB92')",95.0,nan,nan,nan,False,337,0
shared,20,"('WT', 'VEH')","('WT', 'LCTB92')",99.0,nan,nan,nan,False,337,0
shared,20,"('Dp1Yey', 'VEH')","('Dp1Yey', 'LCTB92')",1.0,nan,nan,nan,False,337,0
shared,20,"('Dp1Yey', 'VEH')","('Dp1Yey', 'LCTB92')",5.0,nan,nan,nan,False,337,0
shared,20,"('Dp1Yey', 'VEH')","('Dp1Yey', 'LCTB92')",50.0,nan,nan,nan,False,337,0
shared,20,"('Dp1Yey', 'VEH')","('Dp1Yey', 'LCTB92')",95.0,nan,nan,nan,False,337,0
shared,20,"('Dp1Yey', 'VEH')","('Dp1Yey', 'LCTB92')",99.0,nan,nan,nan,False,337,0
shared,20,"('WT', 'VEH')","('Dp1Yey', 'VEH')",1.0,0.04269612550735474,0.001955371677875527,0.1215182949006557,True,337,337
shared,20,"('WT', 'VEH')","('Dp1Yey', 'VEH')",5.0,0.11432832479476929,0.07788875699043274,0.1546307809650898,True,337,337
shared,20,"('WT', 'VEH')","('Dp1Yey', 'VEH')",50.0,0.09274615347385406,0.06541032083332539,0.12848145551979542,True,337,337
shared,20,"('WT', 'VEH')","('Dp1Yey', 'VEH')",95.0,0.10203642249107359,0.06040007896721363,0.12866719243967964,True,337,337
shared,20,"('WT', 'VEH')","('Dp1Yey', 'VEH')",99.0,0.050661189407110396,0.013608163353055591,0.11640691608190545,True,337,337
shared,20,"('WT', 'LCTB92')","('Dp1Yey', 'LCTB92')",1.0,nan,nan,nan,False,0,0
shared,20,"('WT', 'LCTB92')","('Dp1Yey', 'LCTB92')",5.0,nan,nan,nan,False,0,0
shared,20,"('WT', 'LCTB92')","('Dp1Yey', 'LCTB92')",50.0,nan,nan,nan,False,0,0
shared,20,"('WT', 'LCTB92')","('Dp1Yey', 'LCTB92')",95.0,nan,nan,nan,False,0,0
shared,20,"('WT', 'LCTB92')","('Dp1Yey', 'LCTB92')",99.0,nan,nan,nan,False,0,0
shared,20,"('WT', 'VEH')","('WT', 'LCTB92')",1.0,0.11557830333709712,0.09613081486523152,0.13024919390678408,True,5244,6118
shared,20,"('WT', 'VEH')","('WT', 'LCTB92')",5.0,0.106227245926857,0.09157791897654538,0.12334470711648464,True,5244,6118
shared,20,"('WT', 'VEH')","('WT', 'LCTB92')",50.0,0.05719318985939026,0.05074665695428848,0.06397650241851806,True,5244,6118
shared,20,"('WT', 'VEH')","('WT', 'LCTB92')",95.0,0.011473321914672763,0.004977851957082727,0.018429836537688947,True,5244,6118
shared,20,"('WT', 'VEH')","('WT', 'LCTB92')",99.0,-0.005769842080772136,-0.015552027566358404,0.0033729357402768794,False,5244,6118
shared,20,"('Dp1Yey', 'VEH')","('Dp1Yey', 'LCTB92')",1.0,-0.0038301849365234286,-0.021881926923990262,0.03421328502893445,False,4807,4807
shared,20,"('Dp1Yey', 'VEH')","('Dp1Yey', 'LCTB92')",5.0,0.000705403089523271,-0.013103078454732863,0.013058711290359465,False,4807,4807
shared,20,"('Dp1Yey', 'VEH')","('Dp1Yey', 'LCTB92')",50.0,0.0013178586959838867,-0.0039676323533058165,0.008081082999706266,False,4807,4807
shared,20,"('Dp1Yey', 'VEH')","('Dp1Yey', 'LCTB92')",95.0,-0.01460983902215951,-0.022659778147935673,-0.006123360730707722,True,4807,4807
shared,20,"('Dp1Yey', 'VEH')","('Dp1Yey', 'LCTB92')",99.0,-0.00974548786878593,-0.019932233642786686,-0.003005760181695242,True,4807,4807
shared,20,"('WT', 'VEH')","('Dp1Yey', 'VEH')",1.0,0.04472682833671565,0.02614566896855835,0.05596969944238662,True,5244,4807
shared,20,"('WT', 'VEH')","('Dp1Yey', 'VEH')",5.0,0.053366887569427535,0.03854179136455058,0.06605719476938246,True,5244,4807
shared,20,"('WT', 'VEH')","('Dp1Yey', 'VEH')",50.0,0.06585170328617096,0.05912497490644455,0.07201140224933623,True,5244,4807
shared,20,"('WT', 'VEH')","('Dp1Yey', 'VEH')",95.0,0.05196393281221379,0.04493303609080612,0.05827067445963601,True,5244,4807
shared,20,"('WT', 'VEH')","('Dp1Yey', 'VEH')",99.0,0.0377140963822602,0.028103762809187617,0.045707216493785584,True,5244,4807
shared,20,"('WT', 'LCTB92')","('Dp1Yey', 'LCTB92')",1.0,-0.0746816599369049,-0.09539569400250915,-0.03618436865508559,True,6118,4807
shared,20,"('WT', 'LCTB92')","('Dp1Yey', 'LCTB92')",5.0,-0.0521549552679062,-0.07066153638064858,-0.039797169044613855,True,6118,4807
shared,20,"('WT', 'LCTB92')","('Dp1Yey', 'LCTB92')",50.0,0.009976372122764587,0.003496968373656273,0.016463001817464823,True,6118,4807
shared,20,"('WT', 'LCTB92')","('Dp1Yey', 'LCTB92')",95.0,0.025880771875381514,0.017394195385277554,0.03383724891580636,True,6118,4807
shared,20,"('WT', 'LCTB92')","('Dp1Yey', 'LCTB92')",99.0,0.033738450594246405,0.023023646716959723,0.040800348244607244,True,6118,4807
shared,21,"('WT', 'VEH')","('WT', 'LCTB92')",1.0,nan,nan,nan,False,334,0
shared,21,"('WT', 'VEH')","('WT', 'LCTB92')",5.0,nan,nan,nan,False,334,0
shared,21,"('WT', 'VEH')","('WT', 'LCTB92')",50.0,nan,nan,nan,False,334,0
shared,21,"('WT', 'VEH')","('WT', 'LCTB92')",95.0,nan,nan,nan,False,334,0
shared,21,"('WT', 'VEH')","('WT', 'LCTB92')",99.0,nan,nan,nan,False,334,0
shared,21,"('Dp1Yey', 'VEH')","('Dp1Yey', 'LCTB92')",1.0,nan,nan,nan,False,334,0
shared,21,"('Dp1Yey', 'VEH')","('Dp1Yey', 'LCTB92')",5.0,nan,nan,nan,False,334,0
shared,21,"('Dp1Yey', 'VEH')","('Dp1Yey', 'LCTB92')",50.0,nan,nan,nan,False,334,0
shared,21,"('Dp1Yey', 'VEH')","('Dp1Yey', 'LCTB92')",95.0,nan,nan,nan,False,334,0
shared,21,"('Dp1Yey', 'VEH')","('Dp1Yey', 'LCTB92')",99.0,nan,nan,nan,False,334,0
shared,21,"('WT', 'VEH')","('Dp1Yey', 'VEH')",1.0,0.09356279373168946,0.05380831331014631,0.1279569372683763,True,334,334
shared,21,"('WT', 'VEH')","('Dp1Yey', 'VEH')",5.0,0.1267287895083427,0.08637931697070596,0.15267740946263075,True,334,334
shared,21,"('WT', 'VEH')","('Dp1Yey', 'VEH')",50.0,0.10227089375257492,0.06740684323012829,0.13272793721407652,True,334,334
shared,21,"('WT', 'VEH')","('Dp1Yey', 'VEH')",95.0,0.09235278572887184,0.05525330469943578,0.13033418015693307,True,334,334
shared,21,"('WT', 'VEH')","('Dp1Yey', 'VEH')",99.0,0.09731239324435592,0.040566060064593346,0.15229814618825932,True,334,334
shared,21,"('WT', 'LCTB92')","('Dp1Yey', 'LCTB92')",1.0,nan,nan,nan,False,0,0
shared,21,"('WT', 'LCTB92')","('Dp1Yey', 'LCTB92')",5.0,nan,nan,nan,False,0,0
shared,21,"('WT', 'LCTB92')","('Dp1Yey', 'LCTB92')",50.0,nan,nan,nan,False,0,0
shared,21,"('WT', 'LCTB92')","('Dp1Yey', 'LCTB92')",95.0,nan,nan,nan,False,0,0
shared,21,"('WT', 'LCTB92')","('Dp1Yey', 'LCTB92')",99.0,nan,nan,nan,False,0,0
shared,21,"('WT', 'VEH')","('WT', 'LCTB92')",1.0,0.1147018402814865,0.09272251340746879,0.13209157125651838,True,5208,6076
shared,21,"('WT', 'VEH')","('WT', 'LCTB92')",5.0,0.10642116963863374,0.09136737786233427,0.12400016546249387,True,5208,6076
shared,21,"('WT', 'VEH')","('WT', 'LCTB92')",50.0,0.05883297324180603,0.05154646076261997,0.0645745739340782,True,5208,6076
shared,21,"('WT', 'VEH')","('WT', 'LCTB92')",95.0,0.01437226049602025,0.006903728060424155,0.021616077683866017,True,5208,6076
shared,21,"('WT', 'VEH')","('WT', 'LCTB92')",99.0,0.0005119615420698942,-0.00786423606518637,0.012653264033608376,False,5208,6076
shared,21,"('Dp1Yey', 'VEH')","('Dp1Yey', 'LCTB92')",1.0,0.003979228138923652,-0.024317650571465503,0.02665582241117955,False,4774,4774
shared,21,"('Dp1Yey', 'VEH')","('Dp1Yey', 'LCTB92')",5.0,0.006147581338882435,-0.0029667198657989504,0.015479245260357873,False,4774,4774
shared,21,"('Dp1Yey', 'VEH')","('Dp1Yey', 'LCTB92')",50.0,0.003865152597427368,-0.002349410206079483,0.00985484980046748,False,4774,4774
shared,21,"('Dp1Yey', 'VEH')","('Dp1Yey', 'LCTB92')",95.0,-0.02054610103368759,-0.028652663063257963,-0.012720216233282728,True,4774,4774
shared,21,"('Dp1Yey', 'VEH')","('Dp1Yey', 'LCTB92')",99.0,-0.016524131372571027,-0.03482830041460644,-0.007267898842692423,True,4774,4774
shared,21,"('WT', 'VEH')","('Dp1Yey', 'VEH')",1.0,0.0365023201704025,0.012671525716781654,0.057924415841698655,True,5208,4774
shared,21,"('WT', 'VEH')","('Dp1Yey', 'VEH')",5.0,0.047758695483207714,0.03896355882287025,0.0609103605523706,True,5208,4774
shared,21,"('WT', 'VEH')","('Dp1Yey', 'VEH')",50.0,0.06672036647796631,0.05932747535407543,0.07193389907479286,True,5208,4774
shared,21,"('WT', 'VEH')","('Dp1Yey', 'VEH')",95.0,0.055234490707516626,0.049234717544168236,0.06189749569632097,True,5208,4774
shared,21,"('WT', 'VEH')","('Dp1Yey', 'VEH')",99.0,0.04516554597765221,0.035258723767474416,0.0600492689162499,True,5208,4774
shared,21,"('WT', 'LCTB92')","('Dp1Yey', 'LCTB92')",1.0,-0.07422029197216035,-0.09659777504205704,-0.05185417667031289,True,6076,4774
shared,21,"('WT', 'LCTB92')","('Dp1Yey', 'LCTB92')",5.0,-0.05251489281654359,-0.06694031909108164,-0.03840071976184845,True,6076,4774
shared,21,"('WT', 'LCTB92')","('Dp1Yey', 'LCTB92')",50.0,0.011752545833587646,0.004844165593385697,0.0182512205094099,True,6076,4774
shared,21,"('WT', 'LCTB92')","('Dp1Yey', 'LCTB92')",95.0,0.020316129177808784,0.01166793124750257,0.02894123098812997,True,6076,4774
shared,21,"('WT', 'LCTB92')","('Dp1Yey', 'LCTB92')",99.0,0.02812945306301129,0.01395712543278935,0.03623587817791849,True,6076,4774
shared,22,"('WT', 'VEH')","('WT', 'LCTB92')",1.0,nan,nan,nan,False,331,0
shared,22,"('WT', 'VEH')","('WT', 'LCTB92')",5.0,nan,nan,nan,False,331,0
shared,22,"('WT', 'VEH')","('WT', 'LCTB92')",50.0,nan,nan,nan,False,331,0
shared,22,"('WT', 'VEH')","('WT', 'LCTB92')",95.0,nan,nan,nan,False,331,0
shared,22,"('WT', 'VEH')","('WT', 'LCTB92')",99.0,nan,nan,nan,False,331,0
shared,22,"('Dp1Yey', 'VEH')","('Dp1Yey', 'LCTB92')",1.0,nan,nan,nan,False,331,0
shared,22,"('Dp1Yey', 'VEH')","('Dp1Yey', 'LCTB92')",5.0,nan,nan,nan,False,331,0
shared,22,"('Dp1Yey', 'VEH')","('Dp1Yey', 'LCTB92')",50.0,nan,nan,nan,False,331,0
shared,22,"('Dp1Yey', 'VEH')","('Dp1Yey', 'LCTB92')",95.0,nan,nan,nan,False,331,0
shared,22,"('Dp1Yey', 'VEH')","('Dp1Yey', 'LCTB92')",99.0,nan,nan,nan,False,331,0
shared,22,"('WT', 'VEH')","('Dp1Yey', 'VEH')",1.0,0.1437021791934967,0.08302229419350626,0.18104209892451764,True,331,331
shared,22,"('WT', 'VEH')","('Dp1Yey', 'VEH')",5.0,0.1232052594423294,0.09855843745172024,0.15098113156855106,True,331,331
shared,22,"('WT', 'VEH')","('Dp1Yey', 'VEH')",50.0,0.10099399089813232,0.06365663409233094,0.13637818098068233,True,331,331
shared,22,"('WT', 'VEH')","('Dp1Yey', 'VEH')",95.0,0.08568213135004044,0.04892071527428925,0.12521991978865113,True,331,331
shared,22,"('WT', 'VEH')","('Dp1Yey', 'VEH')",99.0,0.08492342829704258,0.017969502201303722,0.14664700217545013,True,331,331
shared,22,"('WT', 'LCTB92')","('Dp1Yey', 'LCTB92')",1.0,nan,nan,nan,False,0,0
shared,22,"('WT', 'LCTB92')","('Dp1Yey', 'LCTB92')",5.0,nan,nan,nan,False,0,0
shared,22,"('WT', 'LCTB92')","('Dp1Yey', 'LCTB92')",50.0,nan,nan,nan,False,0,0
shared,22,"('WT', 'LCTB92')","('Dp1Yey', 'LCTB92')",95.0,nan,nan,nan,False,0,0
shared,22,"('WT', 'LCTB92')","('Dp1Yey', 'LCTB92')",99.0,nan,nan,nan,False,0,0
shared,22,"('WT', 'VEH')","('WT', 'LCTB92')",1.0,0.11164604902267455,0.09265448255836964,0.1307184526920319,True,5172,6034
shared,22,"('WT', 'VEH')","('WT', 'LCTB92')",5.0,0.11395975351333615,0.09749118618667128,0.12962435558438298,True,5172,6034
shared,22,"('WT', 'VEH')","('WT', 'LCTB92')",50.0,0.06072387099266052,0.05378428809344769,0.0670193538069725,True,5172,6034
shared,22,"('WT', 'VEH')","('WT', 'LCTB92')",95.0,0.019563461467623777,0.013058430664241252,0.025892491452395913,True,5172,6034
shared,22,"('WT', 'VEH')","('WT', 'LCTB92')",99.0,0.0029245666414499105,-0.00610415171459319,0.013287061009556015,False,5172,6034
shared,22,"('Dp1Yey', 'VEH')","('Dp1Yey', 'LCTB92')",1.0,-0.009390282630920399,-0.028981843888759636,0.013868117630481696,False,4741,4741
shared,22,"('Dp1Yey', 'VEH')","('Dp1Yey', 'LCTB92')",5.0,0.005481600761413574,-0.004983784258365631,0.016607363522052762,False,4741,4741
shared,22,"('Dp1Yey', 'VEH')","('Dp1Yey', 'LCTB92')",50.0,0.005789130926132202,-0.0010226815938949585,0.011503466218709938,False,4741,4741
shared,22,"('Dp1Yey', 'VEH')","('Dp1Yey', 'LCTB92')",95.0,-0.019665345549583435,-0.028617994859814644,-0.01275754347443581,True,4741,4741
shared,22,"('Dp1Yey', 'VEH')","('Dp1Yey', 'LCTB92')",99.0,-0.027284133434295588,-0.0378303350135684,-0.015467944331467219,True,4741,4741
shared,22,"('WT', 'VEH')","('Dp1Yey', 'VEH')",1.0,0.0389552116394043,0.01446029096841812,0.05874127149581909,True,5172,4741
shared,22,"('WT', 'VEH')","('Dp1Yey', 'VEH')",5.0,0.05003503561019895,0.03693751372396947,0.062279905751347536,True,5172,4741
shared,22,"('WT', 'VEH')","('Dp1Yey', 'VEH')",50.0,0.06613755226135254,0.06004142761230469,0.07241594865918159,True,5172,4741
shared,22,"('WT', 'VEH')","('Dp1Yey', 'VEH')",95.0,0.05707827769219875,0.051348538044840006,0.06420620866119864,True,5172,4741
shared,22,"('WT', 'VEH')","('Dp1Yey', 'VEH')",99.0,0.059687793552875124,0.04872194807976453,0.06853389075025908,True,5172,4741
shared,22,"('WT', 'LCTB92')","('Dp1Yey', 'LCTB92')",1.0,-0.08208112001419066,-0.10046541336178778,-0.06366693672537808,True,6034,4741
shared,22,"('WT', 'LCTB92')","('Dp1Yey', 'LCTB92')",5.0,-0.05844311714172362,-0.07258350782096386,-0.04373156368732449,True,6034,4741
shared,22,"('WT', 'LCTB92')","('Dp1Yey', 'LCTB92')",50.0,0.011202812194824219,0.005028792843222618,0.018140118569135666,True,6034,4741
shared,22,"('WT', 'LCTB92')","('Dp1Yey', 'LCTB92')",95.0,0.01784947067499154,0.009810986109077754,0.02528813989832994,True,6034,4741
shared,22,"('WT', 'LCTB92')","('Dp1Yey', 'LCTB92')",99.0,0.029479093477129625,0.017606625959276565,0.03976339002326122,True,6034,4741
shared,23,"('WT', 'VEH')","('WT', 'LCTB92')",1.0,nan,nan,nan,False,328,0
shared,23,"('WT', 'VEH')","('WT', 'LCTB92')",5.0,nan,nan,nan,False,328,0
shared,23,"('WT', 'VEH')","('WT', 'LCTB92')",50.0,nan,nan,nan,False,328,0
shared,23,"('WT', 'VEH')","('WT', 'LCTB92')",95.0,nan,nan,nan,False,328,0
shared,23,"('WT', 'VEH')","('WT', 'LCTB92')",99.0,nan,nan,nan,False,328,0
shared,23,"('Dp1Yey', 'VEH')","('Dp1Yey', 'LCTB92')",1.0,nan,nan,nan,False,328,0
shared,23,"('Dp1Yey', 'VEH')","('Dp1Yey', 'LCTB92')",5.0,nan,nan,nan,False,328,0
shared,23,"('Dp1Yey', 'VEH')","('Dp1Yey', 'LCTB92')",50.0,nan,nan,nan,False,328,0
shared,23,"('Dp1Yey', 'VEH')","('Dp1Yey', 'LCTB92')",95.0,nan,nan,nan,False,328,0
shared,23,"('Dp1Yey', 'VEH')","('Dp1Yey', 'LCTB92')",99.0,nan,nan,nan,False,328,0
shared,23,"('WT', 'VEH')","('Dp1Yey', 'VEH')",1.0,0.17554360777139666,0.1245342367887497,0.20719859767705198,True,328,328
shared,23,"('WT', 'VEH')","('Dp1Yey', 'VEH')",5.0,0.12573761940002443,0.10846529945731165,0.17649664573371407,True,328,328
shared,23,"('WT', 'VEH')","('Dp1Yey', 'VEH')",50.0,0.09019069373607635,0.0582388624548912,0.12341449670493602,True,328,328
shared,23,"('WT', 'VEH')","('Dp1Yey', 'VEH')",95.0,0.09233902283012863,0.03624638244509715,0.12305792568717148,True,328,328
shared,23,"('WT', 'VEH')","('Dp1Yey', 'VEH')",99.0,0.0783248920552434,0.007644529019016311,0.13954220453277177,True,328,328
shared,23,"('WT', 'LCTB92')","('Dp1Yey', 'LCTB92')",1.0,nan,nan,nan,False,0,0
shared,23,"('WT', 'LCTB92')","('Dp1Yey', 'LCTB92')",5.0,nan,nan,nan,False,0,0
shared,23,"('WT', 'LCTB92')","('Dp1Yey', 'LCTB92')",50.0,nan,nan,nan,False,0,0
shared,23,"('WT', 'LCTB92')","('Dp1Yey', 'LCTB92')",95.0,nan,nan,nan,False,0,0
shared,23,"('WT', 'LCTB92')","('Dp1Yey', 'LCTB92')",99.0,nan,nan,nan,False,0,0
shared,23,"('WT', 'VEH')","('WT', 'LCTB92')",1.0,0.10537198781967161,0.08876579345762725,0.1246728418171406,True,5136,5992
shared,23,"('WT', 'VEH')","('WT', 'LCTB92')",5.0,0.11561133265495299,0.09951884575188155,0.13135035924613472,True,5136,5992
shared,23,"('WT', 'VEH')","('WT', 'LCTB92')",50.0,0.060871124267578125,0.05428548939526081,0.06728195287287235,True,5136,5992
shared,23,"('WT', 'VEH')","('WT', 'LCTB92')",95.0,0.022493645921349614,0.016435030521824955,0.029966962300241012,True,5136,5992
shared,23,"('WT', 'VEH')","('WT', 'LCTB92')",99.0,0.009469957575201526,-0.002429580671712997,0.018295566095039222,False,5136,5992
shared,23,"('Dp1Yey', 'VEH')","('Dp1Yey', 'LCTB92')",1.0,-0.002521241307258615,-0.02356669659912586,0.010516860201954812,False,4708,4708
shared,23,"('Dp1Yey', 'VEH')","('Dp1Yey', 'LCTB92')",5.0,0.011751073598861683,-0.0005068662762641797,0.022141313403844832,False,4708,4708
shared,23,"('Dp1Yey', 'VEH')","('Dp1Yey', 'LCTB92')",50.0,0.0030936747789382935,-0.0030978187918663026,0.008286034315824503,False,4708,4708
shared,23,"('Dp1Yey', 'VEH')","('Dp1Yey', 'LCTB92')",95.0,-0.02306530997157097,-0.03178755210712544,-0.01587931947782638,True,4708,4708
shared,23,"('Dp1Yey', 'VEH')","('Dp1Yey', 'LCTB92')",99.0,-0.026721899360418244,-0.03707863977178927,-0.017134462393820566,True,4708,4708
shared,23,"('WT', 'VEH')","('Dp1Yey', 'VEH')",1.0,0.022681765556335443,0.00808753728866575,0.04576294639706613,True,5136,4708
shared,23,"('WT', 'VEH')","('Dp1Yey', 'VEH')",5.0,0.04031820595264435,0.028303695768117927,0.05599378824234009,True,5136,4708
shared,23,"('WT', 'VEH')","('Dp1Yey', 'VEH')",50.0,0.06800574064254761,0.061782199144363406,0.0741834696382284,True,5136,4708
shared,23,"('WT', 'VEH')","('Dp1Yey', 'VEH')",95.0,0.06674096025526532,0.060505476817488676,0.07329895049333585,True,5136,4708
shared,23,"('WT', 'VEH')","('Dp1Yey', 'VEH')",99.0,0.06390067823231182,0.05365012794360349,0.0742680467236786,True,5136,4708
shared,23,"('WT', 'LCTB92')","('Dp1Yey', 'LCTB92')",1.0,-0.08521146357059478,-0.10202127107977864,-0.0713414177298546,True,5992,4708
shared,23,"('WT', 'LCTB92')","('Dp1Yey', 'LCTB92')",5.0,-0.06354205310344696,-0.07466201834380629,-0.04974662601947788,True,5992,4708
shared,23,"('WT', 'LCTB92')","('Dp1Yey', 'LCTB92')",50.0,0.010228291153907776,0.0032316356897354125,0.015800594538450227,True,5992,4708
shared,23,"('WT', 'LCTB92')","('Dp1Yey', 'LCTB92')",95.0,0.021182004362344742,0.011605992186814545,0.02779498733580123,True,5992,4708
shared,23,"('WT', 'LCTB92')","('Dp1Yey', 'LCTB92')",99.0,0.027708821296692054,0.018163700699806218,0.03905407558940349,True,5992,4708
shared,24,"('WT', 'VEH')","('WT', 'LCTB92')",1.0,nan,nan,nan,False,325,0
shared,24,"('WT', 'VEH')","('WT', 'LCTB92')",5.0,nan,nan,nan,False,325,0
shared,24,"('WT', 'VEH')","('WT', 'LCTB92')",50.0,nan,nan,nan,False,325,0
shared,24,"('WT', 'VEH')","('WT', 'LCTB92')",95.0,nan,nan,nan,False,325,0
shared,24,"('WT', 'VEH')","('WT', 'LCTB92')",99.0,nan,nan,nan,False,325,0
shared,24,"('Dp1Yey', 'VEH')","('Dp1Yey', 'LCTB92')",1.0,nan,nan,nan,False,325,0
shared,24,"('Dp1Yey', 'VEH')","('Dp1Yey', 'LCTB92')",5.0,nan,nan,nan,False,325,0
shared,24,"('Dp1Yey', 'VEH')","('Dp1Yey', 'LCTB92')",50.0,nan,nan,nan,False,325,0
shared,24,"('Dp1Yey', 'VEH')","('Dp1Yey', 'LCTB92')",95.0,nan,nan,nan,False,325,0
shared,24,"('Dp1Yey', 'VEH')","('Dp1Yey', 'LCTB92')",99.0,nan,nan,nan,False,325,0
shared,24,"('WT', 'VEH')","('Dp1Yey', 'VEH')",1.0,0.18119880914688108,0.1263133500814438,0.22988137722015378,True,325,325
shared,24,"('WT', 'VEH')","('Dp1Yey', 'VEH')",5.0,0.12600110173225398,0.10123975276947017,0.18480263978242878,True,325,325
shared,24,"('WT', 'VEH')","('Dp1Yey', 'VEH')",50.0,0.07610026001930237,0.04457101225852966,0.1128526523709297,True,325,325
shared,24,"('WT', 'VEH')","('Dp1Yey', 'VEH')",95.0,0.0814110465347766,0.03633244797587397,0.11996152274310593,True,325,325
shared,24,"('WT', 'VEH')","('Dp1Yey', 'VEH')",99.0,0.048793310821056535,0.0051811716863886335,0.15362619337439473,True,325,325
shared,24,"('WT', 'LCTB92')","('Dp1Yey', 'LCTB92')",1.0,nan,nan,nan,False,0,0
shared,24,"('WT', 'LCTB92')","('Dp1Yey', 'LCTB92')",5.0,nan,nan,nan,False,0,0
shared,24,"('WT', 'LCTB92')","('Dp1Yey', 'LCTB92')",50.0,nan,nan,nan,False,0,0
shared,24,"('WT', 'LCTB92')","('Dp1Yey', 'LCTB92')",95.0,nan,nan,nan,False,0,0
shared,24,"('WT', 'LCTB92')","('Dp1Yey', 'LCTB92')",99.0,nan,nan,nan,False,0,0
shared,24,"('WT', 'VEH')","('WT', 'LCTB92')",1.0,0.0911643588542938,0.07838971716165544,0.11395077586174009,True,5100,5950
shared,24,"('WT', 'VEH')","('WT', 'LCTB92')",5.0,0.11597748696804044,0.10019172944128515,0.12963823072612288,True,5100,5950
shared,24,"('WT', 'VEH')","('WT', 'LCTB92')",50.0,0.05883145332336426,0.05175945051014423,0.0648029550909996,True,5100,5950
shared,24,"('WT', 'VEH')","('WT', 'LCTB92')",95.0,0.025339880585670493,0.017875563316047192,0.033898964077234375,True,5100,5950
shared,24,"('WT', 'VEH')","('WT', 'LCTB92')",99.0,0.011435315534472301,0.0025384061504156673,0.0233898116070779,True,5100,5950
shared,24,"('Dp1Yey', 'VEH')","('Dp1Yey', 'LCTB92')",1.0,-0.018503292798995985,-0.032276093333959574,0.009098067283630384,False,4675,4675
shared,24,"('Dp1Yey', 'VEH')","('Dp1Yey', 'LCTB92')",5.0,0.015066409111022971,0.004444125592708598,0.026383492052555073,True,4675,4675
shared,24,"('Dp1Yey', 'VEH')","('Dp1Yey', 'LCTB92')",50.0,0.0010866522789001465,-0.005711828917264938,0.006920129805803297,False,4675,4675
shared,24,"('Dp1Yey', 'VEH')","('Dp1Yey', 'LCTB92')",95.0,-0.027789875864982605,-0.036197493672370865,-0.019206383973360153,True,4675,4675
shared,24,"('Dp1Yey', 'VEH')","('Dp1Yey', 'LCTB92')",99.0,-0.024021686315536472,-0.03484678411483779,-0.011408537942916196,True,4675,4675
shared,24,"('WT', 'VEH')","('Dp1Yey', 'VEH')",1.0,0.023953767418861405,-0.0014980626255273611,0.0444586719572544,False,5100,4675
shared,24,"('WT', 'VEH')","('Dp1Yey', 'VEH')",5.0,0.038058239221572865,0.024522397369146368,0.05213120460510258,True,5100,4675
shared,24,"('WT', 'VEH')","('Dp1Yey', 'VEH')",50.0,0.06944666802883148,0.06317564211785794,0.07581014372408389,True,5100,4675
shared,24,"('WT', 'VEH')","('Dp1Yey', 'VEH')",95.0,0.07549928724765786,0.06709438577294348,0.08306327675469213,True,5100,4675
shared,24,"('WT', 'VEH')","('Dp1Yey', 'VEH')",99.0,0.06870654441416235,0.055748961012810475,0.08024331904016434,True,5100,4675
shared,24,"('WT', 'LCTB92')","('Dp1Yey', 'LCTB92')",1.0,-0.08571388423442838,-0.10271516206860543,-0.07374775907397269,True,5950,4675
shared,24,"('WT', 'LCTB92')","('Dp1Yey', 'LCTB92')",5.0,-0.06285283863544461,-0.07301385462284087,-0.050009079799056035,True,5950,4675
shared,24,"('WT', 'LCTB92')","('Dp1Yey', 'LCTB92')",50.0,0.01170186698436737,0.005167027562856675,0.018104086443781853,True,5950,4675
shared,24,"('WT', 'LCTB92')","('Dp1Yey', 'LCTB92')",95.0,0.022369530797004766,0.012598971221596044,0.03044067384675138,True,5950,4675
shared,24,"('WT', 'LCTB92')","('Dp1Yey', 'LCTB92')",99.0,0.03324954256415358,0.022381562124937485,0.04286080132797357,True,5950,4675
shared,25,"('WT', 'VEH')","('WT', 'LCTB92')",1.0,nan,nan,nan,False,322,0
shared,25,"('WT', 'VEH')","('WT', 'LCTB92')",5.0,nan,nan,nan,False,322,0
shared,25,"('WT', 'VEH')","('WT', 'LCTB92')",50.0,nan,nan,nan,False,322,0
shared,25,"('WT', 'VEH')","('WT', 'LCTB92')",95.0,nan,nan,nan,False,322,0
shared,25,"('WT', 'VEH')","('WT', 'LCTB92')",99.0,nan,nan,nan,False,322,0
shared,25,"('Dp1Yey', 'VEH')","('Dp1Yey', 'LCTB92')",1.0,nan,nan,nan,False,322,0
shared,25,"('Dp1Yey', 'VEH')","('Dp1Yey', 'LCTB92')",5.0,nan,nan,nan,False,322,0
shared,25,"('Dp1Yey', 'VEH')","('Dp1Yey', 'LCTB92')",50.0,nan,nan,nan,False,322,0
shared,25,"('Dp1Yey', 'VEH')","('Dp1Yey', 'LCTB92')",95.0,nan,nan,nan,False,322,0
shared,25,"('Dp1Yey', 'VEH')","('Dp1Yey', 'LCTB92')",99.0,nan,nan,nan,False,322,0
shared,25,"('WT', 'VEH')","('Dp1Yey', 'VEH')",1.0,0.15507154464721679,0.10516280743479728,0.20323611912131304,True,322,322
shared,25,"('WT', 'VEH')","('Dp1Yey', 'VEH')",5.0,0.1384817138314247,0.09622006811201576,0.18681964982300997,True,322,322
shared,25,"('WT', 'VEH')","('Dp1Yey', 'VEH')",50.0,0.08083787560462952,0.04637854471802712,0.11890868842601776,True,322,322
shared,25,"('WT', 'VEH')","('Dp1Yey', 'VEH')",95.0,0.0907589005306364,0.06116671849507833,0.12451182838995006,True,322,322
shared,25,"('WT', 'VEH')","('Dp1Yey', 'VEH')",99.0,0.04257662258925832,-0.01628006438259122,0.11162991642951936,False,322,322
shared,25,"('WT', 'LCTB92')","('Dp1Yey', 'LCTB92')",1.0,nan,nan,nan,False,0,0
shared,25,"('WT', 'LCTB92')","('Dp1Yey', 'LCTB92')",5.0,nan,nan,nan,False,0,0
shared,25,"('WT', 'LCTB92')","('Dp1Yey', 'LCTB92')",50.0,nan,nan,nan,False,0,0
shared,25,"('WT', 'LCTB92')","('Dp1Yey', 'LCTB92')",95.0,nan,nan,nan,False,0,0
shared,25,"('WT', 'LCTB92')","('Dp1Yey', 'LCTB92')",99.0,nan,nan,nan,False,0,0
shared,25,"('WT', 'VEH')","('WT', 'LCTB92')",1.0,0.09261594176292418,0.08000312018394466,0.10755897408723832,True,5064,5908
shared,25,"('WT', 'VEH')","('WT', 'LCTB92')",5.0,0.11087264716625217,0.09594515912234781,0.1245562744140625,True,5064,5908
shared,25,"('WT', 'VEH')","('WT', 'LCTB92')",50.0,0.05878639221191406,0.05277841091156006,0.06466730646789073,True,5064,5908
shared,25,"('WT', 'VEH')","('WT', 'LCTB92')",95.0,0.02877658009529116,0.021700361873954535,0.0370166079513723,True,5064,5908
shared,25,"('WT', 'VEH')","('WT', 'LCTB92')",99.0,0.017576533406972628,0.007611302571371179,0.031055826395749886,True,5064,5908
shared,25,"('Dp1Yey', 'VEH')","('Dp1Yey', 'LCTB92')",1.0,-0.011443250179290765,-0.026483871981501546,0.004445775538682946,False,4642,4642
shared,25,"('Dp1Yey', 'VEH')","('Dp1Yey', 'LCTB92')",5.0,0.017914414405822754,0.007399666309356734,0.026530007049441334,True,4642,4642
shared,25,"('Dp1Yey', 'VEH')","('Dp1Yey', 'LCTB92')",50.0,0.001481667160987854,-0.004663433879613876,0.007054321840405464,False,4642,4642
shared,25,"('Dp1Yey', 'VEH')","('Dp1Yey', 'LCTB92')",95.0,-0.029593653976917267,-0.037946465499699156,-0.022368496283888817,True,4642,4642
shared,25,"('Dp1Yey', 'VEH')","('Dp1Yey', 'LCTB92')",99.0,-0.02454351499676699,-0.03467944188788536,-0.011027722254395123,True,4642,4642
shared,25,"('WT', 'VEH')","('Dp1Yey', 'VEH')",1.0,0.008590509295463566,-0.007568935573101043,0.024293468147516276,False,5064,4642
shared,25,"('WT', 'VEH')","('Dp1Yey', 'VEH')",5.0,0.030632972717285156,0.0197116294503212,0.042646139264106715,True,5064,4642
shared,25,"('WT', 'VEH')","('Dp1Yey', 'VEH')",50.0,0.06846728920936584,0.06270126327872276,0.07471963316202163,True,5064,4642
shared,25,"('WT', 'VEH')","('Dp1Yey', 'VEH')",95.0,0.08305227532982806,0.07569800969213247,0.09147841360419987,True,5064,4642
shared,25,"('WT', 'VEH')","('Dp1Yey', 'VEH')",99.0,0.07874720714986316,0.06485089090652713,0.09202331588044722,True,5064,4642
shared,25,"('WT', 'LCTB92')","('Dp1Yey', 'LCTB92')",1.0,-0.09546868264675137,-0.1100510607510805,-0.08375643830001353,True,5908,4642
shared,25,"('WT', 'LCTB92')","('Dp1Yey', 'LCTB92')",5.0,-0.06232526004314426,-0.07520559027791023,-0.04999975562095644,True,5908,4642
shared,25,"('WT', 'LCTB92')","('Dp1Yey', 'LCTB92')",50.0,0.011162564158439636,0.005015990883111954,0.017164061591029164,True,5908,4642
shared,25,"('WT', 'LCTB92')","('Dp1Yey', 'LCTB92')",95.0,0.024682041257619636,0.01625862132757907,0.03231362799182536,True,5908,4642
shared,25,"('WT', 'LCTB92')","('Dp1Yey', 'LCTB92')",99.0,0.036627158746123545,0.027163231715560034,0.04594113605841969,True,5908,4642
shared,26,"('WT', 'VEH')","('WT', 'LCTB92')",1.0,nan,nan,nan,False,319,0
shared,26,"('WT', 'VEH')","('WT', 'LCTB92')",5.0,nan,nan,nan,False,319,0
shared,26,"('WT', 'VEH')","('WT', 'LCTB92')",50.0,nan,nan,nan,False,319,0
shared,26,"('WT', 'VEH')","('WT', 'LCTB92')",95.0,nan,nan,nan,False,319,0
shared,26,"('WT', 'VEH')","('WT', 'LCTB92')",99.0,nan,nan,nan,False,319,0
shared,26,"('Dp1Yey', 'VEH')","('Dp1Yey', 'LCTB92')",1.0,nan,nan,nan,False,319,0
shared,26,"('Dp1Yey', 'VEH')","('Dp1Yey', 'LCTB92')",5.0,nan,nan,nan,False,319,0
shared,26,"('Dp1Yey', 'VEH')","('Dp1Yey', 'LCTB92')",50.0,nan,nan,nan,False,319,0
shared,26,"('Dp1Yey', 'VEH')","('Dp1Yey', 'LCTB92')",95.0,nan,nan,nan,False,319,0
shared,26,"('Dp1Yey', 'VEH')","('Dp1Yey', 'LCTB92')",99.0,nan,nan,nan,False,319,0
shared,26,"('WT', 'VEH')","('Dp1Yey', 'VEH')",1.0,0.1064220416545868,0.08667755126953125,0.16948426920175544,True,319,319
shared,26,"('WT', 'VEH')","('Dp1Yey', 'VEH')",5.0,0.14921806454658504,0.0980873918533325,0.18973112106323242,True,319,319
shared,26,"('WT', 'VEH')","('Dp1Yey', 'VEH')",50.0,0.08865609765052795,0.053165944665670394,0.12503158077597618,True,319,319
shared,26,"('WT', 'VEH')","('Dp1Yey', 'VEH')",95.0,0.08611528463661677,0.043410686403512866,0.10860917819663864,True,319,319
shared,26,"('WT', 'VEH')","('Dp1Yey', 'VEH')",99.0,0.06338484685868029,0.0025511724352837778,0.09547918602568091,True,319,319
shared,26,"('WT', 'LCTB92')","('Dp1Yey', 'LCTB92')",1.0,nan,nan,nan,False,0,0
shared,26,"('WT', 'LCTB92')","('Dp1Yey', 'LCTB92')",5.0,nan,nan,nan,False,0,0
shared,26,"('WT', 'LCTB92')","('Dp1Yey', 'LCTB92')",50.0,nan,nan,nan,False,0,0
shared,26,"('WT', 'LCTB92')","('Dp1Yey', 'LCTB92')",95.0,nan,nan,nan,False,0,0
shared,26,"('WT', 'LCTB92')","('Dp1Yey', 'LCTB92')",99.0,nan,nan,nan,False,0,0
shared,26,"('WT', 'VEH')","('WT', 'LCTB92')",1.0,0.09863160431385037,0.08389385198056701,0.1133323704600334,True,5028,5866
shared,26,"('WT', 'VEH')","('WT', 'LCTB92')",5.0,0.10042780041694643,0.08557855851948262,0.11450572893023486,True,5028,5866
shared,26,"('WT', 'VEH')","('WT', 'LCTB92')",50.0,0.058990076184272766,0.052652383223176,0.06608719825744629,True,5028,5866
shared,26,"('WT', 'VEH')","('WT', 'LCTB92')",95.0,0.033001992106437616,0.02499064151197672,0.039952184222638576,True,5028,5866
shared,26,"('WT', 'VEH')","('WT', 'LCTB92')",99.0,0.02277809701859934,0.014036748616024882,0.03182004566863169,True,5028,5866
shared,26,"('Dp1Yey', 'VEH')","('Dp1Yey', 'LCTB92')",1.0,-0.0072688961029052646,-0.0202479609847069,0.005572645485401138,False,4609,4609
shared,26,"('Dp1Yey', 'VEH')","('Dp1Yey', 'LCTB92')",5.0,0.01185624599456786,0.0016005724668502377,0.022922621667385124,True,4609,4609
shared,26,"('Dp1Yey', 'VEH')","('Dp1Yey', 'LCTB92')",50.0,0.002526789903640747,-0.0038506180047988892,0.009099905192852017,False,4609,4609
shared,26,"('Dp1Yey', 'VEH')","('Dp1Yey', 'LCTB92')",95.0,-0.032916784286499245,-0.040407533124089325,-0.02682507187128096,True,4609,4609
shared,26,"('Dp1Yey', 'VEH')","('Dp1Yey', 'LCTB92')",99.0,-0.0261058944463729,-0.03919427870213991,-0.014878293171524974,True,4609,4609
shared,26,"('WT', 'VEH')","('Dp1Yey', 'VEH')",1.0,0.002519638538360569,-0.01190348905324936,0.020956795111298582,False,5028,4609
shared,26,"('WT', 'VEH')","('Dp1Yey', 'VEH')",5.0,0.02689827382564547,0.01321951925754545,0.039513691067695596,True,5028,4609
shared,26,"('WT', 'VEH')","('Dp1Yey', 'VEH')",50.0,0.07025495171546936,0.06364939473569393,0.07725428380072116,True,5028,4609
shared,26,"('WT', 'VEH')","('Dp1Yey', 'VEH')",95.0,0.08786370307207125,0.08165175609290583,0.09427750620991013,True,5028,4609
shared,26,"('WT', 'VEH')","('Dp1Yey', 'VEH')",99.0,0.0829645562916993,0.07111994608677903,0.09599964043684261,True,5028,4609
shared,26,"('WT', 'LCTB92')","('Dp1Yey', 'LCTB92')",1.0,-0.10338086187839507,-0.11193300828337668,-0.08998987758159639,True,5866,4609
shared,26,"('WT', 'LCTB92')","('Dp1Yey', 'LCTB92')",5.0,-0.061673280596733104,-0.07364570543169975,-0.049216312542557726,True,5866,4609
shared,26,"('WT', 'LCTB92')","('Dp1Yey', 'LCTB92')",50.0,0.013791665434837341,0.007036411017179489,0.02023489475250244,True,5866,4609
shared,26,"('WT', 'LCTB92')","('Dp1Yey', 'LCTB92')",95.0,0.02194492667913439,0.014904933497309685,0.030360607765615003,True,5866,4609
shared,26,"('WT', 'LCTB92')","('Dp1Yey', 'LCTB92')",99.0,0.034080564826727056,0.02615724649280312,0.04226721012964853,True,5866,4609
shared,27,"('WT', 'VEH')","('WT', 'LCTB92')",1.0,nan,nan,nan,False,316,0
shared,27,"('WT', 'VEH')","('WT', 'LCTB92')",5.0,nan,nan,nan,False,316,0
shared,27,"('WT', 'VEH')","('WT', 'LCTB92')",50.0,nan,nan,nan,False,316,0
shared,27,"('WT', 'VEH')","('WT', 'LCTB92')",95.0,nan,nan,nan,False,316,0
shared,27,"('WT', 'VEH')","('WT', 'LCTB92')",99.0,nan,nan,nan,False,316,0
shared,27,"('Dp1Yey', 'VEH')","('Dp1Yey', 'LCTB92')",1.0,nan,nan,nan,False,316,0
shared,27,"('Dp1Yey', 'VEH')","('Dp1Yey', 'LCTB92')",5.0,nan,nan,nan,False,316,0
shared,27,"('Dp1Yey', 'VEH')","('Dp1Yey', 'LCTB92')",50.0,nan,nan,nan,False,316,0
shared,27,"('Dp1Yey', 'VEH')","('Dp1Yey', 'LCTB92')",95.0,nan,nan,nan,False,316,0
shared,27,"('Dp1Yey', 'VEH')","('Dp1Yey', 'LCTB92')",99.0,nan,nan,nan,False,316,0
shared,27,"('WT', 'VEH')","('Dp1Yey', 'VEH')",1.0,0.11518819630146027,0.07562035590410233,0.14532983303070068,True,316,316
shared,27,"('WT', 'VEH')","('Dp1Yey', 'VEH')",5.0,0.13581311702728271,0.0797824826091528,0.17560950517654414,True,316,316
shared,27,"('WT', 'VEH')","('Dp1Yey', 'VEH')",50.0,0.09098498523235321,0.05952209793031216,0.12837237790226935,True,316,316
shared,27,"('WT', 'VEH')","('Dp1Yey', 'VEH')",95.0,0.084343571215868,0.0560297790914774,0.10819717934355137,True,316,316
shared,27,"('WT', 'VEH')","('Dp1Yey', 'VEH')",99.0,0.07895434008241908,0.038928744755685085,0.1240095586725514,True,316,316
shared,27,"('WT', 'LCTB92')","('Dp1Yey', 'LCTB92')",1.0,nan,nan,nan,False,0,0
shared,27,"('WT', 'LCTB92')","('Dp1Yey', 'LCTB92')",5.0,nan,nan,nan,False,0,0
shared,27,"('WT', 'LCTB92')","('Dp1Yey', 'LCTB92')",50.0,nan,nan,nan,False,0,0
shared,27,"('WT', 'LCTB92')","('Dp1Yey', 'LCTB92')",95.0,nan,nan,nan,False,0,0
shared,27,"('WT', 'LCTB92')","('Dp1Yey', 'LCTB92')",99.0,nan,nan,nan,False,0,0
shared,27,"('WT', 'VEH')","('WT', 'LCTB92')",1.0,0.0991768705844879,0.08770207259058956,0.11604831427335736,True,4992,5824
shared,27,"('WT', 'VEH')","('WT', 'LCTB92')",5.0,0.09277321100234986,0.07797366894781592,0.1091251621395349,True,4992,5824
shared,27,"('WT', 'VEH')","('WT', 'LCTB92')",50.0,0.05944056808948517,0.052630022168159485,0.06645924970507622,True,4992,5824
shared,27,"('WT', 'VEH')","('WT', 'LCTB92')",95.0,0.0374603532254697,0.030071391686797143,0.04537025667726995,True,4992,5824
shared,27,"('WT', 'VEH')","('WT', 'LCTB92')",99.0,0.030450141653419083,0.015674653841183217,0.04112992058135585,True,4992,5824
shared,27,"('Dp1Yey', 'VEH')","('Dp1Yey', 'LCTB92')",1.0,-0.0040511637926101685,-0.017007569223642348,0.010075068846344942,False,4576,4576
shared,27,"('Dp1Yey', 'VEH')","('Dp1Yey', 'LCTB92')",5.0,0.012807056307792664,0.003264148160815239,0.024407442659139626,True,4576,4576
shared,27,"('Dp1Yey', 'VEH')","('Dp1Yey', 'LCTB92')",50.0,0.003548562526702881,-0.0030467480421066282,0.009147579595446577,False,4576,4576
shared,27,"('Dp1Yey', 'VEH')","('Dp1Yey', 'LCTB92')",95.0,-0.03240464627742767,-0.04005390731617808,-0.024497859273105865,True,4576,4576
shared,27,"('Dp1Yey', 'VEH')","('Dp1Yey', 'LCTB92')",99.0,-0.0359962098300457,-0.04496476780623197,-0.025139803532511,True,4576,4576
shared,27,"('WT', 'VEH')","('Dp1Yey', 'VEH')",1.0,-0.0001830649375915705,-0.01521354998648166,0.019033530399203313,False,4992,4576
shared,27,"('WT', 'VEH')","('Dp1Yey', 'VEH')",5.0,0.02324652671813965,0.007404574379324913,0.03536467030644416,True,4992,4576
shared,27,"('WT', 'VEH')","('Dp1Yey', 'VEH')",50.0,0.07120677828788757,0.06471088007092476,0.07773966379463669,True,4992,4576
shared,27,"('WT', 'VEH')","('Dp1Yey', 'VEH')",95.0,0.08944016471505167,0.08212463887408374,0.09725450683385124,True,4992,4576
shared,27,"('WT', 'VEH')","('Dp1Yey', 'VEH')",99.0,0.09992840312421347,0.08928655637428165,0.10875935028865932,True,4992,4576
shared,27,"('WT', 'LCTB92')","('Dp1Yey', 'LCTB92')",1.0,-0.10341109931468964,-0.11422179383039474,-0.09252026788890362,True,5824,4576
shared,27,"('WT', 'LCTB92')","('Dp1Yey', 'LCTB92')",5.0,-0.05671962797641755,-0.07029624029994012,-0.0473451767116785,True,5824,4576
shared,27,"('WT', 'LCTB92')","('Dp1Yey', 'LCTB92')",50.0,0.015314772725105286,0.008266285806894303,0.02093061879277229,True,5824,4576
shared,27,"('WT', 'LCTB92')","('Dp1Yey', 'LCTB92')",95.0,0.0195751652121543,0.012235921379178633,0.02776035109534859,True,5824,4576
shared,27,"('WT', 'LCTB92')","('Dp1Yey', 'LCTB92')",99.0,0.03348205164074869,0.02297859337180844,0.047981231141835425,True,5824,4576
shared,28,"('WT', 'VEH')","('WT', 'LCTB92')",1.0,nan,nan,nan,False,313,0
shared,28,"('WT', 'VEH')","('WT', 'LCTB92')",5.0,nan,nan,nan,False,313,0
shared,28,"('WT', 'VEH')","('WT', 'LCTB92')",50.0,nan,nan,nan,False,313,0
shared,28,"('WT', 'VEH')","('WT', 'LCTB92')",95.0,nan,nan,nan,False,313,0
shared,28,"('WT', 'VEH')","('WT', 'LCTB92')",99.0,nan,nan,nan,False,313,0
shared,28,"('Dp1Yey', 'VEH')","('Dp1Yey', 'LCTB92')",1.0,nan,nan,nan,False,313,0
shared,28,"('Dp1Yey', 'VEH')","('Dp1Yey', 'LCTB92')",5.0,nan,nan,nan,False,313,0
shared,28,"('Dp1Yey', 'VEH')","('Dp1Yey', 'LCTB92')",50.0,nan,nan,nan,False,313,0
shared,28,"('Dp1Yey', 'VEH')","('Dp1Yey', 'LCTB92')",95.0,nan,nan,nan,False,313,0
shared,28,"('Dp1Yey', 'VEH')","('Dp1Yey', 'LCTB92')",99.0,nan,nan,nan,False,313,0
shared,28,"('WT', 'VEH')","('Dp1Yey', 'VEH')",1.0,0.09347077846527097,0.06265668833255768,0.11732323408126832,True,313,313
shared,28,"('WT', 'VEH')","('Dp1Yey', 'VEH')",5.0,0.11964967250823977,0.07331808030605316,0.17078964114189144,True,313,313
shared,28,"('WT', 'VEH')","('Dp1Yey', 'VEH')",50.0,0.09967327117919922,0.06426056176424026,0.13628584742546077,True,313,313
shared,28,"('WT', 'VEH')","('Dp1Yey', 'VEH')",95.0,0.08592837154865263,0.0603993464261292,0.13106634298339484,True,313,313
shared,28,"('WT', 'VEH')","('Dp1Yey', 'VEH')",99.0,0.08893752409145239,0.036938159223645926,0.14501821145415295,True,313,313
shared,28,"('WT', 'LCTB92')","('Dp1Yey', 'LCTB92')",1.0,nan,nan,nan,False,0,0
shared,28,"('WT', 'LCTB92')","('Dp1Yey', 'LCTB92')",5.0,nan,nan,nan,False,0,0
shared,28,"('WT', 'LCTB92')","('Dp1Yey', 'LCTB92')",50.0,nan,nan,nan,False,0,0
shared,28,"('WT', 'LCTB92')","('Dp1Yey', 'LCTB92')",95.0,nan,nan,nan,False,0,0
shared,28,"('WT', 'LCTB92')","('Dp1Yey', 'LCTB92')",99.0,nan,nan,nan,False,0,0
shared,28,"('WT', 'VEH')","('WT', 'LCTB92')",1.0,0.11142177283763885,0.09969169466197489,0.12247269135713576,True,4956,5782
shared,28,"('WT', 'VEH')","('WT', 'LCTB92')",5.0,0.08800944387912751,0.07531334906816482,0.11052537374198433,True,4956,5782
shared,28,"('WT', 'VEH')","('WT', 'LCTB92')",50.0,0.05979478359222412,0.05330673381686211,0.06592749282717704,True,4956,5782
shared,28,"('WT', 'VEH')","('WT', 'LCTB92')",95.0,0.037336858361959435,0.0313077162578702,0.04614965910091993,True,4956,5782
shared,28,"('WT', 'VEH')","('WT', 'LCTB92')",99.0,0.04159617945551919,0.02394013167358935,0.05304904011078152,True,4956,5782
shared,28,"('Dp1Yey', 'VEH')","('Dp1Yey', 'LCTB92')",1.0,-0.000725184679031321,-0.01082252934575079,0.012688787162303887,False,4543,4543
shared,28,"('Dp1Yey', 'VEH')","('Dp1Yey', 'LCTB92')",5.0,0.01621192693710327,0.003456456065177907,0.025637330710887907,True,4543,4543
shared,28,"('Dp1Yey', 'VEH')","('Dp1Yey', 'LCTB92')",50.0,0.004573196172714233,-0.0018639832735061646,0.010264297574758522,False,4543,4543
shared,28,"('Dp1Yey', 'VEH')","('Dp1Yey', 'LCTB92')",95.0,-0.03144709169864657,-0.038614189699291854,-0.02119697295129303,True,4543,4543
shared,28,"('Dp1Yey', 'VEH')","('Dp1Yey', 'LCTB92')",99.0,-0.04176707297563553,-0.05185606089234352,-0.029432628311216968,True,4543,4543
shared,28,"('WT', 'VEH')","('Dp1Yey', 'VEH')",1.0,0.001802344322204552,-0.012644526392221429,0.014856349840760258,False,4956,4543
shared,28,"('WT', 'VEH')","('Dp1Yey', 'VEH')",5.0,0.011758264899253856,-0.00012258119881153185,0.02874522209167476,False,4956,4543
shared,28,"('WT', 'VEH')","('Dp1Yey', 'VEH')",50.0,0.07306990027427673,0.06693642474710941,0.07908150255680084,True,4956,4543
shared,28,"('WT', 'VEH')","('Dp1Yey', 'VEH')",95.0,0.08978047817945489,0.0823025188408792,0.09758054897189186,True,4956,4543
shared,28,"('WT', 'VEH')","('Dp1Yey', 'VEH')",99.0,0.10856995820999149,0.09656343623809516,0.11745841999538205,True,4956,4543
shared,28,"('WT', 'LCTB92')","('Dp1Yey', 'LCTB92')",1.0,-0.11034461319446562,-0.11861867383122444,-0.10195276504755019,True,5782,4543
shared,28,"('WT', 'LCTB92')","('Dp1Yey', 'LCTB92')",5.0,-0.060039252042770386,-0.07900907166302204,-0.04958241894841195,True,5782,4543
shared,28,"('WT', 'LCTB92')","('Dp1Yey', 'LCTB92')",50.0,0.017848312854766846,0.011213822290301323,0.02337753400206566,True,5782,4543
shared,28,"('WT', 'LCTB92')","('Dp1Yey', 'LCTB92')",95.0,0.02099652811884889,0.012327130157500485,0.03008817046880719,True,5782,4543
shared,28,"('WT', 'LCTB92')","('Dp1Yey', 'LCTB92')",99.0,0.02520670577883677,0.012382181633262879,0.04250413179397582,True,5782,4543
shared,29,"('WT', 'VEH')","('WT', 'LCTB92')",1.0,nan,nan,nan,False,310,0
shared,29,"('WT', 'VEH')","('WT', 'LCTB92')",5.0,nan,nan,nan,False,310,0
shared,29,"('WT', 'VEH')","('WT', 'LCTB92')",50.0,nan,nan,nan,False,310,0
shared,29,"('WT', 'VEH')","('WT', 'LCTB92')",95.0,nan,nan,nan,False,310,0
shared,29,"('WT', 'VEH')","('WT', 'LCTB92')",99.0,nan,nan,nan,False,310,0
shared,29,"('Dp1Yey', 'VEH')","('Dp1Yey', 'LCTB92')",1.0,nan,nan,nan,False,310,0
shared,29,"('Dp1Yey', 'VEH')","('Dp1Yey', 'LCTB92')",5.0,nan,nan,nan,False,310,0
shared,29,"('Dp1Yey', 'VEH')","('Dp1Yey', 'LCTB92')",50.0,nan,nan,nan,False,310,0
shared,29,"('Dp1Yey', 'VEH')","('Dp1Yey', 'LCTB92')",95.0,nan,nan,nan,False,310,0
shared,29,"('Dp1Yey', 'VEH')","('Dp1Yey', 'LCTB92')",99.0,nan,nan,nan,False,310,0
shared,29,"('WT', 'VEH')","('Dp1Yey', 'VEH')",1.0,0.08767963051795963,0.05966774106025696,0.10782623954117301,True,310,310
shared,29,"('WT', 'VEH')","('Dp1Yey', 'VEH')",5.0,0.0940780222415924,0.06280717320740223,0.14465426988899704,True,310,310
shared,29,"('WT', 'VEH')","('Dp1Yey', 'VEH')",50.0,0.09922599792480469,0.06998503170907498,0.13609045632183545,True,310,310
shared,29,"('WT', 'VEH')","('Dp1Yey', 'VEH')",95.0,0.11387199554592364,0.07382199294865101,0.1485787338903174,True,310,310
shared,29,"('WT', 'VEH')","('Dp1Yey', 'VEH')",99.0,0.08273401178419582,0.04828653857111931,0.15183304634690328,True,310,310
shared,29,"('WT', 'LCTB92')","('Dp1Yey', 'LCTB92')",1.0,nan,nan,nan,False,0,0
shared,29,"('WT', 'LCTB92')","('Dp1Yey', 'LCTB92')",5.0,nan,nan,nan,False,0,0
shared,29,"('WT', 'LCTB92')","('Dp1Yey', 'LCTB92')",50.0,nan,nan,nan,False,0,0
shared,29,"('WT', 'LCTB92')","('Dp1Yey', 'LCTB92')",95.0,nan,nan,nan,False,0,0
shared,29,"('WT', 'LCTB92')","('Dp1Yey', 'LCTB92')",99.0,nan,nan,nan,False,0,0
shared,29,"('WT', 'VEH')","('WT', 'LCTB92')",1.0,0.11126970589160917,0.09411677114665508,0.12435474780201912,True,4920,5740
shared,29,"('WT', 'VEH')","('WT', 'LCTB92')",5.0,0.09267713129520416,0.07861024625599385,0.11172498345375065,True,4920,5740
shared,29,"('WT', 'VEH')","('WT', 'LCTB92')",50.0,0.05749675631523132,0.05085345022380352,0.06471058614552021,True,4920,5740
shared,29,"('WT', 'VEH')","('WT', 'LCTB92')",95.0,0.04374988973140714,0.03606907512992616,0.051354528497904534,True,4920,5740
shared,29,"('WT', 'VEH')","('WT', 'LCTB92')",99.0,0.04756562426686306,0.035593940682709324,0.062337148424238216,True,4920,5740
shared,29,"('Dp1Yey', 'VEH')","('Dp1Yey', 'LCTB92')",1.0,0.004946741461753834,-0.006171581104397799,0.015783874705433843,False,4510,4510
shared,29,"('Dp1Yey', 'VEH')","('Dp1Yey', 'LCTB92')",5.0,0.017687448859214805,0.005485466867685318,0.028011075481772403,True,4510,4510
shared,29,"('Dp1Yey', 'VEH')","('Dp1Yey', 'LCTB92')",50.0,0.0028600841760635376,-0.00230814665555954,0.008901549503207207,False,4510,4510
shared,29,"('Dp1Yey', 'VEH')","('Dp1Yey', 'LCTB92')",95.0,-0.03061436116695404,-0.03780939469113946,-0.021480883043259374,True,4510,4510
shared,29,"('Dp1Yey', 'VEH')","('Dp1Yey', 'LCTB92')",99.0,-0.036957643479108904,-0.049226840626448394,-0.027397062331437905,True,4510,4510
shared,29,"('WT', 'VEH')","('Dp1Yey', 'VEH')",1.0,-0.004403640627861027,-0.02032748661935329,0.009341475263237895,False,4920,4510
shared,29,"('WT', 'VEH')","('Dp1Yey', 'VEH')",5.0,0.007412585616111744,-0.0019096077978610778,0.02231682196259496,False,4920,4510
shared,29,"('WT', 'VEH')","('Dp1Yey', 'VEH')",50.0,0.07317934930324554,0.06672032400965691,0.07953188121318816,True,4920,4510
shared,29,"('WT', 'VEH')","('Dp1Yey', 'VEH')",95.0,0.09648848399519927,0.08864563852548618,0.1021964967250824,True,4920,4510
shared,29,"('WT', 'VEH')","('Dp1Yey', 'VEH')",99.0,0.1115668208897116,0.09921395368315304,0.12401030825637287,True,4920,4510
shared,29,"('WT', 'LCTB92')","('Dp1Yey', 'LCTB92')",1.0,-0.11072660505771637,-0.12119170515239239,-0.09981144148111343,True,5740,4510
shared,29,"('WT', 'LCTB92')","('Dp1Yey', 'LCTB92')",5.0,-0.06757709681987761,-0.08406182758510111,-0.0532888238132,True,5740,4510
shared,29,"('WT', 'LCTB92')","('Dp1Yey', 'LCTB92')",50.0,0.01854267716407776,0.012440288439393044,0.02401804327964782,True,5740,4510
shared,29,"('WT', 'LCTB92')","('Dp1Yey', 'LCTB92')",95.0,0.022124233096838086,0.013840360473841452,0.031330390423536095,True,5740,4510
shared,29,"('WT', 'LCTB92')","('Dp1Yey', 'LCTB92')",99.0,0.02704355314373963,0.012344336844981197,0.03513774616271267,True,5740,4510
shared,30,"('WT', 'VEH')","('WT', 'LCTB92')",1.0,nan,nan,nan,False,307,0
shared,30,"('WT', 'VEH')","('WT', 'LCTB92')",5.0,nan,nan,nan,False,307,0
shared,30,"('WT', 'VEH')","('WT', 'LCTB92')",50.0,nan,nan,nan,False,307,0
shared,30,"('WT', 'VEH')","('WT', 'LCTB92')",95.0,nan,nan,nan,False,307,0
shared,30,"('WT', 'VEH')","('WT', 'LCTB92')",99.0,nan,nan,nan,False,307,0
shared,30,"('Dp1Yey', 'VEH')","('Dp1Yey', 'LCTB92')",1.0,nan,nan,nan,False,307,0
shared,30,"('Dp1Yey', 'VEH')","('Dp1Yey', 'LCTB92')",5.0,nan,nan,nan,False,307,0
shared,30,"('Dp1Yey', 'VEH')","('Dp1Yey', 'LCTB92')",50.0,nan,nan,nan,False,307,0
shared,30,"('Dp1Yey', 'VEH')","('Dp1Yey', 'LCTB92')",95.0,nan,nan,nan,False,307,0
shared,30,"('Dp1Yey', 'VEH')","('Dp1Yey', 'LCTB92')",99.0,nan,nan,nan,False,307,0
shared,30,"('WT', 'VEH')","('Dp1Yey', 'VEH')",1.0,0.07889468312263487,0.06590438961982725,0.09022844573855399,True,307,307
shared,30,"('WT', 'VEH')","('Dp1Yey', 'VEH')",5.0,0.07697257995605467,0.04552172541618348,0.11625806450843815,True,307,307
shared,30,"('WT', 'VEH')","('Dp1Yey', 'VEH')",50.0,0.11445537209510803,0.07805845141410828,0.14051083028316497,True,307,307
shared,30,"('WT', 'VEH')","('Dp1Yey', 'VEH')",95.0,0.11745220050215721,0.07913001419976358,0.14595203110016872,True,307,307
shared,30,"('WT', 'VEH')","('Dp1Yey', 'VEH')",99.0,0.0832138896733523,0.05840370304882525,0.13075786934886136,True,307,307
shared,30,"('WT', 'LCTB92')","('Dp1Yey', 'LCTB92')",1.0,nan,nan,nan,False,0,0
shared,30,"('WT', 'LCTB92')","('Dp1Yey', 'LCTB92')",5.0,nan,nan,nan,False,0,0
shared,30,"('WT', 'LCTB92')","('Dp1Yey', 'LCTB92')",50.0,nan,nan,nan,False,0,0
shared,30,"('WT', 'LCTB92')","('Dp1Yey', 'LCTB92')",95.0,nan,nan,nan,False,0,0
shared,30,"('WT', 'LCTB92')","('Dp1Yey', 'LCTB92')",99.0,nan,nan,nan,False,0,0
shared,30,"('WT', 'VEH')","('WT', 'LCTB92')",1.0,0.10761686027050016,0.08765566816926,0.12526693473756312,True,4884,5698
shared,30,"('WT', 'VEH')","('WT', 'LCTB92')",5.0,0.09402886629104612,0.08032547116279601,0.112267389819026,True,4884,5698
shared,30,"('WT', 'VEH')","('WT', 'LCTB92')",50.0,0.05526396632194519,0.048403247445821765,0.061630793288350104,True,4884,5698
shared,30,"('WT', 'VEH')","('WT', 'LCTB92')",95.0,0.047609188407659486,0.03918010059744131,0.054827626049518574,True,4884,5698
shared,30,"('WT', 'VEH')","('WT', 'LCTB92')",99.0,0.06367952316999448,0.05094353218004107,0.07427664505504068,True,4884,5698
shared,30,"('Dp1Yey', 'VEH')","('Dp1Yey', 'LCTB92')",1.0,0.006055045127868641,-0.006564130783081046,0.019332437157630916,False,4477,4477
shared,30,"('Dp1Yey', 'VEH')","('Dp1Yey', 'LCTB92')",5.0,0.01495984792709354,0.005458300113677967,0.026793403029441807,True,4477,4477
shared,30,"('Dp1Yey', 'VEH')","('Dp1Yey', 'LCTB92')",50.0,0.0017746388912200928,-0.0031927965581417085,0.007051566243171691,False,4477,4477
shared,30,"('Dp1Yey', 'VEH')","('Dp1Yey', 'LCTB92')",95.0,-0.027006402611732483,-0.03651181757450104,-0.017981491088867114,True,4477,4477
shared,30,"('Dp1Yey', 'VEH')","('Dp1Yey', 'LCTB92')",99.0,-0.03920942544937156,-0.04974962438642979,-0.025683727160096193,True,4477,4477
shared,30,"('WT', 'VEH')","('Dp1Yey', 'VEH')",1.0,-0.008611873388290392,-0.03115618473291396,0.0069474776387214365,False,4884,4477
shared,30,"('WT', 'VEH')","('Dp1Yey', 'VEH')",5.0,0.005956235527992237,-0.005097651556134192,0.017809136211872106,False,4884,4477
shared,30,"('WT', 'VEH')","('Dp1Yey', 'VEH')",50.0,0.07221655547618866,0.06604091115295888,0.07879406027495861,True,4884,4477
shared,30,"('WT', 'VEH')","('Dp1Yey', 'VEH')",95.0,0.09971073046326628,0.09241478931158781,0.10723515715450013,True,4884,4477
shared,30,"('WT', 'VEH')","('Dp1Yey', 'VEH')",99.0,0.11919780537486113,0.10605978899262847,0.12896895241923637,True,4884,4477
shared,30,"('WT', 'LCTB92')","('Dp1Yey', 'LCTB92')",1.0,-0.11017368853092191,-0.12253599923849105,-0.09665363770723343,True,5698,4477
shared,30,"('WT', 'LCTB92')","('Dp1Yey', 'LCTB92')",5.0,-0.07311278283596034,-0.08859930507838727,-0.05869011953473093,True,5698,4477
shared,30,"('WT', 'LCTB92')","('Dp1Yey', 'LCTB92')",50.0,0.018727228045463562,0.0139498770236969,0.025296675786375997,True,5698,4477
shared,30,"('WT', 'LCTB92')","('Dp1Yey', 'LCTB92')",95.0,0.025095139443874315,0.016302746776491208,0.03463108735159035,True,5698,4477
shared,30,"('WT', 'LCTB92')","('Dp1Yey', 'LCTB92')",99.0,0.016308856755495094,0.0059623788520694445,0.028489101190119985,True,5698,4477
shared,31,"('WT', 'VEH')","('WT', 'LCTB92')",1.0,nan,nan,nan,False,304,0
shared,31,"('WT', 'VEH')","('WT', 'LCTB92')",5.0,nan,nan,nan,False,304,0
shared,31,"('WT', 'VEH')","('WT', 'LCTB92')",50.0,nan,nan,nan,False,304,0
shared,31,"('WT', 'VEH')","('WT', 'LCTB92')",95.0,nan,nan,nan,False,304,0
shared,31,"('WT', 'VEH')","('WT', 'LCTB92')",99.0,nan,nan,nan,False,304,0
shared,31,"('Dp1Yey', 'VEH')","('Dp1Yey', 'LCTB92')",1.0,nan,nan,nan,False,304,0
shared,31,"('Dp1Yey', 'VEH')","('Dp1Yey', 'LCTB92')",5.0,nan,nan,nan,False,304,0
shared,31,"('Dp1Yey', 'VEH')","('Dp1Yey', 'LCTB92')",50.0,nan,nan,nan,False,304,0
shared,31,"('Dp1Yey', 'VEH')","('Dp1Yey', 'LCTB92')",95.0,nan,nan,nan,False,304,0
shared,31,"('Dp1Yey', 'VEH')","('Dp1Yey', 'LCTB92')",99.0,nan,nan,nan,False,304,0
shared,31,"('WT', 'VEH')","('Dp1Yey', 'VEH')",1.0,0.05905615329742431,0.03261697292327881,0.07505555427074433,True,304,304
shared,31,"('WT', 'VEH')","('Dp1Yey', 'VEH')",5.0,0.05992377698421475,0.03346379056572913,0.09956130824983118,True,304,304
shared,31,"('WT', 'VEH')","('Dp1Yey', 'VEH')",50.0,0.10724763572216034,0.07052163444459439,0.14339957460761069,True,304,304
shared,31,"('WT', 'VEH')","('Dp1Yey', 'VEH')",95.0,0.10225892849266516,0.07298010643571604,0.13873299328144617,True,304,304
shared,31,"('WT', 'VEH')","('Dp1Yey', 'VEH')",99.0,0.129056795090437,0.07119086446985566,0.14653938464820382,True,304,304
shared,31,"('WT', 'LCTB92')","('Dp1Yey', 'LCTB92')",1.0,nan,nan,nan,False,0,0
shared,31,"('WT', 'LCTB92')","('Dp1Yey', 'LCTB92')",5.0,nan,nan,nan,False,0,0
shared,31,"('WT', 'LCTB92')","('Dp1Yey', 'LCTB92')",50.0,nan,nan,nan,False,0,0
shared,31,"('WT', 'LCTB92')","('Dp1Yey', 'LCTB92')",95.0,nan,nan,nan,False,0,0
shared,31,"('WT', 'LCTB92')","('Dp1Yey', 'LCTB92')",99.0,nan,nan,nan,False,0,0
shared,31,"('WT', 'VEH')","('WT', 'LCTB92')",1.0,0.10239989936351779,0.08845997057855129,0.11508638459444044,True,4848,5656
shared,31,"('WT', 'VEH')","('WT', 'LCTB92')",5.0,0.09849958419799804,0.0824204859137535,0.11394451051950455,True,4848,5656
shared,31,"('WT', 'VEH')","('WT', 'LCTB92')",50.0,0.05545039474964142,0.049130373448133466,0.060700721666216845,True,4848,5656
shared,31,"('WT', 'VEH')","('WT', 'LCTB92')",95.0,0.051847978681325846,0.04382992515340447,0.059685056917369264,True,4848,5656
shared,31,"('WT', 'VEH')","('WT', 'LCTB92')",99.0,0.06559534512460186,0.054574488421902045,0.07805049074813712,True,4848,5656
shared,31,"('Dp1Yey', 'VEH')","('Dp1Yey', 'LCTB92')",1.0,0.0038951462507247903,-0.006559243515133846,0.01871710267663001,False,4444,4444
shared,31,"('Dp1Yey', 'VEH')","('Dp1Yey', 'LCTB92')",5.0,0.01570816636085509,0.007402835562825234,0.027017316520214066,True,4444,4444
shared,31,"('Dp1Yey', 'VEH')","('Dp1Yey', 'LCTB92')",50.0,0.0012926310300827026,-0.0033725347369909287,0.007089191302657125,False,4444,4444
shared,31,"('Dp1Yey', 'VEH')","('Dp1Yey', 'LCTB92')",95.0,-0.02923380434513012,-0.03767525978386398,-0.02008494466543192,True,4444,4444
shared,31,"('Dp1Yey', 'VEH')","('Dp1Yey', 'LCTB92')",99.0,-0.03424264207482286,-0.05061082705855324,-0.02107307938858866,True,4444,4444
shared,31,"('WT', 'VEH')","('Dp1Yey', 'VEH')",1.0,-0.012430244684219327,-0.02942884491384032,0.0018614880591630617,False,4848,4444
shared,31,"('WT', 'VEH')","('Dp1Yey', 'VEH')",5.0,0.005173149704933155,-0.005874836593866316,0.013495618849992747,False,4848,4444
shared,31,"('WT', 'VEH')","('Dp1Yey', 'VEH')",50.0,0.07407711446285248,0.06818309091031552,0.07910601645708085,True,4848,4444
shared,31,"('WT', 'VEH')","('Dp1Yey', 'VEH')",95.0,0.1067525506019592,0.0964921405352651,0.11370839329436429,True,4848,4444
shared,31,"('WT', 'VEH')","('Dp1Yey', 'VEH')",99.0,0.12290010549128005,0.10737816274352367,0.13875974330678587,True,4848,4444
shared,31,"('WT', 'LCTB92')","('Dp1Yey', 'LCTB92')",1.0,-0.11093499779701232,-0.12125158903002742,-0.09909166456758976,True,5656,4444
shared,31,"('WT', 'LCTB92')","('Dp1Yey', 'LCTB92')",5.0,-0.07761826813220979,-0.09340565972030161,-0.06114742293953896,True,5656,4444
shared,31,"('WT', 'LCTB92')","('Dp1Yey', 'LCTB92')",50.0,0.019919350743293762,0.01455385871231556,0.026020973920822144,True,5656,4444
shared,31,"('WT', 'LCTB92')","('Dp1Yey', 'LCTB92')",95.0,0.02567076757550324,0.0171433418616653,0.03309644157066948,True,5656,4444
shared,31,"('WT', 'LCTB92')","('Dp1Yey', 'LCTB92')",99.0,0.023062118291855338,0.009819174215198104,0.03175941161066284,True,5656,4444
shared,32,"('WT', 'VEH')","('WT', 'LCTB92')",1.0,nan,nan,nan,False,301,0
shared,32,"('WT', 'VEH')","('WT', 'LCTB92')",5.0,nan,nan,nan,False,301,0
shared,32,"('WT', 'VEH')","('WT', 'LCTB92')",50.0,nan,nan,nan,False,301,0
shared,32,"('WT', 'VEH')","('WT', 'LCTB92')",95.0,nan,nan,nan,False,301,0
shared,32,"('WT', 'VEH')","('WT', 'LCTB92')",99.0,nan,nan,nan,False,301,0
shared,32,"('Dp1Yey', 'VEH')","('Dp1Yey', 'LCTB92')",1.0,nan,nan,nan,False,301,0
shared,32,"('Dp1Yey', 'VEH')","('Dp1Yey', 'LCTB92')",5.0,nan,nan,nan,False,301,0
shared,32,"('Dp1Yey', 'VEH')","('Dp1Yey', 'LCTB92')",50.0,nan,nan,nan,False,301,0
shared,32,"('Dp1Yey', 'VEH')","('Dp1Yey', 'LCTB92')",95.0,nan,nan,nan,False,301,0
shared,32,"('Dp1Yey', 'VEH')","('Dp1Yey', 'LCTB92')",99.0,nan,nan,nan,False,301,0
shared,32,"('WT', 'VEH')","('Dp1Yey', 'VEH')",1.0,0.03206992149353027,-0.00037479400634765625,0.0691801905632019,False,301,301
shared,32,"('WT', 'VEH')","('Dp1Yey', 'VEH')",5.0,0.07034844160079956,0.021398425102233887,0.10617953538894653,True,301,301
shared,32,"('WT', 'VEH')","('Dp1Yey', 'VEH')",50.0,0.0999581515789032,0.06985417008399963,0.1350705623626709,True,301,301
shared,32,"('WT', 'VEH')","('Dp1Yey', 'VEH')",95.0,0.11429637670516968,0.07842871211469174,0.14799555297940967,True,301,301
shared,32,"('WT', 'VEH')","('Dp1Yey', 'VEH')",99.0,0.13534793071448803,0.08587332833558321,0.1591238568071276,True,301,301
shared,32,"('WT', 'LCTB92')","('Dp1Yey', 'LCTB92')",1.0,nan,nan,nan,False,0,0
shared,32,"('WT', 'LCTB92')","('Dp1Yey', 'LCTB92')",5.0,nan,nan,nan,False,0,0
shared,32,"('WT', 'LCTB92')","('Dp1Yey', 'LCTB92')",50.0,nan,nan,nan,False,0,0
shared,32,"('WT', 'LCTB92')","('Dp1Yey', 'LCTB92')",95.0,nan,nan,nan,False,0,0
shared,32,"('WT', 'LCTB92')","('Dp1Yey', 'LCTB92')",99.0,nan,nan,nan,False,0,0
shared,32,"('WT', 'VEH')","('WT', 'LCTB92')",1.0,0.09664434790611268,0.08121373118460179,0.11082312677800654,True,4812,5614
shared,32,"('WT', 'VEH')","('WT', 'LCTB92')",5.0,0.10038406252861026,0.08388049662113195,0.11516191467642782,True,4812,5614
shared,32,"('WT', 'VEH')","('WT', 'LCTB92')",50.0,0.055296435952186584,0.048655110597610476,0.06208562962710857,True,4812,5614
shared,32,"('WT', 'VEH')","('WT', 'LCTB92')",95.0,0.05287134125828741,0.044696768540889005,0.06125449711456895,True,4812,5614
shared,32,"('WT', 'VEH')","('WT', 'LCTB92')",99.0,0.06671371042728447,0.052142693031579236,0.08926054252870422,True,4812,5614
shared,32,"('Dp1Yey', 'VEH')","('Dp1Yey', 'LCTB92')",1.0,0.009907311201095559,-0.0056508219242095955,0.028065216541290277,False,4411,4411
shared,32,"('Dp1Yey', 'VEH')","('Dp1Yey', 'LCTB92')",5.0,0.017046034336090088,0.008575387299060822,0.026965851336717604,True,4411,4411
shared,32,"('Dp1Yey', 'VEH')","('Dp1Yey', 'LCTB92')",50.0,0.002669781446456909,-0.002647758275270462,0.007810160517692564,False,4411,4411
shared,32,"('Dp1Yey', 'VEH')","('Dp1Yey', 'LCTB92')",95.0,-0.03085438162088394,-0.03931062556803226,-0.021064998954534543,True,4411,4411
shared,32,"('Dp1Yey', 'VEH')","('Dp1Yey', 'LCTB92')",99.0,-0.03689414113759981,-0.04852104678750037,-0.021225026026368877,True,4411,4411
shared,32,"('WT', 'VEH')","('Dp1Yey', 'VEH')",1.0,-0.018229346871376007,-0.03923594437539577,-0.002607963338494292,True,4812,4411
shared,32,"('WT', 'VEH')","('Dp1Yey', 'VEH')",5.0,-0.0005835652351379172,-0.01084936186671257,0.008914541080594054,False,4812,4411
shared,32,"('WT', 'VEH')","('Dp1Yey', 'VEH')",50.0,0.07445003092288971,0.0685941681265831,0.08034484237432479,True,4812,4411
shared,32,"('WT', 'VEH')","('Dp1Yey', 'VEH')",95.0,0.10747906416654585,0.0983735328912735,0.11581924377009241,True,4812,4411
shared,32,"('WT', 'VEH')","('Dp1Yey', 'VEH')",99.0,0.12538043603301063,0.10845094650611282,0.14547363621741655,True,4812,4411
shared,32,"('WT', 'LCTB92')","('Dp1Yey', 'LCTB92')",1.0,-0.10496638357639312,-0.11853049720823765,-0.0931443265080452,True,5614,4411
shared,32,"('WT', 'LCTB92')","('Dp1Yey', 'LCTB92')",5.0,-0.08392159342765809,-0.09709158986806869,-0.06684799686074258,True,5614,4411
shared,32,"('WT', 'LCTB92')","('Dp1Yey', 'LCTB92')",50.0,0.021823376417160034,0.015476136282086373,0.027804535999894138,True,5614,4411
shared,32,"('WT', 'LCTB92')","('Dp1Yey', 'LCTB92')",95.0,0.023753341287374496,0.0155010268650949,0.03290425051003696,True,5614,4411
shared,32,"('WT', 'LCTB92')","('Dp1Yey', 'LCTB92')",99.0,0.021772584468126355,0.005456446111202329,0.03474867605045507,True,5614,4411
shared,33,"('WT', 'VEH')","('WT', 'LCTB92')",1.0,nan,nan,nan,False,298,0
shared,33,"('WT', 'VEH')","('WT', 'LCTB92')",5.0,nan,nan,nan,False,298,0
shared,33,"('WT', 'VEH')","('WT', 'LCTB92')",50.0,nan,nan,nan,False,298,0
shared,33,"('WT', 'VEH')","('WT', 'LCTB92')",95.0,nan,nan,nan,False,298,0
shared,33,"('WT', 'VEH')","('WT', 'LCTB92')",99.0,nan,nan,nan,False,298,0
shared,33,"('Dp1Yey', 'VEH')","('Dp1Yey', 'LCTB92')",1.0,nan,nan,nan,False,298,0
shared,33,"('Dp1Yey', 'VEH')","('Dp1Yey', 'LCTB92')",5.0,nan,nan,nan,False,298,0
shared,33,"('Dp1Yey', 'VEH')","('Dp1Yey', 'LCTB92')",50.0,nan,nan,nan,False,298,0
shared,33,"('Dp1Yey', 'VEH')","('Dp1Yey', 'LCTB92')",95.0,nan,nan,nan,False,298,0
shared,33,"('Dp1Yey', 'VEH')","('Dp1Yey', 'LCTB92')",99.0,nan,nan,nan,False,298,0
shared,33,"('WT', 'VEH')","('Dp1Yey', 'VEH')",1.0,-0.006685360074043301,-0.019990618035197243,0.040572279185056626,False,298,298
shared,33,"('WT', 'VEH')","('Dp1Yey', 'VEH')",5.0,0.06937663555145268,0.013166002929210663,0.10628091730177402,True,298,298
shared,33,"('WT', 'VEH')","('Dp1Yey', 'VEH')",50.0,0.09463950991630554,0.06308955177664757,0.12727721668779848,True,298,298
shared,33,"('WT', 'VEH')","('Dp1Yey', 'VEH')",95.0,0.11344367563724511,0.05420040444470921,0.14317470008507374,True,298,298
shared,33,"('WT', 'VEH')","('Dp1Yey', 'VEH')",99.0,0.12161389600485562,0.1069019282236695,0.1468246743404302,True,298,298
shared,33,"('WT', 'LCTB92')","('Dp1Yey', 'LCTB92')",1.0,nan,nan,nan,False,0,0
shared,33,"('WT', 'LCTB92')","('Dp1Yey', 'LCTB92')",5.0,nan,nan,nan,False,0,0
shared,33,"('WT', 'LCTB92')","('Dp1Yey', 'LCTB92')",50.0,nan,nan,nan,False,0,0
shared,33,"('WT', 'LCTB92')","('Dp1Yey', 'LCTB92')",95.0,nan,nan,nan,False,0,0
shared,33,"('WT', 'LCTB92')","('Dp1Yey', 'LCTB92')",99.0,nan,nan,nan,False,0,0
shared,33,"('WT', 'VEH')","('WT', 'LCTB92')",1.0,0.0867655247449875,0.07742254020273687,0.11086298029124735,True,4776,5572
shared,33,"('WT', 'VEH')","('WT', 'LCTB92')",5.0,0.10578829944133761,0.08745416171848774,0.11810370191931725,True,4776,5572
shared,33,"('WT', 'VEH')","('WT', 'LCTB92')",50.0,0.05814701318740845,0.05138160139322281,0.06441567689180373,True,4776,5572
shared,33,"('WT', 'VEH')","('WT', 'LCTB92')",95.0,0.05528183728456504,0.04597413504496215,0.06276490880176426,True,4776,5572
shared,33,"('WT', 'VEH')","('WT', 'LCTB92')",99.0,0.07106766968965528,0.05523398930393159,0.08019077747501431,True,4776,5572
shared,33,"('Dp1Yey', 'VEH')","('Dp1Yey', 'LCTB92')",1.0,0.02265038788318635,0.005265816539526009,0.03259314945340157,True,4378,4378
shared,33,"('Dp1Yey', 'VEH')","('Dp1Yey', 'LCTB92')",5.0,0.01982356607913971,0.008102190345525773,0.02813649535179138,True,4378,4378
shared,33,"('Dp1Yey', 'VEH')","('Dp1Yey', 'LCTB92')",50.0,0.003196150064468384,-0.002389407530426979,0.008044453710317609,False,4378,4378
shared,33,"('Dp1Yey', 'VEH')","('Dp1Yey', 'LCTB92')",95.0,-0.0287119641900061,-0.03654737066477513,-0.020989223383367,True,4378,4378
shared,33,"('Dp1Yey', 'VEH')","('Dp1Yey', 'LCTB92')",99.0,-0.03314505651593336,-0.04637142256647299,-0.017393186956643672,True,4378,4378
shared,33,"('WT', 'VEH')","('Dp1Yey', 'VEH')",1.0,-0.031054533720016486,-0.041243381425738336,-0.006070515856146846,True,4776,4378
shared,33,"('WT', 'VEH')","('Dp1Yey', 'VEH')",5.0,-0.002987378835678123,-0.013127344846725463,0.00476971536874771,False,4776,4378
shared,33,"('WT', 'VEH')","('Dp1Yey', 'VEH')",50.0,0.07604192197322845,0.07021234668791294,0.08193764388561249,True,4776,4378
shared,33,"('WT', 'VEH')","('Dp1Yey', 'VEH')",95.0,0.10986316874623303,0.10072855297476054,0.11777114735916265,True,4776,4378
shared,33,"('WT', 'VEH')","('Dp1Yey', 'VEH')",99.0,0.12931321620941294,0.11096390401385803,0.1410870240908118,True,4776,4378
shared,33,"('WT', 'LCTB92')","('Dp1Yey', 'LCTB92')",1.0,-0.09516967058181763,-0.11232813000679016,-0.08699312740564345,True,5572,4378
shared,33,"('WT', 'LCTB92')","('Dp1Yey', 'LCTB92')",5.0,-0.08895211219787602,-0.10397297605872158,-0.07126366943120957,True,5572,4378
shared,33,"('WT', 'LCTB92')","('Dp1Yey', 'LCTB92')",50.0,0.02109105885028839,0.01483898088335991,0.02692492939531803,True,5572,4378
shared,33,"('WT', 'LCTB92')","('Dp1Yey', 'LCTB92')",95.0,0.02586936727166189,0.017930286750197432,0.03356794657185681,True,5572,4378
shared,33,"('WT', 'LCTB92')","('Dp1Yey', 'LCTB92')",99.0,0.025100490003824305,0.014068532034754758,0.0384256538897755,True,5572,4378
shared,34,"('WT', 'VEH')","('WT', 'LCTB92')",1.0,nan,nan,nan,False,295,0
shared,34,"('WT', 'VEH')","('WT', 'LCTB92')",5.0,nan,nan,nan,False,295,0
shared,34,"('WT', 'VEH')","('WT', 'LCTB92')",50.0,nan,nan,nan,False,295,0
shared,34,"('WT', 'VEH')","('WT', 'LCTB92')",95.0,nan,nan,nan,False,295,0
shared,34,"('WT', 'VEH')","('WT', 'LCTB92')",99.0,nan,nan,nan,False,295,0
shared,34,"('Dp1Yey', 'VEH')","('Dp1Yey', 'LCTB92')",1.0,nan,nan,nan,False,295,0
shared,34,"('Dp1Yey', 'VEH')","('Dp1Yey', 'LCTB92')",5.0,nan,nan,nan,False,295,0
shared,34,"('Dp1Yey', 'VEH')","('Dp1Yey', 'LCTB92')",50.0,nan,nan,nan,False,295,0
shared,34,"('Dp1Yey', 'VEH')","('Dp1Yey', 'LCTB92')",95.0,nan,nan,nan,False,295,0
shared,34,"('Dp1Yey', 'VEH')","('Dp1Yey', 'LCTB92')",99.0,nan,nan,nan,False,295,0
shared,34,"('WT', 'VEH')","('Dp1Yey', 'VEH')",1.0,-0.0032280015945434504,-0.01733201864361765,0.029488577842712416,False,295,295
shared,34,"('WT', 'VEH')","('Dp1Yey', 'VEH')",5.0,0.050461637973785445,0.004393147230148295,0.10959078371524812,True,295,295
shared,34,"('WT', 'VEH')","('Dp1Yey', 'VEH')",50.0,0.09662029147148132,0.06249861419200897,0.13123542070388794,True,295,295
shared,34,"('WT', 'VEH')","('Dp1Yey', 'VEH')",95.0,0.09154434725642224,0.038198886811733314,0.1326948069036007,True,295,295
shared,34,"('WT', 'VEH')","('Dp1Yey', 'VEH')",99.0,0.12359048455953592,0.09372929714620115,0.15209714666008944,True,295,295
shared,34,"('WT', 'LCTB92')","('Dp1Yey', 'LCTB92')",1.0,nan,nan,nan,False,0,0
shared,34,"('WT', 'LCTB92')","('Dp1Yey', 'LCTB92')",5.0,nan,nan,nan,False,0,0
shared,34,"('WT', 'LCTB92')","('Dp1Yey', 'LCTB92')",50.0,nan,nan,nan,False,0,0
shared,34,"('WT', 'LCTB92')","('Dp1Yey', 'LCTB92')",95.0,nan,nan,nan,False,0,0
shared,34,"('WT', 'LCTB92')","('Dp1Yey', 'LCTB92')",99.0,nan,nan,nan,False,0,0
shared,34,"('WT', 'VEH')","('WT', 'LCTB92')",1.0,0.09220377981662753,0.0765572343915701,0.10767094007134438,True,4740,5530
shared,34,"('WT', 'VEH')","('WT', 'LCTB92')",5.0,0.1040759116411209,0.08908377133309842,0.12045352868735788,True,4740,5530
shared,34,"('WT', 'VEH')","('WT', 'LCTB92')",50.0,0.059025540947914124,0.05323246568441391,0.06464859955012799,True,4740,5530
shared,34,"('WT', 'VEH')","('WT', 'LCTB92')",95.0,0.05633019953966145,0.0478282317705455,0.06365626774728303,True,4740,5530
shared,34,"('WT', 'VEH')","('WT', 'LCTB92')",99.0,0.06426341272890557,0.051192579146474404,0.08096885583922261,True,4740,5530
shared,34,"('Dp1Yey', 'VEH')","('Dp1Yey', 'LCTB92')",1.0,0.027514541149139427,0.010042852699756596,0.038146989345550525,True,4345,4345
shared,34,"('Dp1Yey', 'VEH')","('Dp1Yey', 'LCTB92')",5.0,0.015677726268768344,0.00726798802614211,0.02967132687568663,True,4345,4345
shared,34,"('Dp1Yey', 'VEH')","('Dp1Yey', 'LCTB92')",50.0,0.006175905466079712,0.0005715720355510712,0.010893811285495747,True,4345,4345
shared,34,"('Dp1Yey', 'VEH')","('Dp1Yey', 'LCTB92')",95.0,-0.026479578018188565,-0.0333299185335637,-0.0185668474435805,True,4345,4345
shared,34,"('Dp1Yey', 'VEH')","('Dp1Yey', 'LCTB92')",99.0,-0.030446114540100155,-0.04576167762279493,-0.019466155827044737,True,4345,4345
shared,34,"('WT', 'VEH')","('Dp1Yey', 'VEH')",1.0,-0.032370652556419355,-0.04752926927804949,-0.009583021387457836,True,4740,4345
shared,34,"('WT', 'VEH')","('Dp1Yey', 'VEH')",5.0,-0.007639575004577681,-0.02011221244931218,0.002392173111438736,False,4740,4345
shared,34,"('WT', 'VEH')","('Dp1Yey', 'VEH')",50.0,0.07436341047286987,0.06848933286964894,0.08035740219056606,True,4740,4345
shared,34,"('WT', 'VEH')","('Dp1Yey', 'VEH')",95.0,0.11346595063805587,0.10516400478780256,0.1203817106969654,True,4740,4345
shared,34,"('WT', 'VEH')","('Dp1Yey', 'VEH')",99.0,0.12216390050947656,0.10810189302265631,0.14158683630823976,True,4740,4345
shared,34,"('WT', 'LCTB92')","('Dp1Yey', 'LCTB92')",1.0,-0.09705989122390746,-0.10634848865866664,-0.08745265322923661,True,5530,4345
shared,34,"('WT', 'LCTB92')","('Dp1Yey', 'LCTB92')",5.0,-0.09603776037693024,-0.11023806378245354,-0.08032569013535977,True,5530,4345
shared,34,"('WT', 'LCTB92')","('Dp1Yey', 'LCTB92')",50.0,0.02151377499103546,0.015336966514587403,0.026607730239629736,True,5530,4345
shared,34,"('WT', 'LCTB92')","('Dp1Yey', 'LCTB92')",95.0,0.03065617308020585,0.023129719011485597,0.03833991656079897,True,5530,4345
shared,34,"('WT', 'LCTB92')","('Dp1Yey', 'LCTB92')",99.0,0.027454373240470842,0.01599354743957515,0.03622713260352615,True,5530,4345
shared,35,"('WT', 'VEH')","('WT', 'LCTB92')",1.0,nan,nan,nan,False,292,0
shared,35,"('WT', 'VEH')","('WT', 'LCTB92')",5.0,nan,nan,nan,False,292,0
shared,35,"('WT', 'VEH')","('WT', 'LCTB92')",50.0,nan,nan,nan,False,292,0
shared,35,"('WT', 'VEH')","('WT', 'LCTB92')",95.0,nan,nan,nan,False,292,0
shared,35,"('WT', 'VEH')","('WT', 'LCTB92')",99.0,nan,nan,nan,False,292,0
shared,35,"('Dp1Yey', 'VEH')","('Dp1Yey', 'LCTB92')",1.0,nan,nan,nan,False,292,0
shared,35,"('Dp1Yey', 'VEH')","('Dp1Yey', 'LCTB92')",5.0,nan,nan,nan,False,292,0
shared,35,"('Dp1Yey', 'VEH')","('Dp1Yey', 'LCTB92')",50.0,nan,nan,nan,False,292,0
shared,35,"('Dp1Yey', 'VEH')","('Dp1Yey', 'LCTB92')",95.0,nan,nan,nan,False,292,0
shared,35,"('Dp1Yey', 'VEH')","('Dp1Yey', 'LCTB92')",99.0,nan,nan,nan,False,292,0
shared,35,"('WT', 'VEH')","('Dp1Yey', 'VEH')",1.0,0.0018326133489608987,-0.01529898107051847,0.03490464203059673,False,292,292
shared,35,"('WT', 'VEH')","('Dp1Yey', 'VEH')",5.0,0.057424214482307445,-0.003397096544504144,0.09202128551900386,False,292,292
shared,35,"('WT', 'VEH')","('Dp1Yey', 'VEH')",50.0,0.09499809145927429,0.06319761946797371,0.12722217664122581,True,292,292
shared,35,"('WT', 'VEH')","('Dp1Yey', 'VEH')",95.0,0.07036352045834049,0.0354473879188299,0.13021535274572663,True,292,292
shared,35,"('WT', 'VEH')","('Dp1Yey', 'VEH')",99.0,0.10620016649365427,0.07822574961092274,0.13750212877988832,True,292,292
shared,35,"('WT', 'LCTB92')","('Dp1Yey', 'LCTB92')",1.0,nan,nan,nan,False,0,0
shared,35,"('WT', 'LCTB92')","('Dp1Yey', 'LCTB92')",5.0,nan,nan,nan,False,0,0
shared,35,"('WT', 'LCTB92')","('Dp1Yey', 'LCTB92')",50.0,nan,nan,nan,False,0,0
shared,35,"('WT', 'LCTB92')","('Dp1Yey', 'LCTB92')",95.0,nan,nan,nan,False,0,0
shared,35,"('WT', 'LCTB92')","('Dp1Yey', 'LCTB92')",99.0,nan,nan,nan,False,0,0
shared,35,"('WT', 'VEH')","('WT', 'LCTB92')",1.0,0.08473170220851897,0.07488819657266141,0.10628631064295765,True,4704,5488
shared,35,"('WT', 'VEH')","('WT', 'LCTB92')",5.0,0.11121038198471067,0.09523037567734721,0.1227434899657965,True,4704,5488
shared,35,"('WT', 'VEH')","('WT', 'LCTB92')",50.0,0.05872374773025513,0.052564762160182,0.06417285874485969,True,4704,5488
shared,35,"('WT', 'VEH')","('WT', 'LCTB92')",95.0,0.0570120684802532,0.050459484308958254,0.06431052431464208,True,4704,5488
shared,35,"('WT', 'VEH')","('WT', 'LCTB92')",99.0,0.06788636334240439,0.05369641420990279,0.0870613488703966,True,4704,5488
shared,35,"('Dp1Yey', 'VEH')","('Dp1Yey', 'LCTB92')",1.0,0.023682597279548634,0.01122543014585971,0.04007019950449465,True,4312,4312
shared,35,"('Dp1Yey', 'VEH')","('Dp1Yey', 'LCTB92')",5.0,0.018964141607284546,0.00841034971177577,0.02997986845672131,True,4312,4312
shared,35,"('Dp1Yey', 'VEH')","('Dp1Yey', 'LCTB92')",50.0,0.009195566177368164,0.0034247662872076033,0.014832491055130955,True,4312,4312
shared,35,"('Dp1Yey', 'VEH')","('Dp1Yey', 'LCTB92')",95.0,-0.023678620159625963,-0.032435606382787155,-0.015163481496274495,True,4312,4312
shared,35,"('Dp1Yey', 'VEH')","('Dp1Yey', 'LCTB92')",99.0,-0.0363927066326144,-0.048348552837967865,-0.022520239125937213,True,4312,4312
shared,35,"('WT', 'VEH')","('Dp1Yey', 'VEH')",1.0,-0.03811270892620083,-0.04972803197801112,-0.014790528461337086,True,4704,4312
shared,35,"('WT', 'VEH')","('Dp1Yey', 'VEH')",5.0,-0.011075866222381603,-0.02175953283905982,0.0015132438391447045,False,4704,4312
shared,35,"('WT', 'VEH')","('Dp1Yey', 'VEH')",50.0,0.07247142493724823,0.06700369827449322,0.07831664793193341,True,4704,4312
shared,35,"('WT', 'VEH')","('Dp1Yey', 'VEH')",95.0,0.1141251184046268,0.10706201540306211,0.12162046719342468,True,4704,4312
shared,35,"('WT', 'VEH')","('Dp1Yey', 'VEH')",99.0,0.12861696861684324,0.11298819916322791,0.14802661603689177,True,4704,4312
shared,35,"('WT', 'LCTB92')","('Dp1Yey', 'LCTB92')",1.0,-0.09916181385517117,-0.10596212701499462,-0.08531206737458705,True,5488,4312
shared,35,"('WT', 'LCTB92')","('Dp1Yey', 'LCTB92')",5.0,-0.10332210659980773,-0.1134344358742237,-0.0862324500828981,True,5488,4312
shared,35,"('WT', 'LCTB92')","('Dp1Yey', 'LCTB92')",50.0,0.022943243384361267,0.01747305803000927,0.028713145852088926,True,5488,4312
shared,35,"('WT', 'LCTB92')","('Dp1Yey', 'LCTB92')",95.0,0.03343442976474764,0.024473263714462522,0.04115794332697983,True,5488,4312
shared,35,"('WT', 'LCTB92')","('Dp1Yey', 'LCTB92')",99.0,0.02433789864182445,0.014267529316246511,0.03458862067013987,True,5488,4312
shared,36,"('WT', 'VEH')","('WT', 'LCTB92')",1.0,nan,nan,nan,False,289,0
shared,36,"('WT', 'VEH')","('WT', 'LCTB92')",5.0,nan,nan,nan,False,289,0
shared,36,"('WT', 'VEH')","('WT', 'LCTB92')",50.0,nan,nan,nan,False,289,0
shared,36,"('WT', 'VEH')","('WT', 'LCTB92')",95.0,nan,nan,nan,False,289,0
shared,36,"('WT', 'VEH')","('WT', 'LCTB92')",99.0,nan,nan,nan,False,289,0
shared,36,"('Dp1Yey', 'VEH')","('Dp1Yey', 'LCTB92')",1.0,nan,nan,nan,False,289,0
shared,36,"('Dp1Yey', 'VEH')","('Dp1Yey', 'LCTB92')",5.0,nan,nan,nan,False,289,0
shared,36,"('Dp1Yey', 'VEH')","('Dp1Yey', 'LCTB92')",50.0,nan,nan,nan,False,289,0
shared,36,"('Dp1Yey', 'VEH')","('Dp1Yey', 'LCTB92')",95.0,nan,nan,nan,False,289,0
shared,36,"('Dp1Yey', 'VEH')","('Dp1Yey', 'LCTB92')",99.0,nan,nan,nan,False,289,0
shared,36,"('WT', 'VEH')","('Dp1Yey', 'VEH')",1.0,0.0035083961486816473,-0.014329581260681179,0.03474619925022126,False,289,289
shared,36,"('WT', 'VEH')","('Dp1Yey', 'VEH')",5.0,0.04469153881072996,-0.006468355655670166,0.08059763252735132,False,289,289
shared,36,"('WT', 'VEH')","('Dp1Yey', 'VEH')",50.0,0.09629914164543152,0.0677499882876873,0.1237219803035259,True,289,289
shared,36,"('WT', 'VEH')","('Dp1Yey', 'VEH')",95.0,0.061904838681220986,0.016853408366441697,0.12010055679827918,True,289,289
shared,36,"('WT', 'VEH')","('Dp1Yey', 'VEH')",99.0,0.1112423503398895,0.07912004917860027,0.1307181790471077,True,289,289
shared,36,"('WT', 'LCTB92')","('Dp1Yey', 'LCTB92')",1.0,nan,nan,nan,False,0,0
shared,36,"('WT', 'LCTB92')","('Dp1Yey', 'LCTB92')",5.0,nan,nan,nan,False,0,0
shared,36,"('WT', 'LCTB92')","('Dp1Yey', 'LCTB92')",50.0,nan,nan,nan,False,0,0
shared,36,"('WT', 'LCTB92')","('Dp1Yey', 'LCTB92')",95.0,nan,nan,nan,False,0,0
shared,36,"('WT', 'LCTB92')","('Dp1Yey', 'LCTB92')",99.0,nan,nan,nan,False,0,0
shared,36,"('WT', 'VEH')","('WT', 'LCTB92')",1.0,0.08372080206871033,0.06768041409552099,0.10264470003545277,True,4668,5446
shared,36,"('WT', 'VEH')","('WT', 'LCTB92')",5.0,0.11142587065696719,0.09999228864908219,0.12665207907557485,True,4668,5446
shared,36,"('WT', 'VEH')","('WT', 'LCTB92')",50.0,0.059994831681251526,0.05378262177109718,0.06709924861788749,True,4668,5446
shared,36,"('WT', 'VEH')","('WT', 'LCTB92')",95.0,0.05646241903305038,0.04757012370973825,0.06478588743135272,True,4668,5446
shared,36,"('WT', 'VEH')","('WT', 'LCTB92')",99.0,0.06886816620826719,0.05616839598864304,0.08378093064948884,True,4668,5446
shared,36,"('Dp1Yey', 'VEH')","('Dp1Yey', 'LCTB92')",1.0,0.0296988606452942,0.01363292583823206,0.04349852296710012,True,4279,4279
shared,36,"('Dp1Yey', 'VEH')","('Dp1Yey', 'LCTB92')",5.0,0.017287403345108032,0.007008572816848788,0.02805480852723119,True,4279,4279
shared,36,"('Dp1Yey', 'VEH')","('Dp1Yey', 'LCTB92')",50.0,0.010472238063812256,0.005320946127176285,0.01576300784945488,True,4279,4279
shared,36,"('Dp1Yey', 'VEH')","('Dp1Yey', 'LCTB92')",95.0,-0.022043922543525718,-0.02922405503690245,-0.013596793562173757,True,4279,4279
shared,36,"('Dp1Yey', 'VEH')","('Dp1Yey', 'LCTB92')",99.0,-0.039972122013569256,-0.04922192549705506,-0.028312803849577576,True,4279,4279
shared,36,"('WT', 'VEH')","('Dp1Yey', 'VEH')",1.0,-0.04133923649787902,-0.05874319195747374,-0.020052872210741018,True,4668,4279
shared,36,"('WT', 'VEH')","('Dp1Yey', 'VEH')",5.0,-0.010317838191986062,-0.020742895007133486,0.0018809566646814193,False,4668,4279
shared,36,"('WT', 'VEH')","('Dp1Yey', 'VEH')",50.0,0.07326716184616089,0.06664406843483447,0.07912592589855194,True,4668,4279
shared,36,"('WT', 'VEH')","('Dp1Yey', 'VEH')",95.0,0.11456893384456623,0.10587697464972728,0.12224400514736777,True,4668,4279
shared,36,"('WT', 'VEH')","('Dp1Yey', 'VEH')",99.0,0.13212468653917298,0.1190693424269552,0.1472898479178542,True,4668,4279
shared,36,"('WT', 'LCTB92')","('Dp1Yey', 'LCTB92')",1.0,-0.09536117792129514,-0.10653896257281302,-0.08245320630073552,True,5446,4279
shared,36,"('WT', 'LCTB92')","('Dp1Yey', 'LCTB92')",5.0,-0.10445630550384521,-0.11695410385727882,-0.09244696527719498,True,5446,4279
shared,36,"('WT', 'LCTB92')","('Dp1Yey', 'LCTB92')",50.0,0.02374456822872162,0.017397863045334815,0.02896797657012939,True,5446,4279
shared,36,"('WT', 'LCTB92')","('Dp1Yey', 'LCTB92')",95.0,0.036062592267990135,0.028165158554911612,0.04428271912038337,True,5446,4279
shared,36,"('WT', 'LCTB92')","('Dp1Yey', 'LCTB92')",99.0,0.02328439831733653,0.01596363428980129,0.03683164018392561,True,5446,4279
shared,37,"('WT', 'VEH')","('WT', 'LCTB92')",1.0,nan,nan,nan,False,286,0
shared,37,"('WT', 'VEH')","('WT', 'LCTB92')",5.0,nan,nan,nan,False,286,0
shared,37,"('WT', 'VEH')","('WT', 'LCTB92')",50.0,nan,nan,nan,False,286,0
shared,37,"('WT', 'VEH')","('WT', 'LCTB92')",95.0,nan,nan,nan,False,286,0
shared,37,"('WT', 'VEH')","('WT', 'LCTB92')",99.0,nan,nan,nan,False,286,0
shared,37,"('Dp1Yey', 'VEH')","('Dp1Yey', 'LCTB92')",1.0,nan,nan,nan,False,286,0
shared,37,"('Dp1Yey', 'VEH')","('Dp1Yey', 'LCTB92')",5.0,nan,nan,nan,False,286,0
shared,37,"('Dp1Yey', 'VEH')","('Dp1Yey', 'LCTB92')",50.0,nan,nan,nan,False,286,0
shared,37,"('Dp1Yey', 'VEH')","('Dp1Yey', 'LCTB92')",95.0,nan,nan,nan,False,286,0
shared,37,"('Dp1Yey', 'VEH')","('Dp1Yey', 'LCTB92')",99.0,nan,nan,nan,False,286,0
shared,37,"('WT', 'VEH')","('Dp1Yey', 'VEH')",1.0,0.006934356689453136,-0.01517553612589835,0.04205022230744349,False,286,286
shared,37,"('WT', 'VEH')","('Dp1Yey', 'VEH')",5.0,0.025774061679840088,-0.012390196323394775,0.07206513509154319,False,286,286
shared,37,"('WT', 'VEH')","('Dp1Yey', 'VEH')",50.0,0.09832580387592316,0.06963423490524293,0.12199844568967819,True,286,286
shared,37,"('WT', 'VEH')","('Dp1Yey', 'VEH')",95.0,0.057489197701215744,0.006100851576775312,0.11547592654824257,True,286,286
shared,37,"('WT', 'VEH')","('Dp1Yey', 'VEH')",99.0,0.08180776052176941,0.05061639105901168,0.11602114960551246,True,286,286
shared,37,"('WT', 'LCTB92')","('Dp1Yey', 'LCTB92')",1.0,nan,nan,nan,False,0,0
shared,37,"('WT', 'LCTB92')","('Dp1Yey', 'LCTB92')",5.0,nan,nan,nan,False,0,0
shared,37,"('WT', 'LCTB92')","('Dp1Yey', 'LCTB92')",50.0,nan,nan,nan,False,0,0
shared,37,"('WT', 'LCTB92')","('Dp1Yey', 'LCTB92')",95.0,nan,nan,nan,False,0,0
shared,37,"('WT', 'LCTB92')","('Dp1Yey', 'LCTB92')",99.0,nan,nan,nan,False,0,0
shared,37,"('WT', 'VEH')","('WT', 'LCTB92')",1.0,0.0885390901565552,0.07464241734147072,0.10801134149730206,True,4632,5404
shared,37,"('WT', 'VEH')","('WT', 'LCTB92')",5.0,0.11509199738502504,0.10469820201396943,0.12609219968318938,True,4632,5404
shared,37,"('WT', 'VEH')","('WT', 'LCTB92')",50.0,0.06050586700439453,0.05337273068726063,0.06807277500629424,True,4632,5404
shared,37,"('WT', 'VEH')","('WT', 'LCTB92')",95.0,0.06069602593779566,0.052581231594085474,0.06968230595812212,True,4632,5404
shared,37,"('WT', 'VEH')","('WT', 'LCTB92')",99.0,0.06828570365905662,0.056662927277385575,0.08459339439868874,True,4632,5404
shared,37,"('Dp1Yey', 'VEH')","('Dp1Yey', 'LCTB92')",1.0,0.031722360849380515,0.01582641839981077,0.049979439675807966,True,4246,4246
shared,37,"('Dp1Yey', 'VEH')","('Dp1Yey', 'LCTB92')",5.0,0.02084144949913025,0.008134441077709198,0.02825328744947909,True,4246,4246
shared,37,"('Dp1Yey', 'VEH')","('Dp1Yey', 'LCTB92')",50.0,0.010764256119728088,0.005099485814571381,0.015421429276466368,True,4246,4246
shared,37,"('Dp1Yey', 'VEH')","('Dp1Yey', 'LCTB92')",95.0,-0.02215968817472458,-0.029736754298210145,-0.01317843291908503,True,4246,4246
shared,37,"('Dp1Yey', 'VEH')","('Dp1Yey', 'LCTB92')",99.0,-0.042459086328744955,-0.05102610450237987,-0.03376294668763872,True,4246,4246
shared,37,"('WT', 'VEH')","('Dp1Yey', 'VEH')",1.0,-0.03690786898136139,-0.05608824610710145,-0.018313753172755246,True,4632,4246
shared,37,"('WT', 'VEH')","('Dp1Yey', 'VEH')",5.0,-0.01134999394416808,-0.01854562871158123,-0.00026524327695369806,True,4632,4246
shared,37,"('WT', 'VEH')","('Dp1Yey', 'VEH')",50.0,0.07258062064647675,0.06606381125748158,0.07982570901513099,True,4632,4246
shared,37,"('WT', 'VEH')","('Dp1Yey', 'VEH')",95.0,0.11750428304076188,0.10943571502342818,0.1255046642944217,True,4632,4246
shared,37,"('WT', 'VEH')","('Dp1Yey', 'VEH')",99.0,0.1362499585747713,0.126340801816433,0.15001044564135133,True,4632,4246
shared,37,"('WT', 'LCTB92')","('Dp1Yey', 'LCTB92')",1.0,-0.09372459828853608,-0.1105034347623587,-0.08111416406929495,True,5404,4246
shared,37,"('WT', 'LCTB92')","('Dp1Yey', 'LCTB92')",5.0,-0.10560054183006287,-0.1176057304441929,-0.09611528128385545,True,5404,4246
shared,37,"('WT', 'LCTB92')","('Dp1Yey', 'LCTB92')",50.0,0.022839009761810303,0.017505832388997077,0.028019863367080688,True,5404,4246
shared,37,"('WT', 'LCTB92')","('Dp1Yey', 'LCTB92')",95.0,0.03464856892824164,0.02695589240640402,0.043268313333392094,True,5404,4246
shared,37,"('WT', 'LCTB92')","('Dp1Yey', 'LCTB92')",99.0,0.025505168586969718,0.014167136184871563,0.03608805672824382,True,5404,4246
shared,38,"('WT', 'VEH')","('WT', 'LCTB92')",1.0,nan,nan,nan,False,283,0
shared,38,"('WT', 'VEH')","('WT', 'LCTB92')",5.0,nan,nan,nan,False,283,0
shared,38,"('WT', 'VEH')","('WT', 'LCTB92')",50.0,nan,nan,nan,False,283,0
shared,38,"('WT', 'VEH')","('WT', 'LCTB92')",95.0,nan,nan,nan,False,283,0
shared,38,"('WT', 'VEH')","('WT', 'LCTB92')",99.0,nan,nan,nan,False,283,0
shared,38,"('Dp1Yey', 'VEH')","('Dp1Yey', 'LCTB92')",1.0,nan,nan,nan,False,283,0
shared,38,"('Dp1Yey', 'VEH')","('Dp1Yey', 'LCTB92')",5.0,nan,nan,nan,False,283,0
shared,38,"('Dp1Yey', 'VEH')","('Dp1Yey', 'LCTB92')",50.0,nan,nan,nan,False,283,0
shared,38,"('Dp1Yey', 'VEH')","('Dp1Yey', 'LCTB92')",95.0,nan,nan,nan,False,283,0
shared,38,"('Dp1Yey', 'VEH')","('Dp1Yey', 'LCTB92')",99.0,nan,nan,nan,False,283,0
shared,38,"('WT', 'VEH')","('Dp1Yey', 'VEH')",1.0,0.021102113723754867,-0.0261119115352631,0.05663783669471739,False,283,283
shared,38,"('WT', 'VEH')","('Dp1Yey', 'VEH')",5.0,0.02122558355331422,-0.0028957685828208705,0.05422429442405707,False,283,283
shared,38,"('WT', 'VEH')","('Dp1Yey', 'VEH')",50.0,0.09635525941848755,0.07147514820098877,0.11738611310720444,True,283,283
shared,38,"('WT', 'VEH')","('Dp1Yey', 'VEH')",95.0,0.04851836562156675,0.013767080828547412,0.1198066994547844,True,283,283
shared,38,"('WT', 'VEH')","('Dp1Yey', 'VEH')",99.0,0.08594355612993243,0.04073040187358856,0.11453939259052281,True,283,283
shared,38,"('WT', 'LCTB92')","('Dp1Yey', 'LCTB92')",1.0,nan,nan,nan,False,0,0
shared,38,"('WT', 'LCTB92')","('Dp1Yey', 'LCTB92')",5.0,nan,nan,nan,False,0,0
shared,38,"('WT', 'LCTB92')","('Dp1Yey', 'LCTB92')",50.0,nan,nan,nan,False,0,0
shared,38,"('WT', 'LCTB92')","('Dp1Yey', 'LCTB92')",95.0,nan,nan,nan,False,0,0
shared,38,"('WT', 'LCTB92')","('Dp1Yey', 'LCTB92')",99.0,nan,nan,nan,False,0,0
shared,38,"('WT', 'VEH')","('WT', 'LCTB92')",1.0,0.09009120821952818,0.07825797866284848,0.10911042928695677,True,4596,5362
shared,38,"('WT', 'VEH')","('WT', 'LCTB92')",5.0,0.11857756674289704,0.10670676670968532,0.12920457176864147,True,4596,5362
shared,38,"('WT', 'VEH')","('WT', 'LCTB92')",50.0,0.06369051337242126,0.05563398562371731,0.07085858024656773,True,4596,5362
shared,38,"('WT', 'VEH')","('WT', 'LCTB92')",95.0,0.062312275916338034,0.05446918349713094,0.06950371555984025,True,4596,5362
shared,38,"('WT', 'VEH')","('WT', 'LCTB92')",99.0,0.07654805243015295,0.06465013473480953,0.08768702001869667,True,4596,5362
shared,38,"('Dp1Yey', 'VEH')","('Dp1Yey', 'LCTB92')",1.0,0.03819202184677123,0.020883853435516374,0.05300977647304531,True,4213,4213
shared,38,"('Dp1Yey', 'VEH')","('Dp1Yey', 'LCTB92')",5.0,0.018831205368042003,0.009673526585102083,0.028902153670787807,True,4213,4213
shared,38,"('Dp1Yey', 'VEH')","('Dp1Yey', 'LCTB92')",50.0,0.010885030031204224,0.005924204736948014,0.015497004985809325,True,4213,4213
shared,38,"('Dp1Yey', 'VEH')","('Dp1Yey', 'LCTB92')",95.0,-0.01684731841087339,-0.024201842248439794,-0.01059120625257477,True,4213,4213
shared,38,"('Dp1Yey', 'VEH')","('Dp1Yey', 'LCTB92')",99.0,-0.049111167192459115,-0.05670165303349506,-0.037681994944810865,True,4213,4213
shared,38,"('WT', 'VEH')","('Dp1Yey', 'VEH')",1.0,-0.04202509045600894,-0.054464183375239374,-0.02102197144925598,True,4596,4213
shared,38,"('WT', 'VEH')","('Dp1Yey', 'VEH')",5.0,-0.008390054106712341,-0.01877925455570222,2.3548081517216363e-05,False,4596,4213
shared,38,"('WT', 'VEH')","('Dp1Yey', 'VEH')",50.0,0.07341563701629639,0.06610191874206066,0.08066415153443812,True,4596,4213
shared,38,"('WT', 'VEH')","('Dp1Yey', 'VEH')",95.0,0.11556121930480001,0.10776469320058821,0.12315216220915344,True,4596,4213
shared,38,"('WT', 'VEH')","('Dp1Yey', 'VEH')",99.0,0.14449012964963925,0.13255413832142948,0.15288462374359388,True,4596,4213
shared,38,"('WT', 'LCTB92')","('Dp1Yey', 'LCTB92')",1.0,-0.09392427682876589,-0.11007840164005757,-0.08033519126474861,True,5362,4213
shared,38,"('WT', 'LCTB92')","('Dp1Yey', 'LCTB92')",5.0,-0.10813641548156738,-0.1191288759559393,-0.09650472819805146,True,5362,4213
shared,38,"('WT', 'LCTB92')","('Dp1Yey', 'LCTB92')",50.0,0.020610153675079346,0.015630047395825387,0.02605429850518703,True,5362,4213
shared,38,"('WT', 'LCTB92')","('Dp1Yey', 'LCTB92')",95.0,0.03640162497758859,0.02897512651979934,0.042640290111303346,True,5362,4213
shared,38,"('WT', 'LCTB92')","('Dp1Yey', 'LCTB92')",99.0,0.018830910027027192,0.007906623210757881,0.02974101492390033,True,5362,4213
shared,39,"('WT', 'VEH')","('WT', 'LCTB92')",1.0,nan,nan,nan,False,280,0
shared,39,"('WT', 'VEH')","('WT', 'LCTB92')",5.0,nan,nan,nan,False,280,0
shared,39,"('WT', 'VEH')","('WT', 'LCTB92')",50.0,nan,nan,nan,False,280,0
shared,39,"('WT', 'VEH')","('WT', 'LCTB92')",95.0,nan,nan,nan,False,280,0
shared,39,"('WT', 'VEH')","('WT', 'LCTB92')",99.0,nan,nan,nan,False,280,0
shared,39,"('Dp1Yey', 'VEH')","('Dp1Yey', 'LCTB92')",1.0,nan,nan,nan,False,280,0
shared,39,"('Dp1Yey', 'VEH')","('Dp1Yey', 'LCTB92')",5.0,nan,nan,nan,False,280,0
shared,39,"('Dp1Yey', 'VEH')","('Dp1Yey', 'LCTB92')",50.0,nan,nan,nan,False,280,0
shared,39,"('Dp1Yey', 'VEH')","('Dp1Yey', 'LCTB92')",95.0,nan,nan,nan,False,280,0
shared,39,"('Dp1Yey', 'VEH')","('Dp1Yey', 'LCTB92')",99.0,nan,nan,nan,False,280,0
shared,39,"('WT', 'VEH')","('Dp1Yey', 'VEH')",1.0,0.020961894392967223,-0.00272039353847503,0.05093737781047822,False,280,280
shared,39,"('WT', 'VEH')","('Dp1Yey', 'VEH')",5.0,0.016767156124115,-0.006220212802290917,0.06395548917353154,False,280,280
shared,39,"('WT', 'VEH')","('Dp1Yey', 'VEH')",50.0,0.08882124722003937,0.06924940496683121,0.11930769905447959,True,280,280
shared,39,"('WT', 'VEH')","('Dp1Yey', 'VEH')",95.0,0.039087852090597064,0.0010482953116297295,0.08706825003027963,True,280,280
shared,39,"('WT', 'VEH')","('Dp1Yey', 'VEH')",99.0,0.06552922420203688,0.0003715882077813149,0.09837995661608902,True,280,280
shared,39,"('WT', 'LCTB92')","('Dp1Yey', 'LCTB92')",1.0,nan,nan,nan,False,0,0
shared,39,"('WT', 'LCTB92')","('Dp1Yey', 'LCTB92')",5.0,nan,nan,nan,False,0,0
shared,39,"('WT', 'LCTB92')","('Dp1Yey', 'LCTB92')",50.0,nan,nan,nan,False,0,0
shared,39,"('WT', 'LCTB92')","('Dp1Yey', 'LCTB92')",95.0,nan,nan,nan,False,0,0
shared,39,"('WT', 'LCTB92')","('Dp1Yey', 'LCTB92')",99.0,nan,nan,nan,False,0,0
shared,39,"('WT', 'VEH')","('WT', 'LCTB92')",1.0,0.09099337399005888,0.07913440288603309,0.10637646423280239,True,4560,5320
shared,39,"('WT', 'VEH')","('WT', 'LCTB92')",5.0,0.11947742104530334,0.10783271506428718,0.12972812958061694,True,4560,5320
shared,39,"('WT', 'VEH')","('WT', 'LCTB92')",50.0,0.06812417507171631,0.06124972440302372,0.07447764091193676,True,4560,5320
shared,39,"('WT', 'VEH')","('WT', 'LCTB92')",95.0,0.06271139234304435,0.05376327084377419,0.07036232138052585,True,4560,5320
shared,39,"('WT', 'VEH')","('WT', 'LCTB92')",99.0,0.07653705492615692,0.06895714560151096,0.08642127559706547,True,4560,5320
shared,39,"('Dp1Yey', 'VEH')","('Dp1Yey', 'LCTB92')",1.0,0.03274928689002993,0.019845565810799617,0.04986380189657211,True,4180,4180
shared,39,"('Dp1Yey', 'VEH')","('Dp1Yey', 'LCTB92')",5.0,0.01953708231449125,0.011001231744885435,0.027992646843194986,True,4180,4180
shared,39,"('Dp1Yey', 'VEH')","('Dp1Yey', 'LCTB92')",50.0,0.01326926052570343,0.007484032213687897,0.018291515856981275,True,4180,4180
shared,39,"('Dp1Yey', 'VEH')","('Dp1Yey', 'LCTB92')",95.0,-0.01784992218017578,-0.024272804372012353,-0.011042171940207571,True,4180,4180
shared,39,"('Dp1Yey', 'VEH')","('Dp1Yey', 'LCTB92')",99.0,-0.04952024966478352,-0.061324304595589824,-0.03684662763029333,True,4180,4180
shared,39,"('WT', 'VEH')","('Dp1Yey', 'VEH')",1.0,-0.03933933734893802,-0.05324905231595042,-0.023227282792329825,True,4560,4180
shared,39,"('WT', 'VEH')","('Dp1Yey', 'VEH')",5.0,-0.010988941788673379,-0.020854446515440963,-0.003209254890680324,True,4560,4180
shared,39,"('WT', 'VEH')","('Dp1Yey', 'VEH')",50.0,0.07524915039539337,0.06898110620677471,0.08068830482661724,True,4560,4180
shared,39,"('WT', 'VEH')","('Dp1Yey', 'VEH')",95.0,0.11880840659141545,0.10912038359791043,0.12598562601953753,True,4560,4180
shared,39,"('WT', 'VEH')","('Dp1Yey', 'VEH')",99.0,0.14627588763833044,0.13887620079144836,0.153927674755454,True,4560,4180
shared,39,"('WT', 'LCTB92')","('Dp1Yey', 'LCTB92')",1.0,-0.09758342444896698,-0.1086713400632143,-0.08133253648877146,True,5320,4180
shared,39,"('WT', 'LCTB92')","('Dp1Yey', 'LCTB92')",5.0,-0.11092928051948547,-0.12151542194187641,-0.10006393656134611,True,5320,4180
shared,39,"('WT', 'LCTB92')","('Dp1Yey', 'LCTB92')",50.0,0.020394235849380493,0.014375345408916473,0.02592991143465042,True,5320,4180
shared,39,"('WT', 'LCTB92')","('Dp1Yey', 'LCTB92')",95.0,0.03824709206819532,0.030895266234874985,0.044443704038858445,True,5320,4180
shared,39,"('WT', 'LCTB92')","('Dp1Yey', 'LCTB92')",99.0,0.020218583047389993,0.007464623011648686,0.03349097843840724,True,5320,4180
shared,40,"('WT', 'VEH')","('WT', 'LCTB92')",1.0,nan,nan,nan,False,277,0
shared,40,"('WT', 'VEH')","('WT', 'LCTB92')",5.0,nan,nan,nan,False,277,0
shared,40,"('WT', 'VEH')","('WT', 'LCTB92')",50.0,nan,nan,nan,False,277,0
shared,40,"('WT', 'VEH')","('WT', 'LCTB92')",95.0,nan,nan,nan,False,277,0
shared,40,"('WT', 'VEH')","('WT', 'LCTB92')",99.0,nan,nan,nan,False,277,0
shared,40,"('Dp1Yey', 'VEH')","('Dp1Yey', 'LCTB92')",1.0,nan,nan,nan,False,277,0
shared,40,"('Dp1Yey', 'VEH')","('Dp1Yey', 'LCTB92')",5.0,nan,nan,nan,False,277,0
shared,40,"('Dp1Yey', 'VEH')","('Dp1Yey', 'LCTB92')",50.0,nan,nan,nan,False,277,0
shared,40,"('Dp1Yey', 'VEH')","('Dp1Yey', 'LCTB92')",95.0,nan,nan,nan,False,277,0
shared,40,"('Dp1Yey', 'VEH')","('Dp1Yey', 'LCTB92')",99.0,nan,nan,nan,False,277,0
shared,40,"('WT', 'VEH')","('Dp1Yey', 'VEH')",1.0,0.029292633533477774,0.0047374004721641655,0.0433327715396881,True,277,277
shared,40,"('WT', 'VEH')","('Dp1Yey', 'VEH')",5.0,0.02141311168670651,-0.008620724678039529,0.07596207886934278,False,277,277
shared,40,"('WT', 'VEH')","('Dp1Yey', 'VEH')",50.0,0.09362015128135681,0.06240874528884888,0.11971024870872495,True,277,277
shared,40,"('WT', 'VEH')","('Dp1Yey', 'VEH')",95.0,0.0349041223526001,-0.0014022417366504668,0.07291587010025988,False,277,277
shared,40,"('WT', 'VEH')","('Dp1Yey', 'VEH')",99.0,0.05079104930162426,-0.030140319325029814,0.09790028631687164,False,277,277
shared,40,"('WT', 'LCTB92')","('Dp1Yey', 'LCTB92')",1.0,nan,nan,nan,False,0,0
shared,40,"('WT', 'LCTB92')","('Dp1Yey', 'LCTB92')",5.0,nan,nan,nan,False,0,0
shared,40,"('WT', 'LCTB92')","('Dp1Yey', 'LCTB92')",50.0,nan,nan,nan,False,0,0
shared,40,"('WT', 'LCTB92')","('Dp1Yey', 'LCTB92')",95.0,nan,nan,nan,False,0,0
shared,40,"('WT', 'LCTB92')","('Dp1Yey', 'LCTB92')",99.0,nan,nan,nan,False,0,0
shared,40,"('WT', 'VEH')","('WT', 'LCTB92')",1.0,0.0907984763383865,0.07972400383651258,0.10441860851645471,True,4524,5278
shared,40,"('WT', 'VEH')","('WT', 'LCTB92')",5.0,0.118746817111969,0.10814792424440385,0.13051503434777262,True,4524,5278
shared,40,"('WT', 'VEH')","('WT', 'LCTB92')",50.0,0.07150502502918243,0.06566622368991375,0.07783826254308224,True,4524,5278
shared,40,"('WT', 'VEH')","('WT', 'LCTB92')",95.0,0.06384129300713526,0.05709825374186039,0.07157471336424356,True,4524,5278
shared,40,"('WT', 'VEH')","('WT', 'LCTB92')",99.0,0.08140708506107353,0.06724511930346386,0.09655710905790328,True,4524,5278
shared,40,"('Dp1Yey', 'VEH')","('Dp1Yey', 'LCTB92')",1.0,0.028250383138656632,0.012375392317771877,0.048027761340141285,True,4147,4147
shared,40,"('Dp1Yey', 'VEH')","('Dp1Yey', 'LCTB92')",5.0,0.019341754913330067,0.009892487972974755,0.026108417510986328,True,4147,4147
shared,40,"('Dp1Yey', 'VEH')","('Dp1Yey', 'LCTB92')",50.0,0.012690961360931396,0.00627274289727211,0.0176347330212593,True,4147,4147
shared,40,"('Dp1Yey', 'VEH')","('Dp1Yey', 'LCTB92')",95.0,-0.015887388586998008,-0.023340610414743314,-0.009322645813226726,True,4147,4147
shared,40,"('Dp1Yey', 'VEH')","('Dp1Yey', 'LCTB92')",99.0,-0.048683422505855445,-0.05891265067458153,-0.03857334469258788,True,4147,4147
shared,40,"('WT', 'VEH')","('Dp1Yey', 'VEH')",1.0,-0.038058754801750194,-0.050129859507083874,-0.0239289415180683,True,4524,4147
shared,40,"('WT', 'VEH')","('Dp1Yey', 'VEH')",5.0,-0.013818484544753984,-0.022591531574726095,-0.0045468829572200805,True,4524,4147
shared,40,"('WT', 'VEH')","('Dp1Yey', 'VEH')",50.0,0.07757820188999176,0.0718381617218256,0.08344722576439381,True,4524,4147
shared,40,"('WT', 'VEH')","('Dp1Yey', 'VEH')",95.0,0.11667800769209857,0.11061961524188525,0.12473080476745929,True,4524,4147
shared,40,"('WT', 'VEH')","('Dp1Yey', 'VEH')",99.0,0.15095005691051477,0.14237375821173193,0.1634938692487776,True,4524,4147
shared,40,"('WT', 'LCTB92')","('Dp1Yey', 'LCTB92')",1.0,-0.10060684800148006,-0.11592872789502143,-0.08211629986763003,True,5278,4147
shared,40,"('WT', 'LCTB92')","('Dp1Yey', 'LCTB92')",5.0,-0.11322354674339291,-0.12522741004824636,-0.10415054559707643,True,5278,4147
shared,40,"('WT', 'LCTB92')","('Dp1Yey', 'LCTB92')",50.0,0.018764138221740723,0.012236662581562996,0.02449171431362629,True,5278,4147
shared,40,"('WT', 'LCTB92')","('Dp1Yey', 'LCTB92')",95.0,0.03694932609796531,0.0299161062762141,0.04476855598390111,True,5278,4147
shared,40,"('WT', 'LCTB92')","('Dp1Yey', 'LCTB92')",99.0,0.020859549343585804,0.007502486541866971,0.03676620904728565,True,5278,4147
shared,41,"('WT', 'VEH')","('WT', 'LCTB92')",1.0,nan,nan,nan,False,274,0
shared,41,"('WT', 'VEH')","('WT', 'LCTB92')",5.0,nan,nan,nan,False,274,0
shared,41,"('WT', 'VEH')","('WT', 'LCTB92')",50.0,nan,nan,nan,False,274,0
shared,41,"('WT', 'VEH')","('WT', 'LCTB92')",95.0,nan,nan,nan,False,274,0
shared,41,"('WT', 'VEH')","('WT', 'LCTB92')",99.0,nan,nan,nan,False,274,0
shared,41,"('Dp1Yey', 'VEH')","('Dp1Yey', 'LCTB92')",1.0,nan,nan,nan,False,274,0
shared,41,"('Dp1Yey', 'VEH')","('Dp1Yey', 'LCTB92')",5.0,nan,nan,nan,False,274,0
shared,41,"('Dp1Yey', 'VEH')","('Dp1Yey', 'LCTB92')",50.0,nan,nan,nan,False,274,0
shared,41,"('Dp1Yey', 'VEH')","('Dp1Yey', 'LCTB92')",95.0,nan,nan,nan,False,274,0
shared,41,"('Dp1Yey', 'VEH')","('Dp1Yey', 'LCTB92')",99.0,nan,nan,nan,False,274,0
shared,41,"('WT', 'VEH')","('Dp1Yey', 'VEH')",1.0,0.016179221868515004,-0.002138208746910092,0.03330041497945782,False,274,274
shared,41,"('WT', 'VEH')","('Dp1Yey', 'VEH')",5.0,0.03459998667240144,0.007689413130283355,0.0954972719401121,True,274,274
shared,41,"('WT', 'VEH')","('Dp1Yey', 'VEH')",50.0,0.09043826162815094,0.05888167060911655,0.11881023757159707,True,274,274
shared,41,"('WT', 'VEH')","('Dp1Yey', 'VEH')",95.0,0.01776872649788852,-0.021119555085897468,0.07777375526726298,False,274,274
shared,41,"('WT', 'VEH')","('Dp1Yey', 'VEH')",99.0,0.023381196707487395,-0.06601855086348958,0.09386548029258869,False,274,274
shared,41,"('WT', 'LCTB92')","('Dp1Yey', 'LCTB92')",1.0,nan,nan,nan,False,0,0
shared,41,"('WT', 'LCTB92')","('Dp1Yey', 'LCTB92')",5.0,nan,nan,nan,False,0,0
shared,41,"('WT', 'LCTB92')","('Dp1Yey', 'LCTB92')",50.0,nan,nan,nan,False,0,0
shared,41,"('WT', 'LCTB92')","('Dp1Yey', 'LCTB92')",95.0,nan,nan,nan,False,0,0
shared,41,"('WT', 'LCTB92')","('Dp1Yey', 'LCTB92')",99.0,nan,nan,nan,False,0,0
shared,41,"('WT', 'VEH')","('WT', 'LCTB92')",1.0,0.0926707303524017,0.08255631965398788,0.10548304161429406,True,4488,5236
shared,41,"('WT', 'VEH')","('WT', 'LCTB92')",5.0,0.11913241446018219,0.10770622566342354,0.13062349930405617,True,4488,5236
shared,41,"('WT', 'VEH')","('WT', 'LCTB92')",50.0,0.07266344130039215,0.06653228141367436,0.07842792049050332,True,4488,5236
shared,41,"('WT', 'VEH')","('WT', 'LCTB92')",95.0,0.06277861520647998,0.05460230857133865,0.07017295248806477,True,4488,5236
shared,41,"('WT', 'VEH')","('WT', 'LCTB92')",99.0,0.0838092254102234,0.0702495564259591,0.099040689956397,True,4488,5236
shared,41,"('Dp1Yey', 'VEH')","('Dp1Yey', 'LCTB92')",1.0,0.020544472336769093,0.005684528365731229,0.044575785785913445,True,4114,4114
shared,41,"('Dp1Yey', 'VEH')","('Dp1Yey', 'LCTB92')",5.0,0.016456693410873413,0.009960746094584475,0.02394007846713064,True,4114,4114
shared,41,"('Dp1Yey', 'VEH')","('Dp1Yey', 'LCTB92')",50.0,0.011777475476264954,0.006113830953836441,0.017807601764798165,True,4114,4114
shared,41,"('Dp1Yey', 'VEH')","('Dp1Yey', 'LCTB92')",95.0,-0.016874599456787043,-0.026721335425972916,-0.010029169395565923,True,4114,4114
shared,41,"('Dp1Yey', 'VEH')","('Dp1Yey', 'LCTB92')",99.0,-0.05117471128702167,-0.06272133116796633,-0.0421421901434661,True,4114,4114
shared,41,"('WT', 'VEH')","('Dp1Yey', 'VEH')",1.0,-0.03507152140140535,-0.04625108112394815,-0.021255314335227028,True,4488,4114
shared,41,"('WT', 'VEH')","('Dp1Yey', 'VEH')",5.0,-0.01514202356338501,-0.025636206194758416,-0.004815568402409558,True,4488,4114
shared,41,"('WT', 'VEH')","('Dp1Yey', 'VEH')",50.0,0.07842718064785004,0.07274242416024208,0.08420301377773284,True,4488,4114
shared,41,"('WT', 'VEH')","('Dp1Yey', 'VEH')",95.0,0.11627370789647096,0.10964898807927964,0.12382433671504264,True,4488,4114
shared,41,"('WT', 'VEH')","('Dp1Yey', 'VEH')",99.0,0.15815414741635347,0.14675912338495284,0.1688166894316673,True,4488,4114
shared,41,"('WT', 'LCTB92')","('Dp1Yey', 'LCTB92')",1.0,-0.10719777941703795,-0.12207132272422314,-0.08444829101860524,True,5236,4114
shared,41,"('WT', 'LCTB92')","('Dp1Yey', 'LCTB92')",5.0,-0.11781774461269379,-0.12623803958296775,-0.10923260040581226,True,5236,4114
shared,41,"('WT', 'LCTB92')","('Dp1Yey', 'LCTB92')",50.0,0.01754121482372284,0.011639774590730668,0.023593600094318386,True,5236,4114
shared,41,"('WT', 'LCTB92')","('Dp1Yey', 'LCTB92')",95.0,0.03662049323320393,0.027132586538791637,0.04450985051691532,True,5236,4114
shared,41,"('WT', 'LCTB92')","('Dp1Yey', 'LCTB92')",99.0,0.02317021071910841,0.007582825090736609,0.03542954083904585,True,5236,4114
shared,42,"('WT', 'VEH')","('WT', 'LCTB92')",1.0,nan,nan,nan,False,271,0
shared,42,"('WT', 'VEH')","('WT', 'LCTB92')",5.0,nan,nan,nan,False,271,0
shared,42,"('WT', 'VEH')","('WT', 'LCTB92')",50.0,nan,nan,nan,False,271,0
shared,42,"('WT', 'VEH')","('WT', 'LCTB92')",95.0,nan,nan,nan,False,271,0
shared,42,"('WT', 'VEH')","('WT', 'LCTB92')",99.0,nan,nan,nan,False,271,0
shared,42,"('Dp1Yey', 'VEH')","('Dp1Yey', 'LCTB92')",1.0,nan,nan,nan,False,271,0
shared,42,"('Dp1Yey', 'VEH')","('Dp1Yey', 'LCTB92')",5.0,nan,nan,nan,False,271,0
shared,42,"('Dp1Yey', 'VEH')","('Dp1Yey', 'LCTB92')",50.0,nan,nan,nan,False,271,0
shared,42,"('Dp1Yey', 'VEH')","('Dp1Yey', 'LCTB92')",95.0,nan,nan,nan,False,271,0
shared,42,"('Dp1Yey', 'VEH')","('Dp1Yey', 'LCTB92')",99.0,nan,nan,nan,False,271,0
shared,42,"('WT', 'VEH')","('Dp1Yey', 'VEH')",1.0,0.010388505458831798,-0.004142308533191681,0.03037035524845125,False,271,271
shared,42,"('WT', 'VEH')","('Dp1Yey', 'VEH')",5.0,0.031204581260681152,0.004301309585571289,0.09152370691299438,True,271,271
shared,42,"('WT', 'VEH')","('Dp1Yey', 'VEH')",50.0,0.09446242451667786,0.05789381116628647,0.12074849009513855,True,271,271
shared,42,"('WT', 'VEH')","('Dp1Yey', 'VEH')",95.0,0.01757243275642395,-0.04631359130144119,0.07660438530147073,False,271,271
shared,42,"('WT', 'VEH')","('Dp1Yey', 'VEH')",99.0,0.01427431106567345,-0.09449442911893138,0.07099590450525273,False,271,271
shared,42,"('WT', 'LCTB92')","('Dp1Yey', 'LCTB92')",1.0,nan,nan,nan,False,0,0
shared,42,"('WT', 'LCTB92')","('Dp1Yey', 'LCTB92')",5.0,nan,nan,nan,False,0,0
shared,42,"('WT', 'LCTB92')","('Dp1Yey', 'LCTB92')",50.0,nan,nan,nan,False,0,0
shared,42,"('WT', 'LCTB92')","('Dp1Yey', 'LCTB92')",95.0,nan,nan,nan,False,0,0
shared,42,"('WT', 'LCTB92')","('Dp1Yey', 'LCTB92')",99.0,nan,nan,nan,False,0,0
shared,42,"('WT', 'VEH')","('WT', 'LCTB92')",1.0,0.09747737765312192,0.08558598388731481,0.11122570310533046,True,4452,5194
shared,42,"('WT', 'VEH')","('WT', 'LCTB92')",5.0,0.11640590727329253,0.10490398116409778,0.12711283534765241,True,4452,5194
shared,42,"('WT', 'VEH')","('WT', 'LCTB92')",50.0,0.0731550008058548,0.06780104003846646,0.07903916724026203,True,4452,5194
shared,42,"('WT', 'VEH')","('WT', 'LCTB92')",95.0,0.062308641523122765,0.05639063881710185,0.06896318787708876,True,4452,5194
shared,42,"('WT', 'VEH')","('WT', 'LCTB92')",99.0,0.08346934154629715,0.06667655785754369,0.0933545779436829,True,4452,5194
shared,42,"('Dp1Yey', 'VEH')","('Dp1Yey', 'LCTB92')",1.0,0.022916126251220692,0.006779447793960572,0.05213882565498352,True,4081,4081
shared,42,"('Dp1Yey', 'VEH')","('Dp1Yey', 'LCTB92')",5.0,0.014302313327789307,0.006670676171779633,0.020184385776519764,True,4081,4081
shared,42,"('Dp1Yey', 'VEH')","('Dp1Yey', 'LCTB92')",50.0,0.010637909173965454,0.004715144634246826,0.016582868248224258,True,4081,4081
shared,42,"('Dp1Yey', 'VEH')","('Dp1Yey', 'LCTB92')",95.0,-0.01804441213607788,-0.026948122680187224,-0.010850416868925095,True,4081,4081
shared,42,"('Dp1Yey', 'VEH')","('Dp1Yey', 'LCTB92')",99.0,-0.05142596960067747,-0.06098112426698186,-0.04205111563205708,True,4081,4081
shared,42,"('WT', 'VEH')","('Dp1Yey', 'VEH')",1.0,-0.03822076618671422,-0.048875553682446476,-0.023236332908272754,True,4452,4081
shared,42,"('WT', 'VEH')","('Dp1Yey', 'VEH')",5.0,-0.017062023282051086,-0.027387124300003052,-0.0048505283892154695,True,4452,4081
shared,42,"('WT', 'VEH')","('Dp1Yey', 'VEH')",50.0,0.0792483538389206,0.07329733148217202,0.08432004489004612,True,4452,4081
shared,42,"('WT', 'VEH')","('Dp1Yey', 'VEH')",95.0,0.11820123419165607,0.1125054657459259,0.12471592662855979,True,4452,4081
shared,42,"('WT', 'VEH')","('Dp1Yey', 'VEH')",99.0,0.1567728002369404,0.14453249131888168,0.16580599048361166,True,4452,4081
shared,42,"('WT', 'LCTB92')","('Dp1Yey', 'LCTB92')",1.0,-0.11278201758861545,-0.12784244798123834,-0.08271513594686987,True,5194,4081
shared,42,"('WT', 'LCTB92')","('Dp1Yey', 'LCTB92')",5.0,-0.11916561722755431,-0.1266403208673,-0.11044422492384912,True,5194,4081
shared,42,"('WT', 'LCTB92')","('Dp1Yey', 'LCTB92')",50.0,0.01673126220703125,0.010247658193111419,0.022001579776406287,True,5194,4081
shared,42,"('WT', 'LCTB92')","('Dp1Yey', 'LCTB92')",95.0,0.03784818053245542,0.028709067478775975,0.04493678312748663,True,5194,4081
shared,42,"('WT', 'LCTB92')","('Dp1Yey', 'LCTB92')",99.0,0.021877489089965785,0.01182227005437054,0.037168823119252924,True,5194,4081
shared,43,"('WT', 'VEH')","('WT', 'LCTB92')",1.0,nan,nan,nan,False,268,0
shared,43,"('WT', 'VEH')","('WT', 'LCTB92')",5.0,nan,nan,nan,False,268,0
shared,43,"('WT', 'VEH')","('WT', 'LCTB92')",50.0,nan,nan,nan,False,268,0
shared,43,"('WT', 'VEH')","('WT', 'LCTB92')",95.0,nan,nan,nan,False,268,0
shared,43,"('WT', 'VEH')","('WT', 'LCTB92')",99.0,nan,nan,nan,False,268,0
shared,43,"('Dp1Yey', 'VEH')","('Dp1Yey', 'LCTB92')",1.0,nan,nan,nan,False,268,0
shared,43,"('Dp1Yey', 'VEH')","('Dp1Yey', 'LCTB92')",5.0,nan,nan,nan,False,268,0
shared,43,"('Dp1Yey', 'VEH')","('Dp1Yey', 'LCTB92')",50.0,nan,nan,nan,False,268,0
shared,43,"('Dp1Yey', 'VEH')","('Dp1Yey', 'LCTB92')",95.0,nan,nan,nan,False,268,0
shared,43,"('Dp1Yey', 'VEH')","('Dp1Yey', 'LCTB92')",99.0,nan,nan,nan,False,268,0
shared,43,"('WT', 'VEH')","('Dp1Yey', 'VEH')",1.0,0.011467759609222417,-0.004804077282547954,0.03047300280630584,False,268,268
shared,43,"('WT', 'VEH')","('Dp1Yey', 'VEH')",5.0,0.0324819475412369,0.006317827552556993,0.07143965855240822,True,268,268
shared,43,"('WT', 'VEH')","('Dp1Yey', 'VEH')",50.0,0.09051088988780975,0.06418303810060025,0.11348778009414673,True,268,268
shared,43,"('WT', 'VEH')","('Dp1Yey', 'VEH')",95.0,0.02053704261779754,-0.0822108365781605,0.07617568552494045,False,268,268
shared,43,"('WT', 'VEH')","('Dp1Yey', 'VEH')",99.0,0.027812206745147727,-0.06410782773420205,0.05149091924354443,False,268,268
shared,43,"('WT', 'LCTB92')","('Dp1Yey', 'LCTB92')",1.0,nan,nan,nan,False,0,0
shared,43,"('WT', 'LCTB92')","('Dp1Yey', 'LCTB92')",5.0,nan,nan,nan,False,0,0
shared,43,"('WT', 'LCTB92')","('Dp1Yey', 'LCTB92')",50.0,nan,nan,nan,False,0,0
shared,43,"('WT', 'LCTB92')","('Dp1Yey', 'LCTB92')",95.0,nan,nan,nan,False,0,0
shared,43,"('WT', 'LCTB92')","('Dp1Yey', 'LCTB92')",99.0,nan,nan,nan,False,0,0
shared,43,"('WT', 'VEH')","('WT', 'LCTB92')",1.0,0.09592041075229643,0.08636682249605657,0.11186137187480928,True,4416,5152
shared,43,"('WT', 'VEH')","('WT', 'LCTB92')",5.0,0.11564621925354004,0.10483556240797043,0.12595800191164014,True,4416,5152
shared,43,"('WT', 'VEH')","('WT', 'LCTB92')",50.0,0.07433182001113892,0.0686233676970005,0.08165578022599221,True,4416,5152
shared,43,"('WT', 'VEH')","('WT', 'LCTB92')",95.0,0.06689035966992385,0.058708697371184934,0.07375898310914634,True,4416,5152
shared,43,"('WT', 'VEH')","('WT', 'LCTB92')",99.0,0.07926250427961357,0.06810547329857947,0.08897471081838033,True,4416,5152
shared,43,"('Dp1Yey', 'VEH')","('Dp1Yey', 'LCTB92')",1.0,0.03838823020458221,0.006371900096535686,0.05347140857577322,True,4048,4048
shared,43,"('Dp1Yey', 'VEH')","('Dp1Yey', 'LCTB92')",5.0,0.013422232866287187,0.00739085853099824,0.02029595285654067,True,4048,4048
shared,43,"('Dp1Yey', 'VEH')","('Dp1Yey', 'LCTB92')",50.0,0.008304163813591003,0.003614262863993645,0.014404382556676858,True,4048,4048
shared,43,"('Dp1Yey', 'VEH')","('Dp1Yey', 'LCTB92')",95.0,-0.01648889929056141,-0.02461046863347275,-0.008311673142015715,True,4048,4048
shared,43,"('Dp1Yey', 'VEH')","('Dp1Yey', 'LCTB92')",99.0,-0.046422813236713156,-0.06368444346636562,-0.03849368211627035,True,4048,4048
shared,43,"('WT', 'VEH')","('Dp1Yey', 'VEH')",1.0,-0.04152842164039611,-0.05004076558351517,-0.025134137272834756,True,4416,4048
shared,43,"('WT', 'VEH')","('Dp1Yey', 'VEH')",5.0,-0.01684688627719877,-0.027278490662574758,-0.008193583860993395,True,4416,4048
shared,43,"('WT', 'VEH')","('Dp1Yey', 'VEH')",50.0,0.07897765934467316,0.07342637404799461,0.08501192331314086,True,4416,4048
shared,43,"('WT', 'VEH')","('Dp1Yey', 'VEH')",95.0,0.11795392706990238,0.11071383850649019,0.1239373239502312,True,4416,4048
shared,43,"('WT', 'VEH')","('Dp1Yey', 'VEH')",99.0,0.15311097443103794,0.1441750207431616,0.16351950269564985,True,4416,4048
shared,43,"('WT', 'LCTB92')","('Dp1Yey', 'LCTB92')",1.0,-0.09906060218811033,-0.13102079071104525,-0.08381569938361645,True,5152,4048
shared,43,"('WT', 'LCTB92')","('Dp1Yey', 'LCTB92')",5.0,-0.11907087266445163,-0.1265121011435985,-0.11216303892433643,True,5152,4048
shared,43,"('WT', 'LCTB92')","('Dp1Yey', 'LCTB92')",50.0,0.012950003147125244,0.006543868407607079,0.018903250992298122,True,5152,4048
shared,43,"('WT', 'LCTB92')","('Dp1Yey', 'LCTB92')",95.0,0.03457466810941712,0.02587762475013733,0.04346039496362209,True,5152,4048
shared,43,"('WT', 'LCTB92')","('Dp1Yey', 'LCTB92')",99.0,0.027425656914711216,0.011067518532276149,0.038458417415619124,True,5152,4048
shared,44,"('WT', 'VEH')","('WT', 'LCTB92')",1.0,nan,nan,nan,False,265,0
shared,44,"('WT', 'VEH')","('WT', 'LCTB92')",5.0,nan,nan,nan,False,265,0
shared,44,"('WT', 'VEH')","('WT', 'LCTB92')",50.0,nan,nan,nan,False,265,0
shared,44,"('WT', 'VEH')","('WT', 'LCTB92')",95.0,nan,nan,nan,False,265,0
shared,44,"('WT', 'VEH')","('WT', 'LCTB92')",99.0,nan,nan,nan,False,265,0
shared,44,"('Dp1Yey', 'VEH')","('Dp1Yey', 'LCTB92')",1.0,nan,nan,nan,False,265,0
shared,44,"('Dp1Yey', 'VEH')","('Dp1Yey', 'LCTB92')",5.0,nan,nan,nan,False,265,0
shared,44,"('Dp1Yey', 'VEH')","('Dp1Yey', 'LCTB92')",50.0,nan,nan,nan,False,265,0
shared,44,"('Dp1Yey', 'VEH')","('Dp1Yey', 'LCTB92')",95.0,nan,nan,nan,False,265,0
shared,44,"('Dp1Yey', 'VEH')","('Dp1Yey', 'LCTB92')",99.0,nan,nan,nan,False,265,0
shared,44,"('WT', 'VEH')","('Dp1Yey', 'VEH')",1.0,0.007111804485321033,-0.008767951011657709,0.023399050474166867,False,265,265
shared,44,"('WT', 'VEH')","('Dp1Yey', 'VEH')",5.0,0.027081823348999057,-0.004273976981639861,0.06211917757987963,False,265,265
shared,44,"('WT', 'VEH')","('Dp1Yey', 'VEH')",50.0,0.09200915694236755,0.06467455625534058,0.10765484720468514,True,265,265
shared,44,"('WT', 'VEH')","('Dp1Yey', 'VEH')",95.0,-0.007854419946670244,-0.09426389373838888,0.08339584842324295,False,265,265
shared,44,"('WT', 'VEH')","('Dp1Yey', 'VEH')",99.0,-0.003683310747145785,-0.07629918396472934,0.059118805527687,False,265,265
shared,44,"('WT', 'LCTB92')","('Dp1Yey', 'LCTB92')",1.0,nan,nan,nan,False,0,0
shared,44,"('WT', 'LCTB92')","('Dp1Yey', 'LCTB92')",5.0,nan,nan,nan,False,0,0
shared,44,"('WT', 'LCTB92')","('Dp1Yey', 'LCTB92')",50.0,nan,nan,nan,False,0,0
shared,44,"('WT', 'LCTB92')","('Dp1Yey', 'LCTB92')",95.0,nan,nan,nan,False,0,0
shared,44,"('WT', 'LCTB92')","('Dp1Yey', 'LCTB92')",99.0,nan,nan,nan,False,0,0
shared,44,"('WT', 'VEH')","('WT', 'LCTB92')",1.0,0.10158881306648254,0.08878852537274362,0.11285893744230267,True,4380,5110
shared,44,"('WT', 'VEH')","('WT', 'LCTB92')",5.0,0.11029488742351531,0.10281961269676683,0.1217703417688608,True,4380,5110
shared,44,"('WT', 'VEH')","('WT', 'LCTB92')",50.0,0.07538285851478577,0.06928316839039325,0.0814118854701519,True,4380,5110
shared,44,"('WT', 'VEH')","('WT', 'LCTB92')",95.0,0.06653429865837102,0.059864060636609796,0.07455274056643264,True,4380,5110
shared,44,"('WT', 'VEH')","('WT', 'LCTB92')",99.0,0.07295732915401465,0.06344977692142126,0.08170924475789075,True,4380,5110
shared,44,"('Dp1Yey', 'VEH')","('Dp1Yey', 'LCTB92')",1.0,0.02504069328308106,0.002458313554525399,0.051145879536867084,True,4015,4015
shared,44,"('Dp1Yey', 'VEH')","('Dp1Yey', 'LCTB92')",5.0,0.0141518175601959,0.006838234513998032,0.02084232509136203,True,4015,4015
shared,44,"('Dp1Yey', 'VEH')","('Dp1Yey', 'LCTB92')",50.0,0.00637054443359375,0.0005548745393753052,0.012424130737781518,True,4015,4015
shared,44,"('Dp1Yey', 'VEH')","('Dp1Yey', 'LCTB92')",95.0,-0.01552968025207524,-0.02575491793453704,-0.006222688779234887,True,4015,4015
shared,44,"('Dp1Yey', 'VEH')","('Dp1Yey', 'LCTB92')",99.0,-0.045876776576042055,-0.06665671277046203,-0.03671217560768125,True,4015,4015
shared,44,"('WT', 'VEH')","('Dp1Yey', 'VEH')",1.0,-0.031897714138031,-0.04681338787078859,-0.021787885293364558,True,4380,4015
shared,44,"('WT', 'VEH')","('Dp1Yey', 'VEH')",5.0,-0.024392145872116078,-0.032095246464014064,-0.013079364374279945,True,4380,4015
shared,44,"('WT', 'VEH')","('Dp1Yey', 'VEH')",50.0,0.08090125024318695,0.0748711448162794,0.08697293624281884,True,4380,4015
shared,44,"('WT', 'VEH')","('Dp1Yey', 'VEH')",95.0,0.11671519726514823,0.10982928272336744,0.12338660079985865,True,4380,4015
shared,44,"('WT', 'VEH')","('Dp1Yey', 'VEH')",99.0,0.15057517096400252,0.14312389278411863,0.15909232310950758,True,4380,4015
shared,44,"('WT', 'LCTB92')","('Dp1Yey', 'LCTB92')",1.0,-0.10844583392143248,-0.13287498420476912,-0.08348285752534867,True,5110,4015
shared,44,"('WT', 'LCTB92')","('Dp1Yey', 'LCTB92')",5.0,-0.12053521573543549,-0.1282664453983307,-0.11274401038885117,True,5110,4015
shared,44,"('WT', 'LCTB92')","('Dp1Yey', 'LCTB92')",50.0,0.011888936161994934,0.006115183606743813,0.017658508196473122,True,5110,4015
shared,44,"('WT', 'LCTB92')","('Dp1Yey', 'LCTB92')",95.0,0.034651218354701974,0.02413425300270356,0.04337077893316751,True,5110,4015
shared,44,"('WT', 'LCTB92')","('Dp1Yey', 'LCTB92')",99.0,0.03174106523394582,0.010044786036014108,0.043368929617106845,True,5110,4015
shared,45,"('WT', 'VEH')","('WT', 'LCTB92')",1.0,nan,nan,nan,False,262,0
shared,45,"('WT', 'VEH')","('WT', 'LCTB92')",5.0,nan,nan,nan,False,262,0
shared,45,"('WT', 'VEH')","('WT', 'LCTB92')",50.0,nan,nan,nan,False,262,0
shared,45,"('WT', 'VEH')","('WT', 'LCTB92')",95.0,nan,nan,nan,False,262,0
shared,45,"('WT', 'VEH')","('WT', 'LCTB92')",99.0,nan,nan,nan,False,262,0
shared,45,"('Dp1Yey', 'VEH')","('Dp1Yey', 'LCTB92')",1.0,nan,nan,nan,False,262,0
shared,45,"('Dp1Yey', 'VEH')","('Dp1Yey', 'LCTB92')",5.0,nan,nan,nan,False,262,0
shared,45,"('Dp1Yey', 'VEH')","('Dp1Yey', 'LCTB92')",50.0,nan,nan,nan,False,262,0
shared,45,"('Dp1Yey', 'VEH')","('Dp1Yey', 'LCTB92')",95.0,nan,nan,nan,False,262,0
shared,45,"('Dp1Yey', 'VEH')","('Dp1Yey', 'LCTB92')",99.0,nan,nan,nan,False,262,0
shared,45,"('WT', 'VEH')","('Dp1Yey', 'VEH')",1.0,0.009186059832572951,-0.019816234081983554,0.04261634390056126,False,262,262
shared,45,"('WT', 'VEH')","('Dp1Yey', 'VEH')",5.0,0.022502133250236478,0.00025770127773282745,0.05535810738801957,True,262,262
shared,45,"('WT', 'VEH')","('Dp1Yey', 'VEH')",50.0,0.08570706844329834,0.06170003600418568,0.10562560334801671,True,262,262
shared,45,"('WT', 'VEH')","('Dp1Yey', 'VEH')",95.0,-0.0242881417274472,-0.12504284527152773,0.08713040940463546,False,262,262
shared,45,"('WT', 'VEH')","('Dp1Yey', 'VEH')",99.0,-0.03031070142984371,-0.060325635820626555,0.055379434004426784,False,262,262
shared,45,"('WT', 'LCTB92')","('Dp1Yey', 'LCTB92')",1.0,nan,nan,nan,False,0,0
shared,45,"('WT', 'LCTB92')","('Dp1Yey', 'LCTB92')",5.0,nan,nan,nan,False,0,0
shared,45,"('WT', 'LCTB92')","('Dp1Yey', 'LCTB92')",50.0,nan,nan,nan,False,0,0
shared,45,"('WT', 'LCTB92')","('Dp1Yey', 'LCTB92')",95.0,nan,nan,nan,False,0,0
shared,45,"('WT', 'LCTB92')","('Dp1Yey', 'LCTB92')",99.0,nan,nan,nan,False,0,0
shared,45,"('WT', 'VEH')","('WT', 'LCTB92')",1.0,0.10113781094551086,0.08853107851743698,0.11474936258792878,True,4344,5068
shared,45,"('WT', 'VEH')","('WT', 'LCTB92')",5.0,0.11066954731941223,0.10117897368967534,0.12025228321552274,True,4344,5068
shared,45,"('WT', 'VEH')","('WT', 'LCTB92')",50.0,0.07949632406234741,0.0718353547155857,0.08550933822989464,True,4344,5068
shared,45,"('WT', 'VEH')","('WT', 'LCTB92')",95.0,0.06715816482901571,0.05889967521652599,0.07440316611900906,True,4344,5068
shared,45,"('WT', 'VEH')","('WT', 'LCTB92')",99.0,0.06558197274804112,0.05163063025846982,0.07936233996227347,True,4344,5068
shared,45,"('Dp1Yey', 'VEH')","('Dp1Yey', 'LCTB92')",1.0,0.02884723603725431,0.005386116161942483,0.052611154004931444,True,3982,3982
shared,45,"('Dp1Yey', 'VEH')","('Dp1Yey', 'LCTB92')",5.0,0.014569574594497703,0.006775978207588196,0.020106263756752014,True,3982,3982
shared,45,"('Dp1Yey', 'VEH')","('Dp1Yey', 'LCTB92')",50.0,0.0063277482986450195,0.0009125597774982452,0.01154443025588989,True,3982,3982
shared,45,"('Dp1Yey', 'VEH')","('Dp1Yey', 'LCTB92')",95.0,-0.015886656939983368,-0.024110570624470716,-0.007743933238089134,True,3982,3982
shared,45,"('Dp1Yey', 'VEH')","('Dp1Yey', 'LCTB92')",99.0,-0.046411843001842645,-0.06955007284134636,-0.03616679298132652,True,3982,3982
shared,45,"('WT', 'VEH')","('Dp1Yey', 'VEH')",1.0,-0.038873667716979976,-0.04985773049294948,-0.023394889876246456,True,4344,3982
shared,45,"('WT', 'VEH')","('Dp1Yey', 'VEH')",5.0,-0.0238622546195984,-0.03164960332214835,-0.014854513332247746,True,4344,3982
shared,45,"('WT', 'VEH')","('Dp1Yey', 'VEH')",50.0,0.0840013325214386,0.0779049664735794,0.08923812881112098,True,4344,3982
shared,45,"('WT', 'VEH')","('Dp1Yey', 'VEH')",95.0,0.11802968755364418,0.10897025067359202,0.12482644217088824,True,4344,3982
shared,45,"('WT', 'VEH')","('Dp1Yey', 'VEH')",99.0,0.15030709758400895,0.13802537731453776,0.15958941485360265,True,4344,3982
shared,45,"('WT', 'LCTB92')","('Dp1Yey', 'LCTB92')",1.0,-0.11116424262523653,-0.1326359815299511,-0.08505439409613609,True,5068,3982
shared,45,"('WT', 'LCTB92')","('Dp1Yey', 'LCTB92')",5.0,-0.11996222734451292,-0.12840682096779346,-0.11182857185602188,True,5068,3982
shared,45,"('WT', 'LCTB92')","('Dp1Yey', 'LCTB92')",50.0,0.010832756757736206,0.004620750993490219,0.017296378687024116,True,5068,3982
shared,45,"('WT', 'LCTB92')","('Dp1Yey', 'LCTB92')",95.0,0.0349848657846451,0.026173332892358216,0.043432564102113214,True,5068,3982
shared,45,"('WT', 'LCTB92')","('Dp1Yey', 'LCTB92')",99.0,0.03831328183412519,0.010419065043330128,0.05038214381039144,True,5068,3982
shared,46,"('WT', 'VEH')","('WT', 'LCTB92')",1.0,nan,nan,nan,False,259,0
shared,46,"('WT', 'VEH')","('WT', 'LCTB92')",5.0,nan,nan,nan,False,259,0
shared,46,"('WT', 'VEH')","('WT', 'LCTB92')",50.0,nan,nan,nan,False,259,0
shared,46,"('WT', 'VEH')","('WT', 'LCTB92')",95.0,nan,nan,nan,False,259,0
shared,46,"('WT', 'VEH')","('WT', 'LCTB92')",99.0,nan,nan,nan,False,259,0
shared,46,"('Dp1Yey', 'VEH')","('Dp1Yey', 'LCTB92')",1.0,nan,nan,nan,False,259,0
shared,46,"('Dp1Yey', 'VEH')","('Dp1Yey', 'LCTB92')",5.0,nan,nan,nan,False,259,0
shared,46,"('Dp1Yey', 'VEH')","('Dp1Yey', 'LCTB92')",50.0,nan,nan,nan,False,259,0
shared,46,"('Dp1Yey', 'VEH')","('Dp1Yey', 'LCTB92')",95.0,nan,nan,nan,False,259,0
shared,46,"('Dp1Yey', 'VEH')","('Dp1Yey', 'LCTB92')",99.0,nan,nan,nan,False,259,0
shared,46,"('WT', 'VEH')","('Dp1Yey', 'VEH')",1.0,0.023230088949203503,0.002580780982971209,0.04595547914505005,True,259,259
shared,46,"('WT', 'VEH')","('Dp1Yey', 'VEH')",5.0,0.02948618531227115,0.00757351666688919,0.07336723491549492,True,259,259
shared,46,"('WT', 'VEH')","('Dp1Yey', 'VEH')",50.0,0.07513728737831116,0.04401855021715164,0.10327491909265518,True,259,259
shared,46,"('WT', 'VEH')","('Dp1Yey', 'VEH')",95.0,-0.07297920882701903,-0.1356734159216285,0.081053858585656,False,259,259
shared,46,"('WT', 'VEH')","('Dp1Yey', 'VEH')",99.0,-0.021682218015193988,-0.039504212059080605,0.026532555781304167,False,259,259
shared,46,"('WT', 'LCTB92')","('Dp1Yey', 'LCTB92')",1.0,nan,nan,nan,False,0,0
shared,46,"('WT', 'LCTB92')","('Dp1Yey', 'LCTB92')",5.0,nan,nan,nan,False,0,0
shared,46,"('WT', 'LCTB92')","('Dp1Yey', 'LCTB92')",50.0,nan,nan,nan,False,0,0
shared,46,"('WT', 'LCTB92')","('Dp1Yey', 'LCTB92')",95.0,nan,nan,nan,False,0,0
shared,46,"('WT', 'LCTB92')","('Dp1Yey', 'LCTB92')",99.0,nan,nan,nan,False,0,0
shared,46,"('WT', 'VEH')","('WT', 'LCTB92')",1.0,0.10072665214538573,0.09174681450426578,0.11265489073097706,True,4308,5026
shared,46,"('WT', 'VEH')","('WT', 'LCTB92')",5.0,0.109318682551384,0.09712490521371364,0.12228611804544925,True,4308,5026
shared,46,"('WT', 'VEH')","('WT', 'LCTB92')",50.0,0.0831642746925354,0.07571153119206428,0.08889328241348264,True,4308,5026
shared,46,"('WT', 'VEH')","('WT', 'LCTB92')",95.0,0.06865938454866405,0.0626287778653202,0.07549455184489488,True,4308,5026
shared,46,"('WT', 'VEH')","('WT', 'LCTB92')",99.0,0.06042309254407918,0.04669783696159767,0.074895487211645,True,4308,5026
shared,46,"('Dp1Yey', 'VEH')","('Dp1Yey', 'LCTB92')",1.0,0.03103994369506835,0.0022067285180091866,0.04654388827085491,True,3949,3949
shared,46,"('Dp1Yey', 'VEH')","('Dp1Yey', 'LCTB92')",5.0,0.012223017215728771,0.005305287539958954,0.0187593975663185,True,3949,3949
shared,46,"('Dp1Yey', 'VEH')","('Dp1Yey', 'LCTB92')",50.0,0.005630373954772949,0.00023818910121917725,0.01210542768239975,True,3949,3949
shared,46,"('Dp1Yey', 'VEH')","('Dp1Yey', 'LCTB92')",95.0,-0.019592958688736006,-0.026819676011800745,-0.010640257596969606,True,3949,3949
shared,46,"('Dp1Yey', 'VEH')","('Dp1Yey', 'LCTB92')",99.0,-0.055240817070007386,-0.07967085540294638,-0.0378415230512618,True,3949,3949
shared,46,"('WT', 'VEH')","('Dp1Yey', 'VEH')",1.0,-0.0370290917158127,-0.04605848789215089,-0.02505783455073832,True,4308,3949
shared,46,"('WT', 'VEH')","('Dp1Yey', 'VEH')",5.0,-0.0253027081489563,-0.034091109931468966,-0.014508184716105394,True,4308,3949
shared,46,"('WT', 'VEH')","('Dp1Yey', 'VEH')",50.0,0.086864173412323,0.0802382256835699,0.09309815280139447,True,4308,3949
shared,46,"('WT', 'VEH')","('Dp1Yey', 'VEH')",95.0,0.11871285736560822,0.11162687774747604,0.125206895470619,True,4308,3949
shared,46,"('WT', 'VEH')","('Dp1Yey', 'VEH')",99.0,0.1453692479431633,0.1336108727902174,0.15423910250887288,True,4308,3949
shared,46,"('WT', 'LCTB92')","('Dp1Yey', 'LCTB92')",1.0,-0.10671580016613008,-0.13456280539929866,-0.09059639930725097,True,5026,3949
shared,46,"('WT', 'LCTB92')","('Dp1Yey', 'LCTB92')",5.0,-0.12239837348461152,-0.132606790587306,-0.1116870339214802,True,5026,3949
shared,46,"('WT', 'LCTB92')","('Dp1Yey', 'LCTB92')",50.0,0.009330272674560547,0.004244301468133926,0.01643708050251007,True,5026,3949
shared,46,"('WT', 'LCTB92')","('Dp1Yey', 'LCTB92')",95.0,0.03046051412820816,0.023560350760817507,0.03980461634695532,True,5026,3949
shared,46,"('WT', 'LCTB92')","('Dp1Yey', 'LCTB92')",99.0,0.029705338329076736,0.003160953983664533,0.04847706072032452,True,5026,3949
shared,47,"('WT', 'VEH')","('WT', 'LCTB92')",1.0,nan,nan,nan,False,256,0
shared,47,"('WT', 'VEH')","('WT', 'LCTB92')",5.0,nan,nan,nan,False,256,0
shared,47,"('WT', 'VEH')","('WT', 'LCTB92')",50.0,nan,nan,nan,False,256,0
shared,47,"('WT', 'VEH')","('WT', 'LCTB92')",95.0,nan,nan,nan,False,256,0
shared,47,"('WT', 'VEH')","('WT', 'LCTB92')",99.0,nan,nan,nan,False,256,0
shared,47,"('Dp1Yey', 'VEH')","('Dp1Yey', 'LCTB92')",1.0,nan,nan,nan,False,256,0
shared,47,"('Dp1Yey', 'VEH')","('Dp1Yey', 'LCTB92')",5.0,nan,nan,nan,False,256,0
shared,47,"('Dp1Yey', 'VEH')","('Dp1Yey', 'LCTB92')",50.0,nan,nan,nan,False,256,0
shared,47,"('Dp1Yey', 'VEH')","('Dp1Yey', 'LCTB92')",95.0,nan,nan,nan,False,256,0
shared,47,"('Dp1Yey', 'VEH')","('Dp1Yey', 'LCTB92')",99.0,nan,nan,nan,False,256,0
shared,47,"('WT', 'VEH')","('Dp1Yey', 'VEH')",1.0,0.03681707084178923,0.011876569837331761,0.05116170845925801,True,256,256
shared,47,"('WT', 'VEH')","('Dp1Yey', 'VEH')",5.0,0.04168093204498291,0.01324772909283638,0.07805298455059526,True,256,256
shared,47,"('WT', 'VEH')","('Dp1Yey', 'VEH')",50.0,0.062093958258628845,0.031188151985406875,0.09315567947924135,True,256,256
shared,47,"('WT', 'VEH')","('Dp1Yey', 'VEH')",95.0,-0.049649834632873535,-0.10631789546459913,0.06959948148578404,False,256,256
shared,47,"('WT', 'VEH')","('Dp1Yey', 'VEH')",99.0,-0.022021151334047362,-0.041685899216682025,0.023612448088824723,False,256,256
shared,47,"('WT', 'LCTB92')","('Dp1Yey', 'LCTB92')",1.0,nan,nan,nan,False,0,0
shared,47,"('WT', 'LCTB92')","('Dp1Yey', 'LCTB92')",5.0,nan,nan,nan,False,0,0
shared,47,"('WT', 'LCTB92')","('Dp1Yey', 'LCTB92')",50.0,nan,nan,nan,False,0,0
shared,47,"('WT', 'LCTB92')","('Dp1Yey', 'LCTB92')",95.0,nan,nan,nan,False,0,0
shared,47,"('WT', 'LCTB92')","('Dp1Yey', 'LCTB92')",99.0,nan,nan,nan,False,0,0
shared,47,"('WT', 'VEH')","('WT', 'LCTB92')",1.0,0.10048819780349733,0.09374072363972664,0.11250298699736593,True,4272,4984
shared,47,"('WT', 'VEH')","('WT', 'LCTB92')",5.0,0.10838070511817935,0.09416476301848889,0.11988158024847508,True,4272,4984
shared,47,"('WT', 'VEH')","('WT', 'LCTB92')",50.0,0.08517082035541534,0.07789575196802616,0.09170090816915034,True,4272,4984
shared,47,"('WT', 'VEH')","('WT', 'LCTB92')",95.0,0.06872101575136191,0.060855839401483536,0.07612076196819548,True,4272,4984
shared,47,"('WT', 'VEH')","('WT', 'LCTB92')",99.0,0.05814237236976605,0.04278102855011808,0.07331221538782114,True,4272,4984
shared,47,"('Dp1Yey', 'VEH')","('Dp1Yey', 'LCTB92')",1.0,0.03137140572071076,0.0028022842109203133,0.04340870678424835,True,3916,3916
shared,47,"('Dp1Yey', 'VEH')","('Dp1Yey', 'LCTB92')",5.0,0.011106058955192566,0.004261032119393349,0.018109172582626343,True,3916,3916
shared,47,"('Dp1Yey', 'VEH')","('Dp1Yey', 'LCTB92')",50.0,0.005743563175201416,-0.0008018679916858673,0.012262276560068128,False,3916,3916
shared,47,"('Dp1Yey', 'VEH')","('Dp1Yey', 'LCTB92')",95.0,-0.018925338983535767,-0.025637774355709554,-0.012025235034525399,True,3916,3916
shared,47,"('Dp1Yey', 'VEH')","('Dp1Yey', 'LCTB92')",99.0,-0.06346007734537118,-0.088362805135548,-0.041078079082071825,True,3916,3916
shared,47,"('WT', 'VEH')","('Dp1Yey', 'VEH')",1.0,-0.03532145857810973,-0.04375100848078727,-0.02468578614294527,True,4272,3916
shared,47,"('WT', 'VEH')","('Dp1Yey', 'VEH')",5.0,-0.025015020370483365,-0.03616033390164376,-0.015442551299929627,True,4272,3916
shared,47,"('WT', 'VEH')","('Dp1Yey', 'VEH')",50.0,0.08824686706066132,0.0815093383193016,0.09493077881634235,True,4272,3916
shared,47,"('WT', 'VEH')","('Dp1Yey', 'VEH')",95.0,0.11899693608284001,0.11138799097388984,0.12645230961963533,True,4272,3916
shared,47,"('WT', 'VEH')","('Dp1Yey', 'VEH')",99.0,0.14039864405989644,0.13150616838783025,0.15549389037489877,True,4272,3916
shared,47,"('WT', 'LCTB92')","('Dp1Yey', 'LCTB92')",1.0,-0.10443825066089629,-0.1343192749470472,-0.09309576630592346,True,4984,3916
shared,47,"('WT', 'LCTB92')","('Dp1Yey', 'LCTB92')",5.0,-0.12228966653347015,-0.13244210742413998,-0.10998041927814484,True,4984,3916
shared,47,"('WT', 'LCTB92')","('Dp1Yey', 'LCTB92')",50.0,0.008819609880447388,0.0024149999022483825,0.01643612012267112,True,4984,3916
shared,47,"('WT', 'LCTB92')","('Dp1Yey', 'LCTB92')",95.0,0.03135058134794233,0.024669614061713217,0.038838859014213085,True,4984,3916
shared,47,"('WT', 'LCTB92')","('Dp1Yey', 'LCTB92')",99.0,0.01879619434475921,-0.008686284102499404,0.045935027603060466,False,4984,3916
shared,48,"('WT', 'VEH')","('WT', 'LCTB92')",1.0,nan,nan,nan,False,253,0
shared,48,"('WT', 'VEH')","('WT', 'LCTB92')",5.0,nan,nan,nan,False,253,0
shared,48,"('WT', 'VEH')","('WT', 'LCTB92')",50.0,nan,nan,nan,False,253,0
shared,48,"('WT', 'VEH')","('WT', 'LCTB92')",95.0,nan,nan,nan,False,253,0
shared,48,"('WT', 'VEH')","('WT', 'LCTB92')",99.0,nan,nan,nan,False,253,0
shared,48,"('Dp1Yey', 'VEH')","('Dp1Yey', 'LCTB92')",1.0,nan,nan,nan,False,253,0
shared,48,"('Dp1Yey', 'VEH')","('Dp1Yey', 'LCTB92')",5.0,nan,nan,nan,False,253,0
shared,48,"('Dp1Yey', 'VEH')","('Dp1Yey', 'LCTB92')",50.0,nan,nan,nan,False,253,0
shared,48,"('Dp1Yey', 'VEH')","('Dp1Yey', 'LCTB92')",95.0,nan,nan,nan,False,253,0
shared,48,"('Dp1Yey', 'VEH')","('Dp1Yey', 'LCTB92')",99.0,nan,nan,nan,False,253,0
shared,48,"('WT', 'VEH')","('Dp1Yey', 'VEH')",1.0,0.04233847141265873,0.017469717860221865,0.06311214429140088,True,253,253
shared,48,"('WT', 'VEH')","('Dp1Yey', 'VEH')",5.0,0.053874063491821333,0.02793216645717619,0.07983887314796446,True,253,253
shared,48,"('WT', 'VEH')","('Dp1Yey', 'VEH')",50.0,0.051862865686416626,0.015577156096696854,0.08479443192481995,True,253,253
shared,48,"('WT', 'VEH')","('Dp1Yey', 'VEH')",95.0,-0.0454371213912963,-0.08015885740518572,0.04738875903189161,False,253,253
shared,48,"('WT', 'VEH')","('Dp1Yey', 'VEH')",99.0,-0.001408075094223027,-0.0465661959797144,0.05032864987850205,False,253,253
shared,48,"('WT', 'LCTB92')","('Dp1Yey', 'LCTB92')",1.0,nan,nan,nan,False,0,0
shared,48,"('WT', 'LCTB92')","('Dp1Yey', 'LCTB92')",5.0,nan,nan,nan,False,0,0
shared,48,"('WT', 'LCTB92')","('Dp1Yey', 'LCTB92')",50.0,nan,nan,nan,False,0,0
shared,48,"('WT', 'LCTB92')","('Dp1Yey', 'LCTB92')",95.0,nan,nan,nan,False,0,0
shared,48,"('WT', 'LCTB92')","('Dp1Yey', 'LCTB92')",99.0,nan,nan,nan,False,0,0
shared,48,"('WT', 'VEH')","('WT', 'LCTB92')",1.0,0.10372102379798889,0.09731847338378428,0.11293119433522224,True,4236,4942
shared,48,"('WT', 'VEH')","('WT', 'LCTB92')",5.0,0.10411906540393828,0.09228233844041825,0.11721737362444401,True,4236,4942
shared,48,"('WT', 'VEH')","('WT', 'LCTB92')",50.0,0.08552119135856628,0.077684922888875,0.09326385706663132,True,4236,4942
shared,48,"('WT', 'VEH')","('WT', 'LCTB92')",95.0,0.06484834179282195,0.05763222426176071,0.07447435993701218,True,4236,4942
shared,48,"('WT', 'VEH')","('WT', 'LCTB92')",99.0,0.056217111796140085,0.04469327337667332,0.07084494224563229,True,4236,4942
shared,48,"('Dp1Yey', 'VEH')","('Dp1Yey', 'LCTB92')",1.0,0.026930547952651956,-0.0018585286438465008,0.04031580185890197,False,3883,3883
shared,48,"('Dp1Yey', 'VEH')","('Dp1Yey', 'LCTB92')",5.0,0.00914249420166019,0.0027915859222412435,0.01453570336103437,True,3883,3883
shared,48,"('Dp1Yey', 'VEH')","('Dp1Yey', 'LCTB92')",50.0,0.005631923675537109,-0.0005206897854804991,0.010899089276790619,False,3883,3883
shared,48,"('Dp1Yey', 'VEH')","('Dp1Yey', 'LCTB92')",95.0,-0.016270115971565136,-0.025006316155195236,-0.010362998843193125,True,3883,3883
shared,48,"('Dp1Yey', 'VEH')","('Dp1Yey', 'LCTB92')",99.0,-0.07086960673332121,-0.09012879431247711,-0.04485746139287998,True,3883,3883
shared,48,"('WT', 'VEH')","('Dp1Yey', 'VEH')",1.0,-0.032380421161651574,-0.038728933185338967,-0.022744953632354736,True,4236,3883
shared,48,"('WT', 'VEH')","('Dp1Yey', 'VEH')",5.0,-0.026004368066787742,-0.034011451974511143,-0.016014011651277544,True,4236,3883
shared,48,"('WT', 'VEH')","('Dp1Yey', 'VEH')",50.0,0.08987975120544434,0.08342655897140502,0.0962690945714712,True,4236,3883
shared,48,"('WT', 'VEH')","('Dp1Yey', 'VEH')",95.0,0.11735797002911574,0.11155140815302728,0.12643731385469437,True,4236,3883
shared,48,"('WT', 'VEH')","('Dp1Yey', 'VEH')",99.0,0.14258497446775398,0.12737661009654402,0.15135646018758384,True,4236,3883
shared,48,"('WT', 'LCTB92')","('Dp1Yey', 'LCTB92')",1.0,-0.10917089700698851,-0.13579169714450837,-0.09524301153421402,True,4942,3883
shared,48,"('WT', 'LCTB92')","('Dp1Yey', 'LCTB92')",5.0,-0.12098093926906583,-0.13084638744592667,-0.10983173817396163,True,4942,3883
shared,48,"('WT', 'LCTB92')","('Dp1Yey', 'LCTB92')",50.0,0.009990483522415161,0.002284646779298782,0.01605085581541061,True,4942,3883
shared,48,"('WT', 'LCTB92')","('Dp1Yey', 'LCTB92')",95.0,0.03623951226472866,0.027343087419867487,0.04377455499023203,True,4942,3883
shared,48,"('WT', 'LCTB92')","('Dp1Yey', 'LCTB92')",99.0,0.015498255938292682,-0.009061806723475275,0.038224950071424256,False,4942,3883
shared,49,"('WT', 'VEH')","('WT', 'LCTB92')",1.0,nan,nan,nan,False,250,0
shared,49,"('WT', 'VEH')","('WT', 'LCTB92')",5.0,nan,nan,nan,False,250,0
shared,49,"('WT', 'VEH')","('WT', 'LCTB92')",50.0,nan,nan,nan,False,250,0
shared,49,"('WT', 'VEH')","('WT', 'LCTB92')",95.0,nan,nan,nan,False,250,0
shared,49,"('WT', 'VEH')","('WT', 'LCTB92')",99.0,nan,nan,nan,False,250,0
shared,49,"('Dp1Yey', 'VEH')","('Dp1Yey', 'LCTB92')",1.0,nan,nan,nan,False,250,0
shared,49,"('Dp1Yey', 'VEH')","('Dp1Yey', 'LCTB92')",5.0,nan,nan,nan,False,250,0
shared,49,"('Dp1Yey', 'VEH')","('Dp1Yey', 'LCTB92')",50.0,nan,nan,nan,False,250,0
shared,49,"('Dp1Yey', 'VEH')","('Dp1Yey', 'LCTB92')",95.0,nan,nan,nan,False,250,0
shared,49,"('Dp1Yey', 'VEH')","('Dp1Yey', 'LCTB92')",99.0,nan,nan,nan,False,250,0
shared,49,"('WT', 'VEH')","('Dp1Yey', 'VEH')",1.0,0.043415062427520745,0.03312912502884863,0.07140334297716615,True,250,250
shared,49,"('WT', 'VEH')","('Dp1Yey', 'VEH')",5.0,0.05881340503692628,0.0449179294705391,0.09615698389708993,True,250,250
shared,49,"('WT', 'VEH')","('Dp1Yey', 'VEH')",50.0,0.04265165328979492,0.007147328928112984,0.08475172519683837,True,250,250
shared,49,"('WT', 'VEH')","('Dp1Yey', 'VEH')",95.0,-0.04966865926980968,-0.06661334365606301,0.05036117136478446,False,250,250
shared,49,"('WT', 'VEH')","('Dp1Yey', 'VEH')",99.0,0.029572592675686016,-0.03902988165616994,0.0739307459928094,False,250,250
shared,49,"('WT', 'LCTB92')","('Dp1Yey', 'LCTB92')",1.0,nan,nan,nan,False,0,0
shared,49,"('WT', 'LCTB92')","('Dp1Yey', 'LCTB92')",5.0,nan,nan,nan,False,0,0
shared,49,"('WT', 'LCTB92')","('Dp1Yey', 'LCTB92')",50.0,nan,nan,nan,False,0,0
shared,49,"('WT', 'LCTB92')","('Dp1Yey', 'LCTB92')",95.0,nan,nan,nan,False,0,0
shared,49,"('WT', 'LCTB92')","('Dp1Yey', 'LCTB92')",99.0,nan,nan,nan,False,0,0
shared,49,"('WT', 'VEH')","('WT', 'LCTB92')",1.0,0.10228298246860504,0.09790058645606041,0.1095059992223978,True,4200,4900
shared,49,"('WT', 'VEH')","('WT', 'LCTB92')",5.0,0.09794052541255951,0.08537327162921429,0.11450944356620309,True,4200,4900
shared,49,"('WT', 'VEH')","('WT', 'LCTB92')",50.0,0.08572082221508026,0.0777723740786314,0.09360942617058754,True,4200,4900
shared,49,"('WT', 'VEH')","('WT', 'LCTB92')",95.0,0.06531681418418878,0.05726506680250153,0.07325344249606117,True,4200,4900
shared,49,"('WT', 'VEH')","('WT', 'LCTB92')",99.0,0.05731797516346049,0.04637489313632242,0.07292054920271031,True,4200,4900
shared,49,"('Dp1Yey', 'VEH')","('Dp1Yey', 'LCTB92')",1.0,0.027110607624053956,0.0002135065793990851,0.03551038916409015,True,3850,3850
shared,49,"('Dp1Yey', 'VEH')","('Dp1Yey', 'LCTB92')",5.0,0.006755572557449352,-0.000872165039181709,0.013856314793229067,False,3850,3850
shared,49,"('Dp1Yey', 'VEH')","('Dp1Yey', 'LCTB92')",50.0,0.0038563013076782227,-0.001282934844493866,0.009134288132190702,False,3850,3850
shared,49,"('Dp1Yey', 'VEH')","('Dp1Yey', 'LCTB92')",95.0,-0.01723407953977596,-0.02501958396285772,-0.008662810362875462,True,3850,3850
shared,49,"('Dp1Yey', 'VEH')","('Dp1Yey', 'LCTB92')",99.0,-0.07317754566669443,-0.0965214358232912,-0.05124601777642878,True,3850,3850
shared,49,"('WT', 'VEH')","('Dp1Yey', 'VEH')",1.0,-0.02940892755985261,-0.036173587664961815,-0.02314792808890341,True,4200,3850
shared,49,"('WT', 'VEH')","('Dp1Yey', 'VEH')",5.0,-0.02874704897403718,-0.03847946800291541,-0.016138475164771102,True,4200,3850
shared,49,"('WT', 'VEH')","('Dp1Yey', 'VEH')",50.0,0.09110204875469208,0.08520724065601826,0.09789268672466278,True,4200,3850
shared,49,"('WT', 'VEH')","('Dp1Yey', 'VEH')",95.0,0.11966411322355286,0.1121369803883134,0.12655158586800097,True,4200,3850
shared,49,"('WT', 'VEH')","('Dp1Yey', 'VEH')",99.0,0.14002772927284313,0.13053633645921994,0.15218712120875746,True,4200,3850
shared,49,"('WT', 'LCTB92')","('Dp1Yey', 'LCTB92')",1.0,-0.10458130240440369,-0.13425522029399872,-0.09830392658710481,True,4900,3850
shared,49,"('WT', 'LCTB92')","('Dp1Yey', 'LCTB92')",5.0,-0.11993200182914734,-0.13451451919972895,-0.1092375069856644,True,4900,3850
shared,49,"('WT', 'LCTB92')","('Dp1Yey', 'LCTB92')",50.0,0.009237527847290039,0.0032847307622432707,0.016432126611471174,True,4900,3850
shared,49,"('WT', 'LCTB92')","('Dp1Yey', 'LCTB92')",95.0,0.037113219499588124,0.02766588993370534,0.04553126852959403,True,4900,3850
shared,49,"('WT', 'LCTB92')","('Dp1Yey', 'LCTB92')",99.0,0.009532208442688206,-0.01576769655942913,0.03146523742005314,False,4900,3850
shared,50,"('WT', 'VEH')","('WT', 'LCTB92')",1.0,nan,nan,nan,False,247,0
shared,50,"('WT', 'VEH')","('WT', 'LCTB92')",5.0,nan,nan,nan,False,247,0
shared,50,"('WT', 'VEH')","('WT', 'LCTB92')",50.0,nan,nan,nan,False,247,0
shared,50,"('WT', 'VEH')","('WT', 'LCTB92')",95.0,nan,nan,nan,False,247,0
shared,50,"('WT', 'VEH')","('WT', 'LCTB92')",99.0,nan,nan,nan,False,247,0
shared,50,"('Dp1Yey', 'VEH')","('Dp1Yey', 'LCTB92')",1.0,nan,nan,nan,False,247,0
shared,50,"('Dp1Yey', 'VEH')","('Dp1Yey', 'LCTB92')",5.0,nan,nan,nan,False,247,0
shared,50,"('Dp1Yey', 'VEH')","('Dp1Yey', 'LCTB92')",50.0,nan,nan,nan,False,247,0
shared,50,"('Dp1Yey', 'VEH')","('Dp1Yey', 'LCTB92')",95.0,nan,nan,nan,False,247,0
shared,50,"('Dp1Yey', 'VEH')","('Dp1Yey', 'LCTB92')",99.0,nan,nan,nan,False,247,0
shared,50,"('WT', 'VEH')","('Dp1Yey', 'VEH')",1.0,0.05800283670425413,0.04245689967274667,0.10552049160003663,True,247,247
shared,50,"('WT', 'VEH')","('Dp1Yey', 'VEH')",5.0,0.06641822457313537,0.05302255749702454,0.10649253457784648,True,247,247
shared,50,"('WT', 'VEH')","('Dp1Yey', 'VEH')",50.0,0.03982573747634888,0.0011632531881332398,0.08919330537319183,True,247,247
shared,50,"('WT', 'VEH')","('Dp1Yey', 'VEH')",95.0,-0.03123526573181168,-0.05991143882274608,0.055451606586575386,False,247,247
shared,50,"('WT', 'VEH')","('Dp1Yey', 'VEH')",99.0,0.02782943308353425,-0.019244751334190124,0.0702983739972114,False,247,247
shared,50,"('WT', 'LCTB92')","('Dp1Yey', 'LCTB92')",1.0,nan,nan,nan,False,0,0
shared,50,"('WT', 'LCTB92')","('Dp1Yey', 'LCTB92')",5.0,nan,nan,nan,False,0,0
shared,50,"('WT', 'LCTB92')","('Dp1Yey', 'LCTB92')",50.0,nan,nan,nan,False,0,0
shared,50,"('WT', 'LCTB92')","('Dp1Yey', 'LCTB92')",95.0,nan,nan,nan,False,0,0
shared,50,"('WT', 'LCTB92')","('Dp1Yey', 'LCTB92')",99.0,nan,nan,nan,False,0,0
shared,50,"('WT', 'VEH')","('WT', 'LCTB92')",1.0,0.10144327640533446,0.09694731155037879,0.10749541521072388,True,4164,4858
shared,50,"('WT', 'VEH')","('WT', 'LCTB92')",5.0,0.09510802924633024,0.07956894919276236,0.10831067912280559,True,4164,4858
shared,50,"('WT', 'VEH')","('WT', 'LCTB92')",50.0,0.08657793700695038,0.07730839625000954,0.09406023994088171,True,4164,4858
shared,50,"('WT', 'VEH')","('WT', 'LCTB92')",95.0,0.06657945513725283,0.06003501433879127,0.07309083081781856,True,4164,4858
shared,50,"('WT', 'VEH')","('WT', 'LCTB92')",99.0,0.06394535332918161,0.05165868535637852,0.07506604791060069,True,4164,4858
shared,50,"('Dp1Yey', 'VEH')","('Dp1Yey', 'LCTB92')",1.0,0.02428120851516724,-0.0022637891173362735,0.032861127555370344,False,3817,3817
shared,50,"('Dp1Yey', 'VEH')","('Dp1Yey', 'LCTB92')",5.0,0.002479541301727284,-0.00547245293855666,0.010353101491928073,False,3817,3817
shared,50,"('Dp1Yey', 'VEH')","('Dp1Yey', 'LCTB92')",50.0,0.002515137195587158,-0.0025502502918243407,0.00695760697126388,False,3817,3817
shared,50,"('Dp1Yey', 'VEH')","('Dp1Yey', 'LCTB92')",95.0,-0.017333817481994584,-0.029630205780267496,-0.009823848754167414,True,3817,3817
shared,50,"('Dp1Yey', 'VEH')","('Dp1Yey', 'LCTB92')",99.0,-0.08108814835548384,-0.09994819772243514,-0.05830293446779236,True,3817,3817
shared,50,"('WT', 'VEH')","('Dp1Yey', 'VEH')",1.0,-0.030408871173858654,-0.035556825533509244,-0.024305721163749707,True,4164,3817
shared,50,"('WT', 'VEH')","('Dp1Yey', 'VEH')",5.0,-0.031565365195274364,-0.03912335276603698,-0.022220513224601748,True,4164,3817
shared,50,"('WT', 'VEH')","('Dp1Yey', 'VEH')",50.0,0.09230910241603851,0.086511754617095,0.09748847819864749,True,4164,3817
shared,50,"('WT', 'VEH')","('Dp1Yey', 'VEH')",95.0,0.11881477683782582,0.1128799557313323,0.1260161955095829,True,4164,3817
shared,50,"('WT', 'VEH')","('Dp1Yey', 'VEH')",99.0,0.14473291546106326,0.13286386552825513,0.15468393708392963,True,4164,3817
shared,50,"('WT', 'LCTB92')","('Dp1Yey', 'LCTB92')",1.0,-0.10757093906402587,-0.13529869604110717,-0.09915355645120144,True,4858,3817
shared,50,"('WT', 'LCTB92')","('Dp1Yey', 'LCTB92')",5.0,-0.12419385313987732,-0.13652122803032396,-0.107897095605731,True,4858,3817
shared,50,"('WT', 'LCTB92')","('Dp1Yey', 'LCTB92')",50.0,0.008246302604675293,0.000560998171567917,0.016104323416948316,True,4858,3817
shared,50,"('WT', 'LCTB92')","('Dp1Yey', 'LCTB92')",95.0,0.034901504218578405,0.023091373220086097,0.04315078381448956,True,4858,3817
shared,50,"('WT', 'LCTB92')","('Dp1Yey', 'LCTB92')",99.0,-0.0003005862236021839,-0.019845321588218213,0.022519450336694592,False,4858,3817
shared,51,"('WT', 'VEH')","('WT', 'LCTB92')",1.0,nan,nan,nan,False,244,0
shared,51,"('WT', 'VEH')","('WT', 'LCTB92')",5.0,nan,nan,nan,False,244,0
shared,51,"('WT', 'VEH')","('WT', 'LCTB92')",50.0,nan,nan,nan,False,244,0
shared,51,"('WT', 'VEH')","('WT', 'LCTB92')",95.0,nan,nan,nan,False,244,0
shared,51,"('WT', 'VEH')","('WT', 'LCTB92')",99.0,nan,nan,nan,False,244,0
shared,51,"('Dp1Yey', 'VEH')","('Dp1Yey', 'LCTB92')",1.0,nan,nan,nan,False,244,0
shared,51,"('Dp1Yey', 'VEH')","('Dp1Yey', 'LCTB92')",5.0,nan,nan,nan,False,244,0
shared,51,"('Dp1Yey', 'VEH')","('Dp1Yey', 'LCTB92')",50.0,nan,nan,nan,False,244,0
shared,51,"('Dp1Yey', 'VEH')","('Dp1Yey', 'LCTB92')",95.0,nan,nan,nan,False,244,0
shared,51,"('Dp1Yey', 'VEH')","('Dp1Yey', 'LCTB92')",99.0,nan,nan,nan,False,244,0
shared,51,"('WT', 'VEH')","('Dp1Yey', 'VEH')",1.0,0.09837131798267362,0.06027057226002216,0.11424918475747106,True,244,244
shared,51,"('WT', 'VEH')","('Dp1Yey', 'VEH')",5.0,0.07688820362091064,0.056524166464805625,0.10173915833234787,True,244,244
shared,51,"('WT', 'VEH')","('Dp1Yey', 'VEH')",50.0,0.03790965676307678,-0.005172947794198989,0.08727716840803622,False,244,244
shared,51,"('WT', 'VEH')","('Dp1Yey', 'VEH')",95.0,-0.024368214607238814,-0.05881811231374745,0.03974510062485933,False,244,244
shared,51,"('WT', 'VEH')","('Dp1Yey', 'VEH')",99.0,0.03638077855110167,-0.013700966365635373,0.0732415938377381,False,244,244
shared,51,"('WT', 'LCTB92')","('Dp1Yey', 'LCTB92')",1.0,nan,nan,nan,False,0,0
shared,51,"('WT', 'LCTB92')","('Dp1Yey', 'LCTB92')",5.0,nan,nan,nan,False,0,0
shared,51,"('WT', 'LCTB92')","('Dp1Yey', 'LCTB92')",50.0,nan,nan,nan,False,0,0
shared,51,"('WT', 'LCTB92')","('Dp1Yey', 'LCTB92')",95.0,nan,nan,nan,False,0,0
shared,51,"('WT', 'LCTB92')","('Dp1Yey', 'LCTB92')",99.0,nan,nan,nan,False,0,0
shared,51,"('WT', 'VEH')","('WT', 'LCTB92')",1.0,0.10059575855731964,0.09660883589088917,0.1050286520421505,True,4128,4816
shared,51,"('WT', 'VEH')","('WT', 'LCTB92')",5.0,0.08713725805282596,0.07450704395771027,0.1044626182317734,True,4128,4816
shared,51,"('WT', 'VEH')","('WT', 'LCTB92')",50.0,0.08439458906650543,0.07624159418046475,0.09376719668507576,True,4128,4816
shared,51,"('WT', 'VEH')","('WT', 'LCTB92')",95.0,0.06533483713865273,0.05640130300074807,0.0731923677027224,True,4128,4816
shared,51,"('WT', 'VEH')","('WT', 'LCTB92')",99.0,0.055638667643069906,0.04807651516422595,0.0671184889301658,True,4128,4816
shared,51,"('Dp1Yey', 'VEH')","('Dp1Yey', 'LCTB92')",1.0,0.025368496775627164,-0.003435840696096465,0.03169946011900902,False,3784,3784
shared,51,"('Dp1Yey', 'VEH')","('Dp1Yey', 'LCTB92')",5.0,-0.0005193471908569447,-0.01117958664894104,0.006874294877052307,False,3784,3784
shared,51,"('Dp1Yey', 'VEH')","('Dp1Yey', 'LCTB92')",50.0,-0.0007094442844390869,-0.00524476170539856,0.004874870181083676,False,3784,3784
shared,51,"('Dp1Yey', 'VEH')","('Dp1Yey', 'LCTB92')",95.0,-0.021035225689411075,-0.03296144478023048,-0.010840933024883315,True,3784,3784
shared,51,"('Dp1Yey', 'VEH')","('Dp1Yey', 'LCTB92')",99.0,-0.0875613433122635,-0.10155656652897622,-0.05761729873716853,True,3784,3784
shared,51,"('WT', 'VEH')","('Dp1Yey', 'VEH')",1.0,-0.0325835281610489,-0.03691261118650437,-0.02745484891533849,True,4128,3784
shared,51,"('WT', 'VEH')","('Dp1Yey', 'VEH')",5.0,-0.03158044815063471,-0.03921639278531076,-0.020914916917681704,True,4128,3784
shared,51,"('WT', 'VEH')","('Dp1Yey', 'VEH')",50.0,0.09336517751216888,0.08633490838110447,0.09960752539336681,True,4128,3784
shared,51,"('WT', 'VEH')","('Dp1Yey', 'VEH')",95.0,0.12148975729942313,0.11403735898435108,0.12827162966132166,True,4128,3784
shared,51,"('WT', 'VEH')","('Dp1Yey', 'VEH')",99.0,0.13854548215866092,0.13015097094699718,0.14893911961466072,True,4128,3784
shared,51,"('WT', 'LCTB92')","('Dp1Yey', 'LCTB92')",1.0,-0.10781078994274138,-0.13612799376249313,-0.1017845982015133,True,4816,3784
shared,51,"('WT', 'LCTB92')","('Dp1Yey', 'LCTB92')",5.0,-0.11923705339431762,-0.13589317232370376,-0.10695932433009148,True,4816,3784
shared,51,"('WT', 'LCTB92')","('Dp1Yey', 'LCTB92')",50.0,0.008261144161224365,-0.0001446291804313659,0.01572219133377074,False,4816,3784
shared,51,"('WT', 'LCTB92')","('Dp1Yey', 'LCTB92')",95.0,0.03511969447135932,0.023006105199456412,0.04696122705936432,True,4816,3784
shared,51,"('WT', 'LCTB92')","('Dp1Yey', 'LCTB92')",99.0,-0.004654528796672497,-0.02023830246180189,0.025573096871376,False,4816,3784
shared,52,"('WT', 'VEH')","('WT', 'LCTB92')",1.0,nan,nan,nan,False,241,0
shared,52,"('WT', 'VEH')","('WT', 'LCTB92')",5.0,nan,nan,nan,False,241,0
shared,52,"('WT', 'VEH')","('WT', 'LCTB92')",50.0,nan,nan,nan,False,241,0
shared,52,"('WT', 'VEH')","('WT', 'LCTB92')",95.0,nan,nan,nan,False,241,0
shared,52,"('WT', 'VEH')","('WT', 'LCTB92')",99.0,nan,nan,nan,False,241,0
shared,52,"('Dp1Yey', 'VEH')","('Dp1Yey', 'LCTB92')",1.0,nan,nan,nan,False,241,0
shared,52,"('Dp1Yey', 'VEH')","('Dp1Yey', 'LCTB92')",5.0,nan,nan,nan,False,241,0
shared,52,"('Dp1Yey', 'VEH')","('Dp1Yey', 'LCTB92')",50.0,nan,nan,nan,False,241,0
shared,52,"('Dp1Yey', 'VEH')","('Dp1Yey', 'LCTB92')",95.0,nan,nan,nan,False,241,0
shared,52,"('Dp1Yey', 'VEH')","('Dp1Yey', 'LCTB92')",99.0,nan,nan,nan,False,241,0
shared,52,"('WT', 'VEH')","('Dp1Yey', 'VEH')",1.0,0.10469079017639163,0.07213466823101045,0.12185667902231215,True,241,241
shared,52,"('WT', 'VEH')","('Dp1Yey', 'VEH')",5.0,0.09485006332397461,0.07337969541549683,0.11958271265029907,True,241,241
shared,52,"('WT', 'VEH')","('Dp1Yey', 'VEH')",50.0,0.025701940059661865,-0.0055158138275146484,0.0820479407906532,False,241,241
shared,52,"('WT', 'VEH')","('Dp1Yey', 'VEH')",95.0,-0.01264449954032898,-0.05257668495178223,0.03193572163581848,False,241,241
shared,52,"('WT', 'VEH')","('Dp1Yey', 'VEH')",99.0,0.033470469713211104,-0.02694922685623169,0.07688038915395705,False,241,241
shared,52,"('WT', 'LCTB92')","('Dp1Yey', 'LCTB92')",1.0,nan,nan,nan,False,0,0
shared,52,"('WT', 'LCTB92')","('Dp1Yey', 'LCTB92')",5.0,nan,nan,nan,False,0,0
shared,52,"('WT', 'LCTB92')","('Dp1Yey', 'LCTB92')",50.0,nan,nan,nan,False,0,0
shared,52,"('WT', 'LCTB92')","('Dp1Yey', 'LCTB92')",95.0,nan,nan,nan,False,0,0
shared,52,"('WT', 'LCTB92')","('Dp1Yey', 'LCTB92')",99.0,nan,nan,nan,False,0,0
shared,52,"('WT', 'VEH')","('WT', 'LCTB92')",1.0,0.10107969403266906,0.09589902184903623,0.10533860537409781,True,4092,4774
shared,52,"('WT', 'VEH')","('WT', 'LCTB92')",5.0,0.08455690741539004,0.07093614146113394,0.0993022822588682,True,4092,4774
shared,52,"('WT', 'VEH')","('WT', 'LCTB92')",50.0,0.08506454527378082,0.07558038234710693,0.09284025505185126,True,4092,4774
shared,52,"('WT', 'VEH')","('WT', 'LCTB92')",95.0,0.0655948400497437,0.05731777526438249,0.07506413217633959,True,4092,4774
shared,52,"('WT', 'VEH')","('WT', 'LCTB92')",99.0,0.05451902046799684,0.04840559309721024,0.06463676870614377,True,4092,4774
shared,52,"('Dp1Yey', 'VEH')","('Dp1Yey', 'LCTB92')",1.0,0.018114984035491943,-0.0034767717123031614,0.026273682713508592,False,3751,3751
shared,52,"('Dp1Yey', 'VEH')","('Dp1Yey', 'LCTB92')",5.0,-0.005235195159912109,-0.014785268157720566,0.0034036174416542044,False,3751,3751
shared,52,"('Dp1Yey', 'VEH')","('Dp1Yey', 'LCTB92')",50.0,-0.0014346837997436523,-0.006619997322559357,0.003933037817478177,False,3751,3751
shared,52,"('Dp1Yey', 'VEH')","('Dp1Yey', 'LCTB92')",95.0,-0.026098623871803284,-0.034528499469161034,-0.017549641430377967,True,3751,3751
shared,52,"('Dp1Yey', 'VEH')","('Dp1Yey', 'LCTB92')",99.0,-0.09418618679046631,-0.10485762394964696,-0.07643995210528373,True,3751,3751
shared,52,"('WT', 'VEH')","('Dp1Yey', 'VEH')",1.0,-0.029055857658386225,-0.03466330158710479,-0.024517854079604152,True,4092,3751
shared,52,"('WT', 'VEH')","('Dp1Yey', 'VEH')",5.0,-0.029429247975349404,-0.03825618557631969,-0.019493495672941213,True,4092,3751
shared,52,"('WT', 'VEH')","('Dp1Yey', 'VEH')",50.0,0.09393464028835297,0.08654133081436158,0.10002289824187756,True,4092,3751
shared,52,"('WT', 'VEH')","('Dp1Yey', 'VEH')",95.0,0.12469550073146818,0.11673501722514593,0.13190480779856442,True,4092,3751
shared,52,"('WT', 'VEH')","('Dp1Yey', 'VEH')",99.0,0.14304496452212345,0.1364057442806663,0.1510364509709179,True,4092,3751
shared,52,"('WT', 'LCTB92')","('Dp1Yey', 'LCTB92')",1.0,-0.11202056765556334,-0.13341448605060577,-0.10518273562192917,True,4774,3751
shared,52,"('WT', 'LCTB92')","('Dp1Yey', 'LCTB92')",5.0,-0.11922135055065156,-0.13454607039690017,-0.1059196498245001,True,4774,3751
shared,52,"('WT', 'LCTB92')","('Dp1Yey', 'LCTB92')",50.0,0.007435411214828491,-5.285739898681639e-05,0.015195323526859275,False,4774,3751
shared,52,"('WT', 'LCTB92')","('Dp1Yey', 'LCTB92')",95.0,0.0330020368099212,0.02300201255828125,0.042243142351507806,True,4774,3751
shared,52,"('WT', 'LCTB92')","('Dp1Yey', 'LCTB92')",99.0,-0.0056602427363396934,-0.018662001162767384,0.011318997025489788,False,4774,3751
shared,53,"('WT', 'VEH')","('WT', 'LCTB92')",1.0,nan,nan,nan,False,238,0
shared,53,"('WT', 'VEH')","('WT', 'LCTB92')",5.0,nan,nan,nan,False,238,0
shared,53,"('WT', 'VEH')","('WT', 'LCTB92')",50.0,nan,nan,nan,False,238,0
shared,53,"('WT', 'VEH')","('WT', 'LCTB92')",95.0,nan,nan,nan,False,238,0
shared,53,"('WT', 'VEH')","('WT', 'LCTB92')",99.0,nan,nan,nan,False,238,0
shared,53,"('Dp1Yey', 'VEH')","('Dp1Yey', 'LCTB92')",1.0,nan,nan,nan,False,238,0
shared,53,"('Dp1Yey', 'VEH')","('Dp1Yey', 'LCTB92')",5.0,nan,nan,nan,False,238,0
shared,53,"('Dp1Yey', 'VEH')","('Dp1Yey', 'LCTB92')",50.0,nan,nan,nan,False,238,0
shared,53,"('Dp1Yey', 'VEH')","('Dp1Yey', 'LCTB92')",95.0,nan,nan,nan,False,238,0
shared,53,"('Dp1Yey', 'VEH')","('Dp1Yey', 'LCTB92')",99.0,nan,nan,nan,False,238,0
shared,53,"('WT', 'VEH')","('Dp1Yey', 'VEH')",1.0,0.1032966059446335,0.08101922275125979,0.12646382318437102,True,238,238
shared,53,"('WT', 'VEH')","('Dp1Yey', 'VEH')",5.0,0.11921508610248568,0.09471611678600311,0.1350412230938673,True,238,238
shared,53,"('WT', 'VEH')","('Dp1Yey', 'VEH')",50.0,0.012618958950042725,-0.015512476861476897,0.07563863247632975,False,238,238
shared,53,"('WT', 'VEH')","('Dp1Yey', 'VEH')",95.0,-0.016923008859157762,-0.05701707113534257,0.014213880002498604,False,238,238
shared,53,"('WT', 'VEH')","('Dp1Yey', 'VEH')",99.0,0.046849441230297106,-0.016576864622533334,0.0666023728251457,False,238,238
shared,53,"('WT', 'LCTB92')","('Dp1Yey', 'LCTB92')",1.0,nan,nan,nan,False,0,0
shared,53,"('WT', 'LCTB92')","('Dp1Yey', 'LCTB92')",5.0,nan,nan,nan,False,0,0
shared,53,"('WT', 'LCTB92')","('Dp1Yey', 'LCTB92')",50.0,nan,nan,nan,False,0,0
shared,53,"('WT', 'LCTB92')","('Dp1Yey', 'LCTB92')",95.0,nan,nan,nan,False,0,0
shared,53,"('WT', 'LCTB92')","('Dp1Yey', 'LCTB92')",99.0,nan,nan,nan,False,0,0
shared,53,"('WT', 'VEH')","('WT', 'LCTB92')",1.0,0.09779052436351776,0.09279261793196199,0.10258723866939547,True,4056,4732
shared,53,"('WT', 'VEH')","('WT', 'LCTB92')",5.0,0.08250465691089628,0.06932452097535133,0.09750884465873239,True,4056,4732
shared,53,"('WT', 'VEH')","('WT', 'LCTB92')",50.0,0.08359122276306152,0.07689258195459843,0.09073368236422538,True,4056,4732
shared,53,"('WT', 'VEH')","('WT', 'LCTB92')",95.0,0.06220579892396927,0.05412171881645918,0.07184184223413483,True,4056,4732
shared,53,"('WT', 'VEH')","('WT', 'LCTB92')",99.0,0.055046669542789806,0.04770429576188326,0.06425878678634785,True,4056,4732
shared,53,"('Dp1Yey', 'VEH')","('Dp1Yey', 'LCTB92')",1.0,0.011652211546897884,-0.0034680525660515022,0.02003553988039492,False,3718,3718
shared,53,"('Dp1Yey', 'VEH')","('Dp1Yey', 'LCTB92')",5.0,-0.008290556073188737,-0.016163766384124756,0.00027508139610289836,False,3718,3718
shared,53,"('Dp1Yey', 'VEH')","('Dp1Yey', 'LCTB92')",50.0,-0.002638906240463257,-0.007884147018194199,0.0034277893602848043,False,3718,3718
shared,53,"('Dp1Yey', 'VEH')","('Dp1Yey', 'LCTB92')",95.0,-0.029997818171978108,-0.03824612230062511,-0.01982274550944553,True,3718,3718
shared,53,"('Dp1Yey', 'VEH')","('Dp1Yey', 'LCTB92')",99.0,-0.10098161667585381,-0.11424911351501905,-0.08308445023000234,True,3718,3718
shared,53,"('WT', 'VEH')","('Dp1Yey', 'VEH')",1.0,-0.0290795177221298,-0.03483960039913654,-0.022245677173137662,True,4056,3718
shared,53,"('WT', 'VEH')","('Dp1Yey', 'VEH')",5.0,-0.029433959722518943,-0.03734728127717972,-0.01887221470475197,True,4056,3718
shared,53,"('WT', 'VEH')","('Dp1Yey', 'VEH')",50.0,0.09418374300003052,0.08915626034140586,0.10034725964069366,True,4056,3718
shared,53,"('WT', 'VEH')","('Dp1Yey', 'VEH')",95.0,0.12441765516996395,0.11615086205303675,0.13218041449785237,True,4056,3718
shared,53,"('WT', 'VEH')","('Dp1Yey', 'VEH')",99.0,0.14575219869613654,0.13797005077451469,0.15221361028030492,True,4056,3718
shared,53,"('WT', 'LCTB92')","('Dp1Yey', 'LCTB92')",1.0,-0.11521783053874968,-0.13097555896639823,-0.10771208922564984,True,4732,3718
shared,53,"('WT', 'LCTB92')","('Dp1Yey', 'LCTB92')",5.0,-0.12022917270660397,-0.13433280162513256,-0.10641504041850568,True,4732,3718
shared,53,"('WT', 'LCTB92')","('Dp1Yey', 'LCTB92')",50.0,0.007953613996505737,0.0016266137361526489,0.014949969202280027,True,4732,3718
shared,53,"('WT', 'LCTB92')","('Dp1Yey', 'LCTB92')",95.0,0.03221403807401657,0.021648879200220177,0.042197155877947826,True,4732,3718
shared,53,"('WT', 'LCTB92')","('Dp1Yey', 'LCTB92')",99.0,-0.010276087522507082,-0.024115223538131416,0.006988558262586499,False,4732,3718
shared,54,"('WT', 'VEH')","('WT', 'LCTB92')",1.0,nan,nan,nan,False,235,0
shared,54,"('WT', 'VEH')","('WT', 'LCTB92')",5.0,nan,nan,nan,False,235,0
shared,54,"('WT', 'VEH')","('WT', 'LCTB92')",50.0,nan,nan,nan,False,235,0
shared,54,"('WT', 'VEH')","('WT', 'LCTB92')",95.0,nan,nan,nan,False,235,0
shared,54,"('WT', 'VEH')","('WT', 'LCTB92')",99.0,nan,nan,nan,False,235,0
shared,54,"('Dp1Yey', 'VEH')","('Dp1Yey', 'LCTB92')",1.0,nan,nan,nan,False,235,0
shared,54,"('Dp1Yey', 'VEH')","('Dp1Yey', 'LCTB92')",5.0,nan,nan,nan,False,235,0
shared,54,"('Dp1Yey', 'VEH')","('Dp1Yey', 'LCTB92')",50.0,nan,nan,nan,False,235,0
shared,54,"('Dp1Yey', 'VEH')","('Dp1Yey', 'LCTB92')",95.0,nan,nan,nan,False,235,0
shared,54,"('Dp1Yey', 'VEH')","('Dp1Yey', 'LCTB92')",99.0,nan,nan,nan,False,235,0
shared,54,"('WT', 'VEH')","('Dp1Yey', 'VEH')",1.0,0.10498037219047548,0.08747137340903283,0.1327109546661377,True,235,235
shared,54,"('WT', 'VEH')","('Dp1Yey', 'VEH')",5.0,0.14018065929412846,0.11299861371517181,0.15236843094229696,True,235,235
shared,54,"('WT', 'VEH')","('Dp1Yey', 'VEH')",50.0,0.0012377500534057617,-0.0252721905708313,0.06586329787969589,False,235,235
shared,54,"('WT', 'VEH')","('Dp1Yey', 'VEH')",95.0,-0.020271641016006536,-0.0578257267922163,0.01032439187169071,False,235,235
shared,54,"('WT', 'VEH')","('Dp1Yey', 'VEH')",99.0,0.036640121340751675,-0.02831855916976929,0.07600692987442004,False,235,235
shared,54,"('WT', 'LCTB92')","('Dp1Yey', 'LCTB92')",1.0,nan,nan,nan,False,0,0
shared,54,"('WT', 'LCTB92')","('Dp1Yey', 'LCTB92')",5.0,nan,nan,nan,False,0,0
shared,54,"('WT', 'LCTB92')","('Dp1Yey', 'LCTB92')",50.0,nan,nan,nan,False,0,0
shared,54,"('WT', 'LCTB92')","('Dp1Yey', 'LCTB92')",95.0,nan,nan,nan,False,0,0
shared,54,"('WT', 'LCTB92')","('Dp1Yey', 'LCTB92')",99.0,nan,nan,nan,False,0,0
shared,54,"('WT', 'VEH')","('WT', 'LCTB92')",1.0,0.09543394565582275,0.08913661612570287,0.1027661176919937,True,4020,4690
shared,54,"('WT', 'VEH')","('WT', 'LCTB92')",5.0,0.0801667362451553,0.06633350811898708,0.09392217829823489,True,4020,4690
shared,54,"('WT', 'VEH')","('WT', 'LCTB92')",50.0,0.08181732892990112,0.07648917958140374,0.08836701065301895,True,4020,4690
shared,54,"('WT', 'VEH')","('WT', 'LCTB92')",95.0,0.06241403371095655,0.05356323733925815,0.07050054542720317,True,4020,4690
shared,54,"('WT', 'VEH')","('WT', 'LCTB92')",99.0,0.05369422182440775,0.04358589382097129,0.06222866250202083,True,4020,4690
shared,54,"('Dp1Yey', 'VEH')","('Dp1Yey', 'LCTB92')",1.0,0.003080708980560315,-0.007336372911930075,0.012175498008728053,False,3685,3685
shared,54,"('Dp1Yey', 'VEH')","('Dp1Yey', 'LCTB92')",5.0,-0.009750688076019254,-0.01804577738046645,-0.0009080293774605037,True,3685,3685
shared,54,"('Dp1Yey', 'VEH')","('Dp1Yey', 'LCTB92')",50.0,-0.0039324164390563965,-0.009087394177913665,0.0020193681120872485,False,3685,3685
shared,54,"('Dp1Yey', 'VEH')","('Dp1Yey', 'LCTB92')",95.0,-0.034132021665573276,-0.04336797177791574,-0.02595485404133761,True,3685,3685
shared,54,"('Dp1Yey', 'VEH')","('Dp1Yey', 'LCTB92')",99.0,-0.10033292531967142,-0.11754758536815615,-0.08464999169111248,True,3685,3685
shared,54,"('WT', 'VEH')","('Dp1Yey', 'VEH')",1.0,-0.026754954457283014,-0.032125212639570244,-0.01731024377048016,True,4020,3685
shared,54,"('WT', 'VEH')","('Dp1Yey', 'VEH')",5.0,-0.030365249514579806,-0.04028526246547701,-0.02095425628125668,True,4020,3685
shared,54,"('WT', 'VEH')","('Dp1Yey', 'VEH')",50.0,0.09538006782531738,0.09045833311975002,0.10021487772464752,True,4020,3685
shared,54,"('WT', 'VEH')","('Dp1Yey', 'VEH')",95.0,0.1250498548150064,0.11653331942856297,0.13227376814931613,True,4020,3685
shared,54,"('WT', 'VEH')","('Dp1Yey', 'VEH')",99.0,0.1438705427944661,0.1346583640426397,0.1518853613771498,True,4020,3685
shared,54,"('WT', 'LCTB92')","('Dp1Yey', 'LCTB92')",1.0,-0.11910819113254545,-0.12826023216545582,-0.1088002003580332,True,4690,3685
shared,54,"('WT', 'LCTB92')","('Dp1Yey', 'LCTB92')",5.0,-0.12028267383575436,-0.13397643022239208,-0.10732479438185691,True,4690,3685
shared,54,"('WT', 'LCTB92')","('Dp1Yey', 'LCTB92')",50.0,0.009630322456359863,0.0028516650199890137,0.01610071063041687,True,4690,3685
shared,54,"('WT', 'LCTB92')","('Dp1Yey', 'LCTB92')",95.0,0.028503799438476585,0.018509439900517486,0.03778701946139349,True,4690,3685
shared,54,"('WT', 'LCTB92')","('Dp1Yey', 'LCTB92')",99.0,-0.010156604349613074,-0.026287964694202186,0.00628732272237576,False,4690,3685
shared,55,"('WT', 'VEH')","('WT', 'LCTB92')",1.0,nan,nan,nan,False,232,0
shared,55,"('WT', 'VEH')","('WT', 'LCTB92')",5.0,nan,nan,nan,False,232,0
shared,55,"('WT', 'VEH')","('WT', 'LCTB92')",50.0,nan,nan,nan,False,232,0
shared,55,"('WT', 'VEH')","('WT', 'LCTB92')",95.0,nan,nan,nan,False,232,0
shared,55,"('WT', 'VEH')","('WT', 'LCTB92')",99.0,nan,nan,nan,False,232,0
shared,55,"('Dp1Yey', 'VEH')","('Dp1Yey', 'LCTB92')",1.0,nan,nan,nan,False,232,0
shared,55,"('Dp1Yey', 'VEH')","('Dp1Yey', 'LCTB92')",5.0,nan,nan,nan,False,232,0
shared,55,"('Dp1Yey', 'VEH')","('Dp1Yey', 'LCTB92')",50.0,nan,nan,nan,False,232,0
shared,55,"('Dp1Yey', 'VEH')","('Dp1Yey', 'LCTB92')",95.0,nan,nan,nan,False,232,0
shared,55,"('Dp1Yey', 'VEH')","('Dp1Yey', 'LCTB92')",99.0,nan,nan,nan,False,232,0
shared,55,"('WT', 'VEH')","('Dp1Yey', 'VEH')",1.0,0.12244466483592986,0.10989083760976791,0.14928354263305665,True,232,232
shared,55,"('WT', 'VEH')","('Dp1Yey', 'VEH')",5.0,0.14324391186237334,0.12033889889717103,0.15901870131492615,True,232,232
shared,55,"('WT', 'VEH')","('Dp1Yey', 'VEH')",50.0,-0.009355992078781128,-0.031173187494277953,0.059021420776844,False,232,232
shared,55,"('WT', 'VEH')","('Dp1Yey', 'VEH')",95.0,-0.016556024551391824,-0.05629528202116492,0.010733044110238553,False,232,232
shared,55,"('WT', 'VEH')","('Dp1Yey', 'VEH')",99.0,0.028939765393733885,-0.030217369273304977,0.06469011197984198,False,232,232
shared,55,"('WT', 'LCTB92')","('Dp1Yey', 'LCTB92')",1.0,nan,nan,nan,False,0,0
shared,55,"('WT', 'LCTB92')","('Dp1Yey', 'LCTB92')",5.0,nan,nan,nan,False,0,0
shared,55,"('WT', 'LCTB92')","('Dp1Yey', 'LCTB92')",50.0,nan,nan,nan,False,0,0
shared,55,"('WT', 'LCTB92')","('Dp1Yey', 'LCTB92')",95.0,nan,nan,nan,False,0,0
shared,55,"('WT', 'LCTB92')","('Dp1Yey', 'LCTB92')",99.0,nan,nan,nan,False,0,0
shared,55,"('WT', 'VEH')","('WT', 'LCTB92')",1.0,0.09577286064624788,0.08935264903306961,0.10325057896971702,True,3984,4648
shared,55,"('WT', 'VEH')","('WT', 'LCTB92')",5.0,0.0771062195301056,0.06507835336029529,0.09128961279988287,True,3984,4648
shared,55,"('WT', 'VEH')","('WT', 'LCTB92')",50.0,0.08064696192741394,0.07338038645684719,0.08813167847692965,True,3984,4648
shared,55,"('WT', 'VEH')","('WT', 'LCTB92')",95.0,0.0591432660818102,0.05182618293911223,0.0693446972966194,True,3984,4648
shared,55,"('WT', 'VEH')","('WT', 'LCTB92')",99.0,0.048880323916674295,0.038579881191253995,0.06295737986639206,True,3984,4648
shared,55,"('Dp1Yey', 'VEH')","('Dp1Yey', 'LCTB92')",1.0,-0.004389091134071321,-0.012530793711543066,0.009658910661935796,False,3652,3652
shared,55,"('Dp1Yey', 'VEH')","('Dp1Yey', 'LCTB92')",5.0,-0.008351579308509827,-0.02237993575632572,0.0005726441740989748,False,3652,3652
shared,55,"('Dp1Yey', 'VEH')","('Dp1Yey', 'LCTB92')",50.0,-0.003290921449661255,-0.009519662708044052,0.002793207764625547,False,3652,3652
shared,55,"('Dp1Yey', 'VEH')","('Dp1Yey', 'LCTB92')",95.0,-0.03897128254175186,-0.04666630018502478,-0.03021203145384798,True,3652,3652
shared,55,"('Dp1Yey', 'VEH')","('Dp1Yey', 'LCTB92')",99.0,-0.1007304239273068,-0.11382926301658122,-0.0819148671105504,True,3652,3652
shared,55,"('WT', 'VEH')","('Dp1Yey', 'VEH')",1.0,-0.02335484206676483,-0.03161502499878407,-0.014785108968615526,True,3984,3652
shared,55,"('WT', 'VEH')","('Dp1Yey', 'VEH')",5.0,-0.03192867934703825,-0.04085582345724105,-0.022311141639947886,True,3984,3652
shared,55,"('WT', 'VEH')","('Dp1Yey', 'VEH')",50.0,0.09426459670066833,0.08860714137554168,0.10087500847876071,True,3984,3652
shared,55,"('WT', 'VEH')","('Dp1Yey', 'VEH')",95.0,0.12266308516263968,0.11735514197498549,0.13170823324471712,True,3984,3652
shared,55,"('WT', 'VEH')","('Dp1Yey', 'VEH')",99.0,0.14214991822838796,0.1331623361855745,0.15007631204277277,True,3984,3652
shared,55,"('WT', 'LCTB92')","('Dp1Yey', 'LCTB92')",1.0,-0.12351679384708403,-0.13049691325426102,-0.11091141946613789,True,4648,3652
shared,55,"('WT', 'LCTB92')","('Dp1Yey', 'LCTB92')",5.0,-0.11738647818565368,-0.13438246943056584,-0.10584310136735439,True,4648,3652
shared,55,"('WT', 'LCTB92')","('Dp1Yey', 'LCTB92')",50.0,0.01032671332359314,0.0027894802391529084,0.01783425360918045,True,4648,3652
shared,55,"('WT', 'LCTB92')","('Dp1Yey', 'LCTB92')",95.0,0.024548536539077626,0.015520195327699077,0.03505776677280642,True,4648,3652
shared,55,"('WT', 'LCTB92')","('Dp1Yey', 'LCTB92')",99.0,-0.007460829615593134,-0.024553514122962933,0.013254885375499681,False,4648,3652
shared,56,"('WT', 'VEH')","('WT', 'LCTB92')",1.0,nan,nan,nan,False,229,0
shared,56,"('WT', 'VEH')","('WT', 'LCTB92')",5.0,nan,nan,nan,False,229,0
shared,56,"('WT', 'VEH')","('WT', 'LCTB92')",50.0,nan,nan,nan,False,229,0
shared,56,"('WT', 'VEH')","('WT', 'LCTB92')",95.0,nan,nan,nan,False,229,0
shared,56,"('WT', 'VEH')","('WT', 'LCTB92')",99.0,nan,nan,nan,False,229,0
shared,56,"('Dp1Yey', 'VEH')","('Dp1Yey', 'LCTB92')",1.0,nan,nan,nan,False,229,0
shared,56,"('Dp1Yey', 'VEH')","('Dp1Yey', 'LCTB92')",5.0,nan,nan,nan,False,229,0
shared,56,"('Dp1Yey', 'VEH')","('Dp1Yey', 'LCTB92')",50.0,nan,nan,nan,False,229,0
shared,56,"('Dp1Yey', 'VEH')","('Dp1Yey', 'LCTB92')",95.0,nan,nan,nan,False,229,0
shared,56,"('Dp1Yey', 'VEH')","('Dp1Yey', 'LCTB92')",99.0,nan,nan,nan,False,229,0
shared,56,"('WT', 'VEH')","('Dp1Yey', 'VEH')",1.0,0.14924500465393067,0.13342860460281372,0.16328199219703673,True,229,229
shared,56,"('WT', 'VEH')","('Dp1Yey', 'VEH')",5.0,0.13988015651702884,0.12372866928577424,0.16628023087978358,True,229,229
shared,56,"('WT', 'VEH')","('Dp1Yey', 'VEH')",50.0,-0.017019331455230713,-0.03677189350128174,0.04548948407173154,False,229,229
shared,56,"('WT', 'VEH')","('Dp1Yey', 'VEH')",95.0,-0.013320755958557196,-0.06419147387146949,0.028077372610568953,False,229,229
shared,56,"('WT', 'VEH')","('Dp1Yey', 'VEH')",99.0,-0.01179934620857237,-0.03733357787132263,0.04126556277275084,False,229,229
shared,56,"('WT', 'LCTB92')","('Dp1Yey', 'LCTB92')",1.0,nan,nan,nan,False,0,0
shared,56,"('WT', 'LCTB92')","('Dp1Yey', 'LCTB92')",5.0,nan,nan,nan,False,0,0
shared,56,"('WT', 'LCTB92')","('Dp1Yey', 'LCTB92')",50.0,nan,nan,nan,False,0,0
shared,56,"('WT', 'LCTB92')","('Dp1Yey', 'LCTB92')",95.0,nan,nan,nan,False,0,0
shared,56,"('WT', 'LCTB92')","('Dp1Yey', 'LCTB92')",99.0,nan,nan,nan,False,0,0
shared,56,"('WT', 'VEH')","('WT', 'LCTB92')",1.0,0.09698193132877349,0.09009437137842177,0.10214918747544288,True,3948,4606
shared,56,"('WT', 'VEH')","('WT', 'LCTB92')",5.0,0.07771024405956273,0.06211921252310278,0.09009101986885071,True,3948,4606
shared,56,"('WT', 'VEH')","('WT', 'LCTB92')",50.0,0.08053016662597656,0.07286272644996643,0.08772211968898773,True,3948,4606
shared,56,"('WT', 'VEH')","('WT', 'LCTB92')",95.0,0.058820722997188546,0.052680035121738904,0.0663665305450556,True,3948,4606
shared,56,"('WT', 'VEH')","('WT', 'LCTB92')",99.0,0.04633624911308276,0.03739550981670583,0.05913394295796743,True,3948,4606
shared,56,"('Dp1Yey', 'VEH')","('Dp1Yey', 'LCTB92')",1.0,-0.008828923702239977,-0.01595195442438126,0.003164261072874071,False,3619,3619
shared,56,"('Dp1Yey', 'VEH')","('Dp1Yey', 'LCTB92')",5.0,-0.008781516551971458,-0.024107996076345454,-0.00022456243634225157,True,3619,3619
shared,56,"('Dp1Yey', 'VEH')","('Dp1Yey', 'LCTB92')",50.0,-0.003579080104827881,-0.009467290341854095,0.0021936252713203415,False,3619,3619
shared,56,"('Dp1Yey', 'VEH')","('Dp1Yey', 'LCTB92')",95.0,-0.04011400043964386,-0.04830599226057538,-0.03236413985490795,True,3619,3619
shared,56,"('Dp1Yey', 'VEH')","('Dp1Yey', 'LCTB92')",99.0,-0.09686871886253368,-0.1245684931725262,-0.07837470853328703,True,3619,3619
shared,56,"('WT', 'VEH')","('Dp1Yey', 'VEH')",1.0,-0.01938687443733217,-0.03050254726409912,-0.01334551680088043,True,3948,3619
shared,56,"('WT', 'VEH')","('Dp1Yey', 'VEH')",5.0,-0.033221918344497614,-0.04219653360545636,-0.02301622077822682,True,3948,3619
shared,56,"('WT', 'VEH')","('Dp1Yey', 'VEH')",50.0,0.09456935524940491,0.08812468647956848,0.10040763691067695,True,3948,3619
shared,56,"('WT', 'VEH')","('Dp1Yey', 'VEH')",95.0,0.12187779247760777,0.11482094451785088,0.12848443411290622,True,3948,3619
shared,56,"('WT', 'VEH')","('Dp1Yey', 'VEH')",99.0,0.13881936162710162,0.12798422369360923,0.14967934992536883,True,3948,3619
shared,56,"('WT', 'LCTB92')","('Dp1Yey', 'LCTB92')",1.0,-0.12519772946834562,-0.13156262329220772,-0.11580941458046437,True,4606,3619
shared,56,"('WT', 'LCTB92')","('Dp1Yey', 'LCTB92')",5.0,-0.1197136789560318,-0.13617208816111087,-0.10371452465653425,True,4606,3619
shared,56,"('WT', 'LCTB92')","('Dp1Yey', 'LCTB92')",50.0,0.010460108518600464,0.0035166375339031218,0.017635722458362577,True,4606,3619
shared,56,"('WT', 'LCTB92')","('Dp1Yey', 'LCTB92')",95.0,0.022943069040775366,0.013815100193023682,0.03006667625159021,True,4606,3619
shared,56,"('WT', 'LCTB92')","('Dp1Yey', 'LCTB92')",99.0,-0.0043856063485148145,-0.03262702371925116,0.013098610937595312,False,4606,3619
shared,57,"('WT', 'VEH')","('WT', 'LCTB92')",1.0,nan,nan,nan,False,226,0
shared,57,"('WT', 'VEH')","('WT', 'LCTB92')",5.0,nan,nan,nan,False,226,0
shared,57,"('WT', 'VEH')","('WT', 'LCTB92')",50.0,nan,nan,nan,False,226,0
shared,57,"('WT', 'VEH')","('WT', 'LCTB92')",95.0,nan,nan,nan,False,226,0
shared,57,"('WT', 'VEH')","('WT', 'LCTB92')",99.0,nan,nan,nan,False,226,0
shared,57,"('Dp1Yey', 'VEH')","('Dp1Yey', 'LCTB92')",1.0,nan,nan,nan,False,226,0
shared,57,"('Dp1Yey', 'VEH')","('Dp1Yey', 'LCTB92')",5.0,nan,nan,nan,False,226,0
shared,57,"('Dp1Yey', 'VEH')","('Dp1Yey', 'LCTB92')",50.0,nan,nan,nan,False,226,0
shared,57,"('Dp1Yey', 'VEH')","('Dp1Yey', 'LCTB92')",95.0,nan,nan,nan,False,226,0
shared,57,"('Dp1Yey', 'VEH')","('Dp1Yey', 'LCTB92')",99.0,nan,nan,nan,False,226,0
shared,57,"('WT', 'VEH')","('Dp1Yey', 'VEH')",1.0,0.16123005747795105,0.142968088388443,0.16867046058177948,True,226,226
shared,57,"('WT', 'VEH')","('Dp1Yey', 'VEH')",5.0,0.15491552650928497,0.1266524162143469,0.17201303839683532,True,226,226
shared,57,"('WT', 'VEH')","('Dp1Yey', 'VEH')",50.0,-0.01793697476387024,-0.04143047332763672,0.030031954497098914,False,226,226
shared,57,"('WT', 'VEH')","('Dp1Yey', 'VEH')",95.0,-0.025143317878246307,-0.06375930458307266,0.028709700703620902,False,226,226
shared,57,"('WT', 'VEH')","('Dp1Yey', 'VEH')",99.0,-0.015886977314949036,-0.03949063699692488,0.020475265756249403,False,226,226
shared,57,"('WT', 'LCTB92')","('Dp1Yey', 'LCTB92')",1.0,nan,nan,nan,False,0,0
shared,57,"('WT', 'LCTB92')","('Dp1Yey', 'LCTB92')",5.0,nan,nan,nan,False,0,0
shared,57,"('WT', 'LCTB92')","('Dp1Yey', 'LCTB92')",50.0,nan,nan,nan,False,0,0
shared,57,"('WT', 'LCTB92')","('Dp1Yey', 'LCTB92')",95.0,nan,nan,nan,False,0,0
shared,57,"('WT', 'LCTB92')","('Dp1Yey', 'LCTB92')",99.0,nan,nan,nan,False,0,0
shared,57,"('WT', 'VEH')","('WT', 'LCTB92')",1.0,0.0946692532300949,0.08754854990541935,0.10030161891877652,True,3912,4564
shared,57,"('WT', 'VEH')","('WT', 'LCTB92')",5.0,0.07712142765522001,0.06198556050658227,0.08705046497285364,True,3912,4564
shared,57,"('WT', 'VEH')","('WT', 'LCTB92')",50.0,0.07974836230278015,0.07244422286748886,0.0871386356651783,True,3912,4564
shared,57,"('WT', 'VEH')","('WT', 'LCTB92')",95.0,0.05845940113067627,0.0507322173193096,0.06410063229501246,True,3912,4564
shared,57,"('WT', 'VEH')","('WT', 'LCTB92')",99.0,0.04859756171703333,0.0359514751918612,0.058174954380840097,True,3912,4564
shared,57,"('Dp1Yey', 'VEH')","('Dp1Yey', 'LCTB92')",1.0,-0.01451310217380522,-0.021812677755951866,-0.0015014879405498562,True,3586,3586
shared,57,"('Dp1Yey', 'VEH')","('Dp1Yey', 'LCTB92')",5.0,-0.012846395373344421,-0.02541055530309677,-0.002634936943650246,True,3586,3586
shared,57,"('Dp1Yey', 'VEH')","('Dp1Yey', 'LCTB92')",50.0,-0.0029175281524658203,-0.009085091948509216,0.0027783572673797602,False,3586,3586
shared,57,"('Dp1Yey', 'VEH')","('Dp1Yey', 'LCTB92')",95.0,-0.03880981355905533,-0.04855189099907875,-0.028925353288650518,True,3586,3586
shared,57,"('Dp1Yey', 'VEH')","('Dp1Yey', 'LCTB92')",99.0,-0.1018871337175371,-0.12710387565195586,-0.08414488710463032,True,3586,3586
shared,57,"('WT', 'VEH')","('Dp1Yey', 'VEH')",1.0,-0.016408212780952475,-0.029056095585227,-0.008275688350200658,True,3912,3586
shared,57,"('WT', 'VEH')","('Dp1Yey', 'VEH')",5.0,-0.030708977580070518,-0.0408083952218294,-0.021416480615735024,True,3912,3586
shared,57,"('WT', 'VEH')","('Dp1Yey', 'VEH')",50.0,0.09467244148254395,0.08899163976311683,0.10058884173631669,True,3912,3586
shared,57,"('WT', 'VEH')","('Dp1Yey', 'VEH')",95.0,0.11913482695817945,0.11206038065254686,0.12604619190096855,True,3912,3586
shared,57,"('WT', 'VEH')","('Dp1Yey', 'VEH')",99.0,0.1379442662000655,0.12854400025308133,0.14564966596662998,True,3912,3586
shared,57,"('WT', 'LCTB92')","('Dp1Yey', 'LCTB92')",1.0,-0.1255905681848526,-0.13089228074252604,-0.11895834618806843,True,4564,3586
shared,57,"('WT', 'LCTB92')","('Dp1Yey', 'LCTB92')",5.0,-0.12067680060863495,-0.13341059394180774,-0.105346841737628,True,4564,3586
shared,57,"('WT', 'LCTB92')","('Dp1Yey', 'LCTB92')",50.0,0.012006551027297974,0.003561605513095856,0.018860974162817002,True,4564,3586
shared,57,"('WT', 'LCTB92')","('Dp1Yey', 'LCTB92')",95.0,0.021865612268447854,0.012844200059771538,0.031148830354213626,True,4564,3586
shared,57,"('WT', 'LCTB92')","('Dp1Yey', 'LCTB92')",99.0,-0.012540429234504935,-0.038720852740109404,0.007382852859795017,False,4564,3586
shared,58,"('WT', 'VEH')","('WT', 'LCTB92')",1.0,nan,nan,nan,False,223,0
shared,58,"('WT', 'VEH')","('WT', 'LCTB92')",5.0,nan,nan,nan,False,223,0
shared,58,"('WT', 'VEH')","('WT', 'LCTB92')",50.0,nan,nan,nan,False,223,0
shared,58,"('WT', 'VEH')","('WT', 'LCTB92')",95.0,nan,nan,nan,False,223,0
shared,58,"('WT', 'VEH')","('WT', 'LCTB92')",99.0,nan,nan,nan,False,223,0
shared,58,"('Dp1Yey', 'VEH')","('Dp1Yey', 'LCTB92')",1.0,nan,nan,nan,False,223,0
shared,58,"('Dp1Yey', 'VEH')","('Dp1Yey', 'LCTB92')",5.0,nan,nan,nan,False,223,0
shared,58,"('Dp1Yey', 'VEH')","('Dp1Yey', 'LCTB92')",50.0,nan,nan,nan,False,223,0
shared,58,"('Dp1Yey', 'VEH')","('Dp1Yey', 'LCTB92')",95.0,nan,nan,nan,False,223,0
shared,58,"('Dp1Yey', 'VEH')","('Dp1Yey', 'LCTB92')",99.0,nan,nan,nan,False,223,0
shared,58,"('WT', 'VEH')","('Dp1Yey', 'VEH')",1.0,0.15243029713630676,0.1428386116027832,0.16319626092910766,True,223,223
shared,58,"('WT', 'VEH')","('Dp1Yey', 'VEH')",5.0,0.15775998830795288,0.1286113977432251,0.17581425905227663,True,223,223
shared,58,"('WT', 'VEH')","('Dp1Yey', 'VEH')",50.0,-0.015131235122680664,-0.0418622300028801,0.01920502930879589,False,223,223
shared,58,"('WT', 'VEH')","('Dp1Yey', 'VEH')",95.0,-0.0324859082698824,-0.06600110694766016,0.00874242909252593,False,223,223
shared,58,"('WT', 'VEH')","('Dp1Yey', 'VEH')",99.0,0.0014246797561645597,-0.05114769637584682,0.019723049402236903,False,223,223
shared,58,"('WT', 'LCTB92')","('Dp1Yey', 'LCTB92')",1.0,nan,nan,nan,False,0,0
shared,58,"('WT', 'LCTB92')","('Dp1Yey', 'LCTB92')",5.0,nan,nan,nan,False,0,0
shared,58,"('WT', 'LCTB92')","('Dp1Yey', 'LCTB92')",50.0,nan,nan,nan,False,0,0
shared,58,"('WT', 'LCTB92')","('Dp1Yey', 'LCTB92')",95.0,nan,nan,nan,False,0,0
shared,58,"('WT', 'LCTB92')","('Dp1Yey', 'LCTB92')",99.0,nan,nan,nan,False,0,0
shared,58,"('WT', 'VEH')","('WT', 'LCTB92')",1.0,0.09277690470218658,0.08620142671465873,0.09766403159499168,True,3876,4522
shared,58,"('WT', 'VEH')","('WT', 'LCTB92')",5.0,0.07165292501449586,0.06061689853668213,0.08262948602437974,True,3876,4522
shared,58,"('WT', 'VEH')","('WT', 'LCTB92')",50.0,0.08066178858280182,0.07307285815477371,0.08818246833980084,True,3876,4522
shared,58,"('WT', 'VEH')","('WT', 'LCTB92')",95.0,0.057684564590454124,0.04941868741065266,0.06312547586858296,True,3876,4522
shared,58,"('WT', 'VEH')","('WT', 'LCTB92')",99.0,0.04774240702390675,0.03644159010425214,0.06273092061281216,True,3876,4522
shared,58,"('Dp1Yey', 'VEH')","('Dp1Yey', 'LCTB92')",1.0,-0.018047583103179943,-0.026800204873085022,-0.0051506199836731,True,3553,3553
shared,58,"('Dp1Yey', 'VEH')","('Dp1Yey', 'LCTB92')",5.0,-0.016056132316589367,-0.026101655662059794,-0.0040874701738357515,True,3553,3553
shared,58,"('Dp1Yey', 'VEH')","('Dp1Yey', 'LCTB92')",50.0,-0.0033128857612609863,-0.009452500939369201,0.0020802021026611306,False,3553,3553
shared,58,"('Dp1Yey', 'VEH')","('Dp1Yey', 'LCTB92')",95.0,-0.03977930545806874,-0.04820986509323127,-0.031036889255047065,True,3553,3553
shared,58,"('Dp1Yey', 'VEH')","('Dp1Yey', 'LCTB92')",99.0,-0.10701682686805725,-0.12249096299707897,-0.09327870157361039,True,3553,3553
shared,58,"('WT', 'VEH')","('Dp1Yey', 'VEH')",1.0,-0.013593410253524785,-0.02712767943739891,-0.005895028308033943,True,3876,3553
shared,58,"('WT', 'VEH')","('Dp1Yey', 'VEH')",5.0,-0.032482710480690014,-0.04044591039419174,-0.02460147179663182,True,3876,3553
shared,58,"('WT', 'VEH')","('Dp1Yey', 'VEH')",50.0,0.09583862125873566,0.08992950432002544,0.10144680924713612,True,3876,3553
shared,58,"('WT', 'VEH')","('Dp1Yey', 'VEH')",95.0,0.1197763860225678,0.11122566264122731,0.12706254374235884,True,3876,3553
shared,58,"('WT', 'VEH')","('Dp1Yey', 'VEH')",99.0,0.1357180872559547,0.1281728967539966,0.14289591000229118,True,3876,3553
shared,58,"('WT', 'LCTB92')","('Dp1Yey', 'LCTB92')",1.0,-0.12441789805889131,-0.13034111313521862,-0.11762401081621648,True,4522,3553
shared,58,"('WT', 'LCTB92')","('Dp1Yey', 'LCTB92')",5.0,-0.12019176781177524,-0.13357240445911883,-0.10584111899137497,True,4522,3553
shared,58,"('WT', 'LCTB92')","('Dp1Yey', 'LCTB92')",50.0,0.011863946914672852,0.004611557722091675,0.018802740424871442,True,4522,3553
shared,58,"('WT', 'LCTB92')","('Dp1Yey', 'LCTB92')",95.0,0.022312515974044933,0.015298599302768733,0.0304787692055108,True,4522,3553
shared,58,"('WT', 'LCTB92')","('Dp1Yey', 'LCTB92')",99.0,-0.01904114663600931,-0.03931944891810417,-0.001151746988296542,True,4522,3553
shared,59,"('WT', 'VEH')","('WT', 'LCTB92')",1.0,nan,nan,nan,False,220,0
shared,59,"('WT', 'VEH')","('WT', 'LCTB92')",5.0,nan,nan,nan,False,220,0
shared,59,"('WT', 'VEH')","('WT', 'LCTB92')",50.0,nan,nan,nan,False,220,0
shared,59,"('WT', 'VEH')","('WT', 'LCTB92')",95.0,nan,nan,nan,False,220,0
shared,59,"('WT', 'VEH')","('WT', 'LCTB92')",99.0,nan,nan,nan,False,220,0
shared,59,"('Dp1Yey', 'VEH')","('Dp1Yey', 'LCTB92')",1.0,nan,nan,nan,False,220,0
shared,59,"('Dp1Yey', 'VEH')","('Dp1Yey', 'LCTB92')",5.0,nan,nan,nan,False,220,0
shared,59,"('Dp1Yey', 'VEH')","('Dp1Yey', 'LCTB92')",50.0,nan,nan,nan,False,220,0
shared,59,"('Dp1Yey', 'VEH')","('Dp1Yey', 'LCTB92')",95.0,nan,nan,nan,False,220,0
shared,59,"('Dp1Yey', 'VEH')","('Dp1Yey', 'LCTB92')",99.0,nan,nan,nan,False,220,0
shared,59,"('WT', 'VEH')","('Dp1Yey', 'VEH')",1.0,0.14999741673469544,0.14472333244979382,0.15915243162214757,True,220,220
shared,59,"('WT', 'VEH')","('Dp1Yey', 'VEH')",5.0,0.15748189091682432,0.11233596950769424,0.16909926533699038,True,220,220
shared,59,"('WT', 'VEH')","('Dp1Yey', 'VEH')",50.0,-0.014631837606430054,-0.033624996244907376,0.01624974980950355,False,220,220
shared,59,"('WT', 'VEH')","('Dp1Yey', 'VEH')",95.0,-0.03798035979270942,-0.060026935711503054,0.0015017556399105952,False,220,220
shared,59,"('WT', 'VEH')","('Dp1Yey', 'VEH')",99.0,-0.015468216538429225,-0.040816070437431295,0.0252523523569107,False,220,220
shared,59,"('WT', 'LCTB92')","('Dp1Yey', 'LCTB92')",1.0,nan,nan,nan,False,0,0
shared,59,"('WT', 'LCTB92')","('Dp1Yey', 'LCTB92')",5.0,nan,nan,nan,False,0,0
shared,59,"('WT', 'LCTB92')","('Dp1Yey', 'LCTB92')",50.0,nan,nan,nan,False,0,0
shared,59,"('WT', 'LCTB92')","('Dp1Yey', 'LCTB92')",95.0,nan,nan,nan,False,0,0
shared,59,"('WT', 'LCTB92')","('Dp1Yey', 'LCTB92')",99.0,nan,nan,nan,False,0,0
shared,59,"('WT', 'VEH')","('WT', 'LCTB92')",1.0,0.09081255555152892,0.08628403484821319,0.09643399833142756,True,3840,4480
shared,59,"('WT', 'VEH')","('WT', 'LCTB92')",5.0,0.07060340344905852,0.05956585980951786,0.08117877058684822,True,3840,4480
shared,59,"('WT', 'VEH')","('WT', 'LCTB92')",50.0,0.08043590188026428,0.07375334948301315,0.08691823743283748,True,3840,4480
shared,59,"('WT', 'VEH')","('WT', 'LCTB92')",95.0,0.05694311261177054,0.05031545698642735,0.06338948488235467,True,3840,4480
shared,59,"('WT', 'VEH')","('WT', 'LCTB92')",99.0,0.04949952900409693,0.035571661219000975,0.059763075597584245,True,3840,4480
shared,59,"('Dp1Yey', 'VEH')","('Dp1Yey', 'LCTB92')",1.0,-0.022311668395996104,-0.034820045068860064,-0.0033459865748882403,True,3520,3520
shared,59,"('Dp1Yey', 'VEH')","('Dp1Yey', 'LCTB92')",5.0,-0.015232884883880637,-0.024115093648433727,-0.006730763986706752,True,3520,3520
shared,59,"('Dp1Yey', 'VEH')","('Dp1Yey', 'LCTB92')",50.0,-0.0028004348278045654,-0.008362004905939103,0.0027856647968292226,False,3520,3520
shared,59,"('Dp1Yey', 'VEH')","('Dp1Yey', 'LCTB92')",95.0,-0.042297776043415114,-0.0520081545040012,-0.036720085479318994,True,3520,3520
shared,59,"('Dp1Yey', 'VEH')","('Dp1Yey', 'LCTB92')",99.0,-0.10937456518411626,-0.12035123163461679,-0.09143593993037934,True,3520,3520
shared,59,"('WT', 'VEH')","('Dp1Yey', 'VEH')",1.0,-0.00899054229259491,-0.02753989325463772,0.0019654911905527188,False,3840,3520
shared,59,"('WT', 'VEH')","('Dp1Yey', 'VEH')",5.0,-0.03214161694049833,-0.038845464512705805,-0.02558310113847255,True,3840,3520
shared,59,"('WT', 'VEH')","('Dp1Yey', 'VEH')",50.0,0.0946016013622284,0.08865345381200314,0.10021158270537853,True,3840,3520
shared,59,"('WT', 'VEH')","('Dp1Yey', 'VEH')",95.0,0.12073545306921007,0.11377941414713862,0.12879091259092104,True,3840,3520
shared,59,"('WT', 'VEH')","('Dp1Yey', 'VEH')",99.0,0.1323991858959198,0.12422636231780057,0.1383069156110287,True,3840,3520
shared,59,"('WT', 'LCTB92')","('Dp1Yey', 'LCTB92')",1.0,-0.12211476624011994,-0.12947158136963846,-0.1177626757323742,True,4480,3520
shared,59,"('WT', 'LCTB92')","('Dp1Yey', 'LCTB92')",5.0,-0.11797790527343749,-0.13082117475569247,-0.10568464204668998,True,4480,3520
shared,59,"('WT', 'LCTB92')","('Dp1Yey', 'LCTB92')",50.0,0.011365264654159546,0.004502104967832566,0.01791935861110687,True,4480,3520
shared,59,"('WT', 'LCTB92')","('Dp1Yey', 'LCTB92')",95.0,0.02149456441402442,0.014028547853231432,0.027512234374880835,True,4480,3520
shared,59,"('WT', 'LCTB92')","('Dp1Yey', 'LCTB92')",99.0,-0.026474908292293375,-0.041946577876806154,-0.005469906479120153,True,4480,3520
shared,5,"('WT', 'VEH')","('WT', 'LCTB92')",1.0,nan,nan,nan,False,382,0
shared,5,"('WT', 'VEH')","('WT', 'LCTB92')",5.0,nan,nan,nan,False,382,0
shared,5,"('WT', 'VEH')","('WT', 'LCTB92')",50.0,nan,nan,nan,False,382,0
shared,5,"('WT', 'VEH')","('WT', 'LCTB92')",95.0,nan,nan,nan,False,382,0
shared,5,"('WT', 'VEH')","('WT', 'LCTB92')",99.0,nan,nan,nan,False,382,0
shared,5,"('Dp1Yey', 'VEH')","('Dp1Yey', 'LCTB92')",1.0,nan,nan,nan,False,382,0
shared,5,"('Dp1Yey', 'VEH')","('Dp1Yey', 'LCTB92')",5.0,nan,nan,nan,False,382,0
shared,5,"('Dp1Yey', 'VEH')","('Dp1Yey', 'LCTB92')",50.0,nan,nan,nan,False,382,0
shared,5,"('Dp1Yey', 'VEH')","('Dp1Yey', 'LCTB92')",95.0,nan,nan,nan,False,382,0
shared,5,"('Dp1Yey', 'VEH')","('Dp1Yey', 'LCTB92')",99.0,nan,nan,nan,False,382,0
shared,5,"('WT', 'VEH')","('Dp1Yey', 'VEH')",1.0,-0.08928638786077492,-0.15266588331758976,-0.03108683258295064,True,382,382
shared,5,"('WT', 'VEH')","('Dp1Yey', 'VEH')",5.0,-0.011209909617900915,-0.06371310364454986,0.03885012086480844,False,382,382
shared,5,"('WT', 'VEH')","('Dp1Yey', 'VEH')",50.0,0.04606801550835371,0.0256720318691805,0.06663801722461357,True,382,382
shared,5,"('WT', 'VEH')","('Dp1Yey', 'VEH')",95.0,0.03932142369449165,-0.0010158728342503308,0.06741383001208301,False,382,382
shared,5,"('WT', 'VEH')","('Dp1Yey', 'VEH')",99.0,0.037159119099378524,-0.06928365901112565,0.13161575675010684,False,382,382
shared,5,"('WT', 'LCTB92')","('Dp1Yey', 'LCTB92')",1.0,nan,nan,nan,False,0,0
shared,5,"('WT', 'LCTB92')","('Dp1Yey', 'LCTB92')",5.0,nan,nan,nan,False,0,0
shared,5,"('WT', 'LCTB92')","('Dp1Yey', 'LCTB92')",50.0,nan,nan,nan,False,0,0
shared,5,"('WT', 'LCTB92')","('Dp1Yey', 'LCTB92')",95.0,nan,nan,nan,False,0,0
shared,5,"('WT', 'LCTB92')","('Dp1Yey', 'LCTB92')",99.0,nan,nan,nan,False,0,0
shared,5,"('WT', 'VEH')","('WT', 'LCTB92')",1.0,0.03644226849079135,-0.002774165198206893,0.06703319690376518,False,5784,6748
shared,5,"('WT', 'VEH')","('WT', 'LCTB92')",5.0,0.04281860291957862,0.02834055619314313,0.05464285375550389,True,5784,6748
shared,5,"('WT', 'VEH')","('WT', 'LCTB92')",50.0,0.017559591680765152,0.014602949377149343,0.020922268554568288,True,5784,6748
shared,5,"('WT', 'VEH')","('WT', 'LCTB92')",95.0,0.00401899423450236,0.0010378745151684964,0.006690252274274872,True,5784,6748
shared,5,"('WT', 'VEH')","('WT', 'LCTB92')",99.0,0.0024004198238252172,-0.0031979892132801115,0.008497315258719166,False,5784,6748
shared,5,"('Dp1Yey', 'VEH')","('Dp1Yey', 'LCTB92')",1.0,-0.03088906228542332,-0.056010122045874654,-0.004396431274712119,True,5302,5302
shared,5,"('Dp1Yey', 'VEH')","('Dp1Yey', 'LCTB92')",5.0,0.003288139402866319,-0.01687904916703705,0.01666982032358645,False,5302,5302
shared,5,"('Dp1Yey', 'VEH')","('Dp1Yey', 'LCTB92')",50.0,0.0002726316452026367,-0.004218783974647522,0.004894198384135959,False,5302,5302
shared,5,"('Dp1Yey', 'VEH')","('Dp1Yey', 'LCTB92')",95.0,-0.001198944821953818,-0.005322932123672219,0.0027600110508502413,False,5302,5302
shared,5,"('Dp1Yey', 'VEH')","('Dp1Yey', 'LCTB92')",99.0,0.00023784875869781175,-0.005552935553714505,0.0059740774482488655,False,5302,5302
shared,5,"('WT', 'VEH')","('Dp1Yey', 'VEH')",1.0,0.04275308400392541,0.01067927312105894,0.07340584105998273,True,5784,5302
shared,5,"('WT', 'VEH')","('Dp1Yey', 'VEH')",5.0,0.038524916768074124,0.02512517346069217,0.05444320902228356,True,5784,5302
shared,5,"('WT', 'VEH')","('Dp1Yey', 'VEH')",50.0,0.022057507187128067,0.018195028277114035,0.02561114160344004,True,5784,5302
shared,5,"('WT', 'VEH')","('Dp1Yey', 'VEH')",95.0,0.009013972058892206,0.0055985412048174645,0.012458562888204919,True,5784,5302
shared,5,"('WT', 'VEH')","('Dp1Yey', 'VEH')",99.0,0.007491917870938725,0.0031001356523484846,0.01138396018370976,True,5784,5302
shared,5,"('WT', 'LCTB92')","('Dp1Yey', 'LCTB92')",1.0,-0.02457824677228926,-0.05033162240684034,0.010225346788764,False,6748,5302
shared,5,"('WT', 'LCTB92')","('Dp1Yey', 'LCTB92')",5.0,-0.0010055467486381753,-0.01813885338604446,0.013377041667699834,False,6748,5302
shared,5,"('WT', 'LCTB92')","('Dp1Yey', 'LCTB92')",50.0,0.004770547151565552,0.0008736079558730126,0.008844490069895981,True,6748,5302
shared,5,"('WT', 'LCTB92')","('Dp1Yey', 'LCTB92')",95.0,0.003796033002436028,0.0003243650542572141,0.007490072851069184,True,6748,5302
shared,5,"('WT', 'LCTB92')","('Dp1Yey', 'LCTB92')",99.0,0.005329346805811319,-0.002530377942137424,0.011745237801224155,False,6748,5302
shared,60,"('WT', 'VEH')","('WT', 'LCTB92')",1.0,nan,nan,nan,False,217,0
shared,60,"('WT', 'VEH')","('WT', 'LCTB92')",5.0,nan,nan,nan,False,217,0
shared,60,"('WT', 'VEH')","('WT', 'LCTB92')",50.0,nan,nan,nan,False,217,0
shared,60,"('WT', 'VEH')","('WT', 'LCTB92')",95.0,nan,nan,nan,False,217,0
shared,60,"('WT', 'VEH')","('WT', 'LCTB92')",99.0,nan,nan,nan,False,217,0
shared,60,"('Dp1Yey', 'VEH')","('Dp1Yey', 'LCTB92')",1.0,nan,nan,nan,False,217,0
shared,60,"('Dp1Yey', 'VEH')","('Dp1Yey', 'LCTB92')",5.0,nan,nan,nan,False,217,0
shared,60,"('Dp1Yey', 'VEH')","('Dp1Yey', 'LCTB92')",50.0,nan,nan,nan,False,217,0
shared,60,"('Dp1Yey', 'VEH')","('Dp1Yey', 'LCTB92')",95.0,nan,nan,nan,False,217,0
shared,60,"('Dp1Yey', 'VEH')","('Dp1Yey', 'LCTB92')",99.0,nan,nan,nan,False,217,0
shared,60,"('WT', 'VEH')","('Dp1Yey', 'VEH')",1.0,0.151421971321106,0.13754287719726563,0.1566380357146263,True,217,217
shared,60,"('WT', 'VEH')","('Dp1Yey', 'VEH')",5.0,0.13865909576416013,0.1025106307864189,0.15801777839660647,True,217,217
shared,60,"('WT', 'VEH')","('Dp1Yey', 'VEH')",50.0,-0.009952425956726074,-0.03765338659286499,0.021270696818828573,False,217,217
shared,60,"('WT', 'VEH')","('Dp1Yey', 'VEH')",95.0,-0.031026190519332864,-0.055965934544801796,-0.006119901686906958,True,217,217
shared,60,"('WT', 'VEH')","('Dp1Yey', 'VEH')",99.0,-0.006343986988067596,-0.05192647016048432,0.011712203741073596,False,217,217
shared,60,"('WT', 'LCTB92')","('Dp1Yey', 'LCTB92')",1.0,nan,nan,nan,False,0,0
shared,60,"('WT', 'LCTB92')","('Dp1Yey', 'LCTB92')",5.0,nan,nan,nan,False,0,0
shared,60,"('WT', 'LCTB92')","('Dp1Yey', 'LCTB92')",50.0,nan,nan,nan,False,0,0
shared,60,"('WT', 'LCTB92')","('Dp1Yey', 'LCTB92')",95.0,nan,nan,nan,False,0,0
shared,60,"('WT', 'LCTB92')","('Dp1Yey', 'LCTB92')",99.0,nan,nan,nan,False,0,0
shared,60,"('WT', 'VEH')","('WT', 'LCTB92')",1.0,0.0888244915008545,0.08269129832088946,0.09366250671446325,True,3804,4438
shared,60,"('WT', 'VEH')","('WT', 'LCTB92')",5.0,0.06876944303512575,0.05835658326745033,0.07966084510087967,True,3804,4438
shared,60,"('WT', 'VEH')","('WT', 'LCTB92')",50.0,0.08057224750518799,0.07099147066473961,0.0874045342206955,True,3804,4438
shared,60,"('WT', 'VEH')","('WT', 'LCTB92')",95.0,0.05727748125791554,0.047658709622919564,0.06469423025846473,True,3804,4438
shared,60,"('WT', 'VEH')","('WT', 'LCTB92')",99.0,0.04857651427388143,0.033552538998425,0.06837968508526682,True,3804,4438
shared,60,"('Dp1Yey', 'VEH')","('Dp1Yey', 'LCTB92')",1.0,-0.028545114994049076,-0.045535512626171115,-0.0057848830819130035,True,3487,3487
shared,60,"('Dp1Yey', 'VEH')","('Dp1Yey', 'LCTB92')",5.0,-0.013320744037628174,-0.0239280350506306,-0.00586726620793342,True,3487,3487
shared,60,"('Dp1Yey', 'VEH')","('Dp1Yey', 'LCTB92')",50.0,-0.00012600421905517578,-0.005700615048408508,0.004514892399311063,False,3487,3487
shared,60,"('Dp1Yey', 'VEH')","('Dp1Yey', 'LCTB92')",95.0,-0.0455262333154679,-0.052087331712245964,-0.03566113017499465,True,3487,3487
shared,60,"('Dp1Yey', 'VEH')","('Dp1Yey', 'LCTB92')",99.0,-0.10968631148338281,-0.12625633719563517,-0.09247067628800866,True,3487,3487
shared,60,"('WT', 'VEH')","('Dp1Yey', 'VEH')",1.0,-0.006248476505279543,-0.030220823138952257,0.008635060161352157,False,3804,3487
shared,60,"('WT', 'VEH')","('Dp1Yey', 'VEH')",5.0,-0.03514778912067412,-0.04184774518013001,-0.025668080970644984,True,3804,3487
shared,60,"('WT', 'VEH')","('Dp1Yey', 'VEH')",50.0,0.0917084813117981,0.08588990904390811,0.09701254852116106,True,3804,3487
shared,60,"('WT', 'VEH')","('Dp1Yey', 'VEH')",95.0,0.12233845293521894,0.11135332453995939,0.13049264729022975,True,3804,3487
shared,60,"('WT', 'VEH')","('Dp1Yey', 'VEH')",99.0,0.12855754330754277,0.1214768639579415,0.1365631846673785,True,3804,3487
shared,60,"('WT', 'LCTB92')","('Dp1Yey', 'LCTB92')",1.0,-0.12361808300018312,-0.13080493740737437,-0.11698387832939625,True,4438,3487
shared,60,"('WT', 'LCTB92')","('Dp1Yey', 'LCTB92')",5.0,-0.11723797619342805,-0.1289391069114208,-0.10667776539921764,True,4438,3487
shared,60,"('WT', 'LCTB92')","('Dp1Yey', 'LCTB92')",50.0,0.011010229587554932,0.003885670006275177,0.019192628562450405,True,4438,3487
shared,60,"('WT', 'LCTB92')","('Dp1Yey', 'LCTB92')",95.0,0.019534738361835502,0.013116025961935432,0.02806669421494007,True,4438,3487
shared,60,"('WT', 'LCTB92')","('Dp1Yey', 'LCTB92')",99.0,-0.029705282449721482,-0.056352291487157265,-0.007151483938097623,True,4438,3487
shared,61,"('WT', 'VEH')","('WT', 'LCTB92')",1.0,nan,nan,nan,False,214,0
shared,61,"('WT', 'VEH')","('WT', 'LCTB92')",5.0,nan,nan,nan,False,214,0
shared,61,"('WT', 'VEH')","('WT', 'LCTB92')",50.0,nan,nan,nan,False,214,0
shared,61,"('WT', 'VEH')","('WT', 'LCTB92')",95.0,nan,nan,nan,False,214,0
shared,61,"('WT', 'VEH')","('WT', 'LCTB92')",99.0,nan,nan,nan,False,214,0
shared,61,"('Dp1Yey', 'VEH')","('Dp1Yey', 'LCTB92')",1.0,nan,nan,nan,False,214,0
shared,61,"('Dp1Yey', 'VEH')","('Dp1Yey', 'LCTB92')",5.0,nan,nan,nan,False,214,0
shared,61,"('Dp1Yey', 'VEH')","('Dp1Yey', 'LCTB92')",50.0,nan,nan,nan,False,214,0
shared,61,"('Dp1Yey', 'VEH')","('Dp1Yey', 'LCTB92')",95.0,nan,nan,nan,False,214,0
shared,61,"('Dp1Yey', 'VEH')","('Dp1Yey', 'LCTB92')",99.0,nan,nan,nan,False,214,0
shared,61,"('WT', 'VEH')","('Dp1Yey', 'VEH')",1.0,0.1450386917591095,0.11801520526409148,0.15771252691745755,True,214,214
shared,61,"('WT', 'VEH')","('Dp1Yey', 'VEH')",5.0,0.10627328455448154,0.0864943104237318,0.13934593990445135,True,214,214
shared,61,"('WT', 'VEH')","('Dp1Yey', 'VEH')",50.0,0.0016168653964996338,-0.03977837711572647,0.020707280188798898,False,214,214
shared,61,"('WT', 'VEH')","('Dp1Yey', 'VEH')",95.0,-0.015943942964077085,-0.048731531202793096,-0.0009164150804281973,True,214,214
shared,61,"('WT', 'VEH')","('Dp1Yey', 'VEH')",99.0,-0.01817794650793081,-0.07922021876275544,0.03236590832471853,False,214,214
shared,61,"('WT', 'LCTB92')","('Dp1Yey', 'LCTB92')",1.0,nan,nan,nan,False,0,0
shared,61,"('WT', 'LCTB92')","('Dp1Yey', 'LCTB92')",5.0,nan,nan,nan,False,0,0
shared,61,"('WT', 'LCTB92')","('Dp1Yey', 'LCTB92')",50.0,nan,nan,nan,False,0,0
shared,61,"('WT', 'LCTB92')","('Dp1Yey', 'LCTB92')",95.0,nan,nan,nan,False,0,0
shared,61,"('WT', 'LCTB92')","('Dp1Yey', 'LCTB92')",99.0,nan,nan,nan,False,0,0
shared,61,"('WT', 'VEH')","('WT', 'LCTB92')",1.0,0.08532944858074189,0.07957478493452073,0.09064795745909213,True,3768,4396
shared,61,"('WT', 'VEH')","('WT', 'LCTB92')",5.0,0.06869391798973085,0.05811198353767398,0.07808010719716549,True,3768,4396
shared,61,"('WT', 'VEH')","('WT', 'LCTB92')",50.0,0.0779559314250946,0.0702822145074606,0.08581607602536678,True,3768,4396
shared,61,"('WT', 'VEH')","('WT', 'LCTB92')",95.0,0.05754905492067308,0.04935794901102772,0.06661236818879834,True,3768,4396
shared,61,"('WT', 'VEH')","('WT', 'LCTB92')",99.0,0.05698261365294466,0.03745111203566179,0.07797889479994688,True,3768,4396
shared,61,"('Dp1Yey', 'VEH')","('Dp1Yey', 'LCTB92')",1.0,-0.039337450265884394,-0.053085163041949275,-0.005458197757601756,True,3454,3454
shared,61,"('Dp1Yey', 'VEH')","('Dp1Yey', 'LCTB92')",5.0,-0.011986395716667209,-0.02564500205218793,-0.004719513505697261,True,3454,3454
shared,61,"('Dp1Yey', 'VEH')","('Dp1Yey', 'LCTB92')",50.0,-0.0003528296947479248,-0.00518890842795372,0.004451840370893478,False,3454,3454
shared,61,"('Dp1Yey', 'VEH')","('Dp1Yey', 'LCTB92')",95.0,-0.04504790157079697,-0.0515366308763623,-0.03538335341960189,True,3454,3454
shared,61,"('Dp1Yey', 'VEH')","('Dp1Yey', 'LCTB92')",99.0,-0.11730230063199987,-0.13953087463602415,-0.09292160668224121,True,3454,3454
shared,61,"('WT', 'VEH')","('Dp1Yey', 'VEH')",1.0,-0.0030459725856780973,-0.030121142074465736,0.01017166006565095,False,3768,3454
shared,61,"('WT', 'VEH')","('Dp1Yey', 'VEH')",5.0,-0.035450407862663236,-0.0421197074651718,-0.025709102451801323,True,3768,3454
shared,61,"('WT', 'VEH')","('Dp1Yey', 'VEH')",50.0,0.08824527263641357,0.0827286545187235,0.09369948655366897,True,3768,3454
shared,61,"('WT', 'VEH')","('Dp1Yey', 'VEH')",95.0,0.11904418319463705,0.11084204982966187,0.12877215422689905,True,3768,3454
shared,61,"('WT', 'VEH')","('Dp1Yey', 'VEH')",99.0,0.1335460521280767,0.12567616859078423,0.1401940883584318,True,3768,3454
shared,61,"('WT', 'LCTB92')","('Dp1Yey', 'LCTB92')",1.0,-0.12771287143230436,-0.13379830025136472,-0.11497920128703118,True,4396,3454
shared,61,"('WT', 'LCTB92')","('Dp1Yey', 'LCTB92')",5.0,-0.11613072156906129,-0.12927101366221905,-0.10512646138668061,True,4396,3454
shared,61,"('WT', 'LCTB92')","('Dp1Yey', 'LCTB92')",50.0,0.009936511516571045,0.002437968552112579,0.017572607100009914,True,4396,3454
shared,61,"('WT', 'LCTB92')","('Dp1Yey', 'LCTB92')",95.0,0.016447226703167006,0.010162890590727353,0.025750574171543163,True,4396,3454
shared,61,"('WT', 'LCTB92')","('Dp1Yey', 'LCTB92')",99.0,-0.04073886215686784,-0.068275315247476,-0.009162680186330928,True,4396,3454
shared,62,"('WT', 'VEH')","('WT', 'LCTB92')",1.0,nan,nan,nan,False,211,0
shared,62,"('WT', 'VEH')","('WT', 'LCTB92')",5.0,nan,nan,nan,False,211,0
shared,62,"('WT', 'VEH')","('WT', 'LCTB92')",50.0,nan,nan,nan,False,211,0
shared,62,"('WT', 'VEH')","('WT', 'LCTB92')",95.0,nan,nan,nan,False,211,0
shared,62,"('WT', 'VEH')","('WT', 'LCTB92')",99.0,nan,nan,nan,False,211,0
shared,62,"('Dp1Yey', 'VEH')","('Dp1Yey', 'LCTB92')",1.0,nan,nan,nan,False,211,0
shared,62,"('Dp1Yey', 'VEH')","('Dp1Yey', 'LCTB92')",5.0,nan,nan,nan,False,211,0
shared,62,"('Dp1Yey', 'VEH')","('Dp1Yey', 'LCTB92')",50.0,nan,nan,nan,False,211,0
shared,62,"('Dp1Yey', 'VEH')","('Dp1Yey', 'LCTB92')",95.0,nan,nan,nan,False,211,0
shared,62,"('Dp1Yey', 'VEH')","('Dp1Yey', 'LCTB92')",99.0,nan,nan,nan,False,211,0
shared,62,"('WT', 'VEH')","('Dp1Yey', 'VEH')",1.0,0.1364752173423767,0.09272152185440063,0.15612234473228453,True,211,211
shared,62,"('WT', 'VEH')","('Dp1Yey', 'VEH')",5.0,0.0979790985584259,0.0663533367216587,0.12905200570821757,True,211,211
shared,62,"('WT', 'VEH')","('Dp1Yey', 'VEH')",50.0,-0.005394339561462402,-0.048898935317993164,0.029492101073264994,False,211,211
shared,62,"('WT', 'VEH')","('Dp1Yey', 'VEH')",95.0,-0.02424067258834839,-0.05740209296345711,0.0008127275854348813,False,211,211
shared,62,"('WT', 'VEH')","('Dp1Yey', 'VEH')",99.0,-0.014327752590179377,-0.06117023259401319,0.022640837132930768,False,211,211
shared,62,"('WT', 'LCTB92')","('Dp1Yey', 'LCTB92')",1.0,nan,nan,nan,False,0,0
shared,62,"('WT', 'LCTB92')","('Dp1Yey', 'LCTB92')",5.0,nan,nan,nan,False,0,0
shared,62,"('WT', 'LCTB92')","('Dp1Yey', 'LCTB92')",50.0,nan,nan,nan,False,0,0
shared,62,"('WT', 'LCTB92')","('Dp1Yey', 'LCTB92')",95.0,nan,nan,nan,False,0,0
shared,62,"('WT', 'LCTB92')","('Dp1Yey', 'LCTB92')",99.0,nan,nan,nan,False,0,0
shared,62,"('WT', 'VEH')","('WT', 'LCTB92')",1.0,0.0822654551267624,0.07480458809435367,0.08956811027228832,True,3732,4354
shared,62,"('WT', 'VEH')","('WT', 'LCTB92')",5.0,0.06811838746070861,0.057692021876573574,0.07689444459974767,True,3732,4354
shared,62,"('WT', 'VEH')","('WT', 'LCTB92')",50.0,0.0772707611322403,0.0675529096275568,0.08547955341637134,True,3732,4354
shared,62,"('WT', 'VEH')","('WT', 'LCTB92')",95.0,0.06027927398681676,0.04929362874478119,0.06788696251809584,True,3732,4354
shared,62,"('WT', 'VEH')","('WT', 'LCTB92')",99.0,0.06463056266307787,0.04212505804002284,0.08041466511413402,True,3732,4354
shared,62,"('Dp1Yey', 'VEH')","('Dp1Yey', 'LCTB92')",1.0,-0.03761498928070067,-0.05168376088142395,-0.014996647834777832,True,3421,3421
shared,62,"('Dp1Yey', 'VEH')","('Dp1Yey', 'LCTB92')",5.0,-0.014471590518951416,-0.023706506192684173,-0.00478032529354096,True,3421,3421
shared,62,"('Dp1Yey', 'VEH')","('Dp1Yey', 'LCTB92')",50.0,0.0005457401275634766,-0.004591159522533417,0.005695617198944085,False,3421,3421
shared,62,"('Dp1Yey', 'VEH')","('Dp1Yey', 'LCTB92')",95.0,-0.04224896430969238,-0.05064111426472664,-0.03499771505594254,True,3421,3421
shared,62,"('Dp1Yey', 'VEH')","('Dp1Yey', 'LCTB92')",99.0,-0.12040199637413018,-0.1463519467413426,-0.09326705068349862,True,3421,3421
shared,62,"('WT', 'VEH')","('Dp1Yey', 'VEH')",1.0,-0.005556576848030098,-0.028582427501678474,0.009298171341419222,False,3732,3421
shared,62,"('WT', 'VEH')","('Dp1Yey', 'VEH')",5.0,-0.03465168774127961,-0.041471222639083864,-0.025550724044442166,True,3732,3421
shared,62,"('WT', 'VEH')","('Dp1Yey', 'VEH')",50.0,0.08717693388462067,0.08021369799971581,0.09243685156106948,True,3732,3421
shared,62,"('WT', 'VEH')","('Dp1Yey', 'VEH')",95.0,0.1179457098245621,0.10713626891374586,0.12544304598122824,True,3732,3421
shared,62,"('WT', 'VEH')","('Dp1Yey', 'VEH')",99.0,0.13179926395416253,0.12142534792423249,0.13861046043410907,True,3732,3421
shared,62,"('WT', 'LCTB92')","('Dp1Yey', 'LCTB92')",1.0,-0.12543702125549316,-0.13188365484774112,-0.11696598702669143,True,4354,3421
shared,62,"('WT', 'LCTB92')","('Dp1Yey', 'LCTB92')",5.0,-0.11724166572093964,-0.12769872806966304,-0.10400695845484732,True,4354,3421
shared,62,"('WT', 'LCTB92')","('Dp1Yey', 'LCTB92')",50.0,0.010451912879943848,0.002296796441078186,0.018499366939067837,True,4354,3421
shared,62,"('WT', 'LCTB92')","('Dp1Yey', 'LCTB92')",95.0,0.01541747152805295,0.007527540288865544,0.02292771048843855,True,4354,3421
shared,62,"('WT', 'LCTB92')","('Dp1Yey', 'LCTB92')",99.0,-0.05323329508304553,-0.08290622760355451,-0.01893463084846795,True,4354,3421
shared,63,"('WT', 'VEH')","('WT', 'LCTB92')",1.0,nan,nan,nan,False,208,0
shared,63,"('WT', 'VEH')","('WT', 'LCTB92')",5.0,nan,nan,nan,False,208,0
shared,63,"('WT', 'VEH')","('WT', 'LCTB92')",50.0,nan,nan,nan,False,208,0
shared,63,"('WT', 'VEH')","('WT', 'LCTB92')",95.0,nan,nan,nan,False,208,0
shared,63,"('WT', 'VEH')","('WT', 'LCTB92')",99.0,nan,nan,nan,False,208,0
shared,63,"('Dp1Yey', 'VEH')","('Dp1Yey', 'LCTB92')",1.0,nan,nan,nan,False,208,0
shared,63,"('Dp1Yey', 'VEH')","('Dp1Yey', 'LCTB92')",5.0,nan,nan,nan,False,208,0
shared,63,"('Dp1Yey', 'VEH')","('Dp1Yey', 'LCTB92')",50.0,nan,nan,nan,False,208,0
shared,63,"('Dp1Yey', 'VEH')","('Dp1Yey', 'LCTB92')",95.0,nan,nan,nan,False,208,0
shared,63,"('Dp1Yey', 'VEH')","('Dp1Yey', 'LCTB92')",99.0,nan,nan,nan,False,208,0
shared,63,"('WT', 'VEH')","('Dp1Yey', 'VEH')",1.0,0.1013667505979538,0.06285225783288478,0.14040294526517394,True,208,208
shared,63,"('WT', 'VEH')","('Dp1Yey', 'VEH')",5.0,0.0810938388109207,0.06445871554315091,0.10768067009747026,True,208,208
shared,63,"('WT', 'VEH')","('Dp1Yey', 'VEH')",50.0,-0.011385351419448853,-0.04204999655485153,0.03569077178835869,False,208,208
shared,63,"('WT', 'VEH')","('Dp1Yey', 'VEH')",95.0,-0.03310792446136479,-0.06300040140747985,-0.0057070606946946914,True,208,208
shared,63,"('WT', 'VEH')","('Dp1Yey', 'VEH')",99.0,-0.015286678075790316,-0.04318898290395734,0.011129791565239385,False,208,208
shared,63,"('WT', 'LCTB92')","('Dp1Yey', 'LCTB92')",1.0,nan,nan,nan,False,0,0
shared,63,"('WT', 'LCTB92')","('Dp1Yey', 'LCTB92')",5.0,nan,nan,nan,False,0,0
shared,63,"('WT', 'LCTB92')","('Dp1Yey', 'LCTB92')",50.0,nan,nan,nan,False,0,0
shared,63,"('WT', 'LCTB92')","('Dp1Yey', 'LCTB92')",95.0,nan,nan,nan,False,0,0
shared,63,"('WT', 'LCTB92')","('Dp1Yey', 'LCTB92')",99.0,nan,nan,nan,False,0,0
shared,63,"('WT', 'VEH')","('WT', 'LCTB92')",1.0,0.08182134449481966,0.06978670044243336,0.08815383194386961,True,3696,4312
shared,63,"('WT', 'VEH')","('WT', 'LCTB92')",5.0,0.06751537024974821,0.0575960674136877,0.07758962512016294,True,3696,4312
shared,63,"('WT', 'VEH')","('WT', 'LCTB92')",50.0,0.07618363201618195,0.0670810304582119,0.08344791531562805,True,3696,4312
shared,63,"('WT', 'VEH')","('WT', 'LCTB92')",95.0,0.057695102691650346,0.05046253301203251,0.06473595611751079,True,3696,4312
shared,63,"('WT', 'VEH')","('WT', 'LCTB92')",99.0,0.06366213142871835,0.04518895060569029,0.07534287497401237,True,3696,4312
shared,63,"('Dp1Yey', 'VEH')","('Dp1Yey', 'LCTB92')",1.0,-0.03654722571372984,-0.054272883102297775,-0.018603375092148825,True,3388,3388
shared,63,"('Dp1Yey', 'VEH')","('Dp1Yey', 'LCTB92')",5.0,-0.013735550642013539,-0.02720643050968649,-0.003972702473402057,True,3388,3388
shared,63,"('Dp1Yey', 'VEH')","('Dp1Yey', 'LCTB92')",50.0,-0.0008033812046051025,-0.005101349949836731,0.004326545447111128,False,3388,3388
shared,63,"('Dp1Yey', 'VEH')","('Dp1Yey', 'LCTB92')",95.0,-0.04414906650781636,-0.05278339575976131,-0.036930186375975615,True,3388,3388
shared,63,"('Dp1Yey', 'VEH')","('Dp1Yey', 'LCTB92')",99.0,-0.12114773571491255,-0.13833810911327593,-0.08683891290426293,True,3388,3388
shared,63,"('WT', 'VEH')","('Dp1Yey', 'VEH')",1.0,-0.006988343596458418,-0.027416538596153256,0.011103340819478025,False,3696,3388
shared,63,"('WT', 'VEH')","('Dp1Yey', 'VEH')",5.0,-0.03305955827236179,-0.04172179602086544,-0.02473072156310085,True,3696,3388
shared,63,"('WT', 'VEH')","('Dp1Yey', 'VEH')",50.0,0.08394025266170502,0.07799665033817291,0.08938171491026878,True,3696,3388
shared,63,"('WT', 'VEH')","('Dp1Yey', 'VEH')",95.0,0.11430918276309976,0.10658173680305481,0.12225923608988536,True,3696,3388
shared,63,"('WT', 'VEH')","('Dp1Yey', 'VEH')",99.0,0.11928655207157124,0.10976419784128662,0.1295234054327011,True,3696,3388
shared,63,"('WT', 'LCTB92')","('Dp1Yey', 'LCTB92')",1.0,-0.1253569138050079,-0.13182714967429637,-0.11611782257258892,True,4312,3388
shared,63,"('WT', 'LCTB92')","('Dp1Yey', 'LCTB92')",5.0,-0.11431047916412354,-0.1286210960149765,-0.10291886821389198,True,4312,3388
shared,63,"('WT', 'LCTB92')","('Dp1Yey', 'LCTB92')",50.0,0.006953239440917969,0.0002722233533859253,0.015423753857612608,True,4312,3388
shared,63,"('WT', 'LCTB92')","('Dp1Yey', 'LCTB92')",95.0,0.012465013563633054,0.0054185599088668185,0.02002464100718489,True,4312,3388
shared,63,"('WT', 'LCTB92')","('Dp1Yey', 'LCTB92')",99.0,-0.06552331507205966,-0.08522152052819722,-0.026650252833962093,True,4312,3388
shared,64,"('WT', 'VEH')","('WT', 'LCTB92')",1.0,nan,nan,nan,False,205,0
shared,64,"('WT', 'VEH')","('WT', 'LCTB92')",5.0,nan,nan,nan,False,205,0
shared,64,"('WT', 'VEH')","('WT', 'LCTB92')",50.0,nan,nan,nan,False,205,0
shared,64,"('WT', 'VEH')","('WT', 'LCTB92')",95.0,nan,nan,nan,False,205,0
shared,64,"('WT', 'VEH')","('WT', 'LCTB92')",99.0,nan,nan,nan,False,205,0
shared,64,"('Dp1Yey', 'VEH')","('Dp1Yey', 'LCTB92')",1.0,nan,nan,nan,False,205,0
shared,64,"('Dp1Yey', 'VEH')","('Dp1Yey', 'LCTB92')",5.0,nan,nan,nan,False,205,0
shared,64,"('Dp1Yey', 'VEH')","('Dp1Yey', 'LCTB92')",50.0,nan,nan,nan,False,205,0
shared,64,"('Dp1Yey', 'VEH')","('Dp1Yey', 'LCTB92')",95.0,nan,nan,nan,False,205,0
shared,64,"('Dp1Yey', 'VEH')","('Dp1Yey', 'LCTB92')",99.0,nan,nan,nan,False,205,0
shared,64,"('WT', 'VEH')","('Dp1Yey', 'VEH')",1.0,0.06977117538452146,0.05239349848031996,0.0983094300627708,True,205,205
shared,64,"('WT', 'VEH')","('Dp1Yey', 'VEH')",5.0,0.0816606521606445,0.06707204848527903,0.092415811419487,True,205,205
shared,64,"('WT', 'VEH')","('Dp1Yey', 'VEH')",50.0,-0.006533563137054443,-0.0411684513092041,0.027723300457000728,False,205,205
shared,64,"('WT', 'VEH')","('Dp1Yey', 'VEH')",95.0,-0.03360591530799861,-0.05961992010474196,-0.00606155574321756,True,205,205
shared,64,"('WT', 'VEH')","('Dp1Yey', 'VEH')",99.0,-0.008537298440933094,-0.05098192811012281,0.0416299714744094,False,205,205
shared,64,"('WT', 'LCTB92')","('Dp1Yey', 'LCTB92')",1.0,nan,nan,nan,False,0,0
shared,64,"('WT', 'LCTB92')","('Dp1Yey', 'LCTB92')",5.0,nan,nan,nan,False,0,0
shared,64,"('WT', 'LCTB92')","('Dp1Yey', 'LCTB92')",50.0,nan,nan,nan,False,0,0
shared,64,"('WT', 'LCTB92')","('Dp1Yey', 'LCTB92')",95.0,nan,nan,nan,False,0,0
shared,64,"('WT', 'LCTB92')","('Dp1Yey', 'LCTB92')",99.0,nan,nan,nan,False,0,0
shared,64,"('WT', 'VEH')","('WT', 'LCTB92')",1.0,0.07660975337028506,0.06952653114497662,0.08586556424200535,True,3660,4270
shared,64,"('WT', 'VEH')","('WT', 'LCTB92')",5.0,0.06461847722530367,0.05587493374943733,0.07619248047471046,True,3660,4270
shared,64,"('WT', 'VEH')","('WT', 'LCTB92')",50.0,0.0751892477273941,0.06694177351891994,0.08445893079042435,True,3660,4270
shared,64,"('WT', 'VEH')","('WT', 'LCTB92')",95.0,0.0587254494428634,0.050610516853630536,0.06641642164438957,True,3660,4270
shared,64,"('WT', 'VEH')","('WT', 'LCTB92')",99.0,0.061605691313742494,0.04098458176851183,0.07573866367340085,True,3660,4270
shared,64,"('Dp1Yey', 'VEH')","('Dp1Yey', 'LCTB92')",1.0,-0.039732345342636116,-0.05241731259226802,-0.023180789291858662,True,3355,3355
shared,64,"('Dp1Yey', 'VEH')","('Dp1Yey', 'LCTB92')",5.0,-0.012789434194564853,-0.0282236947119236,-0.004386445283889765,True,3355,3355
shared,64,"('Dp1Yey', 'VEH')","('Dp1Yey', 'LCTB92')",50.0,-0.0007590651512145996,-0.005762353539466858,0.00421660542488098,False,3355,3355
shared,64,"('Dp1Yey', 'VEH')","('Dp1Yey', 'LCTB92')",95.0,-0.04763150513172154,-0.055949622467160225,-0.04094315744936477,True,3355,3355
shared,64,"('Dp1Yey', 'VEH')","('Dp1Yey', 'LCTB92')",99.0,-0.11217457830905908,-0.13216718588769447,-0.07945929262042038,True,3355,3355
shared,64,"('WT', 'VEH')","('Dp1Yey', 'VEH')",1.0,-0.005967856049537645,-0.02328645193576814,0.008856362178921695,False,3660,3355
shared,64,"('WT', 'VEH')","('Dp1Yey', 'VEH')",5.0,-0.034090751409530606,-0.039786113798618315,-0.024903855100274055,True,3660,3355
shared,64,"('WT', 'VEH')","('Dp1Yey', 'VEH')",50.0,0.08179770410060883,0.07648259103298187,0.08732788637280464,True,3660,3355
shared,64,"('WT', 'VEH')","('Dp1Yey', 'VEH')",95.0,0.11574857085943224,0.10726874571293599,0.12345114260911937,True,3660,3355
shared,64,"('WT', 'VEH')","('Dp1Yey', 'VEH')",99.0,0.10787738710641837,0.0950155927687879,0.12551585935056112,True,3660,3355
shared,64,"('WT', 'LCTB92')","('Dp1Yey', 'LCTB92')",1.0,-0.12230995476245882,-0.13006344623863697,-0.1166414726525545,True,4270,3355
shared,64,"('WT', 'LCTB92')","('Dp1Yey', 'LCTB92')",5.0,-0.11149866282939913,-0.1289661953598261,-0.10097640603780746,True,4270,3355
shared,64,"('WT', 'LCTB92')","('Dp1Yey', 'LCTB92')",50.0,0.005849391222000122,-0.0029717929661273955,0.013830900192260742,False,4270,3355
shared,64,"('WT', 'LCTB92')","('Dp1Yey', 'LCTB92')",95.0,0.009391616284847304,0.0014999761432409082,0.01580019965767874,True,4270,3355
shared,64,"('WT', 'LCTB92')","('Dp1Yey', 'LCTB92')",99.0,-0.06590288251638321,-0.0829249125644565,-0.030502349987626087,True,4270,3355
shared,65,"('WT', 'VEH')","('WT', 'LCTB92')",1.0,nan,nan,nan,False,202,0
shared,65,"('WT', 'VEH')","('WT', 'LCTB92')",5.0,nan,nan,nan,False,202,0
shared,65,"('WT', 'VEH')","('WT', 'LCTB92')",50.0,nan,nan,nan,False,202,0
shared,65,"('WT', 'VEH')","('WT', 'LCTB92')",95.0,nan,nan,nan,False,202,0
shared,65,"('WT', 'VEH')","('WT', 'LCTB92')",99.0,nan,nan,nan,False,202,0
shared,65,"('Dp1Yey', 'VEH')","('Dp1Yey', 'LCTB92')",1.0,nan,nan,nan,False,202,0
shared,65,"('Dp1Yey', 'VEH')","('Dp1Yey', 'LCTB92')",5.0,nan,nan,nan,False,202,0
shared,65,"('Dp1Yey', 'VEH')","('Dp1Yey', 'LCTB92')",50.0,nan,nan,nan,False,202,0
shared,65,"('Dp1Yey', 'VEH')","('Dp1Yey', 'LCTB92')",95.0,nan,nan,nan,False,202,0
shared,65,"('Dp1Yey', 'VEH')","('Dp1Yey', 'LCTB92')",99.0,nan,nan,nan,False,202,0
shared,65,"('WT', 'VEH')","('Dp1Yey', 'VEH')",1.0,0.059985032081603995,0.047536214202642466,0.08193400681018828,True,202,202
shared,65,"('WT', 'VEH')","('Dp1Yey', 'VEH')",5.0,0.06851605176925657,0.05298260487616062,0.08172658935189249,True,202,202
shared,65,"('WT', 'VEH')","('Dp1Yey', 'VEH')",50.0,-0.007603198289871216,-0.052976466715335846,0.024646605551242814,False,202,202
shared,65,"('WT', 'VEH')","('Dp1Yey', 'VEH')",95.0,-0.029802182316780224,-0.06819031704217193,-0.00750176075845975,True,202,202
shared,65,"('WT', 'VEH')","('Dp1Yey', 'VEH')",99.0,-0.01002246826887132,-0.03778707585483796,0.005271404109895475,False,202,202
shared,65,"('WT', 'LCTB92')","('Dp1Yey', 'LCTB92')",1.0,nan,nan,nan,False,0,0
shared,65,"('WT', 'LCTB92')","('Dp1Yey', 'LCTB92')",5.0,nan,nan,nan,False,0,0
shared,65,"('WT', 'LCTB92')","('Dp1Yey', 'LCTB92')",50.0,nan,nan,nan,False,0,0
shared,65,"('WT', 'LCTB92')","('Dp1Yey', 'LCTB92')",95.0,nan,nan,nan,False,0,0
shared,65,"('WT', 'LCTB92')","('Dp1Yey', 'LCTB92')",99.0,nan,nan,nan,False,0,0
shared,65,"('WT', 'VEH')","('WT', 'LCTB92')",1.0,0.07600100874900817,0.07017563778162002,0.08411304296553135,True,3624,4228
shared,65,"('WT', 'VEH')","('WT', 'LCTB92')",5.0,0.06541378200054165,0.05520387962460519,0.07665519118309021,True,3624,4228
shared,65,"('WT', 'VEH')","('WT', 'LCTB92')",50.0,0.07471716403961182,0.06400211080908776,0.08309563808143136,True,3624,4228
shared,65,"('WT', 'VEH')","('WT', 'LCTB92')",95.0,0.05877210050821291,0.0515009954571725,0.0664078772068023,True,3624,4228
shared,65,"('WT', 'VEH')","('WT', 'LCTB92')",99.0,0.05451170861721122,0.038749109402301626,0.07270888566970823,True,3624,4228
shared,65,"('Dp1Yey', 'VEH')","('Dp1Yey', 'LCTB92')",1.0,-0.042803617715835574,-0.05229639160633087,-0.02513043987751007,True,3322,3322
shared,65,"('Dp1Yey', 'VEH')","('Dp1Yey', 'LCTB92')",5.0,-0.015749752521514893,-0.029793547317385653,-0.005577336400747318,True,3322,3322
shared,65,"('Dp1Yey', 'VEH')","('Dp1Yey', 'LCTB92')",50.0,-0.00015860795974731445,-0.005831284075975418,0.004702300578355789,False,3322,3322
shared,65,"('Dp1Yey', 'VEH')","('Dp1Yey', 'LCTB92')",95.0,-0.05137989670038223,-0.059861732050776696,-0.04401493072509766,True,3322,3322
shared,65,"('Dp1Yey', 'VEH')","('Dp1Yey', 'LCTB92')",99.0,-0.11131139904260645,-0.1334379287138582,-0.09143348442763098,True,3322,3322
shared,65,"('WT', 'VEH')","('Dp1Yey', 'VEH')",1.0,-0.006912616491317747,-0.02343439541757106,0.005183149531483633,False,3624,3322
shared,65,"('WT', 'VEH')","('Dp1Yey', 'VEH')",5.0,-0.03221250176429752,-0.03941017635166647,-0.02348038218915463,True,3624,3322
shared,65,"('WT', 'VEH')","('Dp1Yey', 'VEH')",50.0,0.0792030394077301,0.07356390133500099,0.08599855601787566,True,3624,3322
shared,65,"('WT', 'VEH')","('Dp1Yey', 'VEH')",95.0,0.11578936725854871,0.10757476337254043,0.12367716729640958,True,3624,3322
shared,65,"('WT', 'VEH')","('Dp1Yey', 'VEH')",99.0,0.10420153170824065,0.08715592666715383,0.12454333546012626,True,3624,3322
shared,65,"('WT', 'LCTB92')","('Dp1Yey', 'LCTB92')",1.0,-0.1257172429561615,-0.13082567834854125,-0.11867994517087936,True,4228,3322
shared,65,"('WT', 'LCTB92')","('Dp1Yey', 'LCTB92')",5.0,-0.11337603628635406,-0.12861430212855343,-0.10040075577795508,True,4228,3322
shared,65,"('WT', 'LCTB92')","('Dp1Yey', 'LCTB92')",50.0,0.004327267408370972,-0.003495277464389801,0.014980373531579966,False,4228,3322
shared,65,"('WT', 'LCTB92')","('Dp1Yey', 'LCTB92')",95.0,0.005637370049953572,-0.0020430498197674535,0.011685250215232309,False,4228,3322
shared,65,"('WT', 'LCTB92')","('Dp1Yey', 'LCTB92')",99.0,-0.06162157595157702,-0.08157695784419773,-0.04189096975326617,True,4228,3322
shared,66,"('WT', 'VEH')","('WT', 'LCTB92')",1.0,nan,nan,nan,False,199,0
shared,66,"('WT', 'VEH')","('WT', 'LCTB92')",5.0,nan,nan,nan,False,199,0
shared,66,"('WT', 'VEH')","('WT', 'LCTB92')",50.0,nan,nan,nan,False,199,0
shared,66,"('WT', 'VEH')","('WT', 'LCTB92')",95.0,nan,nan,nan,False,199,0
shared,66,"('WT', 'VEH')","('WT', 'LCTB92')",99.0,nan,nan,nan,False,199,0
shared,66,"('Dp1Yey', 'VEH')","('Dp1Yey', 'LCTB92')",1.0,nan,nan,nan,False,199,0
shared,66,"('Dp1Yey', 'VEH')","('Dp1Yey', 'LCTB92')",5.0,nan,nan,nan,False,199,0
shared,66,"('Dp1Yey', 'VEH')","('Dp1Yey', 'LCTB92')",50.0,nan,nan,nan,False,199,0
shared,66,"('Dp1Yey', 'VEH')","('Dp1Yey', 'LCTB92')",95.0,nan,nan,nan,False,199,0
shared,66,"('Dp1Yey', 'VEH')","('Dp1Yey', 'LCTB92')",99.0,nan,nan,nan,False,199,0
shared,66,"('WT', 'VEH')","('Dp1Yey', 'VEH')",1.0,0.06547033071517944,0.04776963689923287,0.08114967325329782,True,199,199
shared,66,"('WT', 'VEH')","('Dp1Yey', 'VEH')",5.0,0.060767918825149536,0.041852798014879226,0.08262255191802981,True,199,199
shared,66,"('WT', 'VEH')","('Dp1Yey', 'VEH')",50.0,0.0024739503860473633,-0.06377208232879639,0.025645194947719552,False,199,199
shared,66,"('WT', 'VEH')","('Dp1Yey', 'VEH')",95.0,-0.033245009183883734,-0.06027197539806367,-0.012438608631491693,True,199,199
shared,66,"('WT', 'VEH')","('Dp1Yey', 'VEH')",99.0,-0.037395307421684176,-0.058818447440862634,-0.0035942512452602363,True,199,199
shared,66,"('WT', 'LCTB92')","('Dp1Yey', 'LCTB92')",1.0,nan,nan,nan,False,0,0
shared,66,"('WT', 'LCTB92')","('Dp1Yey', 'LCTB92')",5.0,nan,nan,nan,False,0,0
shared,66,"('WT', 'LCTB92')","('Dp1Yey', 'LCTB92')",50.0,nan,nan,nan,False,0,0
shared,66,"('WT', 'LCTB92')","('Dp1Yey', 'LCTB92')",95.0,nan,nan,nan,False,0,0
shared,66,"('WT', 'LCTB92')","('Dp1Yey', 'LCTB92')",99.0,nan,nan,nan,False,0,0
shared,66,"('WT', 'VEH')","('WT', 'LCTB92')",1.0,0.07576660096645355,0.06792735068500041,0.08428256027400494,True,3588,4186
shared,66,"('WT', 'VEH')","('WT', 'LCTB92')",5.0,0.06444987058639526,0.05336354896426201,0.07795582093298434,True,3588,4186
shared,66,"('WT', 'VEH')","('WT', 'LCTB92')",50.0,0.07369807362556458,0.06335309147834778,0.08274466916918755,True,3588,4186
shared,66,"('WT', 'VEH')","('WT', 'LCTB92')",95.0,0.05799936652183524,0.05023253712803112,0.06511340104043462,True,3588,4186
shared,66,"('WT', 'VEH')","('WT', 'LCTB92')",99.0,0.05536094069480901,0.04370258734375258,0.07026665117591624,True,3588,4186
shared,66,"('Dp1Yey', 'VEH')","('Dp1Yey', 'LCTB92')",1.0,-0.03881602287292482,-0.05203740513324737,-0.023337490141391783,True,3289,3289
shared,66,"('Dp1Yey', 'VEH')","('Dp1Yey', 'LCTB92')",5.0,-0.016261887550354015,-0.031752387583255735,-0.00750086843967436,True,3289,3289
shared,66,"('Dp1Yey', 'VEH')","('Dp1Yey', 'LCTB92')",50.0,-0.002051055431365967,-0.0075515016913414,0.00473563969135284,False,3289,3289
shared,66,"('Dp1Yey', 'VEH')","('Dp1Yey', 'LCTB92')",95.0,-0.05889912247657769,-0.06569795817136763,-0.04724527060985563,True,3289,3289
shared,66,"('Dp1Yey', 'VEH')","('Dp1Yey', 'LCTB92')",99.0,-0.119721714258194,-0.13683544659614577,-0.09597554102540004,True,3289,3289
shared,66,"('WT', 'VEH')","('Dp1Yey', 'VEH')",1.0,-0.011730388998985292,-0.026857241541147266,0.0019344054311513682,False,3588,3289
shared,66,"('WT', 'VEH')","('Dp1Yey', 'VEH')",5.0,-0.03169062435626982,-0.03782603792846202,-0.02269235737621785,True,3588,3289
shared,66,"('WT', 'VEH')","('Dp1Yey', 'VEH')",50.0,0.07975178956985474,0.0729365773499012,0.08565578460693359,True,3588,3289
shared,66,"('WT', 'VEH')","('Dp1Yey', 'VEH')",95.0,0.11602524220943444,0.10615034434944373,0.12446212191134697,True,3588,3289
shared,66,"('WT', 'VEH')","('Dp1Yey', 'VEH')",99.0,0.10112126857042325,0.08679938290268231,0.1193271733224392,True,3588,3289
shared,66,"('WT', 'LCTB92')","('Dp1Yey', 'LCTB92')",1.0,-0.12631301283836366,-0.13374083684384824,-0.11862216763198376,True,4186,3289
shared,66,"('WT', 'LCTB92')","('Dp1Yey', 'LCTB92')",5.0,-0.11240238249301909,-0.13009198814630507,-0.09825860664248466,True,4186,3289
shared,66,"('WT', 'LCTB92')","('Dp1Yey', 'LCTB92')",50.0,0.004002660512924194,-0.004199875146150589,0.014921379089355466,False,4186,3289
shared,66,"('WT', 'LCTB92')","('Dp1Yey', 'LCTB92')",95.0,-0.0008732467889784878,-0.005989084951579571,0.009221969172358504,False,4186,3289
shared,66,"('WT', 'LCTB92')","('Dp1Yey', 'LCTB92')",99.0,-0.07396138638257976,-0.08671937327831993,-0.04845828666537842,True,4186,3289
shared,67,"('WT', 'VEH')","('WT', 'LCTB92')",1.0,nan,nan,nan,False,196,0
shared,67,"('WT', 'VEH')","('WT', 'LCTB92')",5.0,nan,nan,nan,False,196,0
shared,67,"('WT', 'VEH')","('WT', 'LCTB92')",50.0,nan,nan,nan,False,196,0
shared,67,"('WT', 'VEH')","('WT', 'LCTB92')",95.0,nan,nan,nan,False,196,0
shared,67,"('WT', 'VEH')","('WT', 'LCTB92')",99.0,nan,nan,nan,False,196,0
shared,67,"('Dp1Yey', 'VEH')","('Dp1Yey', 'LCTB92')",1.0,nan,nan,nan,False,196,0
shared,67,"('Dp1Yey', 'VEH')","('Dp1Yey', 'LCTB92')",5.0,nan,nan,nan,False,196,0
shared,67,"('Dp1Yey', 'VEH')","('Dp1Yey', 'LCTB92')",50.0,nan,nan,nan,False,196,0
shared,67,"('Dp1Yey', 'VEH')","('Dp1Yey', 'LCTB92')",95.0,nan,nan,nan,False,196,0
shared,67,"('Dp1Yey', 'VEH')","('Dp1Yey', 'LCTB92')",99.0,nan,nan,nan,False,196,0
shared,67,"('WT', 'VEH')","('Dp1Yey', 'VEH')",1.0,0.06638090610504149,0.03656709790229795,0.07601242065429686,True,196,196
shared,67,"('WT', 'VEH')","('Dp1Yey', 'VEH')",5.0,0.05311116576194763,0.026699895039200783,0.06811611577868461,True,196,196
shared,67,"('WT', 'VEH')","('Dp1Yey', 'VEH')",50.0,0.009672582149505615,-0.0507137842476368,0.025102382153272616,False,196,196
shared,67,"('WT', 'VEH')","('Dp1Yey', 'VEH')",95.0,-0.033731184899806976,-0.05471691563725471,-0.02288665454834702,True,196,196
shared,67,"('WT', 'VEH')","('Dp1Yey', 'VEH')",99.0,-0.054811711609364044,-0.09823049306869502,-0.024037658944726058,True,196,196
shared,67,"('WT', 'LCTB92')","('Dp1Yey', 'LCTB92')",1.0,nan,nan,nan,False,0,0
shared,67,"('WT', 'LCTB92')","('Dp1Yey', 'LCTB92')",5.0,nan,nan,nan,False,0,0
shared,67,"('WT', 'LCTB92')","('Dp1Yey', 'LCTB92')",50.0,nan,nan,nan,False,0,0
shared,67,"('WT', 'LCTB92')","('Dp1Yey', 'LCTB92')",95.0,nan,nan,nan,False,0,0
shared,67,"('WT', 'LCTB92')","('Dp1Yey', 'LCTB92')",99.0,nan,nan,nan,False,0,0
shared,67,"('WT', 'VEH')","('WT', 'LCTB92')",1.0,0.07568707048892975,0.06813830913603307,0.08374966110289096,True,3552,4144
shared,67,"('WT', 'VEH')","('WT', 'LCTB92')",5.0,0.06443204879760742,0.05311821550130845,0.07780269995331765,True,3552,4144
shared,67,"('WT', 'VEH')","('WT', 'LCTB92')",50.0,0.07291385531425476,0.06347043886780739,0.08340727388858794,True,3552,4144
shared,67,"('WT', 'VEH')","('WT', 'LCTB92')",95.0,0.0532462880015373,0.04512739330530169,0.061860695220530074,True,3552,4144
shared,67,"('WT', 'VEH')","('WT', 'LCTB92')",99.0,0.06401579022407522,0.05379071493446839,0.07366339360177492,True,3552,4144
shared,67,"('Dp1Yey', 'VEH')","('Dp1Yey', 'LCTB92')",1.0,-0.03700831830501555,-0.048959072604775444,-0.02162482790648937,True,3256,3256
shared,67,"('Dp1Yey', 'VEH')","('Dp1Yey', 'LCTB92')",5.0,-0.020683974027633667,-0.03327894136309624,-0.011830576881766334,True,3256,3256
shared,67,"('Dp1Yey', 'VEH')","('Dp1Yey', 'LCTB92')",50.0,-0.002191990613937378,-0.00737461969256401,0.0035535678267478938,False,3256,3256
shared,67,"('Dp1Yey', 'VEH')","('Dp1Yey', 'LCTB92')",95.0,-0.06441278755664825,-0.07117982879281044,-0.05136275067925453,True,3256,3256
shared,67,"('Dp1Yey', 'VEH')","('Dp1Yey', 'LCTB92')",99.0,-0.12151534557342547,-0.1356461315974591,-0.10195964761078344,True,3256,3256
shared,67,"('WT', 'VEH')","('Dp1Yey', 'VEH')",1.0,-0.015515623092651365,-0.030069726258516307,-0.0015258015096187446,True,3552,3256
shared,67,"('WT', 'VEH')","('Dp1Yey', 'VEH')",5.0,-0.027700990438461304,-0.03669938176870346,-0.0204707059264183,True,3552,3256
shared,67,"('WT', 'VEH')","('Dp1Yey', 'VEH')",50.0,0.0791444182395935,0.07330766692757607,0.0844674065709114,True,3552,3256
shared,67,"('WT', 'VEH')","('Dp1Yey', 'VEH')",95.0,0.11261653304100039,0.10248390223830943,0.12174318641424155,True,3552,3256
shared,67,"('WT', 'VEH')","('Dp1Yey', 'VEH')",99.0,0.1098329436779023,0.09519094988703726,0.12224850166589027,True,3552,3256
shared,67,"('WT', 'LCTB92')","('Dp1Yey', 'LCTB92')",1.0,-0.12821101188659667,-0.13414536321163179,-0.12092686961591245,True,4144,3256
shared,67,"('WT', 'LCTB92')","('Dp1Yey', 'LCTB92')",5.0,-0.11281701326370239,-0.13030251607298848,-0.10086817160248758,True,4144,3256
shared,67,"('WT', 'LCTB92')","('Dp1Yey', 'LCTB92')",50.0,0.004038572311401367,-0.0064041510224342344,0.013208786398172374,False,4144,3256
shared,67,"('WT', 'LCTB92')","('Dp1Yey', 'LCTB92')",95.0,-0.005042542517185167,-0.011445909179747235,0.005947083234786987,False,4144,3256
shared,67,"('WT', 'LCTB92')","('Dp1Yey', 'LCTB92')",99.0,-0.07569819211959838,-0.08687091932445792,-0.05812276124209027,True,4144,3256
shared,68,"('WT', 'VEH')","('WT', 'LCTB92')",1.0,nan,nan,nan,False,193,0
shared,68,"('WT', 'VEH')","('WT', 'LCTB92')",5.0,nan,nan,nan,False,193,0
shared,68,"('WT', 'VEH')","('WT', 'LCTB92')",50.0,nan,nan,nan,False,193,0
shared,68,"('WT', 'VEH')","('WT', 'LCTB92')",95.0,nan,nan,nan,False,193,0
shared,68,"('WT', 'VEH')","('WT', 'LCTB92')",99.0,nan,nan,nan,False,193,0
shared,68,"('Dp1Yey', 'VEH')","('Dp1Yey', 'LCTB92')",1.0,nan,nan,nan,False,193,0
shared,68,"('Dp1Yey', 'VEH')","('Dp1Yey', 'LCTB92')",5.0,nan,nan,nan,False,193,0
shared,68,"('Dp1Yey', 'VEH')","('Dp1Yey', 'LCTB92')",50.0,nan,nan,nan,False,193,0
shared,68,"('Dp1Yey', 'VEH')","('Dp1Yey', 'LCTB92')",95.0,nan,nan,nan,False,193,0
shared,68,"('Dp1Yey', 'VEH')","('Dp1Yey', 'LCTB92')",99.0,nan,nan,nan,False,193,0
shared,68,"('WT', 'VEH')","('Dp1Yey', 'VEH')",1.0,0.04873533010482789,0.03794313043355944,0.06209203481674197,True,193,193
shared,68,"('WT', 'VEH')","('Dp1Yey', 'VEH')",5.0,0.046131014823913574,0.019063119888305665,0.060456082820892335,True,193,193
shared,68,"('WT', 'VEH')","('Dp1Yey', 'VEH')",50.0,0.013070642948150635,-0.03881421238183975,0.03143684715032577,False,193,193
shared,68,"('WT', 'VEH')","('Dp1Yey', 'VEH')",95.0,-0.040009194612503074,-0.06216414898633964,-0.022824386060237897,True,193,193
shared,68,"('WT', 'VEH')","('Dp1Yey', 'VEH')",99.0,-0.06350064635276798,-0.10566902160644531,-0.020379697442054753,True,193,193
shared,68,"('WT', 'LCTB92')","('Dp1Yey', 'LCTB92')",1.0,nan,nan,nan,False,0,0
shared,68,"('WT', 'LCTB92')","('Dp1Yey', 'LCTB92')",5.0,nan,nan,nan,False,0,0
shared,68,"('WT', 'LCTB92')","('Dp1Yey', 'LCTB92')",50.0,nan,nan,nan,False,0,0
shared,68,"('WT', 'LCTB92')","('Dp1Yey', 'LCTB92')",95.0,nan,nan,nan,False,0,0
shared,68,"('WT', 'LCTB92')","('Dp1Yey', 'LCTB92')",99.0,nan,nan,nan,False,0,0
shared,68,"('WT', 'VEH')","('WT', 'LCTB92')",1.0,0.07705560088157655,0.0677643083781004,0.08225721694529056,True,3516,4102
shared,68,"('WT', 'VEH')","('WT', 'LCTB92')",5.0,0.06575816571712495,0.05092620305716991,0.07901108145713806,True,3516,4102
shared,68,"('WT', 'VEH')","('WT', 'LCTB92')",50.0,0.0735088586807251,0.06243923306465149,0.08362593576312065,True,3516,4102
shared,68,"('WT', 'VEH')","('WT', 'LCTB92')",95.0,0.0552585110068321,0.04480573374778028,0.06329555764794348,True,3516,4102
shared,68,"('WT', 'VEH')","('WT', 'LCTB92')",99.0,0.0681560716032984,0.0563467787951231,0.07613429909199491,True,3516,4102
shared,68,"('Dp1Yey', 'VEH')","('Dp1Yey', 'LCTB92')",1.0,-0.03367895007133484,-0.04514527162909507,-0.020648694157600418,True,3223,3223
shared,68,"('Dp1Yey', 'VEH')","('Dp1Yey', 'LCTB92')",5.0,-0.023024678230285645,-0.03071605384349821,-0.016242011040449138,True,3223,3223
shared,68,"('Dp1Yey', 'VEH')","('Dp1Yey', 'LCTB92')",50.0,-0.003064095973968506,-0.007471324503421783,0.0025034040212631213,False,3223,3223
shared,68,"('Dp1Yey', 'VEH')","('Dp1Yey', 'LCTB92')",95.0,-0.0675057262182236,-0.0763883363455533,-0.05489448539912713,True,3223,3223
shared,68,"('Dp1Yey', 'VEH')","('Dp1Yey', 'LCTB92')",99.0,-0.12424511432647656,-0.1386518862694509,-0.10881950356066233,True,3223,3223
shared,68,"('WT', 'VEH')","('Dp1Yey', 'VEH')",1.0,-0.01896894931793211,-0.033625020235776897,-0.007318058058619509,True,3516,3223
shared,68,"('WT', 'VEH')","('Dp1Yey', 'VEH')",5.0,-0.02813040614128115,-0.034499395862221706,-0.019268984571099303,True,3516,3223
shared,68,"('WT', 'VEH')","('Dp1Yey', 'VEH')",50.0,0.07880431413650513,0.07245640084147453,0.084184230864048,True,3516,3223
shared,68,"('WT', 'VEH')","('Dp1Yey', 'VEH')",95.0,0.11442511230707175,0.10122078485786914,0.12414028719067587,True,3516,3223
shared,68,"('WT', 'VEH')","('Dp1Yey', 'VEH')",99.0,0.10819253593683253,0.097933710642159,0.12073735691607078,True,3516,3223
shared,68,"('WT', 'LCTB92')","('Dp1Yey', 'LCTB92')",1.0,-0.12970350027084349,-0.13500222980976107,-0.12337276169657707,True,4102,3223
shared,68,"('WT', 'LCTB92')","('Dp1Yey', 'LCTB92')",5.0,-0.11691325008869174,-0.12896653637290004,-0.10135924473404884,True,4102,3223
shared,68,"('WT', 'LCTB92')","('Dp1Yey', 'LCTB92')",50.0,0.0022313594818115234,-0.007139331102371216,0.013066264986991868,False,4102,3223
shared,68,"('WT', 'LCTB92')","('Dp1Yey', 'LCTB92')",95.0,-0.008339124917983942,-0.016134788393973913,0.0020666882395744325,False,4102,3223
shared,68,"('WT', 'LCTB92')","('Dp1Yey', 'LCTB92')",99.0,-0.08420864999294242,-0.0964804065227508,-0.0682064774706966,True,4102,3223
shared,69,"('WT', 'VEH')","('WT', 'LCTB92')",1.0,nan,nan,nan,False,190,0
shared,69,"('WT', 'VEH')","('WT', 'LCTB92')",5.0,nan,nan,nan,False,190,0
shared,69,"('WT', 'VEH')","('WT', 'LCTB92')",50.0,nan,nan,nan,False,190,0
shared,69,"('WT', 'VEH')","('WT', 'LCTB92')",95.0,nan,nan,nan,False,190,0
shared,69,"('WT', 'VEH')","('WT', 'LCTB92')",99.0,nan,nan,nan,False,190,0
shared,69,"('Dp1Yey', 'VEH')","('Dp1Yey', 'LCTB92')",1.0,nan,nan,nan,False,190,0
shared,69,"('Dp1Yey', 'VEH')","('Dp1Yey', 'LCTB92')",5.0,nan,nan,nan,False,190,0
shared,69,"('Dp1Yey', 'VEH')","('Dp1Yey', 'LCTB92')",50.0,nan,nan,nan,False,190,0
shared,69,"('Dp1Yey', 'VEH')","('Dp1Yey', 'LCTB92')",95.0,nan,nan,nan,False,190,0
shared,69,"('Dp1Yey', 'VEH')","('Dp1Yey', 'LCTB92')",99.0,nan,nan,nan,False,190,0
shared,69,"('WT', 'VEH')","('Dp1Yey', 'VEH')",1.0,0.03877112746238709,0.02175652563571928,0.056386757194995814,True,190,190
shared,69,"('WT', 'VEH')","('Dp1Yey', 'VEH')",5.0,0.04081807434558865,0.018462290093302747,0.05593682080507276,True,190,190
shared,69,"('WT', 'VEH')","('Dp1Yey', 'VEH')",50.0,0.007240474224090576,-0.030418262630701066,0.03931517302989959,False,190,190
shared,69,"('WT', 'VEH')","('Dp1Yey', 'VEH')",95.0,-0.04919138103723519,-0.06847194373607643,-0.03152604464441534,True,190,190
shared,69,"('WT', 'VEH')","('Dp1Yey', 'VEH')",99.0,-0.06433461934328077,-0.07876593242585678,-0.03696509361267059,True,190,190
shared,69,"('WT', 'LCTB92')","('Dp1Yey', 'LCTB92')",1.0,nan,nan,nan,False,0,0
shared,69,"('WT', 'LCTB92')","('Dp1Yey', 'LCTB92')",5.0,nan,nan,nan,False,0,0
shared,69,"('WT', 'LCTB92')","('Dp1Yey', 'LCTB92')",50.0,nan,nan,nan,False,0,0
shared,69,"('WT', 'LCTB92')","('Dp1Yey', 'LCTB92')",95.0,nan,nan,nan,False,0,0
shared,69,"('WT', 'LCTB92')","('Dp1Yey', 'LCTB92')",99.0,nan,nan,nan,False,0,0
shared,69,"('WT', 'VEH')","('WT', 'LCTB92')",1.0,0.07480077743530272,0.06811974167823792,0.0810214802622795,True,3480,4060
shared,69,"('WT', 'VEH')","('WT', 'LCTB92')",5.0,0.0692165195941925,0.05550485752522946,0.07941958270967008,True,3480,4060
shared,69,"('WT', 'VEH')","('WT', 'LCTB92')",50.0,0.06986919045448303,0.06235957816243172,0.07968738079071044,True,3480,4060
shared,69,"('WT', 'VEH')","('WT', 'LCTB92')",95.0,0.05632502287626262,0.048108372464775936,0.06592944432049988,True,3480,4060
shared,69,"('WT', 'VEH')","('WT', 'LCTB92')",99.0,0.06838159710168845,0.060130497649312054,0.07769281327724457,True,3480,4060
shared,69,"('Dp1Yey', 'VEH')","('Dp1Yey', 'LCTB92')",1.0,-0.029062451720237747,-0.04004277810454369,-0.017276334881782544,True,3190,3190
shared,69,"('Dp1Yey', 'VEH')","('Dp1Yey', 'LCTB92')",5.0,-0.025360608100891135,-0.032469567880034425,-0.017548373714089394,True,3190,3190
shared,69,"('Dp1Yey', 'VEH')","('Dp1Yey', 'LCTB92')",50.0,-0.002254188060760498,-0.00773719921708107,0.0037402458488941153,False,3190,3190
shared,69,"('Dp1Yey', 'VEH')","('Dp1Yey', 'LCTB92')",95.0,-0.06776886284351347,-0.07957067273557188,-0.05756994746625424,True,3190,3190
shared,69,"('Dp1Yey', 'VEH')","('Dp1Yey', 'LCTB92')",99.0,-0.12732835412025456,-0.13834848551452156,-0.1061714007109404,True,3190,3190
shared,69,"('WT', 'VEH')","('Dp1Yey', 'VEH')",1.0,-0.02440037310123444,-0.03487165284156799,-0.012506768867373468,True,3480,3190
shared,69,"('WT', 'VEH')","('Dp1Yey', 'VEH')",5.0,-0.026986840367317216,-0.033745447024703,-0.017827491834759682,True,3480,3190
shared,69,"('WT', 'VEH')","('Dp1Yey', 'VEH')",50.0,0.07635864615440369,0.07098124548792839,0.08146730810403824,True,3480,3190
shared,69,"('WT', 'VEH')","('Dp1Yey', 'VEH')",95.0,0.11351769715547555,0.10487287484109406,0.12491180952638378,True,3480,3190
shared,69,"('WT', 'VEH')","('Dp1Yey', 'VEH')",99.0,0.10775855332612982,0.09847493642568589,0.1190051077231764,True,3480,3190
shared,69,"('WT', 'LCTB92')","('Dp1Yey', 'LCTB92')",1.0,-0.1282636022567749,-0.13290001891553402,-0.12217668928205967,True,4060,3190
shared,69,"('WT', 'LCTB92')","('Dp1Yey', 'LCTB92')",5.0,-0.12156396806240086,-0.13130028806626795,-0.10632023900747302,True,4060,3190
shared,69,"('WT', 'LCTB92')","('Dp1Yey', 'LCTB92')",50.0,0.004235267639160156,-0.006095493584871292,0.012298081815242765,False,4060,3190
shared,69,"('WT', 'LCTB92')","('Dp1Yey', 'LCTB92')",95.0,-0.010576188564300537,-0.021629753373563272,-0.0011315153539179646,True,4060,3190
shared,69,"('WT', 'LCTB92')","('Dp1Yey', 'LCTB92')",99.0,-0.08795139789581319,-0.09871768345683826,-0.06886723107099567,True,4060,3190
shared,6,"('WT', 'VEH')","('WT', 'LCTB92')",1.0,nan,nan,nan,False,379,0
shared,6,"('WT', 'VEH')","('WT', 'LCTB92')",5.0,nan,nan,nan,False,379,0
shared,6,"('WT', 'VEH')","('WT', 'LCTB92')",50.0,nan,nan,nan,False,379,0
shared,6,"('WT', 'VEH')","('WT', 'LCTB92')",95.0,nan,nan,nan,False,379,0
shared,6,"('WT', 'VEH')","('WT', 'LCTB92')",99.0,nan,nan,nan,False,379,0
shared,6,"('Dp1Yey', 'VEH')","('Dp1Yey', 'LCTB92')",1.0,nan,nan,nan,False,379,0
shared,6,"('Dp1Yey', 'VEH')","('Dp1Yey', 'LCTB92')",5.0,nan,nan,nan,False,379,0
shared,6,"('Dp1Yey', 'VEH')","('Dp1Yey', 'LCTB92')",50.0,nan,nan,nan,False,379,0
shared,6,"('Dp1Yey', 'VEH')","('Dp1Yey', 'LCTB92')",95.0,nan,nan,nan,False,379,0
shared,6,"('Dp1Yey', 'VEH')","('Dp1Yey', 'LCTB92')",99.0,nan,nan,nan,False,379,0
shared,6,"('WT', 'VEH')","('Dp1Yey', 'VEH')",1.0,-0.11161065399646763,-0.21927929197251797,0.014843857571482669,False,379,379
shared,6,"('WT', 'VEH')","('Dp1Yey', 'VEH')",5.0,0.03543440699577327,-0.07474095225334168,0.07243874460458748,False,379,379
shared,6,"('WT', 'VEH')","('Dp1Yey', 'VEH')",50.0,0.028013605624437332,0.000886335875838995,0.048606359958648676,True,379,379
shared,6,"('WT', 'VEH')","('Dp1Yey', 'VEH')",95.0,-0.005585305392742157,-0.0374423802457749,0.048473812174052264,False,379,379
shared,6,"('WT', 'VEH')","('Dp1Yey', 'VEH')",99.0,0.07225638747215268,-0.012731423556805187,0.1788421756103634,False,379,379
shared,6,"('WT', 'LCTB92')","('Dp1Yey', 'LCTB92')",1.0,nan,nan,nan,False,0,0
shared,6,"('WT', 'LCTB92')","('Dp1Yey', 'LCTB92')",5.0,nan,nan,nan,False,0,0
shared,6,"('WT', 'LCTB92')","('Dp1Yey', 'LCTB92')",50.0,nan,nan,nan,False,0,0
shared,6,"('WT', 'LCTB92')","('Dp1Yey', 'LCTB92')",95.0,nan,nan,nan,False,0,0
shared,6,"('WT', 'LCTB92')","('Dp1Yey', 'LCTB92')",99.0,nan,nan,nan,False,0,0
shared,6,"('WT', 'VEH')","('WT', 'LCTB92')",1.0,0.08250937730073926,0.046295507788658125,0.1109418058395386,True,5748,6706
shared,6,"('WT', 'VEH')","('WT', 'LCTB92')",5.0,0.053605951368808746,0.04287485841661694,0.07027202710509298,True,5748,6706
shared,6,"('WT', 'VEH')","('WT', 'LCTB92')",50.0,0.020976655185222626,0.01706275288015604,0.024411564040929076,True,5748,6706
shared,6,"('WT', 'VEH')","('WT', 'LCTB92')",95.0,0.007129544019699008,0.0033664000127464956,0.011118121969047934,True,5748,6706
shared,6,"('WT', 'VEH')","('WT', 'LCTB92')",99.0,0.005629237778484786,-0.0003497192962095163,0.011137044257484463,False,5748,6706
shared,6,"('Dp1Yey', 'VEH')","('Dp1Yey', 'LCTB92')",1.0,-0.0074054408073425115,-0.03935985219478602,0.02145037198066718,False,5269,5269
shared,6,"('Dp1Yey', 'VEH')","('Dp1Yey', 'LCTB92')",5.0,0.006391447782516435,-0.007786301225423791,0.021559369713068006,False,5269,5269
shared,6,"('Dp1Yey', 'VEH')","('Dp1Yey', 'LCTB92')",50.0,0.00010371953248977661,-0.004660785757005214,0.004480865970253944,False,5269,5269
shared,6,"('Dp1Yey', 'VEH')","('Dp1Yey', 'LCTB92')",95.0,-0.0014733968302607092,-0.005188319548033005,0.0032067818474021993,False,5269,5269
shared,6,"('Dp1Yey', 'VEH')","('Dp1Yey', 'LCTB92')",99.0,-0.0012130364775659874,-0.0062387273460625114,0.004462647944688739,False,5269,5269
shared,6,"('WT', 'VEH')","('Dp1Yey', 'VEH')",1.0,0.04838154703378672,0.018352208733558657,0.08477145587652915,True,5748,5269
shared,6,"('WT', 'VEH')","('Dp1Yey', 'VEH')",5.0,0.04833135604858396,0.036565753817558264,0.06392754629254338,True,5748,5269
shared,6,"('WT', 'VEH')","('Dp1Yey', 'VEH')",50.0,0.025268670171499252,0.021566291432827712,0.029339747875928877,True,5748,5269
shared,6,"('WT', 'VEH')","('Dp1Yey', 'VEH')",95.0,0.013073147460818113,0.009412211272865529,0.016808585049584462,True,5748,5269
shared,6,"('WT', 'VEH')","('Dp1Yey', 'VEH')",99.0,0.013266996257007113,0.007148111775517335,0.018666741035878714,True,5748,5269
shared,6,"('WT', 'LCTB92')","('Dp1Yey', 'LCTB92')",1.0,-0.04153327107429505,-0.06709236690402026,-0.006470317542553016,True,6706,5269
shared,6,"('WT', 'LCTB92')","('Dp1Yey', 'LCTB92')",5.0,0.001116852462291651,-0.015396578945219517,0.013954792805015992,False,6706,5269
shared,6,"('WT', 'LCTB92')","('Dp1Yey', 'LCTB92')",50.0,0.004395734518766403,0.000628118310123682,0.009162492584437125,True,6706,5269
shared,6,"('WT', 'LCTB92')","('Dp1Yey', 'LCTB92')",95.0,0.004470206610858396,0.0005740568321198237,0.00897182172862813,True,6706,5269
shared,6,"('WT', 'LCTB92')","('Dp1Yey', 'LCTB92')",99.0,0.00642472200095634,0.001291619166731811,0.0118172234762461,True,6706,5269
shared,70,"('WT', 'VEH')","('WT', 'LCTB92')",1.0,nan,nan,nan,False,187,0
shared,70,"('WT', 'VEH')","('WT', 'LCTB92')",5.0,nan,nan,nan,False,187,0
shared,70,"('WT', 'VEH')","('WT', 'LCTB92')",50.0,nan,nan,nan,False,187,0
shared,70,"('WT', 'VEH')","('WT', 'LCTB92')",95.0,nan,nan,nan,False,187,0
shared,70,"('WT', 'VEH')","('WT', 'LCTB92')",99.0,nan,nan,nan,False,187,0
shared,70,"('Dp1Yey', 'VEH')","('Dp1Yey', 'LCTB92')",1.0,nan,nan,nan,False,187,0
shared,70,"('Dp1Yey', 'VEH')","('Dp1Yey', 'LCTB92')",5.0,nan,nan,nan,False,187,0
shared,70,"('Dp1Yey', 'VEH')","('Dp1Yey', 'LCTB92')",50.0,nan,nan,nan,False,187,0
shared,70,"('Dp1Yey', 'VEH')","('Dp1Yey', 'LCTB92')",95.0,nan,nan,nan,False,187,0
shared,70,"('Dp1Yey', 'VEH')","('Dp1Yey', 'LCTB92')",99.0,nan,nan,nan,False,187,0
shared,70,"('WT', 'VEH')","('Dp1Yey', 'VEH')",1.0,0.02531073570251463,0.01355100631713868,0.04112958875298494,True,187,187
shared,70,"('WT', 'VEH')","('Dp1Yey', 'VEH')",5.0,0.03920796513557434,0.011497177481651338,0.05143511712551114,True,187,187
shared,70,"('WT', 'VEH')","('Dp1Yey', 'VEH')",50.0,0.00376284122467041,-0.033544719219207764,0.040367841720581055,False,187,187
shared,70,"('WT', 'VEH')","('Dp1Yey', 'VEH')",95.0,-0.049154752492904685,-0.0673302388936281,-0.04066765859723086,True,187,187
shared,70,"('WT', 'VEH')","('Dp1Yey', 'VEH')",99.0,-0.06612097918987259,-0.10253022134304046,-0.03985453069210043,True,187,187
shared,70,"('WT', 'LCTB92')","('Dp1Yey', 'LCTB92')",1.0,nan,nan,nan,False,0,0
shared,70,"('WT', 'LCTB92')","('Dp1Yey', 'LCTB92')",5.0,nan,nan,nan,False,0,0
shared,70,"('WT', 'LCTB92')","('Dp1Yey', 'LCTB92')",50.0,nan,nan,nan,False,0,0
shared,70,"('WT', 'LCTB92')","('Dp1Yey', 'LCTB92')",95.0,nan,nan,nan,False,0,0
shared,70,"('WT', 'LCTB92')","('Dp1Yey', 'LCTB92')",99.0,nan,nan,nan,False,0,0
shared,70,"('WT', 'VEH')","('WT', 'LCTB92')",1.0,0.07519612967967987,0.06850582812726498,0.08131087221205235,True,3444,4018
shared,70,"('WT', 'VEH')","('WT', 'LCTB92')",5.0,0.07241975963115693,0.05914728492498397,0.08107305936515327,True,3444,4018
shared,70,"('WT', 'VEH')","('WT', 'LCTB92')",50.0,0.06934326887130737,0.06000301390886307,0.07877788320183754,True,3444,4018
shared,70,"('WT', 'VEH')","('WT', 'LCTB92')",95.0,0.05584756880998609,0.047980116046965164,0.0640757497027515,True,3444,4018
shared,70,"('WT', 'VEH')","('WT', 'LCTB92')",99.0,0.0737448436021807,0.06414960006624472,0.08488635891675946,True,3444,4018
shared,70,"('Dp1Yey', 'VEH')","('Dp1Yey', 'LCTB92')",1.0,-0.0240226936340332,-0.03369008034467696,-0.016203590393066406,True,3157,3157
shared,70,"('Dp1Yey', 'VEH')","('Dp1Yey', 'LCTB92')",5.0,-0.025730240345001265,-0.03293171525001526,-0.018624376058578498,True,3157,3157
shared,70,"('Dp1Yey', 'VEH')","('Dp1Yey', 'LCTB92')",50.0,-0.0006624460220336914,-0.007714425027370453,0.006131798028945922,False,3157,3157
shared,70,"('Dp1Yey', 'VEH')","('Dp1Yey', 'LCTB92')",95.0,-0.07114729285240173,-0.08412923738360414,-0.060506869107484824,True,3157,3157
shared,70,"('Dp1Yey', 'VEH')","('Dp1Yey', 'LCTB92')",99.0,-0.12813661813735966,-0.1425608929097652,-0.10834850382804875,True,3157,3157
shared,70,"('WT', 'VEH')","('Dp1Yey', 'VEH')",1.0,-0.02743729829788208,-0.03698077347874641,-0.01824843585491187,True,3444,3157
shared,70,"('WT', 'VEH')","('Dp1Yey', 'VEH')",5.0,-0.026396909356117215,-0.03366724640130997,-0.01857972197234632,True,3444,3157
shared,70,"('WT', 'VEH')","('Dp1Yey', 'VEH')",50.0,0.07330977916717529,0.06769090369343758,0.08096338361501694,True,3444,3157
shared,70,"('WT', 'VEH')","('Dp1Yey', 'VEH')",95.0,0.11365712881088252,0.10454566705971963,0.12338746696710585,True,3444,3157
shared,70,"('WT', 'VEH')","('Dp1Yey', 'VEH')",99.0,0.11125604808330547,0.10133810453116891,0.12455108048766887,True,3444,3157
shared,70,"('WT', 'LCTB92')","('Dp1Yey', 'LCTB92')",1.0,-0.12665612161159515,-0.13376999631524086,-0.1214318031668663,True,4018,3157
shared,70,"('WT', 'LCTB92')","('Dp1Yey', 'LCTB92')",5.0,-0.12454690933227541,-0.13301926523447036,-0.10910626232624056,True,4018,3157
shared,70,"('WT', 'LCTB92')","('Dp1Yey', 'LCTB92')",50.0,0.0033040642738342285,-0.006346182525157928,0.013231884688138951,False,4018,3157
shared,70,"('WT', 'LCTB92')","('Dp1Yey', 'LCTB92')",95.0,-0.013337732851505302,-0.024894982986152083,-0.0036521151289345254,True,4018,3157
shared,70,"('WT', 'LCTB92')","('Dp1Yey', 'LCTB92')",99.0,-0.09062541365623489,-0.10404826986044659,-0.07227910839021214,True,4018,3157
shared,71,"('WT', 'VEH')","('WT', 'LCTB92')",1.0,nan,nan,nan,False,184,0
shared,71,"('WT', 'VEH')","('WT', 'LCTB92')",5.0,nan,nan,nan,False,184,0
shared,71,"('WT', 'VEH')","('WT', 'LCTB92')",50.0,nan,nan,nan,False,184,0
shared,71,"('WT', 'VEH')","('WT', 'LCTB92')",95.0,nan,nan,nan,False,184,0
shared,71,"('WT', 'VEH')","('WT', 'LCTB92')",99.0,nan,nan,nan,False,184,0
shared,71,"('Dp1Yey', 'VEH')","('Dp1Yey', 'LCTB92')",1.0,nan,nan,nan,False,184,0
shared,71,"('Dp1Yey', 'VEH')","('Dp1Yey', 'LCTB92')",5.0,nan,nan,nan,False,184,0
shared,71,"('Dp1Yey', 'VEH')","('Dp1Yey', 'LCTB92')",50.0,nan,nan,nan,False,184,0
shared,71,"('Dp1Yey', 'VEH')","('Dp1Yey', 'LCTB92')",95.0,nan,nan,nan,False,184,0
shared,71,"('Dp1Yey', 'VEH')","('Dp1Yey', 'LCTB92')",99.0,nan,nan,nan,False,184,0
shared,71,"('WT', 'VEH')","('Dp1Yey', 'VEH')",1.0,0.018359068632125886,0.008583871185779583,0.04407152436673636,True,184,184
shared,71,"('WT', 'VEH')","('Dp1Yey', 'VEH')",5.0,0.03419317007064815,0.014818978086113951,0.04973086431622504,True,184,184
shared,71,"('WT', 'VEH')","('Dp1Yey', 'VEH')",50.0,0.008558869361877441,-0.030062705278396606,0.043921306729316704,False,184,184
shared,71,"('WT', 'VEH')","('Dp1Yey', 'VEH')",95.0,-0.05822105258703231,-0.06577843204140661,-0.04615615010261536,True,184,184
shared,71,"('WT', 'VEH')","('Dp1Yey', 'VEH')",99.0,-0.0785444390773774,-0.09953046411275868,-0.050959608688950546,True,184,184
shared,71,"('WT', 'LCTB92')","('Dp1Yey', 'LCTB92')",1.0,nan,nan,nan,False,0,0
shared,71,"('WT', 'LCTB92')","('Dp1Yey', 'LCTB92')",5.0,nan,nan,nan,False,0,0
shared,71,"('WT', 'LCTB92')","('Dp1Yey', 'LCTB92')",50.0,nan,nan,nan,False,0,0
shared,71,"('WT', 'LCTB92')","('Dp1Yey', 'LCTB92')",95.0,nan,nan,nan,False,0,0
shared,71,"('WT', 'LCTB92')","('Dp1Yey', 'LCTB92')",99.0,nan,nan,nan,False,0,0
shared,71,"('WT', 'VEH')","('WT', 'LCTB92')",1.0,0.07577220916748048,0.06820261478424072,0.08216599740087986,True,3408,3976
shared,71,"('WT', 'VEH')","('WT', 'LCTB92')",5.0,0.0739634782075882,0.06188004001975061,0.08162437058985234,True,3408,3976
shared,71,"('WT', 'VEH')","('WT', 'LCTB92')",50.0,0.0691424012184143,0.060275562852621076,0.07736389189958572,True,3408,3976
shared,71,"('WT', 'VEH')","('WT', 'LCTB92')",95.0,0.05662179589271543,0.04789714761078351,0.06510782759636609,True,3408,3976
shared,71,"('WT', 'VEH')","('WT', 'LCTB92')",99.0,0.083434312343597,0.07280622929334633,0.09118374603241661,True,3408,3976
shared,71,"('Dp1Yey', 'VEH')","('Dp1Yey', 'LCTB92')",1.0,-0.019457928538322455,-0.0336776062697172,-0.012212833806872369,True,3124,3124
shared,71,"('Dp1Yey', 'VEH')","('Dp1Yey', 'LCTB92')",5.0,-0.029175049066543557,-0.03474029399454592,-0.02121268264949322,True,3124,3124
shared,71,"('Dp1Yey', 'VEH')","('Dp1Yey', 'LCTB92')",50.0,0.0001691281795501709,-0.005021131038665772,0.007475130259990685,False,3124,3124
shared,71,"('Dp1Yey', 'VEH')","('Dp1Yey', 'LCTB92')",95.0,-0.06900271326303486,-0.08684626806527365,-0.06081038124859327,True,3124,3124
shared,71,"('Dp1Yey', 'VEH')","('Dp1Yey', 'LCTB92')",99.0,-0.13524409025907513,-0.14686412329226736,-0.11410273078829052,True,3124,3124
shared,71,"('WT', 'VEH')","('Dp1Yey', 'VEH')",1.0,-0.032345871925353986,-0.040102670699357995,-0.020225146263837847,True,3408,3124
shared,71,"('WT', 'VEH')","('Dp1Yey', 'VEH')",5.0,-0.02423970401287079,-0.03229710638523102,-0.016855409890413287,True,3408,3124
shared,71,"('WT', 'VEH')","('Dp1Yey', 'VEH')",50.0,0.07249373197555542,0.06618412211537361,0.077724901586771,True,3408,3124
shared,71,"('WT', 'VEH')","('Dp1Yey', 'VEH')",95.0,0.10947254300117493,0.10187225781381126,0.12010784897953276,True,3408,3124
shared,71,"('WT', 'VEH')","('Dp1Yey', 'VEH')",99.0,0.11845823734998662,0.10918638554960479,0.13040125516057013,True,3408,3124
shared,71,"('WT', 'LCTB92')","('Dp1Yey', 'LCTB92')",1.0,-0.12757600963115692,-0.1353492226600647,-0.12055963988602161,True,3976,3124
shared,71,"('WT', 'LCTB92')","('Dp1Yey', 'LCTB92')",5.0,-0.12737823128700254,-0.1336885105073452,-0.11500893972814083,True,3976,3124
shared,71,"('WT', 'LCTB92')","('Dp1Yey', 'LCTB92')",50.0,0.003520458936691284,-0.005366694927215576,0.012577635049819923,False,3976,3124
shared,71,"('WT', 'LCTB92')","('Dp1Yey', 'LCTB92')",95.0,-0.01615196615457537,-0.03203754309564831,-0.006938017420470678,True,3976,3124
shared,71,"('WT', 'LCTB92')","('Dp1Yey', 'LCTB92')",99.0,-0.10022016525268551,-0.10692195061594244,-0.07904462490975855,True,3976,3124
shared,72,"('WT', 'VEH')","('WT', 'LCTB92')",1.0,nan,nan,nan,False,181,0
shared,72,"('WT', 'VEH')","('WT', 'LCTB92')",5.0,nan,nan,nan,False,181,0
shared,72,"('WT', 'VEH')","('WT', 'LCTB92')",50.0,nan,nan,nan,False,181,0
shared,72,"('WT', 'VEH')","('WT', 'LCTB92')",95.0,nan,nan,nan,False,181,0
shared,72,"('WT', 'VEH')","('WT', 'LCTB92')",99.0,nan,nan,nan,False,181,0
shared,72,"('Dp1Yey', 'VEH')","('Dp1Yey', 'LCTB92')",1.0,nan,nan,nan,False,181,0
shared,72,"('Dp1Yey', 'VEH')","('Dp1Yey', 'LCTB92')",5.0,nan,nan,nan,False,181,0
shared,72,"('Dp1Yey', 'VEH')","('Dp1Yey', 'LCTB92')",50.0,nan,nan,nan,False,181,0
shared,72,"('Dp1Yey', 'VEH')","('Dp1Yey', 'LCTB92')",95.0,nan,nan,nan,False,181,0
shared,72,"('Dp1Yey', 'VEH')","('Dp1Yey', 'LCTB92')",99.0,nan,nan,nan,False,181,0
shared,72,"('WT', 'VEH')","('Dp1Yey', 'VEH')",1.0,0.02968769073486327,0.015600991249084484,0.04325311183929442,True,181,181
shared,72,"('WT', 'VEH')","('Dp1Yey', 'VEH')",5.0,0.03750431537628174,0.018364131450653076,0.0519556999206543,True,181,181
shared,72,"('WT', 'VEH')","('Dp1Yey', 'VEH')",50.0,-0.00026303529739379883,-0.029404480755329133,0.04576951265335083,False,181,181
shared,72,"('WT', 'VEH')","('Dp1Yey', 'VEH')",95.0,-0.05366700887680054,-0.07125861197710037,-0.042369842529296875,True,181,181
shared,72,"('WT', 'VEH')","('Dp1Yey', 'VEH')",99.0,-0.06610874533653255,-0.0899664258956909,-0.04151926696300494,True,181,181
shared,72,"('WT', 'LCTB92')","('Dp1Yey', 'LCTB92')",1.0,nan,nan,nan,False,0,0
shared,72,"('WT', 'LCTB92')","('Dp1Yey', 'LCTB92')",5.0,nan,nan,nan,False,0,0
shared,72,"('WT', 'LCTB92')","('Dp1Yey', 'LCTB92')",50.0,nan,nan,nan,False,0,0
shared,72,"('WT', 'LCTB92')","('Dp1Yey', 'LCTB92')",95.0,nan,nan,nan,False,0,0
shared,72,"('WT', 'LCTB92')","('Dp1Yey', 'LCTB92')",99.0,nan,nan,nan,False,0,0
shared,72,"('WT', 'VEH')","('WT', 'LCTB92')",1.0,0.07534166634082794,0.06939134070277214,0.08139695854485035,True,3372,3934
shared,72,"('WT', 'VEH')","('WT', 'LCTB92')",5.0,0.07471656799316406,0.06474477879703044,0.08358312226831913,True,3372,3934
shared,72,"('WT', 'VEH')","('WT', 'LCTB92')",50.0,0.06981533765792847,0.05925912633538246,0.07774956226348877,True,3372,3934
shared,72,"('WT', 'VEH')","('WT', 'LCTB92')",95.0,0.05450857132673259,0.04955509833991521,0.06387350253760819,True,3372,3934
shared,72,"('WT', 'VEH')","('WT', 'LCTB92')",99.0,0.08328544437885288,0.07359007526189083,0.09267836669087409,True,3372,3934
shared,72,"('Dp1Yey', 'VEH')","('Dp1Yey', 'LCTB92')",1.0,-0.019048637151718145,-0.03546293616294862,-0.012570037394762049,True,3091,3091
shared,72,"('Dp1Yey', 'VEH')","('Dp1Yey', 'LCTB92')",5.0,-0.031070679426193237,-0.03617204502224922,-0.02444461286067963,True,3091,3091
shared,72,"('Dp1Yey', 'VEH')","('Dp1Yey', 'LCTB92')",50.0,0.002187490463256836,-0.0039346575736999515,0.007461903989315029,False,3091,3091
shared,72,"('Dp1Yey', 'VEH')","('Dp1Yey', 'LCTB92')",95.0,-0.07234537601470947,-0.086819251999259,-0.06168745495378972,True,3091,3091
shared,72,"('Dp1Yey', 'VEH')","('Dp1Yey', 'LCTB92')",99.0,-0.14352312386035915,-0.15687400482594963,-0.1148448129743338,True,3091,3091
shared,72,"('WT', 'VEH')","('Dp1Yey', 'VEH')",1.0,-0.034926015138626115,-0.041273222267627724,-0.017822737693786617,True,3372,3091
shared,72,"('WT', 'VEH')","('Dp1Yey', 'VEH')",5.0,-0.02231629192829132,-0.030770814567804332,-0.01531733274459839,True,3372,3091
shared,72,"('WT', 'VEH')","('Dp1Yey', 'VEH')",50.0,0.07026025652885437,0.06413484662771225,0.07631163597106934,True,3372,3091
shared,72,"('WT', 'VEH')","('Dp1Yey', 'VEH')",95.0,0.10862079560756677,0.1011720422655344,0.11958271920680986,True,3372,3091
shared,72,"('WT', 'VEH')","('Dp1Yey', 'VEH')",99.0,0.12564220935106285,0.11495158299803744,0.13497731819748876,True,3372,3091
shared,72,"('WT', 'LCTB92')","('Dp1Yey', 'LCTB92')",1.0,-0.1293163186311722,-0.1342699661850929,-0.12349583798646926,True,3934,3091
shared,72,"('WT', 'LCTB92')","('Dp1Yey', 'LCTB92')",5.0,-0.12810353934764862,-0.13604063659906385,-0.11928434431552888,True,3934,3091
shared,72,"('WT', 'LCTB92')","('Dp1Yey', 'LCTB92')",50.0,0.0026324093341827393,-0.005095434188842773,0.012086221575736996,False,3934,3091
shared,72,"('WT', 'LCTB92')","('Dp1Yey', 'LCTB92')",95.0,-0.018233151733875297,-0.0323706675693393,-0.0102439034357667,True,3934,3091
shared,72,"('WT', 'LCTB92')","('Dp1Yey', 'LCTB92')",99.0,-0.10116635888814918,-0.11468655528128144,-0.07285742969810922,True,3934,3091
shared,73,"('WT', 'VEH')","('WT', 'LCTB92')",1.0,nan,nan,nan,False,178,0
shared,73,"('WT', 'VEH')","('WT', 'LCTB92')",5.0,nan,nan,nan,False,178,0
shared,73,"('WT', 'VEH')","('WT', 'LCTB92')",50.0,nan,nan,nan,False,178,0
shared,73,"('WT', 'VEH')","('WT', 'LCTB92')",95.0,nan,nan,nan,False,178,0
shared,73,"('WT', 'VEH')","('WT', 'LCTB92')",99.0,nan,nan,nan,False,178,0
shared,73,"('Dp1Yey', 'VEH')","('Dp1Yey', 'LCTB92')",1.0,nan,nan,nan,False,178,0
shared,73,"('Dp1Yey', 'VEH')","('Dp1Yey', 'LCTB92')",5.0,nan,nan,nan,False,178,0
shared,73,"('Dp1Yey', 'VEH')","('Dp1Yey', 'LCTB92')",50.0,nan,nan,nan,False,178,0
shared,73,"('Dp1Yey', 'VEH')","('Dp1Yey', 'LCTB92')",95.0,nan,nan,nan,False,178,0
shared,73,"('Dp1Yey', 'VEH')","('Dp1Yey', 'LCTB92')",99.0,nan,nan,nan,False,178,0
shared,73,"('WT', 'VEH')","('Dp1Yey', 'VEH')",1.0,0.04199678122997286,0.028744377255439758,0.0532967212498188,True,178,178
shared,73,"('WT', 'VEH')","('Dp1Yey', 'VEH')",5.0,0.038251405954360995,0.018249121755361558,0.050845532193779935,True,178,178
shared,73,"('WT', 'VEH')","('Dp1Yey', 'VEH')",50.0,0.002599000930786133,-0.022400232404470442,0.03926647305488585,False,178,178
shared,73,"('WT', 'VEH')","('Dp1Yey', 'VEH')",95.0,-0.0525971502065658,-0.06199195925146339,-0.040669617839157624,True,178,178
shared,73,"('WT', 'VEH')","('Dp1Yey', 'VEH')",99.0,-0.06555163234472294,-0.08837048858404162,-0.023541713528335218,True,178,178
shared,73,"('WT', 'LCTB92')","('Dp1Yey', 'LCTB92')",1.0,nan,nan,nan,False,0,0
shared,73,"('WT', 'LCTB92')","('Dp1Yey', 'LCTB92')",5.0,nan,nan,nan,False,0,0
shared,73,"('WT', 'LCTB92')","('Dp1Yey', 'LCTB92')",50.0,nan,nan,nan,False,0,0
shared,73,"('WT', 'LCTB92')","('Dp1Yey', 'LCTB92')",95.0,nan,nan,nan,False,0,0
shared,73,"('WT', 'LCTB92')","('Dp1Yey', 'LCTB92')",99.0,nan,nan,nan,False,0,0
shared,73,"('WT', 'VEH')","('WT', 'LCTB92')",1.0,0.07814746201038361,0.07177962966263295,0.0823995146304369,True,3336,3892
shared,73,"('WT', 'VEH')","('WT', 'LCTB92')",5.0,0.0747174471616745,0.06314516119658946,0.08310096085071564,True,3336,3892
shared,73,"('WT', 'VEH')","('WT', 'LCTB92')",50.0,0.06860929727554321,0.05925375372171402,0.07680013328790665,True,3336,3892
shared,73,"('WT', 'VEH')","('WT', 'LCTB92')",95.0,0.058380205929279394,0.051479583233594896,0.0640907259657979,True,3336,3892
shared,73,"('WT', 'VEH')","('WT', 'LCTB92')",99.0,0.08549538493156439,0.07627351934462787,0.09389922245591868,True,3336,3892
shared,73,"('Dp1Yey', 'VEH')","('Dp1Yey', 'LCTB92')",1.0,-0.023226318359374998,-0.0362324506342411,-0.014804632708430295,True,3058,3058
shared,73,"('Dp1Yey', 'VEH')","('Dp1Yey', 'LCTB92')",5.0,-0.03086918592453003,-0.03670116908848287,-0.025039744377136255,True,3058,3058
shared,73,"('Dp1Yey', 'VEH')","('Dp1Yey', 'LCTB92')",50.0,0.002216339111328125,-0.004017293453216553,0.00777734890580177,False,3058,3058
shared,73,"('Dp1Yey', 'VEH')","('Dp1Yey', 'LCTB92')",95.0,-0.07437117248773584,-0.09146230272948744,-0.06358434773981571,True,3058,3058
shared,73,"('Dp1Yey', 'VEH')","('Dp1Yey', 'LCTB92')",99.0,-0.14312920391559536,-0.16255746331065896,-0.12278400235623077,True,3058,3058
shared,73,"('WT', 'VEH')","('Dp1Yey', 'VEH')",1.0,-0.03192650079727172,-0.038090448901057214,-0.01905188688635826,True,3336,3058
shared,73,"('WT', 'VEH')","('Dp1Yey', 'VEH')",5.0,-0.02401009202003479,-0.03414366573095322,-0.015914120152592654,True,3336,3058
shared,73,"('WT', 'VEH')","('Dp1Yey', 'VEH')",50.0,0.06879109144210815,0.06300798356533051,0.0750607967376709,True,3336,3058
shared,73,"('WT', 'VEH')","('Dp1Yey', 'VEH')",95.0,0.10976992845535272,0.10270085144788027,0.11762266878038649,True,3336,3058
shared,73,"('WT', 'VEH')","('Dp1Yey', 'VEH')",99.0,0.13038005173206346,0.12211902853101528,0.14144101001322285,True,3336,3058
shared,73,"('WT', 'LCTB92')","('Dp1Yey', 'LCTB92')",1.0,-0.13330028116703033,-0.1377623074054718,-0.12481561625003815,True,3892,3058
shared,73,"('WT', 'LCTB92')","('Dp1Yey', 'LCTB92')",5.0,-0.12959672510623932,-0.13548402205109597,-0.11982820086181165,True,3892,3058
shared,73,"('WT', 'LCTB92')","('Dp1Yey', 'LCTB92')",50.0,0.0023981332778930664,-0.006505371630191803,0.011585871875286095,False,3892,3058
shared,73,"('WT', 'LCTB92')","('Dp1Yey', 'LCTB92')",95.0,-0.022981449961662515,-0.039056669510901046,-0.01211784962564714,True,3892,3058
shared,73,"('WT', 'LCTB92')","('Dp1Yey', 'LCTB92')",99.0,-0.09824453711509629,-0.11449644726514707,-0.07585251130908695,True,3892,3058
shared,74,"('WT', 'VEH')","('WT', 'LCTB92')",1.0,nan,nan,nan,False,175,0
shared,74,"('WT', 'VEH')","('WT', 'LCTB92')",5.0,nan,nan,nan,False,175,0
shared,74,"('WT', 'VEH')","('WT', 'LCTB92')",50.0,nan,nan,nan,False,175,0
shared,74,"('WT', 'VEH')","('WT', 'LCTB92')",95.0,nan,nan,nan,False,175,0
shared,74,"('WT', 'VEH')","('WT', 'LCTB92')",99.0,nan,nan,nan,False,175,0
shared,74,"('Dp1Yey', 'VEH')","('Dp1Yey', 'LCTB92')",1.0,nan,nan,nan,False,175,0
shared,74,"('Dp1Yey', 'VEH')","('Dp1Yey', 'LCTB92')",5.0,nan,nan,nan,False,175,0
shared,74,"('Dp1Yey', 'VEH')","('Dp1Yey', 'LCTB92')",50.0,nan,nan,nan,False,175,0
shared,74,"('Dp1Yey', 'VEH')","('Dp1Yey', 'LCTB92')",95.0,nan,nan,nan,False,175,0
shared,74,"('Dp1Yey', 'VEH')","('Dp1Yey', 'LCTB92')",99.0,nan,nan,nan,False,175,0
shared,74,"('WT', 'VEH')","('Dp1Yey', 'VEH')",1.0,0.04623673677444459,0.033711695671081565,0.05402758297324182,True,175,175
shared,74,"('WT', 'VEH')","('Dp1Yey', 'VEH')",5.0,0.03844566941261296,0.013669309169054032,0.052936841994523996,True,175,175
shared,74,"('WT', 'VEH')","('Dp1Yey', 'VEH')",50.0,-0.005425393581390381,-0.028685612976551055,0.04139628410339353,False,175,175
shared,74,"('WT', 'VEH')","('Dp1Yey', 'VEH')",95.0,-0.05087091624736784,-0.06643852591514582,-0.037895454242825505,True,175,175
shared,74,"('WT', 'VEH')","('Dp1Yey', 'VEH')",99.0,-0.05667477369308471,-0.06938090960681437,-0.041106787249445845,True,175,175
shared,74,"('WT', 'LCTB92')","('Dp1Yey', 'LCTB92')",1.0,nan,nan,nan,False,0,0
shared,74,"('WT', 'LCTB92')","('Dp1Yey', 'LCTB92')",5.0,nan,nan,nan,False,0,0
shared,74,"('WT', 'LCTB92')","('Dp1Yey', 'LCTB92')",50.0,nan,nan,nan,False,0,0
shared,74,"('WT', 'LCTB92')","('Dp1Yey', 'LCTB92')",95.0,nan,nan,nan,False,0,0
shared,74,"('WT', 'LCTB92')","('Dp1Yey', 'LCTB92')",99.0,nan,nan,nan,False,0,0
shared,74,"('WT', 'VEH')","('WT', 'LCTB92')",1.0,0.07861381947994232,0.07183900715410708,0.08285864035785198,True,3300,3850
shared,74,"('WT', 'VEH')","('WT', 'LCTB92')",5.0,0.07208024859428405,0.060881002321839336,0.08235235206782815,True,3300,3850
shared,74,"('WT', 'VEH')","('WT', 'LCTB92')",50.0,0.06752955913543701,0.058966809511184694,0.0769525945186615,True,3300,3850
shared,74,"('WT', 'VEH')","('WT', 'LCTB92')",95.0,0.06172607690095899,0.054228145256638535,0.06761211398988966,True,3300,3850
shared,74,"('WT', 'VEH')","('WT', 'LCTB92')",99.0,0.08308500409126307,0.07352696536481372,0.09578829170018405,True,3300,3850
shared,74,"('Dp1Yey', 'VEH')","('Dp1Yey', 'LCTB92')",1.0,-0.026771018505096444,-0.03655054581165314,-0.01842365181446074,True,3025,3025
shared,74,"('Dp1Yey', 'VEH')","('Dp1Yey', 'LCTB92')",5.0,-0.03263936042785645,-0.03768588691949845,-0.02483897000551224,True,3025,3025
shared,74,"('Dp1Yey', 'VEH')","('Dp1Yey', 'LCTB92')",50.0,-4.094839096069336e-05,-0.005972366034984589,0.0069186404347419735,False,3025,3025
shared,74,"('Dp1Yey', 'VEH')","('Dp1Yey', 'LCTB92')",95.0,-0.0730369448661804,-0.09545410379767418,-0.0642182302474973,True,3025,3025
shared,74,"('Dp1Yey', 'VEH')","('Dp1Yey', 'LCTB92')",99.0,-0.1512284314632416,-0.1678431615829464,-0.13092671075463327,True,3025,3025
shared,74,"('WT', 'VEH')","('Dp1Yey', 'VEH')",1.0,-0.029577922821044905,-0.03746177749335766,-0.019206504672765745,True,3300,3025
shared,74,"('WT', 'VEH')","('Dp1Yey', 'VEH')",5.0,-0.025433492660522472,-0.034937148168683055,-0.015812443718314136,True,3300,3025
shared,74,"('WT', 'VEH')","('Dp1Yey', 'VEH')",50.0,0.06917312741279602,0.06295156478881836,0.07613812312483788,True,3300,3025
shared,74,"('WT', 'VEH')","('Dp1Yey', 'VEH')",95.0,0.10902616530656828,0.10125907074660058,0.11662581354379653,True,3300,3025
shared,74,"('WT', 'VEH')","('Dp1Yey', 'VEH')",99.0,0.13629999607801457,0.1230981818437578,0.14782811301201543,True,3300,3025
shared,74,"('WT', 'LCTB92')","('Dp1Yey', 'LCTB92')",1.0,-0.13496276080608366,-0.1397094491124153,-0.12744750370085237,True,3850,3025
shared,74,"('WT', 'LCTB92')","('Dp1Yey', 'LCTB92')",5.0,-0.13015310168266297,-0.13587014250457286,-0.12128205701708793,True,3850,3025
shared,74,"('WT', 'LCTB92')","('Dp1Yey', 'LCTB92')",50.0,0.0016026198863983154,-0.007610344141721725,0.010234437137842176,False,3850,3025
shared,74,"('WT', 'LCTB92')","('Dp1Yey', 'LCTB92')",95.0,-0.02573685646057111,-0.04712517969310286,-0.01650245882570705,True,3850,3025
shared,74,"('WT', 'LCTB92')","('Dp1Yey', 'LCTB92')",99.0,-0.0980134394764901,-0.11558132515847673,-0.08164070472121239,True,3850,3025
shared,75,"('WT', 'VEH')","('WT', 'LCTB92')",1.0,nan,nan,nan,False,172,0
shared,75,"('WT', 'VEH')","('WT', 'LCTB92')",5.0,nan,nan,nan,False,172,0
shared,75,"('WT', 'VEH')","('WT', 'LCTB92')",50.0,nan,nan,nan,False,172,0
shared,75,"('WT', 'VEH')","('WT', 'LCTB92')",95.0,nan,nan,nan,False,172,0
shared,75,"('WT', 'VEH')","('WT', 'LCTB92')",99.0,nan,nan,nan,False,172,0
shared,75,"('Dp1Yey', 'VEH')","('Dp1Yey', 'LCTB92')",1.0,nan,nan,nan,False,172,0
shared,75,"('Dp1Yey', 'VEH')","('Dp1Yey', 'LCTB92')",5.0,nan,nan,nan,False,172,0
shared,75,"('Dp1Yey', 'VEH')","('Dp1Yey', 'LCTB92')",50.0,nan,nan,nan,False,172,0
shared,75,"('Dp1Yey', 'VEH')","('Dp1Yey', 'LCTB92')",95.0,nan,nan,nan,False,172,0
shared,75,"('Dp1Yey', 'VEH')","('Dp1Yey', 'LCTB92')",99.0,nan,nan,nan,False,172,0
shared,75,"('WT', 'VEH')","('Dp1Yey', 'VEH')",1.0,0.04848677694797518,0.036984284520149235,0.0574207016378641,True,172,172
shared,75,"('WT', 'VEH')","('Dp1Yey', 'VEH')",5.0,0.045459231734275796,0.013851855024695407,0.05346806921064854,True,172,172
shared,75,"('WT', 'VEH')","('Dp1Yey', 'VEH')",50.0,-0.007012128829956055,-0.031723443418741226,0.042075437307357785,False,172,172
shared,75,"('WT', 'VEH')","('Dp1Yey', 'VEH')",95.0,-0.043015302717685666,-0.052412387616932364,-0.03159177370369439,True,172,172
shared,75,"('WT', 'VEH')","('Dp1Yey', 'VEH')",99.0,-0.042155551910400435,-0.054434363842010614,-0.030763246610760606,True,172,172
shared,75,"('WT', 'LCTB92')","('Dp1Yey', 'LCTB92')",1.0,nan,nan,nan,False,0,0
shared,75,"('WT', 'LCTB92')","('Dp1Yey', 'LCTB92')",5.0,nan,nan,nan,False,0,0
shared,75,"('WT', 'LCTB92')","('Dp1Yey', 'LCTB92')",50.0,nan,nan,nan,False,0,0
shared,75,"('WT', 'LCTB92')","('Dp1Yey', 'LCTB92')",95.0,nan,nan,nan,False,0,0
shared,75,"('WT', 'LCTB92')","('Dp1Yey', 'LCTB92')",99.0,nan,nan,nan,False,0,0
shared,75,"('WT', 'VEH')","('WT', 'LCTB92')",1.0,0.08001842260360717,0.07348501464724541,0.08408360928297043,True,3264,3808
shared,75,"('WT', 'VEH')","('WT', 'LCTB92')",5.0,0.07028663456439971,0.06011968575417997,0.0811334229260683,True,3264,3808
shared,75,"('WT', 'VEH')","('WT', 'LCTB92')",50.0,0.06841421127319336,0.05792843773961067,0.07750075981020928,True,3264,3808
shared,75,"('WT', 'VEH')","('WT', 'LCTB92')",95.0,0.06353988796472543,0.05561741046607496,0.07157351300120351,True,3264,3808
shared,75,"('WT', 'VEH')","('WT', 'LCTB92')",99.0,0.08933742135763167,0.07577653521299373,0.09927985294163238,True,3264,3808
shared,75,"('Dp1Yey', 'VEH')","('Dp1Yey', 'LCTB92')",1.0,-0.026462008953094474,-0.04305780549347401,-0.01781342621147633,True,2992,2992
shared,75,"('Dp1Yey', 'VEH')","('Dp1Yey', 'LCTB92')",5.0,-0.033826088905334506,-0.03974785022437573,-0.027872289419174204,True,2992,2992
shared,75,"('Dp1Yey', 'VEH')","('Dp1Yey', 'LCTB92')",50.0,-0.00024300813674926758,-0.006053263694047928,0.006221728026866908,False,2992,2992
shared,75,"('Dp1Yey', 'VEH')","('Dp1Yey', 'LCTB92')",95.0,-0.07579518705606458,-0.099112587608397,-0.06481695696711548,True,2992,2992
shared,75,"('Dp1Yey', 'VEH')","('Dp1Yey', 'LCTB92')",99.0,-0.1601784205436707,-0.1724323995411396,-0.13696969767659903,True,2992,2992
shared,75,"('WT', 'VEH')","('Dp1Yey', 'VEH')",1.0,-0.0275858771800995,-0.03646715292334555,-0.013347334876656557,True,3264,2992
shared,75,"('WT', 'VEH')","('Dp1Yey', 'VEH')",5.0,-0.02602201104164123,-0.03488802537322045,-0.016223513484001188,True,3264,2992
shared,75,"('WT', 'VEH')","('Dp1Yey', 'VEH')",50.0,0.07053351402282715,0.06300947144627571,0.07705099880695343,True,3264,2992
shared,75,"('WT', 'VEH')","('Dp1Yey', 'VEH')",95.0,0.10976921766996384,0.10129842944443226,0.1192540884763003,True,3264,2992
shared,75,"('WT', 'VEH')","('Dp1Yey', 'VEH')",99.0,0.140220875442028,0.12436793724447467,0.14978962166607335,True,3264,2992
shared,75,"('WT', 'LCTB92')","('Dp1Yey', 'LCTB92')",1.0,-0.13406630873680114,-0.14179401712119577,-0.1278439557701349,True,3808,2992
shared,75,"('WT', 'LCTB92')","('Dp1Yey', 'LCTB92')",5.0,-0.13013473451137544,-0.13801601417362688,-0.12203146211802957,True,3808,2992
shared,75,"('WT', 'LCTB92')","('Dp1Yey', 'LCTB92')",50.0,0.0018762946128845215,-0.006603852659463882,0.011040775477886197,False,3808,2992
shared,75,"('WT', 'LCTB92')","('Dp1Yey', 'LCTB92')",95.0,-0.029565857350826175,-0.05137101039290424,-0.01842736046761274,True,3808,2992
shared,75,"('WT', 'LCTB92')","('Dp1Yey', 'LCTB92')",99.0,-0.10929496645927439,-0.12129456771165145,-0.08633231355994983,True,3808,2992
shared,76,"('WT', 'VEH')","('WT', 'LCTB92')",1.0,nan,nan,nan,False,169,0
shared,76,"('WT', 'VEH')","('WT', 'LCTB92')",5.0,nan,nan,nan,False,169,0
shared,76,"('WT', 'VEH')","('WT', 'LCTB92')",50.0,nan,nan,nan,False,169,0
shared,76,"('WT', 'VEH')","('WT', 'LCTB92')",95.0,nan,nan,nan,False,169,0
shared,76,"('WT', 'VEH')","('WT', 'LCTB92')",99.0,nan,nan,nan,False,169,0
shared,76,"('Dp1Yey', 'VEH')","('Dp1Yey', 'LCTB92')",1.0,nan,nan,nan,False,169,0
shared,76,"('Dp1Yey', 'VEH')","('Dp1Yey', 'LCTB92')",5.0,nan,nan,nan,False,169,0
shared,76,"('Dp1Yey', 'VEH')","('Dp1Yey', 'LCTB92')",50.0,nan,nan,nan,False,169,0
shared,76,"('Dp1Yey', 'VEH')","('Dp1Yey', 'LCTB92')",95.0,nan,nan,nan,False,169,0
shared,76,"('Dp1Yey', 'VEH')","('Dp1Yey', 'LCTB92')",99.0,nan,nan,nan,False,169,0
shared,76,"('WT', 'VEH')","('Dp1Yey', 'VEH')",1.0,0.04434545278549193,0.02894525629281995,0.05046186292171481,True,169,169
shared,76,"('WT', 'VEH')","('Dp1Yey', 'VEH')",5.0,0.04086017608642578,0.0070983621478080865,0.053740225434303276,True,169,169
shared,76,"('WT', 'VEH')","('Dp1Yey', 'VEH')",50.0,-0.01445859670639038,-0.030102311074733733,0.0396625816822052,False,169,169
shared,76,"('WT', 'VEH')","('Dp1Yey', 'VEH')",95.0,-0.03199742436408992,-0.04334512948989866,-0.02420096784830096,True,169,169
shared,76,"('WT', 'VEH')","('Dp1Yey', 'VEH')",99.0,-0.04333592534065245,-0.05607356667518615,-0.024441603213548546,True,169,169
shared,76,"('WT', 'LCTB92')","('Dp1Yey', 'LCTB92')",1.0,nan,nan,nan,False,0,0
shared,76,"('WT', 'LCTB92')","('Dp1Yey', 'LCTB92')",5.0,nan,nan,nan,False,0,0
shared,76,"('WT', 'LCTB92')","('Dp1Yey', 'LCTB92')",50.0,nan,nan,nan,False,0,0
shared,76,"('WT', 'LCTB92')","('Dp1Yey', 'LCTB92')",95.0,nan,nan,nan,False,0,0
shared,76,"('WT', 'LCTB92')","('Dp1Yey', 'LCTB92')",99.0,nan,nan,nan,False,0,0
shared,76,"('WT', 'VEH')","('WT', 'LCTB92')",1.0,0.08029295086860658,0.07395353880524635,0.08444803714752196,True,3228,3766
shared,76,"('WT', 'VEH')","('WT', 'LCTB92')",5.0,0.06944641172885896,0.06097544401884079,0.07889031954109668,True,3228,3766
shared,76,"('WT', 'VEH')","('WT', 'LCTB92')",50.0,0.06695261597633362,0.05728373378515243,0.07597316727042197,True,3228,3766
shared,76,"('WT', 'VEH')","('WT', 'LCTB92')",95.0,0.06415420770645142,0.05417820736765842,0.07331400420516729,True,3228,3766
shared,76,"('WT', 'VEH')","('WT', 'LCTB92')",99.0,0.09584148526191705,0.08427096371352674,0.10425062324851751,True,3228,3766
shared,76,"('Dp1Yey', 'VEH')","('Dp1Yey', 'LCTB92')",1.0,-0.02834028959274293,-0.04175094842910765,-0.02094973292946815,True,2959,2959
shared,76,"('Dp1Yey', 'VEH')","('Dp1Yey', 'LCTB92')",5.0,-0.03401319384574891,-0.03935911476612091,-0.028703342974185964,True,2959,2959
shared,76,"('Dp1Yey', 'VEH')","('Dp1Yey', 'LCTB92')",50.0,-0.000945746898651123,-0.006225788593292236,0.0049331858754158,False,2959,2959
shared,76,"('Dp1Yey', 'VEH')","('Dp1Yey', 'LCTB92')",95.0,-0.0786283016204834,-0.10074986472725866,-0.0657300590723753,True,2959,2959
shared,76,"('Dp1Yey', 'VEH')","('Dp1Yey', 'LCTB92')",99.0,-0.16028432428836814,-0.17478967759013164,-0.1359635963588953,True,2959,2959
shared,76,"('WT', 'VEH')","('Dp1Yey', 'VEH')",1.0,-0.027649770379066463,-0.03463595207035542,-0.008280712559819577,True,3228,2959
shared,76,"('WT', 'VEH')","('Dp1Yey', 'VEH')",5.0,-0.025978848338127136,-0.03488279066979881,-0.016566807255148884,True,3228,2959
shared,76,"('WT', 'VEH')","('Dp1Yey', 'VEH')",50.0,0.069661945104599,0.06155997291207314,0.07658266127109527,True,3228,2959
shared,76,"('WT', 'VEH')","('Dp1Yey', 'VEH')",95.0,0.1109505027532578,0.0991127695143223,0.12097840465605196,True,3228,2959
shared,76,"('WT', 'VEH')","('Dp1Yey', 'VEH')",99.0,0.1424301952123641,0.12992931874096353,0.15211000964045523,True,3228,2959
shared,76,"('WT', 'LCTB92')","('Dp1Yey', 'LCTB92')",1.0,-0.13628301084041597,-0.14237509313225746,-0.1299361385554075,True,3766,2959
shared,76,"('WT', 'LCTB92')","('Dp1Yey', 'LCTB92')",5.0,-0.129438453912735,-0.13519891656935218,-0.12407372862100603,True,3766,2959
shared,76,"('WT', 'LCTB92')","('Dp1Yey', 'LCTB92')",50.0,0.0017635822296142578,-0.005936165153980255,0.009562303125858299,False,3766,2959
shared,76,"('WT', 'LCTB92')","('Dp1Yey', 'LCTB92')",95.0,-0.03183200657367702,-0.05389676690101608,-0.021178766675293365,True,3766,2959
shared,76,"('WT', 'LCTB92')","('Dp1Yey', 'LCTB92')",99.0,-0.11369561433792108,-0.12621865782886765,-0.08917554631829287,True,3766,2959
shared,77,"('WT', 'VEH')","('WT', 'LCTB92')",1.0,nan,nan,nan,False,166,0
shared,77,"('WT', 'VEH')","('WT', 'LCTB92')",5.0,nan,nan,nan,False,166,0
shared,77,"('WT', 'VEH')","('WT', 'LCTB92')",50.0,nan,nan,nan,False,166,0
shared,77,"('WT', 'VEH')","('WT', 'LCTB92')",95.0,nan,nan,nan,False,166,0
shared,77,"('WT', 'VEH')","('WT', 'LCTB92')",99.0,nan,nan,nan,False,166,0
shared,77,"('Dp1Yey', 'VEH')","('Dp1Yey', 'LCTB92')",1.0,nan,nan,nan,False,166,0
shared,77,"('Dp1Yey', 'VEH')","('Dp1Yey', 'LCTB92')",5.0,nan,nan,nan,False,166,0
shared,77,"('Dp1Yey', 'VEH')","('Dp1Yey', 'LCTB92')",50.0,nan,nan,nan,False,166,0
shared,77,"('Dp1Yey', 'VEH')","('Dp1Yey', 'LCTB92')",95.0,nan,nan,nan,False,166,0
shared,77,"('Dp1Yey', 'VEH')","('Dp1Yey', 'LCTB92')",99.0,nan,nan,nan,False,166,0
shared,77,"('WT', 'VEH')","('Dp1Yey', 'VEH')",1.0,0.027649798989295926,0.01413571834564209,0.04077836573123933,True,166,166
shared,77,"('WT', 'VEH')","('Dp1Yey', 'VEH')",5.0,0.029059752821922302,-0.0012150421738624574,0.05206710994243622,False,166,166
shared,77,"('WT', 'VEH')","('Dp1Yey', 'VEH')",50.0,-0.0002676844596862793,-0.028277113288640975,0.03589186221361159,False,166,166
shared,77,"('WT', 'VEH')","('Dp1Yey', 'VEH')",95.0,-0.022775523364543915,-0.03359038382768631,-0.014302551746368408,True,166,166
shared,77,"('WT', 'VEH')","('Dp1Yey', 'VEH')",99.0,-0.020920547842979476,-0.040396541357040405,-0.016513918340206102,True,166,166
shared,77,"('WT', 'LCTB92')","('Dp1Yey', 'LCTB92')",1.0,nan,nan,nan,False,0,0
shared,77,"('WT', 'LCTB92')","('Dp1Yey', 'LCTB92')",5.0,nan,nan,nan,False,0,0
shared,77,"('WT', 'LCTB92')","('Dp1Yey', 'LCTB92')",50.0,nan,nan,nan,False,0,0
shared,77,"('WT', 'LCTB92')","('Dp1Yey', 'LCTB92')",95.0,nan,nan,nan,False,0,0
shared,77,"('WT', 'LCTB92')","('Dp1Yey', 'LCTB92')",99.0,nan,nan,nan,False,0,0
shared,77,"('WT', 'VEH')","('WT', 'LCTB92')",1.0,0.07965391218662261,0.07403206995129584,0.08463333940505982,True,3192,3724
shared,77,"('WT', 'VEH')","('WT', 'LCTB92')",5.0,0.07075879275798799,0.061775354444980606,0.08072848968207835,True,3192,3724
shared,77,"('WT', 'VEH')","('WT', 'LCTB92')",50.0,0.06703448295593262,0.057235556095838545,0.07414348796010017,True,3192,3724
shared,77,"('WT', 'VEH')","('WT', 'LCTB92')",95.0,0.06173562705516822,0.05370720934122794,0.07220629669725888,True,3192,3724
shared,77,"('WT', 'VEH')","('WT', 'LCTB92')",99.0,0.10086492121219637,0.08807667214423469,0.1080948767587544,True,3192,3724
shared,77,"('Dp1Yey', 'VEH')","('Dp1Yey', 'LCTB92')",1.0,-0.03204043209552765,-0.05581237822771072,-0.02475511431694031,True,2926,2926
shared,77,"('Dp1Yey', 'VEH')","('Dp1Yey', 'LCTB92')",5.0,-0.03577408194541931,-0.04106285348534584,-0.03054650537669659,True,2926,2926
shared,77,"('Dp1Yey', 'VEH')","('Dp1Yey', 'LCTB92')",50.0,-0.0013783276081085205,-0.0061970710754394535,0.0037176199257373792,False,2926,2926
shared,77,"('Dp1Yey', 'VEH')","('Dp1Yey', 'LCTB92')",95.0,-0.08290571719408035,-0.10571229159832,-0.06675726324319842,True,2926,2926
shared,77,"('Dp1Yey', 'VEH')","('Dp1Yey', 'LCTB92')",99.0,-0.15898682177066803,-0.17198263742029668,-0.13546574302017692,True,2926,2926
shared,77,"('WT', 'VEH')","('Dp1Yey', 'VEH')",1.0,-0.024051714539527896,-0.03197244060039522,-0.016925556540489224,True,3192,2926
shared,77,"('WT', 'VEH')","('Dp1Yey', 'VEH')",5.0,-0.024846759438514693,-0.031970178857445714,-0.015786066129803655,True,3192,2926
shared,77,"('WT', 'VEH')","('Dp1Yey', 'VEH')",50.0,0.07071429491043091,0.06341515257954597,0.07643495872616768,True,3192,2926
shared,77,"('WT', 'VEH')","('Dp1Yey', 'VEH')",95.0,0.10918624848127367,0.10076928693801164,0.11960482694208609,True,3192,2926
shared,77,"('WT', 'VEH')","('Dp1Yey', 'VEH')",99.0,0.14562061488628386,0.13222350943833588,0.15453593204170496,True,3192,2926
shared,77,"('WT', 'LCTB92')","('Dp1Yey', 'LCTB92')",1.0,-0.13574605882167817,-0.1415867957770824,-0.13114245584607126,True,3724,2926
shared,77,"('WT', 'LCTB92')","('Dp1Yey', 'LCTB92')",5.0,-0.131379634141922,-0.1380372231453657,-0.12396337904036044,True,3724,2926
shared,77,"('WT', 'LCTB92')","('Dp1Yey', 'LCTB92')",50.0,0.0023014843463897705,-0.004153585433959961,0.010385198891162867,False,3724,2926
shared,77,"('WT', 'LCTB92')","('Dp1Yey', 'LCTB92')",95.0,-0.0354550957679749,-0.05808874994516379,-0.018545154705643708,True,3724,2926
shared,77,"('WT', 'LCTB92')","('Dp1Yey', 'LCTB92')",99.0,-0.11423112809658054,-0.1255364975333214,-0.09080671403557064,True,3724,2926
shared,78,"('WT', 'VEH')","('WT', 'LCTB92')",1.0,nan,nan,nan,False,163,0
shared,78,"('WT', 'VEH')","('WT', 'LCTB92')",5.0,nan,nan,nan,False,163,0
shared,78,"('WT', 'VEH')","('WT', 'LCTB92')",50.0,nan,nan,nan,False,163,0
shared,78,"('WT', 'VEH')","('WT', 'LCTB92')",95.0,nan,nan,nan,False,163,0
shared,78,"('WT', 'VEH')","('WT', 'LCTB92')",99.0,nan,nan,nan,False,163,0
shared,78,"('Dp1Yey', 'VEH')","('Dp1Yey', 'LCTB92')",1.0,nan,nan,nan,False,163,0
shared,78,"('Dp1Yey', 'VEH')","('Dp1Yey', 'LCTB92')",5.0,nan,nan,nan,False,163,0
shared,78,"('Dp1Yey', 'VEH')","('Dp1Yey', 'LCTB92')",50.0,nan,nan,nan,False,163,0
shared,78,"('Dp1Yey', 'VEH')","('Dp1Yey', 'LCTB92')",95.0,nan,nan,nan,False,163,0
shared,78,"('Dp1Yey', 'VEH')","('Dp1Yey', 'LCTB92')",99.0,nan,nan,nan,False,163,0
shared,78,"('WT', 'VEH')","('Dp1Yey', 'VEH')",1.0,0.02033876419067382,0.004270504474639871,0.037480903208255686,True,163,163
shared,78,"('WT', 'VEH')","('Dp1Yey', 'VEH')",5.0,0.009867745637893666,-0.018348924219608275,0.048448097705841076,False,163,163
shared,78,"('WT', 'VEH')","('Dp1Yey', 'VEH')",50.0,0.0008316636085510254,-0.030195288360118866,0.043174728751182535,False,163,163
shared,78,"('WT', 'VEH')","('Dp1Yey', 'VEH')",95.0,-0.013034468889236428,-0.031003777012229013,0.0006972134113312212,False,163,163
shared,78,"('WT', 'VEH')","('Dp1Yey', 'VEH')",99.0,-0.013275283575057917,-0.025117505490779853,-0.005485774874687155,True,163,163
shared,78,"('WT', 'LCTB92')","('Dp1Yey', 'LCTB92')",1.0,nan,nan,nan,False,0,0
shared,78,"('WT', 'LCTB92')","('Dp1Yey', 'LCTB92')",5.0,nan,nan,nan,False,0,0
shared,78,"('WT', 'LCTB92')","('Dp1Yey', 'LCTB92')",50.0,nan,nan,nan,False,0,0
shared,78,"('WT', 'LCTB92')","('Dp1Yey', 'LCTB92')",95.0,nan,nan,nan,False,0,0
shared,78,"('WT', 'LCTB92')","('Dp1Yey', 'LCTB92')",99.0,nan,nan,nan,False,0,0
shared,78,"('WT', 'VEH')","('WT', 'LCTB92')",1.0,0.079440701007843,0.07354133009910584,0.08395345866680146,True,3156,3682
shared,78,"('WT', 'VEH')","('WT', 'LCTB92')",5.0,0.07155371606349945,0.06348603092133999,0.08266529701650142,True,3156,3682
shared,78,"('WT', 'VEH')","('WT', 'LCTB92')",50.0,0.06702268123626709,0.05868604108691215,0.07392232194542885,True,3156,3682
shared,78,"('WT', 'VEH')","('WT', 'LCTB92')",95.0,0.06057329177856441,0.05388436790555716,0.07109436340630076,True,3156,3682
shared,78,"('WT', 'VEH')","('WT', 'LCTB92')",99.0,0.09876918137073498,0.08858576877415174,0.10936543474346368,True,3156,3682
shared,78,"('Dp1Yey', 'VEH')","('Dp1Yey', 'LCTB92')",1.0,-0.03565818309783936,-0.046980922460555984,-0.029564225792884827,True,2893,2893
shared,78,"('Dp1Yey', 'VEH')","('Dp1Yey', 'LCTB92')",5.0,-0.03643647432327271,-0.04041388899087907,-0.03163808345794675,True,2893,2893
shared,78,"('Dp1Yey', 'VEH')","('Dp1Yey', 'LCTB92')",50.0,0.000133514404296875,-0.0051460713148117065,0.005672517418861386,False,2893,2893
shared,78,"('Dp1Yey', 'VEH')","('Dp1Yey', 'LCTB92')",95.0,-0.0870251834392548,-0.11056572481989854,-0.06349853664636626,True,2893,2893
shared,78,"('Dp1Yey', 'VEH')","('Dp1Yey', 'LCTB92')",99.0,-0.1642513549327852,-0.17355218559503569,-0.14065904274582877,True,2893,2893
shared,78,"('WT', 'VEH')","('Dp1Yey', 'VEH')",1.0,-0.023263277411460892,-0.030551051780581467,-0.01043334755301482,True,3156,2893
shared,78,"('WT', 'VEH')","('Dp1Yey', 'VEH')",5.0,-0.025380021333694464,-0.03145639069378375,-0.014944550320506098,True,3156,2893
shared,78,"('WT', 'VEH')","('Dp1Yey', 'VEH')",50.0,0.06987729668617249,0.06241702064871788,0.07578537315130233,True,3156,2893
shared,78,"('WT', 'VEH')","('Dp1Yey', 'VEH')",95.0,0.10793219357728956,0.09982342723757026,0.11998733103275294,True,3156,2893
shared,78,"('WT', 'VEH')","('Dp1Yey', 'VEH')",99.0,0.14942690759897237,0.13603055402636502,0.15746600579470404,True,3156,2893
shared,78,"('WT', 'LCTB92')","('Dp1Yey', 'LCTB92')",1.0,-0.13836216151714326,-0.14277438445389273,-0.133053857460618,True,3682,2893
shared,78,"('WT', 'LCTB92')","('Dp1Yey', 'LCTB92')",5.0,-0.13337021172046662,-0.1385888986289501,-0.12598216712474825,True,3682,2893
shared,78,"('WT', 'LCTB92')","('Dp1Yey', 'LCTB92')",50.0,0.0029881298542022705,-0.003069988638162613,0.009724462777376168,False,3682,2893
shared,78,"('WT', 'LCTB92')","('Dp1Yey', 'LCTB92')",95.0,-0.039666281640529655,-0.06210304208099847,-0.016637878119945517,True,3682,2893
shared,78,"('WT', 'LCTB92')","('Dp1Yey', 'LCTB92')",99.0,-0.11359362870454781,-0.12478380531817668,-0.09384076945483655,True,3682,2893
shared,79,"('WT', 'VEH')","('WT', 'LCTB92')",1.0,nan,nan,nan,False,160,0
shared,79,"('WT', 'VEH')","('WT', 'LCTB92')",5.0,nan,nan,nan,False,160,0
shared,79,"('WT', 'VEH')","('WT', 'LCTB92')",50.0,nan,nan,nan,False,160,0
shared,79,"('WT', 'VEH')","('WT', 'LCTB92')",95.0,nan,nan,nan,False,160,0
shared,79,"('WT', 'VEH')","('WT', 'LCTB92')",99.0,nan,nan,nan,False,160,0
shared,79,"('Dp1Yey', 'VEH')","('Dp1Yey', 'LCTB92')",1.0,nan,nan,nan,False,160,0
shared,79,"('Dp1Yey', 'VEH')","('Dp1Yey', 'LCTB92')",5.0,nan,nan,nan,False,160,0
shared,79,"('Dp1Yey', 'VEH')","('Dp1Yey', 'LCTB92')",50.0,nan,nan,nan,False,160,0
shared,79,"('Dp1Yey', 'VEH')","('Dp1Yey', 'LCTB92')",95.0,nan,nan,nan,False,160,0
shared,79,"('Dp1Yey', 'VEH')","('Dp1Yey', 'LCTB92')",99.0,nan,nan,nan,False,160,0
shared,79,"('WT', 'VEH')","('Dp1Yey', 'VEH')",1.0,0.01866041839122773,-0.029902836218476274,0.04476123584806918,False,160,160
shared,79,"('WT', 'VEH')","('Dp1Yey', 'VEH')",5.0,-0.0037721067667007557,-0.025432409793138502,0.0451732777804135,False,160,160
shared,79,"('WT', 'VEH')","('Dp1Yey', 'VEH')",50.0,0.0066675543785095215,-0.02486134395003319,0.04425267502665519,False,160,160
shared,79,"('WT', 'VEH')","('Dp1Yey', 'VEH')",95.0,-0.014284901320934296,-0.0348350435495377,0.008407117240131113,False,160,160
shared,79,"('WT', 'VEH')","('Dp1Yey', 'VEH')",99.0,-0.012610324025154052,-0.024447657763957964,-0.0024849078059197005,True,160,160
shared,79,"('WT', 'LCTB92')","('Dp1Yey', 'LCTB92')",1.0,nan,nan,nan,False,0,0
shared,79,"('WT', 'LCTB92')","('Dp1Yey', 'LCTB92')",5.0,nan,nan,nan,False,0,0
shared,79,"('WT', 'LCTB92')","('Dp1Yey', 'LCTB92')",50.0,nan,nan,nan,False,0,0
shared,79,"('WT', 'LCTB92')","('Dp1Yey', 'LCTB92')",95.0,nan,nan,nan,False,0,0
shared,79,"('WT', 'LCTB92')","('Dp1Yey', 'LCTB92')",99.0,nan,nan,nan,False,0,0
shared,79,"('WT', 'VEH')","('WT', 'LCTB92')",1.0,0.07659134685993194,0.07176219034194947,0.08410334549844264,True,3120,3640
shared,79,"('WT', 'VEH')","('WT', 'LCTB92')",5.0,0.0731312245130539,0.0656380956619978,0.08433111518621447,True,3120,3640
shared,79,"('WT', 'VEH')","('WT', 'LCTB92')",50.0,0.06637021899223328,0.05751055553555488,0.07404884621500969,True,3120,3640
shared,79,"('WT', 'VEH')","('WT', 'LCTB92')",95.0,0.06157868951559076,0.054562090002000095,0.07011220738291732,True,3120,3640
shared,79,"('WT', 'VEH')","('WT', 'LCTB92')",99.0,0.10118416637182237,0.08720861592143773,0.11065814569592475,True,3120,3640
shared,79,"('Dp1Yey', 'VEH')","('Dp1Yey', 'LCTB92')",1.0,-0.04145628869533538,-0.06615417897701265,-0.032348373964428884,True,2860,2860
shared,79,"('Dp1Yey', 'VEH')","('Dp1Yey', 'LCTB92')",5.0,-0.03558891415596008,-0.039803250953555115,-0.031212374344468097,True,2860,2860
shared,79,"('Dp1Yey', 'VEH')","('Dp1Yey', 'LCTB92')",50.0,0.001454770565032959,-0.005189812183380127,0.005706107616424558,False,2860,2860
shared,79,"('Dp1Yey', 'VEH')","('Dp1Yey', 'LCTB92')",95.0,-0.08976771682500828,-0.11229991994798183,-0.06112250216305247,True,2860,2860
shared,79,"('Dp1Yey', 'VEH')","('Dp1Yey', 'LCTB92')",99.0,-0.16069242805242512,-0.1779491090402007,-0.14557388424873352,True,2860,2860
shared,79,"('WT', 'VEH')","('Dp1Yey', 'VEH')",1.0,-0.021488741040229797,-0.030359010189771638,-0.003563386052846933,True,3120,2860
shared,79,"('WT', 'VEH')","('Dp1Yey', 'VEH')",5.0,-0.023227047920227062,-0.029845190197229397,-0.012854543477296832,True,3120,2860
shared,79,"('WT', 'VEH')","('Dp1Yey', 'VEH')",50.0,0.06833550333976746,0.06181075274944305,0.0752655953168869,True,3120,2860
shared,79,"('WT', 'VEH')","('Dp1Yey', 'VEH')",95.0,0.10931874066591263,0.10019718952476987,0.11801106695085757,True,3120,2860
shared,79,"('WT', 'VEH')","('Dp1Yey', 'VEH')",99.0,0.14908748686313633,0.13592572689056392,0.15942565125972033,True,3120,2860
shared,79,"('WT', 'LCTB92')","('Dp1Yey', 'LCTB92')",1.0,-0.1395363765954971,-0.14490158374607562,-0.13440031094849111,True,3640,2860
shared,79,"('WT', 'LCTB92')","('Dp1Yey', 'LCTB92')",5.0,-0.13194718658924104,-0.13778565131127832,-0.12613881766796112,True,3640,2860
shared,79,"('WT', 'LCTB92')","('Dp1Yey', 'LCTB92')",50.0,0.0034200549125671387,-0.0037946902215480805,0.009579387307167054,False,3640,2860
shared,79,"('WT', 'LCTB92')","('Dp1Yey', 'LCTB92')",95.0,-0.04202766567468641,-0.06537908449769017,-0.014195260666310933,True,3640,2860
shared,79,"('WT', 'LCTB92')","('Dp1Yey', 'LCTB92')",99.0,-0.11278910756111116,-0.12778797196596858,-0.09872727660834775,True,3640,2860
shared,7,"('WT', 'VEH')","('WT', 'LCTB92')",1.0,nan,nan,nan,False,376,0
shared,7,"('WT', 'VEH')","('WT', 'LCTB92')",5.0,nan,nan,nan,False,376,0
shared,7,"('WT', 'VEH')","('WT', 'LCTB92')",50.0,nan,nan,nan,False,376,0
shared,7,"('WT', 'VEH')","('WT', 'LCTB92')",95.0,nan,nan,nan,False,376,0
shared,7,"('WT', 'VEH')","('WT', 'LCTB92')",99.0,nan,nan,nan,False,376,0
shared,7,"('Dp1Yey', 'VEH')","('Dp1Yey', 'LCTB92')",1.0,nan,nan,nan,False,376,0
shared,7,"('Dp1Yey', 'VEH')","('Dp1Yey', 'LCTB92')",5.0,nan,nan,nan,False,376,0
shared,7,"('Dp1Yey', 'VEH')","('Dp1Yey', 'LCTB92')",50.0,nan,nan,nan,False,376,0
shared,7,"('Dp1Yey', 'VEH')","('Dp1Yey', 'LCTB92')",95.0,nan,nan,nan,False,376,0
shared,7,"('Dp1Yey', 'VEH')","('Dp1Yey', 'LCTB92')",99.0,nan,nan,nan,False,376,0
shared,7,"('WT', 'VEH')","('Dp1Yey', 'VEH')",1.0,-0.09048416465520859,-0.16172021627426147,-0.015262470394373085,True,376,376
shared,7,"('WT', 'VEH')","('Dp1Yey', 'VEH')",5.0,-0.0005060583353042603,-0.058456347696483134,0.04819650128483767,False,376,376
shared,7,"('WT', 'VEH')","('Dp1Yey', 'VEH')",50.0,0.008072905242443085,-0.014305794332176446,0.03866431200876831,False,376,376
shared,7,"('WT', 'VEH')","('Dp1Yey', 'VEH')",95.0,0.019497474655508995,-0.014684979198500514,0.06265407539904114,False,376,376
shared,7,"('WT', 'VEH')","('Dp1Yey', 'VEH')",99.0,0.06169937923550606,-0.02941775536164641,0.10720445644110436,False,376,376
shared,7,"('WT', 'LCTB92')","('Dp1Yey', 'LCTB92')",1.0,nan,nan,nan,False,0,0
shared,7,"('WT', 'LCTB92')","('Dp1Yey', 'LCTB92')",5.0,nan,nan,nan,False,0,0
shared,7,"('WT', 'LCTB92')","('Dp1Yey', 'LCTB92')",50.0,nan,nan,nan,False,0,0
shared,7,"('WT', 'LCTB92')","('Dp1Yey', 'LCTB92')",95.0,nan,nan,nan,False,0,0
shared,7,"('WT', 'LCTB92')","('Dp1Yey', 'LCTB92')",99.0,nan,nan,nan,False,0,0
shared,7,"('WT', 'VEH')","('WT', 'LCTB92')",1.0,0.08458097726106639,0.060450821965932856,0.10279423153400413,True,5712,6664
shared,7,"('WT', 'VEH')","('WT', 'LCTB92')",5.0,0.07762982249259953,0.0649311630800367,0.09297226671129462,True,5712,6664
shared,7,"('WT', 'VEH')","('WT', 'LCTB92')",50.0,0.023667529225349426,0.019630831480026246,0.027901099156588314,True,5712,6664
shared,7,"('WT', 'VEH')","('WT', 'LCTB92')",95.0,0.008526077121496334,0.0052013440080917964,0.012117287314031189,True,5712,6664
shared,7,"('WT', 'VEH')","('WT', 'LCTB92')",99.0,0.00608514025807394,0.0009954810682686222,0.012394774304702878,True,5712,6664
shared,7,"('Dp1Yey', 'VEH')","('Dp1Yey', 'LCTB92')",1.0,-0.0037847235798835754,-0.029883220307528973,0.024085669554769967,False,5236,5236
shared,7,"('Dp1Yey', 'VEH')","('Dp1Yey', 'LCTB92')",5.0,-0.0026332512497901917,-0.01644455250352621,0.011683999933302403,False,5236,5236
shared,7,"('Dp1Yey', 'VEH')","('Dp1Yey', 'LCTB92')",50.0,0.0022593215107917786,-0.0018405859358608721,0.007042591553181409,False,5236,5236
shared,7,"('Dp1Yey', 'VEH')","('Dp1Yey', 'LCTB92')",95.0,-0.00186630041571334,-0.005797266688750824,0.002322643189108929,False,5236,5236
shared,7,"('Dp1Yey', 'VEH')","('Dp1Yey', 'LCTB92')",99.0,-0.0020151352509856224,-0.006477214745245663,0.0030138529231772734,False,5236,5236
shared,7,"('WT', 'VEH')","('Dp1Yey', 'VEH')",1.0,0.06894226580858231,0.04181519763916731,0.09454896245896817,True,5712,5236
shared,7,"('WT', 'VEH')","('Dp1Yey', 'VEH')",5.0,0.060671898722648665,0.046223519630730174,0.07369899880141022,True,5712,5236
shared,7,"('WT', 'VEH')","('Dp1Yey', 'VEH')",50.0,0.031417518854141235,0.02716721808537841,0.035372380167245865,True,5712,5236
shared,7,"('WT', 'VEH')","('Dp1Yey', 'VEH')",95.0,0.016662338946480393,0.013653670035127885,0.020461392278230052,True,5712,5236
shared,7,"('WT', 'VEH')","('Dp1Yey', 'VEH')",99.0,0.015807467475533743,0.01104086232651048,0.021899299733340698,True,5712,5236
shared,7,"('WT', 'LCTB92')","('Dp1Yey', 'LCTB92')",1.0,-0.019423435032367653,-0.03858672848343852,0.006393047198653217,False,6664,5236
shared,7,"('WT', 'LCTB92')","('Dp1Yey', 'LCTB92')",5.0,-0.01959117501974106,-0.03617111895233388,-0.006260647736489822,True,6664,5236
shared,7,"('WT', 'LCTB92')","('Dp1Yey', 'LCTB92')",50.0,0.010009311139583588,0.005621857661753893,0.014660980552434921,True,6664,5236
shared,7,"('WT', 'LCTB92')","('Dp1Yey', 'LCTB92')",95.0,0.006269961409270719,0.0027060188999166734,0.010545061089651425,True,6664,5236
shared,7,"('WT', 'LCTB92')","('Dp1Yey', 'LCTB92')",99.0,0.007707191966474181,0.003264536573551596,0.012732473099604187,True,6664,5236
shared,80,"('WT', 'VEH')","('WT', 'LCTB92')",1.0,nan,nan,nan,False,157,0
shared,80,"('WT', 'VEH')","('WT', 'LCTB92')",5.0,nan,nan,nan,False,157,0
shared,80,"('WT', 'VEH')","('WT', 'LCTB92')",50.0,nan,nan,nan,False,157,0
shared,80,"('WT', 'VEH')","('WT', 'LCTB92')",95.0,nan,nan,nan,False,157,0
shared,80,"('WT', 'VEH')","('WT', 'LCTB92')",99.0,nan,nan,nan,False,157,0
shared,80,"('Dp1Yey', 'VEH')","('Dp1Yey', 'LCTB92')",1.0,nan,nan,nan,False,157,0
shared,80,"('Dp1Yey', 'VEH')","('Dp1Yey', 'LCTB92')",5.0,nan,nan,nan,False,157,0
shared,80,"('Dp1Yey', 'VEH')","('Dp1Yey', 'LCTB92')",50.0,nan,nan,nan,False,157,0
shared,80,"('Dp1Yey', 'VEH')","('Dp1Yey', 'LCTB92')",95.0,nan,nan,nan,False,157,0
shared,80,"('Dp1Yey', 'VEH')","('Dp1Yey', 'LCTB92')",99.0,nan,nan,nan,False,157,0
shared,80,"('WT', 'VEH')","('Dp1Yey', 'VEH')",1.0,0.01576020717620849,-0.027359412968158723,0.037030935287475586,False,157,157
shared,80,"('WT', 'VEH')","('Dp1Yey', 'VEH')",5.0,-0.010450959205627441,-0.029421399235725426,0.0186159610748291,False,157,157
shared,80,"('WT', 'VEH')","('Dp1Yey', 'VEH')",50.0,0.012662649154663086,-0.016756606101989747,0.05282401442527769,False,157,157
shared,80,"('WT', 'VEH')","('Dp1Yey', 'VEH')",95.0,-0.011792635917663552,-0.031058088243007702,0.007365311980247486,False,157,157
shared,80,"('WT', 'VEH')","('Dp1Yey', 'VEH')",99.0,-0.013544455766677843,-0.024510368883609687,-0.0019533920288086204,True,157,157
shared,80,"('WT', 'LCTB92')","('Dp1Yey', 'LCTB92')",1.0,nan,nan,nan,False,0,0
shared,80,"('WT', 'LCTB92')","('Dp1Yey', 'LCTB92')",5.0,nan,nan,nan,False,0,0
shared,80,"('WT', 'LCTB92')","('Dp1Yey', 'LCTB92')",50.0,nan,nan,nan,False,0,0
shared,80,"('WT', 'LCTB92')","('Dp1Yey', 'LCTB92')",95.0,nan,nan,nan,False,0,0
shared,80,"('WT', 'LCTB92')","('Dp1Yey', 'LCTB92')",99.0,nan,nan,nan,False,0,0
shared,80,"('WT', 'VEH')","('WT', 'LCTB92')",1.0,0.07666577100753784,0.06936298561096191,0.08264293386042117,True,3084,3598
shared,80,"('WT', 'VEH')","('WT', 'LCTB92')",5.0,0.07395244538784027,0.06823707506060599,0.08301835305988788,True,3084,3598
shared,80,"('WT', 'VEH')","('WT', 'LCTB92')",50.0,0.06640630960464478,0.05859869867563248,0.0746392898261547,True,3084,3598
shared,80,"('WT', 'VEH')","('WT', 'LCTB92')",95.0,0.06325804442167293,0.05594727177172899,0.06941290020942686,True,3084,3598
shared,80,"('WT', 'VEH')","('WT', 'LCTB92')",99.0,0.09731289207935345,0.08340507631003889,0.1125092072263363,True,3084,3598
shared,80,"('Dp1Yey', 'VEH')","('Dp1Yey', 'LCTB92')",1.0,-0.04342087149620055,-0.07020222923159597,-0.035442890405654896,True,2827,2827
shared,80,"('Dp1Yey', 'VEH')","('Dp1Yey', 'LCTB92')",5.0,-0.034312731027603155,-0.038623528331518185,-0.030332933962345147,True,2827,2827
shared,80,"('Dp1Yey', 'VEH')","('Dp1Yey', 'LCTB92')",50.0,0.00023376941680908203,-0.005059164762496948,0.006609702110290527,False,2827,2827
shared,80,"('Dp1Yey', 'VEH')","('Dp1Yey', 'LCTB92')",95.0,-0.09574133157730103,-0.11439428746700231,-0.0625662757456302,True,2827,2827
shared,80,"('Dp1Yey', 'VEH')","('Dp1Yey', 'LCTB92')",99.0,-0.1636151856184006,-0.17530409952998166,-0.15234128893911839,True,2827,2827
shared,80,"('WT', 'VEH')","('Dp1Yey', 'VEH')",1.0,-0.022983638644218457,-0.03013769795000552,0.005808532238006592,False,3084,2827
shared,80,"('WT', 'VEH')","('Dp1Yey', 'VEH')",5.0,-0.020522126555442832,-0.026250058487057668,-0.013046348169445995,True,3084,2827
shared,80,"('WT', 'VEH')","('Dp1Yey', 'VEH')",50.0,0.06822213530540466,0.06237485483288765,0.07544682994484901,True,3084,2827
shared,80,"('WT', 'VEH')","('Dp1Yey', 'VEH')",95.0,0.11163873821496961,0.1025864117220045,0.11946554191410537,True,3084,2827
shared,80,"('WT', 'VEH')","('Dp1Yey', 'VEH')",99.0,0.1484548261761668,0.13632605105638507,0.1577157170176508,True,3084,2827
shared,80,"('WT', 'LCTB92')","('Dp1Yey', 'LCTB92')",1.0,-0.14307028114795683,-0.14713500218093392,-0.1343885317444801,True,3598,2827
shared,80,"('WT', 'LCTB92')","('Dp1Yey', 'LCTB92')",5.0,-0.12878730297088625,-0.13476777128875256,-0.12426494769752026,True,3598,2827
shared,80,"('WT', 'LCTB92')","('Dp1Yey', 'LCTB92')",50.0,0.0020495951175689697,-0.0036894917488098145,0.010170246660709375,False,3598,2827
shared,80,"('WT', 'LCTB92')","('Dp1Yey', 'LCTB92')",95.0,-0.047360637784004345,-0.0655583821237086,-0.014087192602455762,True,3598,2827
shared,80,"('WT', 'LCTB92')","('Dp1Yey', 'LCTB92')",99.0,-0.11247325152158727,-0.12871368063986302,-0.09839422507584124,True,3598,2827
shared,81,"('WT', 'VEH')","('WT', 'LCTB92')",1.0,nan,nan,nan,False,154,0
shared,81,"('WT', 'VEH')","('WT', 'LCTB92')",5.0,nan,nan,nan,False,154,0
shared,81,"('WT', 'VEH')","('WT', 'LCTB92')",50.0,nan,nan,nan,False,154,0
shared,81,"('WT', 'VEH')","('WT', 'LCTB92')",95.0,nan,nan,nan,False,154,0
shared,81,"('WT', 'VEH')","('WT', 'LCTB92')",99.0,nan,nan,nan,False,154,0
shared,81,"('Dp1Yey', 'VEH')","('Dp1Yey', 'LCTB92')",1.0,nan,nan,nan,False,154,0
shared,81,"('Dp1Yey', 'VEH')","('Dp1Yey', 'LCTB92')",5.0,nan,nan,nan,False,154,0
shared,81,"('Dp1Yey', 'VEH')","('Dp1Yey', 'LCTB92')",50.0,nan,nan,nan,False,154,0
shared,81,"('Dp1Yey', 'VEH')","('Dp1Yey', 'LCTB92')",95.0,nan,nan,nan,False,154,0
shared,81,"('Dp1Yey', 'VEH')","('Dp1Yey', 'LCTB92')",99.0,nan,nan,nan,False,154,0
shared,81,"('WT', 'VEH')","('Dp1Yey', 'VEH')",1.0,-0.016866031885147126,-0.037129765152931204,0.014652649760246328,False,154,154
shared,81,"('WT', 'VEH')","('Dp1Yey', 'VEH')",5.0,-0.0026133447885513528,-0.025800310745835348,0.009401714503765084,False,154,154
shared,81,"('WT', 'VEH')","('Dp1Yey', 'VEH')",50.0,0.021165311336517334,-0.0124547079205513,0.05053111016750335,False,154,154
shared,81,"('WT', 'VEH')","('Dp1Yey', 'VEH')",95.0,-0.012359336018562317,-0.030371019244194053,0.01513569835573422,False,154,154
shared,81,"('WT', 'VEH')","('Dp1Yey', 'VEH')",99.0,-0.020079369544982906,-0.035521239042282104,-0.007850839368999015,True,154,154
shared,81,"('WT', 'LCTB92')","('Dp1Yey', 'LCTB92')",1.0,nan,nan,nan,False,0,0
shared,81,"('WT', 'LCTB92')","('Dp1Yey', 'LCTB92')",5.0,nan,nan,nan,False,0,0
shared,81,"('WT', 'LCTB92')","('Dp1Yey', 'LCTB92')",50.0,nan,nan,nan,False,0,0
shared,81,"('WT', 'LCTB92')","('Dp1Yey', 'LCTB92')",95.0,nan,nan,nan,False,0,0
shared,81,"('WT', 'LCTB92')","('Dp1Yey', 'LCTB92')",99.0,nan,nan,nan,False,0,0
shared,81,"('WT', 'VEH')","('WT', 'LCTB92')",1.0,0.07578696429729462,0.06854504610598086,0.0832308834940195,True,3048,3556
shared,81,"('WT', 'VEH')","('WT', 'LCTB92')",5.0,0.07572248578071594,0.06918887421488762,0.0846537347882986,True,3048,3556
shared,81,"('WT', 'VEH')","('WT', 'LCTB92')",50.0,0.06491348147392273,0.05667305439710617,0.0738649308681488,True,3048,3556
shared,81,"('WT', 'VEH')","('WT', 'LCTB92')",95.0,0.06399961411952981,0.05551130346953873,0.06999328650534153,True,3048,3556
shared,81,"('WT', 'VEH')","('WT', 'LCTB92')",99.0,0.09678910106420557,0.07685260360687977,0.10808375616371683,True,3048,3556
shared,81,"('Dp1Yey', 'VEH')","('Dp1Yey', 'LCTB92')",1.0,-0.048038077354431136,-0.06857775010168553,-0.03699808716773986,True,2794,2794
shared,81,"('Dp1Yey', 'VEH')","('Dp1Yey', 'LCTB92')",5.0,-0.034482967853546126,-0.039239945635199544,-0.030548755899071668,True,2794,2794
shared,81,"('Dp1Yey', 'VEH')","('Dp1Yey', 'LCTB92')",50.0,0.002346605062484741,-0.002903219312429428,0.0067213125526905055,False,2794,2794
shared,81,"('Dp1Yey', 'VEH')","('Dp1Yey', 'LCTB92')",95.0,-0.10183339864015561,-0.11492042150348422,-0.07083131864666929,True,2794,2794
shared,81,"('Dp1Yey', 'VEH')","('Dp1Yey', 'LCTB92')",99.0,-0.17054047465324407,-0.17919350355863561,-0.15927585214376433,True,2794,2794
shared,81,"('WT', 'VEH')","('Dp1Yey', 'VEH')",1.0,-0.01779289960861205,-0.02932252965867519,0.002229863047599812,False,3048,2794
shared,81,"('WT', 'VEH')","('Dp1Yey', 'VEH')",5.0,-0.01927708983421325,-0.0242586824297905,-0.011315006241202364,True,3048,2794
shared,81,"('WT', 'VEH')","('Dp1Yey', 'VEH')",50.0,0.06715953350067139,0.060477598756551745,0.07427678555250167,True,3048,2794
shared,81,"('WT', 'VEH')","('Dp1Yey', 'VEH')",95.0,0.1098713248968125,0.10205637402832508,0.11797499168664224,True,3048,2794
shared,81,"('WT', 'VEH')","('Dp1Yey', 'VEH')",99.0,0.1497099989652635,0.13808520006388464,0.15869231057167055,True,3048,2794
shared,81,"('WT', 'LCTB92')","('Dp1Yey', 'LCTB92')",1.0,-0.1416179412603378,-0.14702670845389368,-0.1351391539275646,True,3556,2794
shared,81,"('WT', 'LCTB92')","('Dp1Yey', 'LCTB92')",5.0,-0.12948254346847532,-0.13580600254237654,-0.1243066816776991,True,3556,2794
shared,81,"('WT', 'LCTB92')","('Dp1Yey', 'LCTB92')",50.0,0.0045926570892333984,-0.0030257053673267364,0.011070770025253293,False,3556,2794
shared,81,"('WT', 'LCTB92')","('Dp1Yey', 'LCTB92')",95.0,-0.05596168786287292,-0.06807796575129028,-0.02239158112555712,True,3556,2794
shared,81,"('WT', 'LCTB92')","('Dp1Yey', 'LCTB92')",99.0,-0.11761957675218615,-0.12729041120409987,-0.09809642658382708,True,3556,2794
shared,82,"('WT', 'VEH')","('WT', 'LCTB92')",1.0,nan,nan,nan,False,151,0
shared,82,"('WT', 'VEH')","('WT', 'LCTB92')",5.0,nan,nan,nan,False,151,0
shared,82,"('WT', 'VEH')","('WT', 'LCTB92')",50.0,nan,nan,nan,False,151,0
shared,82,"('WT', 'VEH')","('WT', 'LCTB92')",95.0,nan,nan,nan,False,151,0
shared,82,"('WT', 'VEH')","('WT', 'LCTB92')",99.0,nan,nan,nan,False,151,0
shared,82,"('Dp1Yey', 'VEH')","('Dp1Yey', 'LCTB92')",1.0,nan,nan,nan,False,151,0
shared,82,"('Dp1Yey', 'VEH')","('Dp1Yey', 'LCTB92')",5.0,nan,nan,nan,False,151,0
shared,82,"('Dp1Yey', 'VEH')","('Dp1Yey', 'LCTB92')",50.0,nan,nan,nan,False,151,0
shared,82,"('Dp1Yey', 'VEH')","('Dp1Yey', 'LCTB92')",95.0,nan,nan,nan,False,151,0
shared,82,"('Dp1Yey', 'VEH')","('Dp1Yey', 'LCTB92')",99.0,nan,nan,nan,False,151,0
shared,82,"('WT', 'VEH')","('Dp1Yey', 'VEH')",1.0,-0.019659847021102905,-0.0368783175945282,0.0003445744514465332,False,151,151
shared,82,"('WT', 'VEH')","('Dp1Yey', 'VEH')",5.0,-0.011290818452835083,-0.021853282302618026,0.002177156507968902,False,151,151
shared,82,"('WT', 'VEH')","('Dp1Yey', 'VEH')",50.0,0.020565271377563477,-0.007521796226501464,0.04343690872192382,False,151,151
shared,82,"('WT', 'VEH')","('Dp1Yey', 'VEH')",95.0,-0.010453954339027405,-0.029629229009151457,0.014612784609198555,False,151,151
shared,82,"('WT', 'VEH')","('Dp1Yey', 'VEH')",99.0,-0.022124946117401123,-0.02988840639591217,0.0017629329115151804,False,151,151
shared,82,"('WT', 'LCTB92')","('Dp1Yey', 'LCTB92')",1.0,nan,nan,nan,False,0,0
shared,82,"('WT', 'LCTB92')","('Dp1Yey', 'LCTB92')",5.0,nan,nan,nan,False,0,0
shared,82,"('WT', 'LCTB92')","('Dp1Yey', 'LCTB92')",50.0,nan,nan,nan,False,0,0
shared,82,"('WT', 'LCTB92')","('Dp1Yey', 'LCTB92')",95.0,nan,nan,nan,False,0,0
shared,82,"('WT', 'LCTB92')","('Dp1Yey', 'LCTB92')",99.0,nan,nan,nan,False,0,0
shared,82,"('WT', 'VEH')","('WT', 'LCTB92')",1.0,0.07620420098304749,0.06783813591301442,0.08148056048154832,True,3012,3514
shared,82,"('WT', 'VEH')","('WT', 'LCTB92')",5.0,0.07850247621536255,0.06956939592957498,0.08581211142241954,True,3012,3514
shared,82,"('WT', 'VEH')","('WT', 'LCTB92')",50.0,0.06438437104225159,0.055651488900184634,0.07255021333694457,True,3012,3514
shared,82,"('WT', 'VEH')","('WT', 'LCTB92')",95.0,0.06197468191385258,0.05510657776147127,0.06809421755373482,True,3012,3514
shared,82,"('WT', 'VEH')","('WT', 'LCTB92')",99.0,0.08919765323400497,0.07451213969290274,0.10144214975088835,True,3012,3514
shared,82,"('Dp1Yey', 'VEH')","('Dp1Yey', 'LCTB92')",1.0,-0.046436309814453125,-0.07415737330913544,-0.04029117435216905,True,2761,2761
shared,82,"('Dp1Yey', 'VEH')","('Dp1Yey', 'LCTB92')",5.0,-0.036365509033203125,-0.04185796678066254,-0.03145231008529663,True,2761,2761
shared,82,"('Dp1Yey', 'VEH')","('Dp1Yey', 'LCTB92')",50.0,0.0033969879150390625,-0.0017044216394424439,0.00724724531173706,False,2761,2761
shared,82,"('Dp1Yey', 'VEH')","('Dp1Yey', 'LCTB92')",95.0,-0.11128583550453186,-0.12084713578224182,-0.06919350177049642,True,2761,2761
shared,82,"('Dp1Yey', 'VEH')","('Dp1Yey', 'LCTB92')",99.0,-0.1751477658748628,-0.18298621296882625,-0.16397881850600174,True,2761,2761
shared,82,"('WT', 'VEH')","('Dp1Yey', 'VEH')",1.0,-0.018824406266212457,-0.02724328373372556,0.01062909573316574,False,3012,2761
shared,82,"('WT', 'VEH')","('Dp1Yey', 'VEH')",5.0,-0.017373481392860407,-0.024041384384036052,-0.010330151766538617,True,3012,2761
shared,82,"('WT', 'VEH')","('Dp1Yey', 'VEH')",50.0,0.06544762849807739,0.0601063147187233,0.07245337292551994,True,3012,2761
shared,82,"('WT', 'VEH')","('Dp1Yey', 'VEH')",95.0,0.10964616090059265,0.10241558700799942,0.11715560879558325,True,3012,2761
shared,82,"('WT', 'VEH')","('Dp1Yey', 'VEH')",99.0,0.151341586112976,0.13944437084347008,0.15935692714899755,True,3012,2761
shared,82,"('WT', 'LCTB92')","('Dp1Yey', 'LCTB92')",1.0,-0.14146491706371306,-0.1460496564656496,-0.13624144096672536,True,3514,2761
shared,82,"('WT', 'LCTB92')","('Dp1Yey', 'LCTB92')",5.0,-0.13224146664142608,-0.1378021350502968,-0.1246347485482693,True,3514,2761
shared,82,"('WT', 'LCTB92')","('Dp1Yey', 'LCTB92')",50.0,0.004460245370864868,-0.0025087729096412658,0.01190826520323753,False,3514,2761
shared,82,"('WT', 'LCTB92')","('Dp1Yey', 'LCTB92')",95.0,-0.06361435651779179,-0.07203730329871182,-0.02207469169050459,True,3514,2761
shared,82,"('WT', 'LCTB92')","('Dp1Yey', 'LCTB92')",99.0,-0.11300383299589178,-0.12443898694217205,-0.0983175757229332,True,3514,2761
shared,83,"('WT', 'VEH')","('WT', 'LCTB92')",1.0,nan,nan,nan,False,148,0
shared,83,"('WT', 'VEH')","('WT', 'LCTB92')",5.0,nan,nan,nan,False,148,0
shared,83,"('WT', 'VEH')","('WT', 'LCTB92')",50.0,nan,nan,nan,False,148,0
shared,83,"('WT', 'VEH')","('WT', 'LCTB92')",95.0,nan,nan,nan,False,148,0
shared,83,"('WT', 'VEH')","('WT', 'LCTB92')",99.0,nan,nan,nan,False,148,0
shared,83,"('Dp1Yey', 'VEH')","('Dp1Yey', 'LCTB92')",1.0,nan,nan,nan,False,148,0
shared,83,"('Dp1Yey', 'VEH')","('Dp1Yey', 'LCTB92')",5.0,nan,nan,nan,False,148,0
shared,83,"('Dp1Yey', 'VEH')","('Dp1Yey', 'LCTB92')",50.0,nan,nan,nan,False,148,0
shared,83,"('Dp1Yey', 'VEH')","('Dp1Yey', 'LCTB92')",95.0,nan,nan,nan,False,148,0
shared,83,"('Dp1Yey', 'VEH')","('Dp1Yey', 'LCTB92')",99.0,nan,nan,nan,False,148,0
shared,83,"('WT', 'VEH')","('Dp1Yey', 'VEH')",1.0,-0.013612783551216145,-0.02542692363262178,0.0019248570799827002,False,148,148
shared,83,"('WT', 'VEH')","('Dp1Yey', 'VEH')",5.0,-0.010001611709594738,-0.01973637007176876,-0.00011787608265873459,True,148,148
shared,83,"('WT', 'VEH')","('Dp1Yey', 'VEH')",50.0,0.013714581727981567,-0.005648475885391235,0.039328030496835704,False,148,148
shared,83,"('WT', 'VEH')","('Dp1Yey', 'VEH')",95.0,-0.011215110123157457,-0.029472181126475313,0.014441068880259979,False,148,148
shared,83,"('WT', 'VEH')","('Dp1Yey', 'VEH')",99.0,-0.00555437594652175,-0.02626482572406541,0.007099427878856646,False,148,148
shared,83,"('WT', 'LCTB92')","('Dp1Yey', 'LCTB92')",1.0,nan,nan,nan,False,0,0
shared,83,"('WT', 'LCTB92')","('Dp1Yey', 'LCTB92')",5.0,nan,nan,nan,False,0,0
shared,83,"('WT', 'LCTB92')","('Dp1Yey', 'LCTB92')",50.0,nan,nan,nan,False,0,0
shared,83,"('WT', 'LCTB92')","('Dp1Yey', 'LCTB92')",95.0,nan,nan,nan,False,0,0
shared,83,"('WT', 'LCTB92')","('Dp1Yey', 'LCTB92')",99.0,nan,nan,nan,False,0,0
shared,83,"('WT', 'VEH')","('WT', 'LCTB92')",1.0,0.07488508343696594,0.06815063652396201,0.08070236095786094,True,2976,3472
shared,83,"('WT', 'VEH')","('WT', 'LCTB92')",5.0,0.07583945691585539,0.0682636961340904,0.08500120304524897,True,2976,3472
shared,83,"('WT', 'VEH')","('WT', 'LCTB92')",50.0,0.06538987159729004,0.0550470620393753,0.07451782375574112,True,2976,3472
shared,83,"('WT', 'VEH')","('WT', 'LCTB92')",95.0,0.06103647202253348,0.05440582428127528,0.06825643252581359,True,2976,3472
shared,83,"('WT', 'VEH')","('WT', 'LCTB92')",99.0,0.09130553811788567,0.0734030476137996,0.10195457676798103,True,2976,3472
shared,83,"('Dp1Yey', 'VEH')","('Dp1Yey', 'LCTB92')",1.0,-0.048861394524574275,-0.07900186026096342,-0.0386651325672865,True,2728,2728
shared,83,"('Dp1Yey', 'VEH')","('Dp1Yey', 'LCTB92')",5.0,-0.0394083321094513,-0.0465264642983675,-0.03363316893577576,True,2728,2728
shared,83,"('Dp1Yey', 'VEH')","('Dp1Yey', 'LCTB92')",50.0,0.003034532070159912,-0.0020708680152893067,0.007140147686004635,False,2728,2728
shared,83,"('Dp1Yey', 'VEH')","('Dp1Yey', 'LCTB92')",95.0,-0.11377890855073935,-0.12419462233781815,-0.0766437134891749,True,2728,2728
shared,83,"('Dp1Yey', 'VEH')","('Dp1Yey', 'LCTB92')",99.0,-0.17947603553533553,-0.18845083359628922,-0.1660629289448261,True,2728,2728
shared,83,"('WT', 'VEH')","('Dp1Yey', 'VEH')",1.0,-0.018486593961715703,-0.0268181612789631,0.011510972827672945,False,2976,2728
shared,83,"('WT', 'VEH')","('Dp1Yey', 'VEH')",5.0,-0.016831600666046137,-0.024118032604455948,-0.007059305533766747,True,2976,2728
shared,83,"('WT', 'VEH')","('Dp1Yey', 'VEH')",50.0,0.06658965349197388,0.05953753590583801,0.07298569977283477,True,2976,2728
shared,83,"('WT', 'VEH')","('Dp1Yey', 'VEH')",95.0,0.10977999120950699,0.10242004979401823,0.1164620991423726,True,2976,2728
shared,83,"('WT', 'VEH')","('Dp1Yey', 'VEH')",99.0,0.15418510049581524,0.14148459148406975,0.161357103921473,True,2976,2728
shared,83,"('WT', 'LCTB92')","('Dp1Yey', 'LCTB92')",1.0,-0.1422330719232559,-0.1482853660285473,-0.13215707959234715,True,3472,2728
shared,83,"('WT', 'LCTB92')","('Dp1Yey', 'LCTB92')",5.0,-0.13207938969135283,-0.1392254550755024,-0.126451214030385,True,3472,2728
shared,83,"('WT', 'LCTB92')","('Dp1Yey', 'LCTB92')",50.0,0.00423431396484375,-0.0048720106482505795,0.012815238535404203,False,3472,2728
shared,83,"('WT', 'LCTB92')","('Dp1Yey', 'LCTB92')",95.0,-0.06503538936376585,-0.07508107755333188,-0.029642403572797852,True,3472,2728
shared,83,"('WT', 'LCTB92')","('Dp1Yey', 'LCTB92')",99.0,-0.11659647315740596,-0.12763173601776365,-0.09790174322575337,True,3472,2728
shared,84,"('WT', 'VEH')","('WT', 'LCTB92')",1.0,nan,nan,nan,False,145,0
shared,84,"('WT', 'VEH')","('WT', 'LCTB92')",5.0,nan,nan,nan,False,145,0
shared,84,"('WT', 'VEH')","('WT', 'LCTB92')",50.0,nan,nan,nan,False,145,0
shared,84,"('WT', 'VEH')","('WT', 'LCTB92')",95.0,nan,nan,nan,False,145,0
shared,84,"('WT', 'VEH')","('WT', 'LCTB92')",99.0,nan,nan,nan,False,145,0
shared,84,"('Dp1Yey', 'VEH')","('Dp1Yey', 'LCTB92')",1.0,nan,nan,nan,False,145,0
shared,84,"('Dp1Yey', 'VEH')","('Dp1Yey', 'LCTB92')",5.0,nan,nan,nan,False,145,0
shared,84,"('Dp1Yey', 'VEH')","('Dp1Yey', 'LCTB92')",50.0,nan,nan,nan,False,145,0
shared,84,"('Dp1Yey', 'VEH')","('Dp1Yey', 'LCTB92')",95.0,nan,nan,nan,False,145,0
shared,84,"('Dp1Yey', 'VEH')","('Dp1Yey', 'LCTB92')",99.0,nan,nan,nan,False,145,0
shared,84,"('WT', 'VEH')","('Dp1Yey', 'VEH')",1.0,-0.007541999816894518,-0.022722403526306167,0.0061832090020179885,False,145,145
shared,84,"('WT', 'VEH')","('Dp1Yey', 'VEH')",5.0,-0.011900985240936302,-0.02544977068901063,0.006152589619159658,False,145,145
shared,84,"('WT', 'VEH')","('Dp1Yey', 'VEH')",50.0,0.01469486951828003,-0.020794130861759186,0.04114359915256495,False,145,145
shared,84,"('WT', 'VEH')","('Dp1Yey', 'VEH')",95.0,-0.011957776546478227,-0.026232565045356728,0.00992372915148735,False,145,145
shared,84,"('WT', 'VEH')","('Dp1Yey', 'VEH')",99.0,-0.005579286813735984,-0.017993158161640137,0.005144157409668004,False,145,145
shared,84,"('WT', 'LCTB92')","('Dp1Yey', 'LCTB92')",1.0,nan,nan,nan,False,0,0
shared,84,"('WT', 'LCTB92')","('Dp1Yey', 'LCTB92')",5.0,nan,nan,nan,False,0,0
shared,84,"('WT', 'LCTB92')","('Dp1Yey', 'LCTB92')",50.0,nan,nan,nan,False,0,0
shared,84,"('WT', 'LCTB92')","('Dp1Yey', 'LCTB92')",95.0,nan,nan,nan,False,0,0
shared,84,"('WT', 'LCTB92')","('Dp1Yey', 'LCTB92')",99.0,nan,nan,nan,False,0,0
shared,84,"('WT', 'VEH')","('WT', 'LCTB92')",1.0,0.07387008547782899,0.0633440713584423,0.0812112513333559,True,2940,3430
shared,84,"('WT', 'VEH')","('WT', 'LCTB92')",5.0,0.07301609516143798,0.0655616181343794,0.08148652374744415,True,2940,3430
shared,84,"('WT', 'VEH')","('WT', 'LCTB92')",50.0,0.0662091076374054,0.055231045186519626,0.07585037052631377,True,2940,3430
shared,84,"('WT', 'VEH')","('WT', 'LCTB92')",95.0,0.05989411622285845,0.053128093853593086,0.0669055968523025,True,2940,3430
shared,84,"('WT', 'VEH')","('WT', 'LCTB92')",99.0,0.0854964053630829,0.07513871492445467,0.10039179569482795,True,2940,3430
shared,84,"('Dp1Yey', 'VEH')","('Dp1Yey', 'LCTB92')",1.0,-0.045564892292022735,-0.07522052526473999,-0.03698791605234146,True,2695,2695
shared,84,"('Dp1Yey', 'VEH')","('Dp1Yey', 'LCTB92')",5.0,-0.043913793563842785,-0.048546353429555905,-0.03722054377198219,True,2695,2695
shared,84,"('Dp1Yey', 'VEH')","('Dp1Yey', 'LCTB92')",50.0,0.0024048686027526855,-0.002816176414489746,0.0078467920422554,False,2695,2695
shared,84,"('Dp1Yey', 'VEH')","('Dp1Yey', 'LCTB92')",95.0,-0.11247049868106829,-0.12670160472393036,-0.07992854833602908,True,2695,2695
shared,84,"('Dp1Yey', 'VEH')","('Dp1Yey', 'LCTB92')",99.0,-0.17922963082790377,-0.19055910792946826,-0.1668169306218625,True,2695,2695
shared,84,"('WT', 'VEH')","('Dp1Yey', 'VEH')",1.0,-0.020670641660690298,-0.030029417350888248,0.008193388536572442,False,2940,2695
shared,84,"('WT', 'VEH')","('Dp1Yey', 'VEH')",5.0,-0.015152734518051159,-0.02280899286270143,-0.007051005885005,True,2940,2695
shared,84,"('WT', 'VEH')","('Dp1Yey', 'VEH')",50.0,0.0659852921962738,0.059494799375534056,0.07279967069625855,True,2940,2695
shared,84,"('WT', 'VEH')","('Dp1Yey', 'VEH')",95.0,0.10766248703002934,0.10124451246112576,0.11630884330719712,True,2940,2695
shared,84,"('WT', 'VEH')","('Dp1Yey', 'VEH')",99.0,0.15014470636844646,0.14243303893506526,0.15966276352107525,True,2940,2695
shared,84,"('WT', 'LCTB92')","('Dp1Yey', 'LCTB92')",1.0,-0.140105619430542,-0.14774632120132447,-0.13038428485393525,True,3430,2695
shared,84,"('WT', 'LCTB92')","('Dp1Yey', 'LCTB92')",5.0,-0.13208262324333192,-0.13754696726799012,-0.12710367739200595,True,3430,2695
shared,84,"('WT', 'LCTB92')","('Dp1Yey', 'LCTB92')",50.0,0.0021810531616210938,-0.005871737003326416,0.012677673995494836,False,3430,2695
shared,84,"('WT', 'LCTB92')","('Dp1Yey', 'LCTB92')",95.0,-0.0647021278738974,-0.07751700982451439,-0.03339106924831879,True,3430,2695
shared,84,"('WT', 'LCTB92')","('Dp1Yey', 'LCTB92')",99.0,-0.11458132982254021,-0.13070817041397095,-0.09956072168797253,True,3430,2695
shared,85,"('WT', 'VEH')","('WT', 'LCTB92')",1.0,nan,nan,nan,False,142,0
shared,85,"('WT', 'VEH')","('WT', 'LCTB92')",5.0,nan,nan,nan,False,142,0
shared,85,"('WT', 'VEH')","('WT', 'LCTB92')",50.0,nan,nan,nan,False,142,0
shared,85,"('WT', 'VEH')","('WT', 'LCTB92')",95.0,nan,nan,nan,False,142,0
shared,85,"('WT', 'VEH')","('WT', 'LCTB92')",99.0,nan,nan,nan,False,142,0
shared,85,"('Dp1Yey', 'VEH')","('Dp1Yey', 'LCTB92')",1.0,nan,nan,nan,False,142,0
shared,85,"('Dp1Yey', 'VEH')","('Dp1Yey', 'LCTB92')",5.0,nan,nan,nan,False,142,0
shared,85,"('Dp1Yey', 'VEH')","('Dp1Yey', 'LCTB92')",50.0,nan,nan,nan,False,142,0
shared,85,"('Dp1Yey', 'VEH')","('Dp1Yey', 'LCTB92')",95.0,nan,nan,nan,False,142,0
shared,85,"('Dp1Yey', 'VEH')","('Dp1Yey', 'LCTB92')",99.0,nan,nan,nan,False,142,0
shared,85,"('WT', 'VEH')","('Dp1Yey', 'VEH')",1.0,0.0006879740953445457,-0.018533216714859024,0.00682711243629458,False,142,142
shared,85,"('WT', 'VEH')","('Dp1Yey', 'VEH')",5.0,-0.017139592766761746,-0.02650001011788843,0.0006161123514175637,False,142,142
shared,85,"('WT', 'VEH')","('Dp1Yey', 'VEH')",50.0,0.01433667540550232,-0.018696232140064238,0.0419924259185791,False,142,142
shared,85,"('WT', 'VEH')","('Dp1Yey', 'VEH')",95.0,-0.004960301518440402,-0.023246197029948283,0.006979525089263916,False,142,142
shared,85,"('WT', 'VEH')","('Dp1Yey', 'VEH')",99.0,-0.000993824899196527,-0.020800109803676636,0.014059178829193053,False,142,142
shared,85,"('WT', 'LCTB92')","('Dp1Yey', 'LCTB92')",1.0,nan,nan,nan,False,0,0
shared,85,"('WT', 'LCTB92')","('Dp1Yey', 'LCTB92')",5.0,nan,nan,nan,False,0,0
shared,85,"('WT', 'LCTB92')","('Dp1Yey', 'LCTB92')",50.0,nan,nan,nan,False,0,0
shared,85,"('WT', 'LCTB92')","('Dp1Yey', 'LCTB92')",95.0,nan,nan,nan,False,0,0
shared,85,"('WT', 'LCTB92')","('Dp1Yey', 'LCTB92')",99.0,nan,nan,nan,False,0,0
shared,85,"('WT', 'VEH')","('WT', 'LCTB92')",1.0,0.06927718698978425,0.06224437075853347,0.07939138993620873,True,2904,3388
shared,85,"('WT', 'VEH')","('WT', 'LCTB92')",5.0,0.07029072642326356,0.06478150725364686,0.07858089499175547,True,2904,3388
shared,85,"('WT', 'VEH')","('WT', 'LCTB92')",50.0,0.06429922580718994,0.05273751989006996,0.07271950095891952,True,2904,3388
shared,85,"('WT', 'VEH')","('WT', 'LCTB92')",95.0,0.05938181430101386,0.05287889339029798,0.06632444646209479,True,2904,3388
shared,85,"('WT', 'VEH')","('WT', 'LCTB92')",99.0,0.08752799689769741,0.0766128217503427,0.10311270642280555,True,2904,3388
shared,85,"('Dp1Yey', 'VEH')","('Dp1Yey', 'LCTB92')",1.0,-0.04728908956050873,-0.07580032712221145,-0.03823669835925103,True,2662,2662
shared,85,"('Dp1Yey', 'VEH')","('Dp1Yey', 'LCTB92')",5.0,-0.04693383872509002,-0.05027055807411669,-0.04083841420710088,True,2662,2662
shared,85,"('Dp1Yey', 'VEH')","('Dp1Yey', 'LCTB92')",50.0,0.0013719499111175537,-0.0033898606896400453,0.006464136391878124,False,2662,2662
shared,85,"('Dp1Yey', 'VEH')","('Dp1Yey', 'LCTB92')",95.0,-0.11321916133165355,-0.12586184341460466,-0.08116680335253477,True,2662,2662
shared,85,"('Dp1Yey', 'VEH')","('Dp1Yey', 'LCTB92')",99.0,-0.1838886117935179,-0.19285779665410463,-0.1640166586562992,True,2662,2662
shared,85,"('WT', 'VEH')","('Dp1Yey', 'VEH')",1.0,-0.01966753780841826,-0.029290403410792344,0.00807889193296426,False,2904,2662
shared,85,"('WT', 'VEH')","('Dp1Yey', 'VEH')",5.0,-0.016354680061340332,-0.023374564051628112,-0.009389364123344427,True,2904,2662
shared,85,"('WT', 'VEH')","('Dp1Yey', 'VEH')",50.0,0.06484419107437134,0.058697357028722766,0.07174255400896072,True,2904,2662
shared,85,"('WT', 'VEH')","('Dp1Yey', 'VEH')",95.0,0.10903151631355279,0.10314868483692415,0.11708905547857278,True,2904,2662
shared,85,"('WT', 'VEH')","('Dp1Yey', 'VEH')",99.0,0.15763691216707232,0.14147618907690065,0.16457953355461366,True,2904,2662
shared,85,"('WT', 'LCTB92')","('Dp1Yey', 'LCTB92')",1.0,-0.13623381435871124,-0.14394556047022344,-0.13050988280773163,True,3388,2662
shared,85,"('WT', 'LCTB92')","('Dp1Yey', 'LCTB92')",5.0,-0.13357924520969391,-0.13920104436576367,-0.129240068718791,True,3388,2662
shared,85,"('WT', 'LCTB92')","('Dp1Yey', 'LCTB92')",50.0,0.0019169151782989502,-0.00519929826259613,0.01214810088276863,False,3388,2662
shared,85,"('WT', 'LCTB92')","('Dp1Yey', 'LCTB92')",95.0,-0.06356945931911462,-0.07564399890601636,-0.0314671898633242,True,3388,2662
shared,85,"('WT', 'LCTB92')","('Dp1Yey', 'LCTB92')",99.0,-0.11377969652414299,-0.13112331227213125,-0.09846345467120383,True,3388,2662
shared,86,"('WT', 'VEH')","('WT', 'LCTB92')",1.0,nan,nan,nan,False,139,0
shared,86,"('WT', 'VEH')","('WT', 'LCTB92')",5.0,nan,nan,nan,False,139,0
shared,86,"('WT', 'VEH')","('WT', 'LCTB92')",50.0,nan,nan,nan,False,139,0
shared,86,"('WT', 'VEH')","('WT', 'LCTB92')",95.0,nan,nan,nan,False,139,0
shared,86,"('WT', 'VEH')","('WT', 'LCTB92')",99.0,nan,nan,nan,False,139,0
shared,86,"('Dp1Yey', 'VEH')","('Dp1Yey', 'LCTB92')",1.0,nan,nan,nan,False,139,0
shared,86,"('Dp1Yey', 'VEH')","('Dp1Yey', 'LCTB92')",5.0,nan,nan,nan,False,139,0
shared,86,"('Dp1Yey', 'VEH')","('Dp1Yey', 'LCTB92')",50.0,nan,nan,nan,False,139,0
shared,86,"('Dp1Yey', 'VEH')","('Dp1Yey', 'LCTB92')",95.0,nan,nan,nan,False,139,0
shared,86,"('Dp1Yey', 'VEH')","('Dp1Yey', 'LCTB92')",99.0,nan,nan,nan,False,139,0
shared,86,"('WT', 'VEH')","('Dp1Yey', 'VEH')",1.0,0.0015554869174957409,-0.01505775332450865,0.01072950720787047,False,139,139
shared,86,"('WT', 'VEH')","('Dp1Yey', 'VEH')",5.0,-0.011518794298172041,-0.02371881008148191,0.0056836187839507946,False,139,139
shared,86,"('WT', 'VEH')","('Dp1Yey', 'VEH')",50.0,0.015553951263427734,-0.012574553489685059,0.041966284811496724,False,139,139
shared,86,"('WT', 'VEH')","('Dp1Yey', 'VEH')",95.0,-0.008448070287704501,-0.019178096652030924,0.0043216634541750325,False,139,139
shared,86,"('WT', 'VEH')","('Dp1Yey', 'VEH')",99.0,0.01031905770301822,-0.017789393663406372,0.0191511255502701,False,139,139
shared,86,"('WT', 'LCTB92')","('Dp1Yey', 'LCTB92')",1.0,nan,nan,nan,False,0,0
shared,86,"('WT', 'LCTB92')","('Dp1Yey', 'LCTB92')",5.0,nan,nan,nan,False,0,0
shared,86,"('WT', 'LCTB92')","('Dp1Yey', 'LCTB92')",50.0,nan,nan,nan,False,0,0
shared,86,"('WT', 'LCTB92')","('Dp1Yey', 'LCTB92')",95.0,nan,nan,nan,False,0,0
shared,86,"('WT', 'LCTB92')","('Dp1Yey', 'LCTB92')",99.0,nan,nan,nan,False,0,0
shared,86,"('WT', 'VEH')","('WT', 'LCTB92')",1.0,0.07339902937412263,0.06402935077250005,0.08035792902112009,True,2868,3346
shared,86,"('WT', 'VEH')","('WT', 'LCTB92')",5.0,0.06887038946151733,0.06217979677021503,0.07528467223048209,True,2868,3346
shared,86,"('WT', 'VEH')","('WT', 'LCTB92')",50.0,0.06148785352706909,0.05156761780381203,0.069296894967556,True,2868,3346
shared,86,"('WT', 'VEH')","('WT', 'LCTB92')",95.0,0.05795177519321437,0.04988408692181115,0.06559790533035996,True,2868,3346
shared,86,"('WT', 'VEH')","('WT', 'LCTB92')",99.0,0.0916288119554517,0.07773576755076642,0.10241114406287653,True,2868,3346
shared,86,"('Dp1Yey', 'VEH')","('Dp1Yey', 'LCTB92')",1.0,-0.04855300426483153,-0.07811536937952042,-0.042107999324798584,True,2629,2629
shared,86,"('Dp1Yey', 'VEH')","('Dp1Yey', 'LCTB92')",5.0,-0.046226406097412104,-0.051212359964847534,-0.04005585491657257,True,2629,2629
shared,86,"('Dp1Yey', 'VEH')","('Dp1Yey', 'LCTB92')",50.0,-0.0008350610733032227,-0.0056842416524887085,0.005441604554653162,False,2629,2629
shared,86,"('Dp1Yey', 'VEH')","('Dp1Yey', 'LCTB92')",95.0,-0.11544114351272589,-0.12857740044593816,-0.08954653441905937,True,2629,2629
shared,86,"('Dp1Yey', 'VEH')","('Dp1Yey', 'LCTB92')",99.0,-0.18370166897773732,-0.1967136884331699,-0.1713734773993497,True,2629,2629
shared,86,"('WT', 'VEH')","('Dp1Yey', 'VEH')",1.0,-0.017452883124351504,-0.025499703913927092,0.011974224701523746,False,2868,2629
shared,86,"('WT', 'VEH')","('Dp1Yey', 'VEH')",5.0,-0.01890927255153657,-0.025886679142713562,-0.012689791098237039,True,2868,2629
shared,86,"('WT', 'VEH')","('Dp1Yey', 'VEH')",50.0,0.06482189893722534,0.05832973122596741,0.0710633784532547,True,2868,2629
shared,86,"('WT', 'VEH')","('Dp1Yey', 'VEH')",95.0,0.11488093733787536,0.10386446874588753,0.12092255908995866,True,2868,2629
shared,86,"('WT', 'VEH')","('Dp1Yey', 'VEH')",99.0,0.15912164241075522,0.1461568131744867,0.16572513163089755,True,2868,2629
shared,86,"('WT', 'LCTB92')","('Dp1Yey', 'LCTB92')",1.0,-0.13940491676330566,-0.14661859506368638,-0.1314718747138977,True,3346,2629
shared,86,"('WT', 'LCTB92')","('Dp1Yey', 'LCTB92')",5.0,-0.134006068110466,-0.13935007564723492,-0.12873391255736352,True,3346,2629
shared,86,"('WT', 'LCTB92')","('Dp1Yey', 'LCTB92')",50.0,0.0024989843368530273,-0.004701493680477143,0.011609777063131332,False,3346,2629
shared,86,"('WT', 'LCTB92')","('Dp1Yey', 'LCTB92')",95.0,-0.0585119813680649,-0.07250461097806692,-0.033942055143415806,True,3346,2629
shared,86,"('WT', 'LCTB92')","('Dp1Yey', 'LCTB92')",99.0,-0.1162088385224338,-0.13284913882613172,-0.10276844435185191,True,3346,2629
shared,87,"('WT', 'VEH')","('WT', 'LCTB92')",1.0,nan,nan,nan,False,136,0
shared,87,"('WT', 'VEH')","('WT', 'LCTB92')",5.0,nan,nan,nan,False,136,0
shared,87,"('WT', 'VEH')","('WT', 'LCTB92')",50.0,nan,nan,nan,False,136,0
shared,87,"('WT', 'VEH')","('WT', 'LCTB92')",95.0,nan,nan,nan,False,136,0
shared,87,"('WT', 'VEH')","('WT', 'LCTB92')",99.0,nan,nan,nan,False,136,0
shared,87,"('Dp1Yey', 'VEH')","('Dp1Yey', 'LCTB92')",1.0,nan,nan,nan,False,136,0
shared,87,"('Dp1Yey', 'VEH')","('Dp1Yey', 'LCTB92')",5.0,nan,nan,nan,False,136,0
shared,87,"('Dp1Yey', 'VEH')","('Dp1Yey', 'LCTB92')",50.0,nan,nan,nan,False,136,0
shared,87,"('Dp1Yey', 'VEH')","('Dp1Yey', 'LCTB92')",95.0,nan,nan,nan,False,136,0
shared,87,"('Dp1Yey', 'VEH')","('Dp1Yey', 'LCTB92')",99.0,nan,nan,nan,False,136,0
shared,87,"('WT', 'VEH')","('Dp1Yey', 'VEH')",1.0,-0.0027657002210617065,-0.019413304328918468,0.014070727303624138,False,136,136
shared,87,"('WT', 'VEH')","('Dp1Yey', 'VEH')",5.0,-0.0041166990995407104,-0.021538663655519485,0.008154645562171936,False,136,136
shared,87,"('WT', 'VEH')","('Dp1Yey', 'VEH')",50.0,0.008277654647827148,-0.00971953645348549,0.03627431392669678,False,136,136
shared,87,"('WT', 'VEH')","('Dp1Yey', 'VEH')",95.0,0.0009727030992507935,-0.013765878230333328,0.008136785775423047,False,136,136
shared,87,"('WT', 'VEH')","('Dp1Yey', 'VEH')",99.0,0.005751134455204032,-0.005482109524309722,0.012157239019870758,False,136,136
shared,87,"('WT', 'LCTB92')","('Dp1Yey', 'LCTB92')",1.0,nan,nan,nan,False,0,0
shared,87,"('WT', 'LCTB92')","('Dp1Yey', 'LCTB92')",5.0,nan,nan,nan,False,0,0
shared,87,"('WT', 'LCTB92')","('Dp1Yey', 'LCTB92')",50.0,nan,nan,nan,False,0,0
shared,87,"('WT', 'LCTB92')","('Dp1Yey', 'LCTB92')",95.0,nan,nan,nan,False,0,0
shared,87,"('WT', 'LCTB92')","('Dp1Yey', 'LCTB92')",99.0,nan,nan,nan,False,0,0
shared,87,"('WT', 'VEH')","('WT', 'LCTB92')",1.0,0.07478629052639006,0.06774498453736305,0.0801655947715044,True,2832,3304
shared,87,"('WT', 'VEH')","('WT', 'LCTB92')",5.0,0.06664468944072724,0.06215797312557697,0.07286366753280163,True,2832,3304
shared,87,"('WT', 'VEH')","('WT', 'LCTB92')",50.0,0.060406386852264404,0.051491615176200864,0.06744717434048653,True,2832,3304
shared,87,"('WT', 'VEH')","('WT', 'LCTB92')",95.0,0.05904308110475531,0.051525576896965505,0.0653952122107149,True,2832,3304
shared,87,"('WT', 'VEH')","('WT', 'LCTB92')",99.0,0.08386417478323027,0.07356741004437238,0.09739808013290198,True,2832,3304
shared,87,"('Dp1Yey', 'VEH')","('Dp1Yey', 'LCTB92')",1.0,-0.05113239586353299,-0.08077884472906588,-0.04367215774953365,True,2596,2596
shared,87,"('Dp1Yey', 'VEH')","('Dp1Yey', 'LCTB92')",5.0,-0.04524548351764679,-0.053840186819434165,-0.03856005072593689,True,2596,2596
shared,87,"('Dp1Yey', 'VEH')","('Dp1Yey', 'LCTB92')",50.0,-0.0003733634948730469,-0.005606056004762649,0.004810141026973723,False,2596,2596
shared,87,"('Dp1Yey', 'VEH')","('Dp1Yey', 'LCTB92')",95.0,-0.11538062989711761,-0.13123721182346343,-0.09508944470435385,True,2596,2596
shared,87,"('Dp1Yey', 'VEH')","('Dp1Yey', 'LCTB92')",99.0,-0.18423164486885113,-0.19683730535209173,-0.16964279506355534,True,2596,2596
shared,87,"('WT', 'VEH')","('Dp1Yey', 'VEH')",1.0,-0.01670765817165376,-0.024328271374106408,0.013707913458347319,False,2832,2596
shared,87,"('WT', 'VEH')","('Dp1Yey', 'VEH')",5.0,-0.021513080596923834,-0.027583084776997554,-0.012005409225821514,True,2832,2596
shared,87,"('WT', 'VEH')","('Dp1Yey', 'VEH')",50.0,0.06548812985420227,0.05886919051408768,0.07040800526738167,True,2832,2596
shared,87,"('WT', 'VEH')","('Dp1Yey', 'VEH')",95.0,0.1131512120366096,0.10681609138846393,0.11991057686507696,True,2832,2596
shared,87,"('WT', 'VEH')","('Dp1Yey', 'VEH')",99.0,0.15047915011644364,0.14152635694295168,0.16048234249651436,True,2832,2596
shared,87,"('WT', 'LCTB92')","('Dp1Yey', 'LCTB92')",1.0,-0.1426263445615768,-0.14636956579983235,-0.13549427945911885,True,3304,2596
shared,87,"('WT', 'LCTB92')","('Dp1Yey', 'LCTB92')",5.0,-0.13340325355529786,-0.1382815157622099,-0.12820042930543424,True,3304,2596
shared,87,"('WT', 'LCTB92')","('Dp1Yey', 'LCTB92')",50.0,0.004708379507064819,-0.002230089157819748,0.012053047120571134,False,3304,2596
shared,87,"('WT', 'LCTB92')","('Dp1Yey', 'LCTB92')",95.0,-0.06127249896526332,-0.07621140256524087,-0.04128819312900311,True,3304,2596
shared,87,"('WT', 'LCTB92')","('Dp1Yey', 'LCTB92')",99.0,-0.11761666953563776,-0.13221228122711182,-0.10151684895157943,True,3304,2596
shared,88,"('WT', 'VEH')","('WT', 'LCTB92')",1.0,nan,nan,nan,False,133,0
shared,88,"('WT', 'VEH')","('WT', 'LCTB92')",5.0,nan,nan,nan,False,133,0
shared,88,"('WT', 'VEH')","('WT', 'LCTB92')",50.0,nan,nan,nan,False,133,0
shared,88,"('WT', 'VEH')","('WT', 'LCTB92')",95.0,nan,nan,nan,False,133,0
shared,88,"('WT', 'VEH')","('WT', 'LCTB92')",99.0,nan,nan,nan,False,133,0
shared,88,"('Dp1Yey', 'VEH')","('Dp1Yey', 'LCTB92')",1.0,nan,nan,nan,False,133,0
shared,88,"('Dp1Yey', 'VEH')","('Dp1Yey', 'LCTB92')",5.0,nan,nan,nan,False,133,0
shared,88,"('Dp1Yey', 'VEH')","('Dp1Yey', 'LCTB92')",50.0,nan,nan,nan,False,133,0
shared,88,"('Dp1Yey', 'VEH')","('Dp1Yey', 'LCTB92')",95.0,nan,nan,nan,False,133,0
shared,88,"('Dp1Yey', 'VEH')","('Dp1Yey', 'LCTB92')",99.0,nan,nan,nan,False,133,0
shared,88,"('WT', 'VEH')","('Dp1Yey', 'VEH')",1.0,-0.0014991521835326926,-0.01064152699708942,0.01531764745712283,False,133,133
shared,88,"('WT', 'VEH')","('Dp1Yey', 'VEH')",5.0,0.0026719450950622448,-0.019428996145725273,0.012622597515583008,False,133,133
shared,88,"('WT', 'VEH')","('Dp1Yey', 'VEH')",50.0,0.00890439748764038,-0.016910433769226074,0.03578680753707886,False,133,133
shared,88,"('WT', 'VEH')","('Dp1Yey', 'VEH')",95.0,0.008475655317306485,-0.00879436731338501,0.014379251748323392,False,133,133
shared,88,"('WT', 'VEH')","('Dp1Yey', 'VEH')",99.0,0.009845038652420035,-0.01276245355606076,0.029459414482116697,False,133,133
shared,88,"('WT', 'LCTB92')","('Dp1Yey', 'LCTB92')",1.0,nan,nan,nan,False,0,0
shared,88,"('WT', 'LCTB92')","('Dp1Yey', 'LCTB92')",5.0,nan,nan,nan,False,0,0
shared,88,"('WT', 'LCTB92')","('Dp1Yey', 'LCTB92')",50.0,nan,nan,nan,False,0,0
shared,88,"('WT', 'LCTB92')","('Dp1Yey', 'LCTB92')",95.0,nan,nan,nan,False,0,0
shared,88,"('WT', 'LCTB92')","('Dp1Yey', 'LCTB92')",99.0,nan,nan,nan,False,0,0
shared,88,"('WT', 'VEH')","('WT', 'LCTB92')",1.0,0.07379779994487762,0.06926749302446843,0.07998748247325421,True,2796,3262
shared,88,"('WT', 'VEH')","('WT', 'LCTB92')",5.0,0.06572532355785371,0.06123717501759529,0.07126079797744751,True,2796,3262
shared,88,"('WT', 'VEH')","('WT', 'LCTB92')",50.0,0.05776214599609375,0.05102400854229927,0.06407305523753165,True,2796,3262
shared,88,"('WT', 'VEH')","('WT', 'LCTB92')",95.0,0.05909096300601957,0.05266698393970728,0.06597869616001846,True,2796,3262
shared,88,"('WT', 'VEH')","('WT', 'LCTB92')",99.0,0.07713438332080857,0.06715200544148688,0.09303157883137492,True,2796,3262
shared,88,"('Dp1Yey', 'VEH')","('Dp1Yey', 'LCTB92')",1.0,-0.049490138292312635,-0.08200172495841977,-0.04222901630401612,True,2563,2563
shared,88,"('Dp1Yey', 'VEH')","('Dp1Yey', 'LCTB92')",5.0,-0.045493799448013295,-0.05385036006569864,-0.03929754182696343,True,2563,2563
shared,88,"('Dp1Yey', 'VEH')","('Dp1Yey', 'LCTB92')",50.0,0.00030350685119628906,-0.003856959939002991,0.005392767488956445,False,2563,2563
shared,88,"('Dp1Yey', 'VEH')","('Dp1Yey', 'LCTB92')",95.0,-0.12053578197956094,-0.13263302281498907,-0.09534795515239244,True,2563,2563
shared,88,"('Dp1Yey', 'VEH')","('Dp1Yey', 'LCTB92')",99.0,-0.18299935102462805,-0.19486906629800796,-0.16604236771166336,True,2563,2563
shared,88,"('WT', 'VEH')","('Dp1Yey', 'VEH')",1.0,-0.01752634346485138,-0.024072261676192273,0.014806289896368967,False,2796,2563
shared,88,"('WT', 'VEH')","('Dp1Yey', 'VEH')",5.0,-0.02129179537296294,-0.027409854978322983,-0.012499013990163805,True,2796,2563
shared,88,"('WT', 'VEH')","('Dp1Yey', 'VEH')",50.0,0.06357035040855408,0.058713726699352264,0.06861245557665824,True,2796,2563
shared,88,"('WT', 'VEH')","('Dp1Yey', 'VEH')",95.0,0.11344879716634748,0.10590700823813677,0.12093184929341075,True,2796,2563
shared,88,"('WT', 'VEH')","('Dp1Yey', 'VEH')",99.0,0.1469266143441199,0.1367160009816287,0.15654558019340037,True,2796,2563
shared,88,"('WT', 'LCTB92')","('Dp1Yey', 'LCTB92')",1.0,-0.14081428170204163,-0.1473741719722748,-0.13573663188517093,True,3262,2563
shared,88,"('WT', 'LCTB92')","('Dp1Yey', 'LCTB92')",5.0,-0.13251091837882994,-0.1370110226422548,-0.1282124074548483,True,3262,2563
shared,88,"('WT', 'LCTB92')","('Dp1Yey', 'LCTB92')",50.0,0.006111711263656616,0.0006647616624832154,0.012991835922002792,True,3262,2563
shared,88,"('WT', 'LCTB92')","('Dp1Yey', 'LCTB92')",95.0,-0.06617794781923303,-0.07864067196846013,-0.04215322911739356,True,3262,2563
shared,88,"('WT', 'LCTB92')","('Dp1Yey', 'LCTB92')",99.0,-0.11320712000131672,-0.1315635826289654,-0.0978074552267792,True,3262,2563
shared,89,"('WT', 'VEH')","('WT', 'LCTB92')",1.0,nan,nan,nan,False,130,0
shared,89,"('WT', 'VEH')","('WT', 'LCTB92')",5.0,nan,nan,nan,False,130,0
shared,89,"('WT', 'VEH')","('WT', 'LCTB92')",50.0,nan,nan,nan,False,130,0
shared,89,"('WT', 'VEH')","('WT', 'LCTB92')",95.0,nan,nan,nan,False,130,0
shared,89,"('WT', 'VEH')","('WT', 'LCTB92')",99.0,nan,nan,nan,False,130,0
shared,89,"('Dp1Yey', 'VEH')","('Dp1Yey', 'LCTB92')",1.0,nan,nan,nan,False,130,0
shared,89,"('Dp1Yey', 'VEH')","('Dp1Yey', 'LCTB92')",5.0,nan,nan,nan,False,130,0
shared,89,"('Dp1Yey', 'VEH')","('Dp1Yey', 'LCTB92')",50.0,nan,nan,nan,False,130,0
shared,89,"('Dp1Yey', 'VEH')","('Dp1Yey', 'LCTB92')",95.0,nan,nan,nan,False,130,0
shared,89,"('Dp1Yey', 'VEH')","('Dp1Yey', 'LCTB92')",99.0,nan,nan,nan,False,130,0
shared,89,"('WT', 'VEH')","('Dp1Yey', 'VEH')",1.0,0.005800741314888003,-0.006507515907287598,0.01693709851801394,False,130,130
shared,89,"('WT', 'VEH')","('Dp1Yey', 'VEH')",5.0,-0.0012343615293502475,-0.014599873945116986,0.012959703803062439,False,130,130
shared,89,"('WT', 'VEH')","('Dp1Yey', 'VEH')",50.0,0.003805488348007202,-0.022880494594573975,0.03304671421647066,False,130,130
shared,89,"('WT', 'VEH')","('Dp1Yey', 'VEH')",95.0,0.004210585355758689,-0.010144267156720174,0.026516813822090615,False,130,130
shared,89,"('WT', 'VEH')","('Dp1Yey', 'VEH')",99.0,0.022469519376754787,-0.000977765917777984,0.03100366950035094,False,130,130
shared,89,"('WT', 'LCTB92')","('Dp1Yey', 'LCTB92')",1.0,nan,nan,nan,False,0,0
shared,89,"('WT', 'LCTB92')","('Dp1Yey', 'LCTB92')",5.0,nan,nan,nan,False,0,0
shared,89,"('WT', 'LCTB92')","('Dp1Yey', 'LCTB92')",50.0,nan,nan,nan,False,0,0
shared,89,"('WT', 'LCTB92')","('Dp1Yey', 'LCTB92')",95.0,nan,nan,nan,False,0,0
shared,89,"('WT', 'LCTB92')","('Dp1Yey', 'LCTB92')",99.0,nan,nan,nan,False,0,0
shared,89,"('WT', 'VEH')","('WT', 'LCTB92')",1.0,0.07579718112945558,0.07208702178299428,0.08066742208600046,True,2760,3220
shared,89,"('WT', 'VEH')","('WT', 'LCTB92')",5.0,0.06505704522132871,0.060816156119108206,0.06903796456754208,True,2760,3220
shared,89,"('WT', 'VEH')","('WT', 'LCTB92')",50.0,0.05691787600517273,0.04950145557522774,0.0635466605424881,True,2760,3220
shared,89,"('WT', 'VEH')","('WT', 'LCTB92')",95.0,0.06131067276000979,0.051779218688607215,0.06824113346636297,True,2760,3220
shared,89,"('WT', 'VEH')","('WT', 'LCTB92')",99.0,0.0751379993557929,0.06583913960307834,0.09265080714970822,True,2760,3220
shared,89,"('Dp1Yey', 'VEH')","('Dp1Yey', 'LCTB92')",1.0,-0.047417647838592536,-0.08002412812411784,-0.04176975309848785,True,2530,2530
shared,89,"('Dp1Yey', 'VEH')","('Dp1Yey', 'LCTB92')",5.0,-0.04713531434535978,-0.053272959142923355,-0.03926387831568718,True,2530,2530
shared,89,"('Dp1Yey', 'VEH')","('Dp1Yey', 'LCTB92')",50.0,0.0003834962844848633,-0.0037049949169158936,0.005334459245204925,False,2530,2530
shared,89,"('Dp1Yey', 'VEH')","('Dp1Yey', 'LCTB92')",95.0,-0.1217150166630745,-0.13423438221216208,-0.09825158525258336,True,2530,2530
shared,89,"('Dp1Yey', 'VEH')","('Dp1Yey', 'LCTB92')",99.0,-0.18259784042835236,-0.19665377368777998,-0.16223899296671165,True,2530,2530
shared,89,"('WT', 'VEH')","('Dp1Yey', 'VEH')",1.0,-0.017086029052734375,-0.022259564980864524,0.014972450420260443,False,2760,2530
shared,89,"('WT', 'VEH')","('Dp1Yey', 'VEH')",5.0,-0.02082277536392213,-0.02830395750701427,-0.014890948906540887,True,2760,2530
shared,89,"('WT', 'VEH')","('Dp1Yey', 'VEH')",50.0,0.06381553411483765,0.058077527582645415,0.06870734989643096,True,2760,2530
shared,89,"('WT', 'VEH')","('Dp1Yey', 'VEH')",95.0,0.11563510745763783,0.10615874402225016,0.12330213520675894,True,2760,2530
shared,89,"('WT', 'VEH')","('Dp1Yey', 'VEH')",99.0,0.14823098868131623,0.1311726047098636,0.1584647416621445,True,2760,2530
shared,89,"('WT', 'LCTB92')","('Dp1Yey', 'LCTB92')",1.0,-0.1403008580207825,-0.14479198713600636,-0.1360847417265177,True,3220,2530
shared,89,"('WT', 'LCTB92')","('Dp1Yey', 'LCTB92')",5.0,-0.13301513493061062,-0.13751483753323554,-0.12823665030300618,True,3220,2530
shared,89,"('WT', 'LCTB92')","('Dp1Yey', 'LCTB92')",50.0,0.00728115439414978,0.0013513483107089998,0.014122510701417922,True,3220,2530
shared,89,"('WT', 'LCTB92')","('Dp1Yey', 'LCTB92')",95.0,-0.06739058196544645,-0.08044347077608119,-0.04441054221242665,True,3220,2530
shared,89,"('WT', 'LCTB92')","('Dp1Yey', 'LCTB92')",99.0,-0.10950485110282904,-0.12899083559215063,-0.09681029357761145,True,3220,2530
shared,8,"('WT', 'VEH')","('WT', 'LCTB92')",1.0,nan,nan,nan,False,373,0
shared,8,"('WT', 'VEH')","('WT', 'LCTB92')",5.0,nan,nan,nan,False,373,0
shared,8,"('WT', 'VEH')","('WT', 'LCTB92')",50.0,nan,nan,nan,False,373,0
shared,8,"('WT', 'VEH')","('WT', 'LCTB92')",95.0,nan,nan,nan,False,373,0
shared,8,"('WT', 'VEH')","('WT', 'LCTB92')",99.0,nan,nan,nan,False,373,0
shared,8,"('Dp1Yey', 'VEH')","('Dp1Yey', 'LCTB92')",1.0,nan,nan,nan,False,373,0
shared,8,"('Dp1Yey', 'VEH')","('Dp1Yey', 'LCTB92')",5.0,nan,nan,nan,False,373,0
shared,8,"('Dp1Yey', 'VEH')","('Dp1Yey', 'LCTB92')",50.0,nan,nan,nan,False,373,0
shared,8,"('Dp1Yey', 'VEH')","('Dp1Yey', 'LCTB92')",95.0,nan,nan,nan,False,373,0
shared,8,"('Dp1Yey', 'VEH')","('Dp1Yey', 'LCTB92')",99.0,nan,nan,nan,False,373,0
shared,8,"('WT', 'VEH')","('Dp1Yey', 'VEH')",1.0,-0.05226441979408264,-0.10289149761199956,0.004198791980743355,False,373,373
shared,8,"('WT', 'VEH')","('Dp1Yey', 'VEH')",5.0,-0.03190102577209475,-0.08571815967559819,0.03717685014009473,False,373,373
shared,8,"('WT', 'VEH')","('Dp1Yey', 'VEH')",50.0,0.029209718108177185,0.005880131386220455,0.055803835391998284,True,373,373
shared,8,"('WT', 'VEH')","('Dp1Yey', 'VEH')",95.0,-0.015231518447399228,-0.047043077647686005,0.0245438067242503,False,373,373
shared,8,"('WT', 'VEH')","('Dp1Yey', 'VEH')",99.0,0.01800033688545266,-0.10185305154323454,0.051101505219936644,False,373,373
shared,8,"('WT', 'LCTB92')","('Dp1Yey', 'LCTB92')",1.0,nan,nan,nan,False,0,0
shared,8,"('WT', 'LCTB92')","('Dp1Yey', 'LCTB92')",5.0,nan,nan,nan,False,0,0
shared,8,"('WT', 'LCTB92')","('Dp1Yey', 'LCTB92')",50.0,nan,nan,nan,False,0,0
shared,8,"('WT', 'LCTB92')","('Dp1Yey', 'LCTB92')",95.0,nan,nan,nan,False,0,0
shared,8,"('WT', 'LCTB92')","('Dp1Yey', 'LCTB92')",99.0,nan,nan,nan,False,0,0
shared,8,"('WT', 'VEH')","('WT', 'LCTB92')",1.0,0.11335727512836458,0.08504618685692548,0.13464222885668276,True,5676,6622
shared,8,"('WT', 'VEH')","('WT', 'LCTB92')",5.0,0.08170545846223831,0.06989259544759993,0.09557139772921801,True,5676,6622
shared,8,"('WT', 'VEH')","('WT', 'LCTB92')",50.0,0.02635328099131584,0.021323999017477037,0.030854611005634067,True,5676,6622
shared,8,"('WT', 'VEH')","('WT', 'LCTB92')",95.0,0.009440816432470411,0.005025478258612609,0.013510344839887688,True,5676,6622
shared,8,"('WT', 'VEH')","('WT', 'LCTB92')",99.0,0.004090123847126925,-0.001168551177717747,0.010513872188515952,False,5676,6622
shared,8,"('Dp1Yey', 'VEH')","('Dp1Yey', 'LCTB92')",1.0,-0.001025954484939584,-0.027225091412663487,0.03201916337013244,False,5203,5203
shared,8,"('Dp1Yey', 'VEH')","('Dp1Yey', 'LCTB92')",5.0,0.009952247142791748,-0.004073915332555728,0.023231263682246203,False,5203,5203
shared,8,"('Dp1Yey', 'VEH')","('Dp1Yey', 'LCTB92')",50.0,0.009509176015853882,0.00421735793352127,0.013952207192778579,True,5203,5203
shared,8,"('Dp1Yey', 'VEH')","('Dp1Yey', 'LCTB92')",95.0,-0.006851306976750515,-0.011784161673858613,-0.0010728996293618846,True,5203,5203
shared,8,"('Dp1Yey', 'VEH')","('Dp1Yey', 'LCTB92')",99.0,-0.008911523185670234,-0.015042309071868732,-0.001401972197927538,True,5203,5203
shared,8,"('WT', 'VEH')","('Dp1Yey', 'VEH')",1.0,0.06770326673984528,0.04261934493482113,0.09359047208726404,True,5676,5203
shared,8,"('WT', 'VEH')","('Dp1Yey', 'VEH')",5.0,0.050482277572154954,0.0362839465588331,0.06397213123738758,True,5676,5203
shared,8,"('WT', 'VEH')","('Dp1Yey', 'VEH')",50.0,0.03186902776360512,0.027405264787375927,0.036628297250717874,True,5676,5203
shared,8,"('WT', 'VEH')","('Dp1Yey', 'VEH')",95.0,0.02431125608272866,0.019101489179302013,0.029010795386275257,True,5676,5203
shared,8,"('WT', 'VEH')","('Dp1Yey', 'VEH')",99.0,0.021175938062369948,0.013590144947171211,0.026198513101786725,True,5676,5203
shared,8,"('WT', 'LCTB92')","('Dp1Yey', 'LCTB92')",1.0,-0.04667996287345888,-0.06873937755823131,-0.010762013196945197,True,6622,5203
shared,8,"('WT', 'LCTB92')","('Dp1Yey', 'LCTB92')",5.0,-0.02127093374729161,-0.03526472952216866,-0.010480364784598356,True,6622,5203
shared,8,"('WT', 'LCTB92')","('Dp1Yey', 'LCTB92')",50.0,0.015024922788143158,0.009742297418415546,0.020427647419273852,True,6622,5203
shared,8,"('WT', 'LCTB92')","('Dp1Yey', 'LCTB92')",95.0,0.008019132673507734,0.003318237551720818,0.013303424447658512,True,6622,5203
shared,8,"('WT', 'LCTB92')","('Dp1Yey', 'LCTB92')",99.0,0.008174291029572789,0.0009844882786274821,0.01310487379040627,True,6622,5203
shared,90,"('WT', 'VEH')","('WT', 'LCTB92')",1.0,nan,nan,nan,False,127,0
shared,90,"('WT', 'VEH')","('WT', 'LCTB92')",5.0,nan,nan,nan,False,127,0
shared,90,"('WT', 'VEH')","('WT', 'LCTB92')",50.0,nan,nan,nan,False,127,0
shared,90,"('WT', 'VEH')","('WT', 'LCTB92')",95.0,nan,nan,nan,False,127,0
shared,90,"('WT', 'VEH')","('WT', 'LCTB92')",99.0,nan,nan,nan,False,127,0
shared,90,"('Dp1Yey', 'VEH')","('Dp1Yey', 'LCTB92')",1.0,nan,nan,nan,False,127,0
shared,90,"('Dp1Yey', 'VEH')","('Dp1Yey', 'LCTB92')",5.0,nan,nan,nan,False,127,0
shared,90,"('Dp1Yey', 'VEH')","('Dp1Yey', 'LCTB92')",50.0,nan,nan,nan,False,127,0
shared,90,"('Dp1Yey', 'VEH')","('Dp1Yey', 'LCTB92')",95.0,nan,nan,nan,False,127,0
shared,90,"('Dp1Yey', 'VEH')","('Dp1Yey', 'LCTB92')",99.0,nan,nan,nan,False,127,0
shared,90,"('WT', 'VEH')","('Dp1Yey', 'VEH')",1.0,0.010897835493087815,-0.009163125574588793,0.027636991679668422,False,127,127
shared,90,"('WT', 'VEH')","('Dp1Yey', 'VEH')",5.0,0.001072394847869862,-0.011593248844146696,0.020180630683898915,False,127,127
shared,90,"('WT', 'VEH')","('Dp1Yey', 'VEH')",50.0,0.003413081169128418,-0.029765346646308897,0.03449517488479614,False,127,127
shared,90,"('WT', 'VEH')","('Dp1Yey', 'VEH')",95.0,0.007703226804733232,-0.009088607877492893,0.026370077803731032,False,127,127
shared,90,"('WT', 'VEH')","('Dp1Yey', 'VEH')",99.0,0.02090346634387963,0.006197008848190341,0.026821640938520453,True,127,127
shared,90,"('WT', 'LCTB92')","('Dp1Yey', 'LCTB92')",1.0,nan,nan,nan,False,0,0
shared,90,"('WT', 'LCTB92')","('Dp1Yey', 'LCTB92')",5.0,nan,nan,nan,False,0,0
shared,90,"('WT', 'LCTB92')","('Dp1Yey', 'LCTB92')",50.0,nan,nan,nan,False,0,0
shared,90,"('WT', 'LCTB92')","('Dp1Yey', 'LCTB92')",95.0,nan,nan,nan,False,0,0
shared,90,"('WT', 'LCTB92')","('Dp1Yey', 'LCTB92')",99.0,nan,nan,nan,False,0,0
shared,90,"('WT', 'VEH')","('WT', 'LCTB92')",1.0,0.07596781611442564,0.07319504076242447,0.07920477862656115,True,2724,3178
shared,90,"('WT', 'VEH')","('WT', 'LCTB92')",5.0,0.06361826062202453,0.06032500453293323,0.0686894355714321,True,2724,3178
shared,90,"('WT', 'VEH')","('WT', 'LCTB92')",50.0,0.055118411779403687,0.04888154119253159,0.06280468925833702,True,2724,3178
shared,90,"('WT', 'VEH')","('WT', 'LCTB92')",95.0,0.05846358686685571,0.05287682048976439,0.06723391443490982,True,2724,3178
shared,90,"('WT', 'VEH')","('WT', 'LCTB92')",99.0,0.07369199395179749,0.06465162283182148,0.09355408196151253,True,2724,3178
shared,90,"('Dp1Yey', 'VEH')","('Dp1Yey', 'LCTB92')",1.0,-0.047834465503692636,-0.07074707812070845,-0.04111857903003692,True,2497,2497
shared,90,"('Dp1Yey', 'VEH')","('Dp1Yey', 'LCTB92')",5.0,-0.04603421688079834,-0.05327880322933198,-0.04018780142068863,True,2497,2497
shared,90,"('Dp1Yey', 'VEH')","('Dp1Yey', 'LCTB92')",50.0,0.0016922950744628906,-0.0030605241656303404,0.005611428618431091,False,2497,2497
shared,90,"('Dp1Yey', 'VEH')","('Dp1Yey', 'LCTB92')",95.0,-0.12192398905754082,-0.1373763296008107,-0.10175278633832922,True,2497,2497
shared,90,"('Dp1Yey', 'VEH')","('Dp1Yey', 'LCTB92')",99.0,-0.17939475893974322,-0.19048108839988723,-0.157434187799692,True,2497,2497
shared,90,"('WT', 'VEH')","('Dp1Yey', 'VEH')",1.0,-0.01448590636253358,-0.02178808069229126,0.013323534265160556,False,2724,2497
shared,90,"('WT', 'VEH')","('Dp1Yey', 'VEH')",5.0,-0.022714757919311518,-0.02818463146686554,-0.01555272296071053,True,2724,2497
shared,90,"('WT', 'VEH')","('Dp1Yey', 'VEH')",50.0,0.06281962990760803,0.057981304824352264,0.06821025684475898,True,2724,2497
shared,90,"('WT', 'VEH')","('Dp1Yey', 'VEH')",95.0,0.11692242771387101,0.10870282411575326,0.12623954214155683,True,2724,2497
shared,90,"('WT', 'VEH')","('Dp1Yey', 'VEH')",99.0,0.14710388004779829,0.12609037551283844,0.15544540975242851,True,2724,2497
shared,90,"('WT', 'LCTB92')","('Dp1Yey', 'LCTB92')",1.0,-0.13828818798065184,-0.14222360962629318,-0.1363349522948265,True,3178,2497
shared,90,"('WT', 'LCTB92')","('Dp1Yey', 'LCTB92')",5.0,-0.13236723542213438,-0.1373742052912712,-0.12818515226244928,True,3178,2497
shared,90,"('WT', 'LCTB92')","('Dp1Yey', 'LCTB92')",50.0,0.009393513202667236,0.0016781941056251528,0.014297720789909358,True,3178,2497
shared,90,"('WT', 'LCTB92')","('Dp1Yey', 'LCTB92')",95.0,-0.06346514821052551,-0.07954259712249029,-0.04462347745895386,True,3178,2497
shared,90,"('WT', 'LCTB92')","('Dp1Yey', 'LCTB92')",99.0,-0.10598287284374242,-0.12460007577389476,-0.09303198314458129,True,3178,2497
shared,91,"('WT', 'VEH')","('WT', 'LCTB92')",1.0,nan,nan,nan,False,124,0
shared,91,"('WT', 'VEH')","('WT', 'LCTB92')",5.0,nan,nan,nan,False,124,0
shared,91,"('WT', 'VEH')","('WT', 'LCTB92')",50.0,nan,nan,nan,False,124,0
shared,91,"('WT', 'VEH')","('WT', 'LCTB92')",95.0,nan,nan,nan,False,124,0
shared,91,"('WT', 'VEH')","('WT', 'LCTB92')",99.0,nan,nan,nan,False,124,0
shared,91,"('Dp1Yey', 'VEH')","('Dp1Yey', 'LCTB92')",1.0,nan,nan,nan,False,124,0
shared,91,"('Dp1Yey', 'VEH')","('Dp1Yey', 'LCTB92')",5.0,nan,nan,nan,False,124,0
shared,91,"('Dp1Yey', 'VEH')","('Dp1Yey', 'LCTB92')",50.0,nan,nan,nan,False,124,0
shared,91,"('Dp1Yey', 'VEH')","('Dp1Yey', 'LCTB92')",95.0,nan,nan,nan,False,124,0
shared,91,"('Dp1Yey', 'VEH')","('Dp1Yey', 'LCTB92')",99.0,nan,nan,nan,False,124,0
shared,91,"('WT', 'VEH')","('Dp1Yey', 'VEH')",1.0,0.010194857120513878,-0.00464867949485781,0.026531255841255208,False,124,124
shared,91,"('WT', 'VEH')","('Dp1Yey', 'VEH')",5.0,0.004276564717292819,-0.011393103003501881,0.020981243550777413,False,124,124
shared,91,"('WT', 'VEH')","('Dp1Yey', 'VEH')",50.0,-0.00038170814514160156,-0.03431863710284233,0.036009845882654185,False,124,124
shared,91,"('WT', 'VEH')","('Dp1Yey', 'VEH')",95.0,0.006745284795761086,-0.01190529838204384,0.02228975996375083,False,124,124
shared,91,"('WT', 'VEH')","('Dp1Yey', 'VEH')",99.0,0.016810322701931002,0.0028773521780967597,0.021703564658761013,True,124,124
shared,91,"('WT', 'LCTB92')","('Dp1Yey', 'LCTB92')",1.0,nan,nan,nan,False,0,0
shared,91,"('WT', 'LCTB92')","('Dp1Yey', 'LCTB92')",5.0,nan,nan,nan,False,0,0
shared,91,"('WT', 'LCTB92')","('Dp1Yey', 'LCTB92')",50.0,nan,nan,nan,False,0,0
shared,91,"('WT', 'LCTB92')","('Dp1Yey', 'LCTB92')",95.0,nan,nan,nan,False,0,0
shared,91,"('WT', 'LCTB92')","('Dp1Yey', 'LCTB92')",99.0,nan,nan,nan,False,0,0
shared,91,"('WT', 'VEH')","('WT', 'LCTB92')",1.0,0.07478042006492613,0.07038428124785424,0.08041800698637963,True,2688,3136
shared,91,"('WT', 'VEH')","('WT', 'LCTB92')",5.0,0.06396357715129852,0.05955420635640622,0.06925875529646874,True,2688,3136
shared,91,"('WT', 'VEH')","('WT', 'LCTB92')",50.0,0.05382174253463745,0.04692220836877823,0.06169894784688949,True,2688,3136
shared,91,"('WT', 'VEH')","('WT', 'LCTB92')",95.0,0.060846084356308006,0.05511034406721599,0.06803972147405148,True,2688,3136
shared,91,"('WT', 'VEH')","('WT', 'LCTB92')",99.0,0.07832340717315656,0.06394325371086595,0.09142624333500836,True,2688,3136
shared,91,"('Dp1Yey', 'VEH')","('Dp1Yey', 'LCTB92')",1.0,-0.051199021339416506,-0.06871200773119926,-0.04142964939773081,True,2464,2464
shared,91,"('Dp1Yey', 'VEH')","('Dp1Yey', 'LCTB92')",5.0,-0.04516687393188479,-0.05052403680980206,-0.03910667449235917,True,2464,2464
shared,91,"('Dp1Yey', 'VEH')","('Dp1Yey', 'LCTB92')",50.0,0.0003611743450164795,-0.0033376529812812806,0.004518257826566694,False,2464,2464
shared,91,"('Dp1Yey', 'VEH')","('Dp1Yey', 'LCTB92')",95.0,-0.12704817652702333,-0.14338988177478332,-0.10542952362447977,True,2464,2464
shared,91,"('Dp1Yey', 'VEH')","('Dp1Yey', 'LCTB92')",99.0,-0.16229490458965312,-0.18045261800289153,-0.15157457508891845,True,2464,2464
shared,91,"('WT', 'VEH')","('Dp1Yey', 'VEH')",1.0,-0.01091454803943634,-0.020372731328010547,0.00748550683259964,False,2688,2464
shared,91,"('WT', 'VEH')","('Dp1Yey', 'VEH')",5.0,-0.022248312830924988,-0.028382348269224172,-0.017929223403334624,True,2688,2464
shared,91,"('WT', 'VEH')","('Dp1Yey', 'VEH')",50.0,0.06351882219314575,0.05797237530350685,0.06857360824942589,True,2688,2464
shared,91,"('WT', 'VEH')","('Dp1Yey', 'VEH')",95.0,0.12159245461225515,0.1111365400254727,0.12851745743304496,True,2688,2464
shared,91,"('WT', 'VEH')","('Dp1Yey', 'VEH')",99.0,0.135139358341694,0.12088133084774083,0.14868653590977202,True,2688,2464
shared,91,"('WT', 'LCTB92')","('Dp1Yey', 'LCTB92')",1.0,-0.13689398944377898,-0.14301241034269332,-0.13144177483022212,True,3136,2464
shared,91,"('WT', 'LCTB92')","('Dp1Yey', 'LCTB92')",5.0,-0.1313787639141083,-0.13688537396490574,-0.12677853010594844,True,3136,2464
shared,91,"('WT', 'LCTB92')","('Dp1Yey', 'LCTB92')",50.0,0.01005825400352478,0.0024795040488243105,0.01597278043627738,True,3136,2464
shared,91,"('WT', 'LCTB92')","('Dp1Yey', 'LCTB92')",95.0,-0.06630180627107618,-0.08419843826442952,-0.04633508928120136,True,3136,2464
shared,91,"('WT', 'LCTB92')","('Dp1Yey', 'LCTB92')",99.0,-0.10547895342111568,-0.12333151116222073,-0.09494853900372978,True,3136,2464
shared,92,"('WT', 'VEH')","('WT', 'LCTB92')",1.0,nan,nan,nan,False,121,0
shared,92,"('WT', 'VEH')","('WT', 'LCTB92')",5.0,nan,nan,nan,False,121,0
shared,92,"('WT', 'VEH')","('WT', 'LCTB92')",50.0,nan,nan,nan,False,121,0
shared,92,"('WT', 'VEH')","('WT', 'LCTB92')",95.0,nan,nan,nan,False,121,0
shared,92,"('WT', 'VEH')","('WT', 'LCTB92')",99.0,nan,nan,nan,False,121,0
shared,92,"('Dp1Yey', 'VEH')","('Dp1Yey', 'LCTB92')",1.0,nan,nan,nan,False,121,0
shared,92,"('Dp1Yey', 'VEH')","('Dp1Yey', 'LCTB92')",5.0,nan,nan,nan,False,121,0
shared,92,"('Dp1Yey', 'VEH')","('Dp1Yey', 'LCTB92')",50.0,nan,nan,nan,False,121,0
shared,92,"('Dp1Yey', 'VEH')","('Dp1Yey', 'LCTB92')",95.0,nan,nan,nan,False,121,0
shared,92,"('Dp1Yey', 'VEH')","('Dp1Yey', 'LCTB92')",99.0,nan,nan,nan,False,121,0
shared,92,"('WT', 'VEH')","('Dp1Yey', 'VEH')",1.0,0.010922813415527366,-0.0006537437438964844,0.01586401045322416,False,121,121
shared,92,"('WT', 'VEH')","('Dp1Yey', 'VEH')",5.0,0.004263699054718018,-0.014135420322418213,0.03468441963195801,False,121,121
shared,92,"('WT', 'VEH')","('Dp1Yey', 'VEH')",50.0,-0.005577683448791504,-0.035656869411468506,0.03153256177902221,False,121,121
shared,92,"('WT', 'VEH')","('Dp1Yey', 'VEH')",95.0,0.006036996841430664,-0.009088575839996338,0.017187654972076416,False,121,121
shared,92,"('WT', 'VEH')","('Dp1Yey', 'VEH')",99.0,0.004071962833404497,-0.002636432647705078,0.013017535209655762,False,121,121
shared,92,"('WT', 'LCTB92')","('Dp1Yey', 'LCTB92')",1.0,nan,nan,nan,False,0,0
shared,92,"('WT', 'LCTB92')","('Dp1Yey', 'LCTB92')",5.0,nan,nan,nan,False,0,0
shared,92,"('WT', 'LCTB92')","('Dp1Yey', 'LCTB92')",50.0,nan,nan,nan,False,0,0
shared,92,"('WT', 'LCTB92')","('Dp1Yey', 'LCTB92')",95.0,nan,nan,nan,False,0,0
shared,92,"('WT', 'LCTB92')","('Dp1Yey', 'LCTB92')",99.0,nan,nan,nan,False,0,0
shared,92,"('WT', 'VEH')","('WT', 'LCTB92')",1.0,0.07147660911083221,0.06734073938429355,0.07718169148266314,True,2652,3094
shared,92,"('WT', 'VEH')","('WT', 'LCTB92')",5.0,0.06361339390277865,0.059219874516129485,0.06917290426790713,True,2652,3094
shared,92,"('WT', 'VEH')","('WT', 'LCTB92')",50.0,0.05255943536758423,0.044698672741651534,0.05969711989164352,True,2652,3094
shared,92,"('WT', 'VEH')","('WT', 'LCTB92')",95.0,0.06334591209888463,0.056176843531429745,0.07242523238062858,True,2652,3094
shared,92,"('WT', 'VEH')","('WT', 'LCTB92')",99.0,0.08140138924121776,0.06365520032495252,0.09502182234823534,True,2652,3094
shared,92,"('Dp1Yey', 'VEH')","('Dp1Yey', 'LCTB92')",1.0,-0.05462852120399475,-0.06692512154579164,-0.039417483210563674,True,2431,2431
shared,92,"('Dp1Yey', 'VEH')","('Dp1Yey', 'LCTB92')",5.0,-0.04414135217666626,-0.04939349740743637,-0.0396775133907795,True,2431,2431
shared,92,"('Dp1Yey', 'VEH')","('Dp1Yey', 'LCTB92')",50.0,-0.00016266107559204102,-0.004734893143177032,0.003898280858993523,False,2431,2431
shared,92,"('Dp1Yey', 'VEH')","('Dp1Yey', 'LCTB92')",95.0,-0.13133633136749268,-0.14567504711449147,-0.10812675617635252,True,2431,2431
shared,92,"('Dp1Yey', 'VEH')","('Dp1Yey', 'LCTB92')",99.0,-0.1592577517032634,-0.1781335090845824,-0.14807125627994547,True,2431,2431
shared,92,"('WT', 'VEH')","('Dp1Yey', 'VEH')",1.0,-0.005645075440406794,-0.02110571667551993,0.006430751025676718,False,2652,2431
shared,92,"('WT', 'VEH')","('Dp1Yey', 'VEH')",5.0,-0.023767906427383412,-0.028058383017778396,-0.01860766060650349,True,2652,2431
shared,92,"('WT', 'VEH')","('Dp1Yey', 'VEH')",50.0,0.06352373957633972,0.05712464451789856,0.06917766034603119,True,2652,2431
shared,92,"('WT', 'VEH')","('Dp1Yey', 'VEH')",95.0,0.12337651997804644,0.11385198559612031,0.1310115773975849,True,2652,2431
shared,92,"('WT', 'VEH')","('Dp1Yey', 'VEH')",99.0,0.1267054265737544,0.11485273490101156,0.14506857398897427,True,2652,2431
shared,92,"('WT', 'LCTB92')","('Dp1Yey', 'LCTB92')",1.0,-0.13175020575523377,-0.13757939697802066,-0.1277490192949772,True,3094,2431
shared,92,"('WT', 'LCTB92')","('Dp1Yey', 'LCTB92')",5.0,-0.13152265250682832,-0.13733564153313635,-0.1268838359415531,True,3094,2431
shared,92,"('WT', 'LCTB92')","('Dp1Yey', 'LCTB92')",50.0,0.010801643133163452,0.0036212630569934846,0.01685882955789566,True,3094,2431
shared,92,"('WT', 'LCTB92')","('Dp1Yey', 'LCTB92')",95.0,-0.07130572348833086,-0.08606291152536868,-0.04934810787439349,True,3094,2431
shared,92,"('WT', 'LCTB92')","('Dp1Yey', 'LCTB92')",99.0,-0.11395371437072677,-0.1284208037406194,-0.09631167487800102,True,3094,2431
shared,93,"('WT', 'VEH')","('WT', 'LCTB92')",1.0,nan,nan,nan,False,118,0
shared,93,"('WT', 'VEH')","('WT', 'LCTB92')",5.0,nan,nan,nan,False,118,0
shared,93,"('WT', 'VEH')","('WT', 'LCTB92')",50.0,nan,nan,nan,False,118,0
shared,93,"('WT', 'VEH')","('WT', 'LCTB92')",95.0,nan,nan,nan,False,118,0
shared,93,"('WT', 'VEH')","('WT', 'LCTB92')",99.0,nan,nan,nan,False,118,0
shared,93,"('Dp1Yey', 'VEH')","('Dp1Yey', 'LCTB92')",1.0,nan,nan,nan,False,118,0
shared,93,"('Dp1Yey', 'VEH')","('Dp1Yey', 'LCTB92')",5.0,nan,nan,nan,False,118,0
shared,93,"('Dp1Yey', 'VEH')","('Dp1Yey', 'LCTB92')",50.0,nan,nan,nan,False,118,0
shared,93,"('Dp1Yey', 'VEH')","('Dp1Yey', 'LCTB92')",95.0,nan,nan,nan,False,118,0
shared,93,"('Dp1Yey', 'VEH')","('Dp1Yey', 'LCTB92')",99.0,nan,nan,nan,False,118,0
shared,93,"('WT', 'VEH')","('Dp1Yey', 'VEH')",1.0,0.006313092112541219,-0.0060331951975822334,0.01884398281574251,False,118,118
shared,93,"('WT', 'VEH')","('Dp1Yey', 'VEH')",5.0,0.0066139280796050914,-0.015437382459640492,0.04034991592168806,False,118,118
shared,93,"('WT', 'VEH')","('Dp1Yey', 'VEH')",50.0,-0.011267364025115967,-0.0340769499540329,0.027637363970279685,False,118,118
shared,93,"('WT', 'VEH')","('Dp1Yey', 'VEH')",95.0,0.008460646867752109,-0.0009282648563385121,0.018047913685441005,False,118,118
shared,93,"('WT', 'VEH')","('Dp1Yey', 'VEH')",99.0,0.012184770107269316,-0.003957448601722702,0.01591951772570609,False,118,118
shared,93,"('WT', 'LCTB92')","('Dp1Yey', 'LCTB92')",1.0,nan,nan,nan,False,0,0
shared,93,"('WT', 'LCTB92')","('Dp1Yey', 'LCTB92')",5.0,nan,nan,nan,False,0,0
shared,93,"('WT', 'LCTB92')","('Dp1Yey', 'LCTB92')",50.0,nan,nan,nan,False,0,0
shared,93,"('WT', 'LCTB92')","('Dp1Yey', 'LCTB92')",95.0,nan,nan,nan,False,0,0
shared,93,"('WT', 'LCTB92')","('Dp1Yey', 'LCTB92')",99.0,nan,nan,nan,False,0,0
shared,93,"('WT', 'VEH')","('WT', 'LCTB92')",1.0,0.06930660784244537,0.06529295822978019,0.07423383529484272,True,2616,3052
shared,93,"('WT', 'VEH')","('WT', 'LCTB92')",5.0,0.0628788411617279,0.057908689007163054,0.06989709421992302,True,2616,3052
shared,93,"('WT', 'VEH')","('WT', 'LCTB92')",50.0,0.048957645893096924,0.041153323650360105,0.058945689350366585,True,2616,3052
shared,93,"('WT', 'VEH')","('WT', 'LCTB92')",95.0,0.06568594425916674,0.05767990332096815,0.07354055713862191,True,2616,3052
shared,93,"('WT', 'VEH')","('WT', 'LCTB92')",99.0,0.07800018191337621,0.06678866592049636,0.09009316328912965,True,2616,3052
shared,93,"('Dp1Yey', 'VEH')","('Dp1Yey', 'LCTB92')",1.0,-0.05693866908550263,-0.06422183318436146,-0.036500565454363844,True,2398,2398
shared,93,"('Dp1Yey', 'VEH')","('Dp1Yey', 'LCTB92')",5.0,-0.04303152561187745,-0.0485583084821701,-0.037807295694947236,True,2398,2398
shared,93,"('Dp1Yey', 'VEH')","('Dp1Yey', 'LCTB92')",50.0,-0.0019049346446990967,-0.005585261434316635,0.0024531684815883616,False,2398,2398
shared,93,"('Dp1Yey', 'VEH')","('Dp1Yey', 'LCTB92')",95.0,-0.13572254180908205,-0.15002624295651915,-0.10839634351432341,True,2398,2398
shared,93,"('Dp1Yey', 'VEH')","('Dp1Yey', 'LCTB92')",99.0,-0.15451140195131308,-0.17848231757432287,-0.14486272176355133,True,2398,2398
shared,93,"('WT', 'VEH')","('Dp1Yey', 'VEH')",1.0,-0.0012910616397857622,-0.021369594305753713,0.005092385038733482,False,2616,2398
shared,93,"('WT', 'VEH')","('Dp1Yey', 'VEH')",5.0,-0.02397187054157257,-0.029269198179244994,-0.01888243488967419,True,2616,2398
shared,93,"('WT', 'VEH')","('Dp1Yey', 'VEH')",50.0,0.06258273124694824,0.05687796473503113,0.06845455020666122,True,2616,2398
shared,93,"('WT', 'VEH')","('Dp1Yey', 'VEH')",95.0,0.12565563470125196,0.1153610960021615,0.13300546690821646,True,2616,2398
shared,93,"('WT', 'VEH')","('Dp1Yey', 'VEH')",99.0,0.11934748589992517,0.11010863395780313,0.14446951988339404,True,2616,2398
shared,93,"('WT', 'LCTB92')","('Dp1Yey', 'LCTB92')",1.0,-0.12753633856773378,-0.13338771967589855,-0.12353470566868784,True,3052,2398
shared,93,"('WT', 'LCTB92')","('Dp1Yey', 'LCTB92')",5.0,-0.12988223731517792,-0.1369078528881073,-0.12520139142870904,True,3052,2398
shared,93,"('WT', 'LCTB92')","('Dp1Yey', 'LCTB92')",50.0,0.011720150709152222,0.0028737910091876985,0.018432380259037016,True,3052,2398
shared,93,"('WT', 'LCTB92')","('Dp1Yey', 'LCTB92')",95.0,-0.07575285136699683,-0.09059998635202647,-0.05019528906792425,True,3052,2398
shared,93,"('WT', 'LCTB92')","('Dp1Yey', 'LCTB92')",99.0,-0.11316409796476412,-0.12440658961981604,-0.10115852886438377,True,3052,2398
shared,94,"('WT', 'VEH')","('WT', 'LCTB92')",1.0,nan,nan,nan,False,115,0
shared,94,"('WT', 'VEH')","('WT', 'LCTB92')",5.0,nan,nan,nan,False,115,0
shared,94,"('WT', 'VEH')","('WT', 'LCTB92')",50.0,nan,nan,nan,False,115,0
shared,94,"('WT', 'VEH')","('WT', 'LCTB92')",95.0,nan,nan,nan,False,115,0
shared,94,"('WT', 'VEH')","('WT', 'LCTB92')",99.0,nan,nan,nan,False,115,0
shared,94,"('Dp1Yey', 'VEH')","('Dp1Yey', 'LCTB92')",1.0,nan,nan,nan,False,115,0
shared,94,"('Dp1Yey', 'VEH')","('Dp1Yey', 'LCTB92')",5.0,nan,nan,nan,False,115,0
shared,94,"('Dp1Yey', 'VEH')","('Dp1Yey', 'LCTB92')",50.0,nan,nan,nan,False,115,0
shared,94,"('Dp1Yey', 'VEH')","('Dp1Yey', 'LCTB92')",95.0,nan,nan,nan,False,115,0
shared,94,"('Dp1Yey', 'VEH')","('Dp1Yey', 'LCTB92')",99.0,nan,nan,nan,False,115,0
shared,94,"('WT', 'VEH')","('Dp1Yey', 'VEH')",1.0,0.009445897340774556,-0.011159663259983023,0.022252042293548602,False,115,115
shared,94,"('WT', 'VEH')","('Dp1Yey', 'VEH')",5.0,0.004674679040908791,-0.015031587183475493,0.04746322542428964,False,115,115
shared,94,"('WT', 'VEH')","('Dp1Yey', 'VEH')",50.0,-0.013963282108306885,-0.03357207775115967,0.029642343521118164,False,115,115
shared,94,"('WT', 'VEH')","('Dp1Yey', 'VEH')",95.0,0.009755289554595925,0.0003282539546489925,0.020426314920187025,True,115,115
shared,94,"('WT', 'VEH')","('Dp1Yey', 'VEH')",99.0,0.009940243959426887,-0.0021953582763671875,0.024944645166397106,False,115,115
shared,94,"('WT', 'LCTB92')","('Dp1Yey', 'LCTB92')",1.0,nan,nan,nan,False,0,0
shared,94,"('WT', 'LCTB92')","('Dp1Yey', 'LCTB92')",5.0,nan,nan,nan,False,0,0
shared,94,"('WT', 'LCTB92')","('Dp1Yey', 'LCTB92')",50.0,nan,nan,nan,False,0,0
shared,94,"('WT', 'LCTB92')","('Dp1Yey', 'LCTB92')",95.0,nan,nan,nan,False,0,0
shared,94,"('WT', 'LCTB92')","('Dp1Yey', 'LCTB92')",99.0,nan,nan,nan,False,0,0
shared,94,"('WT', 'VEH')","('WT', 'LCTB92')",1.0,0.06759012877941133,0.06462338230013846,0.07311539414525033,True,2580,3010
shared,94,"('WT', 'VEH')","('WT', 'LCTB92')",5.0,0.06090258955955505,0.05603474155068397,0.0676113397628069,True,2580,3010
shared,94,"('WT', 'VEH')","('WT', 'LCTB92')",50.0,0.04739823937416077,0.038663918524980544,0.05587764382362365,True,2580,3010
shared,94,"('WT', 'VEH')","('WT', 'LCTB92')",95.0,0.06685431599617009,0.05881647054105986,0.07473838139325363,True,2580,3010
shared,94,"('WT', 'VEH')","('WT', 'LCTB92')",99.0,0.07220256686210658,0.06434516236931172,0.08560695808380853,True,2580,3010
shared,94,"('Dp1Yey', 'VEH')","('Dp1Yey', 'LCTB92')",1.0,-0.054517710208892844,-0.06329547256231308,-0.033775220870971706,True,2365,2365
shared,94,"('Dp1Yey', 'VEH')","('Dp1Yey', 'LCTB92')",5.0,-0.04284994602203368,-0.048320405185222626,-0.03633703351020813,True,2365,2365
shared,94,"('Dp1Yey', 'VEH')","('Dp1Yey', 'LCTB92')",50.0,-0.0012821555137634277,-0.005490286648273468,0.0026470988988876324,False,2365,2365
shared,94,"('Dp1Yey', 'VEH')","('Dp1Yey', 'LCTB92')",95.0,-0.13549314737319956,-0.1549480679631233,-0.1111978068947783,True,2365,2365
shared,94,"('Dp1Yey', 'VEH')","('Dp1Yey', 'LCTB92')",99.0,-0.1471337080001831,-0.1782087918221953,-0.1396932983100407,True,2365,2365
shared,94,"('WT', 'VEH')","('Dp1Yey', 'VEH')",1.0,-0.004869648218154887,-0.02285794891417026,0.00384221893548964,False,2580,2365
shared,94,"('WT', 'VEH')","('Dp1Yey', 'VEH')",5.0,-0.02551310062408446,-0.031222020760178576,-0.019836356341838838,True,2580,2365
shared,94,"('WT', 'VEH')","('Dp1Yey', 'VEH')",50.0,0.06220698356628418,0.05616472512483597,0.067070534825325,True,2580,2365
shared,94,"('WT', 'VEH')","('Dp1Yey', 'VEH')",95.0,0.12651255577802673,0.11703628480434419,0.13434078983962544,True,2580,2365
shared,94,"('WT', 'VEH')","('Dp1Yey', 'VEH')",99.0,0.1109761446714399,0.10450891733169555,0.14179901058226665,True,2580,2365
shared,94,"('WT', 'LCTB92')","('Dp1Yey', 'LCTB92')",1.0,-0.12697748720645907,-0.13308672554790973,-0.11884039735794068,True,3010,2365
shared,94,"('WT', 'LCTB92')","('Dp1Yey', 'LCTB92')",5.0,-0.1292656362056732,-0.13609552964568136,-0.12313109122216702,True,3010,2365
shared,94,"('WT', 'LCTB92')","('Dp1Yey', 'LCTB92')",50.0,0.013526588678359985,0.005318248271942138,0.02076381295919418,True,3010,2365
shared,94,"('WT', 'LCTB92')","('Dp1Yey', 'LCTB92')",95.0,-0.07583490759134293,-0.09443474695086379,-0.05320589784532808,True,3010,2365
shared,94,"('WT', 'LCTB92')","('Dp1Yey', 'LCTB92')",99.0,-0.10836013019084978,-0.12149807962775232,-0.10107240080833435,True,3010,2365
shared,95,"('WT', 'VEH')","('WT', 'LCTB92')",1.0,nan,nan,nan,False,112,0
shared,95,"('WT', 'VEH')","('WT', 'LCTB92')",5.0,nan,nan,nan,False,112,0
shared,95,"('WT', 'VEH')","('WT', 'LCTB92')",50.0,nan,nan,nan,False,112,0
shared,95,"('WT', 'VEH')","('WT', 'LCTB92')",95.0,nan,nan,nan,False,112,0
shared,95,"('WT', 'VEH')","('WT', 'LCTB92')",99.0,nan,nan,nan,False,112,0
shared,95,"('Dp1Yey', 'VEH')","('Dp1Yey', 'LCTB92')",1.0,nan,nan,nan,False,112,0
shared,95,"('Dp1Yey', 'VEH')","('Dp1Yey', 'LCTB92')",5.0,nan,nan,nan,False,112,0
shared,95,"('Dp1Yey', 'VEH')","('Dp1Yey', 'LCTB92')",50.0,nan,nan,nan,False,112,0
shared,95,"('Dp1Yey', 'VEH')","('Dp1Yey', 'LCTB92')",95.0,nan,nan,nan,False,112,0
shared,95,"('Dp1Yey', 'VEH')","('Dp1Yey', 'LCTB92')",99.0,nan,nan,nan,False,112,0
shared,95,"('WT', 'VEH')","('Dp1Yey', 'VEH')",1.0,0.008016698956489543,-0.00807682017982007,0.037802513241767866,False,112,112
shared,95,"('WT', 'VEH')","('Dp1Yey', 'VEH')",5.0,0.0073471426963806485,-0.012631643041968368,0.048571422696113586,False,112,112
shared,95,"('WT', 'VEH')","('Dp1Yey', 'VEH')",50.0,-0.015839308500289917,-0.03127460777759552,0.023469429463148114,False,112,112
shared,95,"('WT', 'VEH')","('Dp1Yey', 'VEH')",95.0,0.018294665217399586,0.0033829208463430852,0.032322750464081715,True,112,112
shared,95,"('WT', 'VEH')","('Dp1Yey', 'VEH')",99.0,0.013056773543357825,0.0025200968980789162,0.03196700572967531,True,112,112
shared,95,"('WT', 'LCTB92')","('Dp1Yey', 'LCTB92')",1.0,nan,nan,nan,False,0,0
shared,95,"('WT', 'LCTB92')","('Dp1Yey', 'LCTB92')",5.0,nan,nan,nan,False,0,0
shared,95,"('WT', 'LCTB92')","('Dp1Yey', 'LCTB92')",50.0,nan,nan,nan,False,0,0
shared,95,"('WT', 'LCTB92')","('Dp1Yey', 'LCTB92')",95.0,nan,nan,nan,False,0,0
shared,95,"('WT', 'LCTB92')","('Dp1Yey', 'LCTB92')",99.0,nan,nan,nan,False,0,0
shared,95,"('WT', 'VEH')","('WT', 'LCTB92')",1.0,0.06971292257308959,0.0652948693037033,0.07440657016634941,True,2544,2968
shared,95,"('WT', 'VEH')","('WT', 'LCTB92')",5.0,0.05930449068546295,0.055243198648095126,0.06499904975295066,True,2544,2968
shared,95,"('WT', 'VEH')","('WT', 'LCTB92')",50.0,0.04612630605697632,0.03819749504327774,0.05570710301399231,True,2544,2968
shared,95,"('WT', 'VEH')","('WT', 'LCTB92')",95.0,0.06892188489437101,0.060945095345377766,0.07765323646366591,True,2544,2968
shared,95,"('WT', 'VEH')","('WT', 'LCTB92')",99.0,0.06929929524660117,0.06114838366210471,0.08705529476702213,True,2544,2968
shared,95,"('Dp1Yey', 'VEH')","('Dp1Yey', 'LCTB92')",1.0,-0.054070296883583086,-0.06404858227074146,-0.031057698130607603,True,2332,2332
shared,95,"('Dp1Yey', 'VEH')","('Dp1Yey', 'LCTB92')",5.0,-0.04059512615203856,-0.048764725103974324,-0.03459186419844629,True,2332,2332
shared,95,"('Dp1Yey', 'VEH')","('Dp1Yey', 'LCTB92')",50.0,-0.0022073090076446533,-0.0064464457333087925,0.0022578977048396992,False,2332,2332
shared,95,"('Dp1Yey', 'VEH')","('Dp1Yey', 'LCTB92')",95.0,-0.13851500004529943,-0.15351121254265307,-0.11483749888837326,True,2332,2332
shared,95,"('Dp1Yey', 'VEH')","('Dp1Yey', 'LCTB92')",99.0,-0.15290118306875222,-0.17322011716663846,-0.1369391559883952,True,2332,2332
shared,95,"('WT', 'VEH')","('Dp1Yey', 'VEH')",1.0,-0.002330090999603268,-0.023550752282142626,0.00556303955614569,False,2544,2332
shared,95,"('WT', 'VEH')","('Dp1Yey', 'VEH')",5.0,-0.026757445931434642,-0.03192235007882119,-0.021402974203228974,True,2544,2332
shared,95,"('WT', 'VEH')","('Dp1Yey', 'VEH')",50.0,0.062208592891693115,0.056781741231679915,0.06831867918372153,True,2544,2332
shared,95,"('WT', 'VEH')","('Dp1Yey', 'VEH')",95.0,0.13041453212499615,0.12179448604583729,0.13825917173176994,True,2544,2332
shared,95,"('WT', 'VEH')","('Dp1Yey', 'VEH')",99.0,0.11369865357875819,0.09847204322367906,0.13371516077965553,True,2544,2332
shared,95,"('WT', 'LCTB92')","('Dp1Yey', 'LCTB92')",1.0,-0.12611331045627594,-0.13318984925746918,-0.11892861415445805,True,2968,2332
shared,95,"('WT', 'LCTB92')","('Dp1Yey', 'LCTB92')",5.0,-0.12665706276893615,-0.1353601132333279,-0.12164062149822712,True,2968,2332
shared,95,"('WT', 'LCTB92')","('Dp1Yey', 'LCTB92')",50.0,0.013874977827072144,0.005401419103145599,0.02192490622401237,True,2968,2332
shared,95,"('WT', 'LCTB92')","('Dp1Yey', 'LCTB92')",95.0,-0.07702235281467429,-0.09262331277132034,-0.05389395803213093,True,2968,2332
shared,95,"('WT', 'LCTB92')","('Dp1Yey', 'LCTB92')",99.0,-0.1085018247365952,-0.12415159180760384,-0.09984917264431739,True,2968,2332
shared,96,"('WT', 'VEH')","('WT', 'LCTB92')",1.0,nan,nan,nan,False,109,0
shared,96,"('WT', 'VEH')","('WT', 'LCTB92')",5.0,nan,nan,nan,False,109,0
shared,96,"('WT', 'VEH')","('WT', 'LCTB92')",50.0,nan,nan,nan,False,109,0
shared,96,"('WT', 'VEH')","('WT', 'LCTB92')",95.0,nan,nan,nan,False,109,0
shared,96,"('WT', 'VEH')","('WT', 'LCTB92')",99.0,nan,nan,nan,False,109,0
shared,96,"('Dp1Yey', 'VEH')","('Dp1Yey', 'LCTB92')",1.0,nan,nan,nan,False,109,0
shared,96,"('Dp1Yey', 'VEH')","('Dp1Yey', 'LCTB92')",5.0,nan,nan,nan,False,109,0
shared,96,"('Dp1Yey', 'VEH')","('Dp1Yey', 'LCTB92')",50.0,nan,nan,nan,False,109,0
shared,96,"('Dp1Yey', 'VEH')","('Dp1Yey', 'LCTB92')",95.0,nan,nan,nan,False,109,0
shared,96,"('Dp1Yey', 'VEH')","('Dp1Yey', 'LCTB92')",99.0,nan,nan,nan,False,109,0
shared,96,"('WT', 'VEH')","('Dp1Yey', 'VEH')",1.0,0.02825288295745848,-0.005252018094062807,0.04103062629699705,False,109,109
shared,96,"('WT', 'VEH')","('Dp1Yey', 'VEH')",5.0,0.007300138473510742,-0.008173489570617698,0.03783266067504882,False,109,109
shared,96,"('WT', 'VEH')","('Dp1Yey', 'VEH')",50.0,-0.012363076210021973,-0.02476656436920166,0.018779639899730666,False,109,109
shared,96,"('WT', 'VEH')","('Dp1Yey', 'VEH')",95.0,0.019225931167602572,-0.0012912285327911484,0.04236336946487429,False,109,109
shared,96,"('WT', 'VEH')","('Dp1Yey', 'VEH')",99.0,0.02750714063644416,0.0023880634307860992,0.04583847403526303,True,109,109
shared,96,"('WT', 'LCTB92')","('Dp1Yey', 'LCTB92')",1.0,nan,nan,nan,False,0,0
shared,96,"('WT', 'LCTB92')","('Dp1Yey', 'LCTB92')",5.0,nan,nan,nan,False,0,0
shared,96,"('WT', 'LCTB92')","('Dp1Yey', 'LCTB92')",50.0,nan,nan,nan,False,0,0
shared,96,"('WT', 'LCTB92')","('Dp1Yey', 'LCTB92')",95.0,nan,nan,nan,False,0,0
shared,96,"('WT', 'LCTB92')","('Dp1Yey', 'LCTB92')",99.0,nan,nan,nan,False,0,0
shared,96,"('WT', 'VEH')","('WT', 'LCTB92')",1.0,0.06979839444160463,0.06442792885005474,0.07532775858044624,True,2508,2926
shared,96,"('WT', 'VEH')","('WT', 'LCTB92')",5.0,0.05849303603172301,0.05354083225131036,0.06329132966697217,True,2508,2926
shared,96,"('WT', 'VEH')","('WT', 'LCTB92')",50.0,0.047045499086380005,0.03796323016285896,0.05618952065706252,True,2508,2926
shared,96,"('WT', 'VEH')","('WT', 'LCTB92')",95.0,0.07088560163974766,0.060015457198023967,0.07974794935435056,True,2508,2926
shared,96,"('WT', 'VEH')","('WT', 'LCTB92')",99.0,0.07120039552450175,0.05927332062274213,0.08277228621393443,True,2508,2926
shared,96,"('Dp1Yey', 'VEH')","('Dp1Yey', 'LCTB92')",1.0,-0.044406460523605334,-0.06380477428436278,-0.03006451311707498,True,2299,2299
shared,96,"('Dp1Yey', 'VEH')","('Dp1Yey', 'LCTB92')",5.0,-0.03902898430824278,-0.046889312565326684,-0.03364139065146449,True,2299,2299
shared,96,"('Dp1Yey', 'VEH')","('Dp1Yey', 'LCTB92')",50.0,-0.0032555460929870605,-0.007542711496353149,0.0007195085287094093,False,2299,2299
shared,96,"('Dp1Yey', 'VEH')","('Dp1Yey', 'LCTB92')",95.0,-0.14094780683517455,-0.15860097847878935,-0.11884145282208913,True,2299,2299
shared,96,"('Dp1Yey', 'VEH')","('Dp1Yey', 'LCTB92')",99.0,-0.14869403779506696,-0.17696318368613764,-0.13302433893084525,True,2299,2299
shared,96,"('WT', 'VEH')","('Dp1Yey', 'VEH')",1.0,-0.009503762125968929,-0.022501123473048213,0.009609100222587577,False,2508,2299
shared,96,"('WT', 'VEH')","('Dp1Yey', 'VEH')",5.0,-0.027925795316696173,-0.03203566253185273,-0.02275174245238305,True,2508,2299
shared,96,"('WT', 'VEH')","('Dp1Yey', 'VEH')",50.0,0.06257662177085876,0.05769069194793701,0.06797217726707458,True,2508,2299
shared,96,"('WT', 'VEH')","('Dp1Yey', 'VEH')",95.0,0.13263169080019005,0.12187415450811384,0.14047061830759047,True,2508,2299
shared,96,"('WT', 'VEH')","('Dp1Yey', 'VEH')",99.0,0.10593312382698061,0.09167906056344506,0.13515625318884864,True,2508,2299
shared,96,"('WT', 'LCTB92')","('Dp1Yey', 'LCTB92')",1.0,-0.12370861709117889,-0.12980590979754925,-0.11529308499395849,True,2926,2299
shared,96,"('WT', 'LCTB92')","('Dp1Yey', 'LCTB92')",5.0,-0.12544781565666197,-0.1332608748227358,-0.12001009523868561,True,2926,2299
shared,96,"('WT', 'LCTB92')","('Dp1Yey', 'LCTB92')",50.0,0.0122755765914917,0.003332194685935974,0.020996002107858656,True,2926,2299
shared,96,"('WT', 'LCTB92')","('Dp1Yey', 'LCTB92')",95.0,-0.07920171767473216,-0.09725842643529177,-0.057435320839285854,True,2926,2299
shared,96,"('WT', 'LCTB92')","('Dp1Yey', 'LCTB92')",99.0,-0.11396130949258809,-0.12372201476246118,-0.10137777945399287,True,2926,2299
shared,97,"('WT', 'VEH')","('WT', 'LCTB92')",1.0,nan,nan,nan,False,106,0
shared,97,"('WT', 'VEH')","('WT', 'LCTB92')",5.0,nan,nan,nan,False,106,0
shared,97,"('WT', 'VEH')","('WT', 'LCTB92')",50.0,nan,nan,nan,False,106,0
shared,97,"('WT', 'VEH')","('WT', 'LCTB92')",95.0,nan,nan,nan,False,106,0
shared,97,"('WT', 'VEH')","('WT', 'LCTB92')",99.0,nan,nan,nan,False,106,0
shared,97,"('Dp1Yey', 'VEH')","('Dp1Yey', 'LCTB92')",1.0,nan,nan,nan,False,106,0
shared,97,"('Dp1Yey', 'VEH')","('Dp1Yey', 'LCTB92')",5.0,nan,nan,nan,False,106,0
shared,97,"('Dp1Yey', 'VEH')","('Dp1Yey', 'LCTB92')",50.0,nan,nan,nan,False,106,0
shared,97,"('Dp1Yey', 'VEH')","('Dp1Yey', 'LCTB92')",95.0,nan,nan,nan,False,106,0
shared,97,"('Dp1Yey', 'VEH')","('Dp1Yey', 'LCTB92')",99.0,nan,nan,nan,False,106,0
shared,97,"('WT', 'VEH')","('Dp1Yey', 'VEH')",1.0,0.04621725380420688,0.010197919830679861,0.058082500100135825,True,106,106
shared,97,"('WT', 'VEH')","('Dp1Yey', 'VEH')",5.0,0.009718075394630432,-0.01573154330253601,0.04154607132077217,False,106,106
shared,97,"('WT', 'VEH')","('Dp1Yey', 'VEH')",50.0,-0.006539374589920044,-0.024237996339797972,0.014157812297344205,False,106,106
shared,97,"('WT', 'VEH')","('Dp1Yey', 'VEH')",95.0,0.02828162908554077,0.0059223219752311705,0.0536503940820694,True,106,106
shared,97,"('WT', 'VEH')","('Dp1Yey', 'VEH')",99.0,0.038480734825134255,0.01453630097210405,0.05126756429672241,True,106,106
shared,97,"('WT', 'LCTB92')","('Dp1Yey', 'LCTB92')",1.0,nan,nan,nan,False,0,0
shared,97,"('WT', 'LCTB92')","('Dp1Yey', 'LCTB92')",5.0,nan,nan,nan,False,0,0
shared,97,"('WT', 'LCTB92')","('Dp1Yey', 'LCTB92')",50.0,nan,nan,nan,False,0,0
shared,97,"('WT', 'LCTB92')","('Dp1Yey', 'LCTB92')",95.0,nan,nan,nan,False,0,0
shared,97,"('WT', 'LCTB92')","('Dp1Yey', 'LCTB92')",99.0,nan,nan,nan,False,0,0
shared,97,"('WT', 'VEH')","('WT', 'LCTB92')",1.0,0.0694216299057007,0.0631240451335907,0.07489337025582789,True,2472,2884
shared,97,"('WT', 'VEH')","('WT', 'LCTB92')",5.0,0.0574042946100235,0.052550755962729456,0.06174319192767142,True,2472,2884
shared,97,"('WT', 'VEH')","('WT', 'LCTB92')",50.0,0.047199398279190063,0.03554135262966156,0.056327577680349336,True,2472,2884
shared,97,"('WT', 'VEH')","('WT', 'LCTB92')",95.0,0.07087402790784825,0.05904656838625678,0.08117682464420779,True,2472,2884
shared,97,"('WT', 'VEH')","('WT', 'LCTB92')",99.0,0.07176994681358329,0.061875207796692845,0.07920977383852001,True,2472,2884
shared,97,"('Dp1Yey', 'VEH')","('Dp1Yey', 'LCTB92')",1.0,-0.0439160794019699,-0.059899467751383766,-0.028078585788607592,True,2266,2266
shared,97,"('Dp1Yey', 'VEH')","('Dp1Yey', 'LCTB92')",5.0,-0.03942066431045532,-0.045409636572003365,-0.03356573358178139,True,2266,2266
shared,97,"('Dp1Yey', 'VEH')","('Dp1Yey', 'LCTB92')",50.0,-0.004965394735336304,-0.008720802515745163,-4.248768091202276e-05,True,2266,2266
shared,97,"('Dp1Yey', 'VEH')","('Dp1Yey', 'LCTB92')",95.0,-0.143583744764328,-0.1590647093951702,-0.12606482189148668,True,2266,2266
shared,97,"('Dp1Yey', 'VEH')","('Dp1Yey', 'LCTB92')",99.0,-0.15719492137432112,-0.18145379949361098,-0.13214639920741322,True,2266,2266
shared,97,"('WT', 'VEH')","('Dp1Yey', 'VEH')",1.0,-0.009555937647819507,-0.02299066387116908,0.006787201002240164,False,2472,2266
shared,97,"('WT', 'VEH')","('Dp1Yey', 'VEH')",5.0,-0.02916399240493775,-0.03300246149301529,-0.023859149143099775,True,2472,2266
shared,97,"('WT', 'VEH')","('Dp1Yey', 'VEH')",50.0,0.06324246525764465,0.05626488253474236,0.06934569925069808,True,2472,2266
shared,97,"('WT', 'VEH')","('Dp1Yey', 'VEH')",95.0,0.13249629884958258,0.12204119473695753,0.1415297808498144,True,2472,2266
shared,97,"('WT', 'VEH')","('Dp1Yey', 'VEH')",99.0,0.11274461448192608,0.08873698820918836,0.13836504313349726,True,2472,2266
shared,97,"('WT', 'LCTB92')","('Dp1Yey', 'LCTB92')",1.0,-0.1228936469554901,-0.12859890459477902,-0.11466162517666817,True,2884,2266
shared,97,"('WT', 'LCTB92')","('Dp1Yey', 'LCTB92')",5.0,-0.12598895132541657,-0.13110917463898658,-0.1193187152594328,True,2884,2266
shared,97,"('WT', 'LCTB92')","('Dp1Yey', 'LCTB92')",50.0,0.011077672243118286,0.0027173593640327453,0.02146525830030441,True,2884,2266
shared,97,"('WT', 'LCTB92')","('Dp1Yey', 'LCTB92')",95.0,-0.08196147382259367,-0.09759820584207773,-0.06377708610147242,True,2884,2266
shared,97,"('WT', 'LCTB92')","('Dp1Yey', 'LCTB92')",99.0,-0.11622025370597833,-0.12239612765610206,-0.1027694863304494,True,2884,2266
shared,98,"('WT', 'VEH')","('WT', 'LCTB92')",1.0,nan,nan,nan,False,103,0
shared,98,"('WT', 'VEH')","('WT', 'LCTB92')",5.0,nan,nan,nan,False,103,0
shared,98,"('WT', 'VEH')","('WT', 'LCTB92')",50.0,nan,nan,nan,False,103,0
shared,98,"('WT', 'VEH')","('WT', 'LCTB92')",95.0,nan,nan,nan,False,103,0
shared,98,"('WT', 'VEH')","('WT', 'LCTB92')",99.0,nan,nan,nan,False,103,0
shared,98,"('Dp1Yey', 'VEH')","('Dp1Yey', 'LCTB92')",1.0,nan,nan,nan,False,103,0
shared,98,"('Dp1Yey', 'VEH')","('Dp1Yey', 'LCTB92')",5.0,nan,nan,nan,False,103,0
shared,98,"('Dp1Yey', 'VEH')","('Dp1Yey', 'LCTB92')",50.0,nan,nan,nan,False,103,0
shared,98,"('Dp1Yey', 'VEH')","('Dp1Yey', 'LCTB92')",95.0,nan,nan,nan,False,103,0
shared,98,"('Dp1Yey', 'VEH')","('Dp1Yey', 'LCTB92')",99.0,nan,nan,nan,False,103,0
shared,98,"('WT', 'VEH')","('Dp1Yey', 'VEH')",1.0,0.05797359466552732,-0.0002926700115203836,0.07342282295227048,False,103,103
shared,98,"('WT', 'VEH')","('Dp1Yey', 'VEH')",5.0,0.01827177405357361,-0.006225386559963226,0.05346131443977351,False,103,103
shared,98,"('WT', 'VEH')","('Dp1Yey', 'VEH')",50.0,-0.0061241984367370605,-0.02575698494911194,0.010391771793365479,False,103,103
shared,98,"('WT', 'VEH')","('Dp1Yey', 'VEH')",95.0,0.037979692220687866,0.023665696084499317,0.05271299287676812,True,103,103
shared,98,"('WT', 'VEH')","('Dp1Yey', 'VEH')",99.0,0.03841534614562986,0.02927707162499426,0.04979674279689794,True,103,103
shared,98,"('WT', 'LCTB92')","('Dp1Yey', 'LCTB92')",1.0,nan,nan,nan,False,0,0
shared,98,"('WT', 'LCTB92')","('Dp1Yey', 'LCTB92')",5.0,nan,nan,nan,False,0,0
shared,98,"('WT', 'LCTB92')","('Dp1Yey', 'LCTB92')",50.0,nan,nan,nan,False,0,0
shared,98,"('WT', 'LCTB92')","('Dp1Yey', 'LCTB92')",95.0,nan,nan,nan,False,0,0
shared,98,"('WT', 'LCTB92')","('Dp1Yey', 'LCTB92')",99.0,nan,nan,nan,False,0,0
shared,98,"('WT', 'VEH')","('WT', 'LCTB92')",1.0,0.06784704625606537,0.06293136566877364,0.07203411258757114,True,2436,2842
shared,98,"('WT', 'VEH')","('WT', 'LCTB92')",5.0,0.05622099041938783,0.05041242480278015,0.060058453083038324,True,2436,2842
shared,98,"('WT', 'VEH')","('WT', 'LCTB92')",50.0,0.04734307527542114,0.0361791804432869,0.05601292476058004,True,2436,2842
shared,98,"('WT', 'VEH')","('WT', 'LCTB92')",95.0,0.07063757777214053,0.05833226170390849,0.08234004054218541,True,2436,2842
shared,98,"('WT', 'VEH')","('WT', 'LCTB92')",99.0,0.07132003873586656,0.06403291442245225,0.07801052302122115,True,2436,2842
shared,98,"('Dp1Yey', 'VEH')","('Dp1Yey', 'LCTB92')",1.0,-0.03785993099212648,-0.05499938976764679,-0.02411191481351853,True,2233,2233
shared,98,"('Dp1Yey', 'VEH')","('Dp1Yey', 'LCTB92')",5.0,-0.03940439224243164,-0.04381679683923719,-0.03456018954515456,True,2233,2233
shared,98,"('Dp1Yey', 'VEH')","('Dp1Yey', 'LCTB92')",50.0,-0.0046846866607666016,-0.0084569051861763,-0.0007686555385589707,True,2233,2233
shared,98,"('Dp1Yey', 'VEH')","('Dp1Yey', 'LCTB92')",95.0,-0.14611750841140758,-0.16935322567820557,-0.13075343683362017,True,2233,2233
shared,98,"('Dp1Yey', 'VEH')","('Dp1Yey', 'LCTB92')",99.0,-0.153844693899155,-0.17750361174344997,-0.13007552838325562,True,2233,2233
shared,98,"('WT', 'VEH')","('Dp1Yey', 'VEH')",1.0,-0.01365674734115599,-0.02625549294054508,0.002874826103448875,False,2436,2233
shared,98,"('WT', 'VEH')","('Dp1Yey', 'VEH')",5.0,-0.02998112142086029,-0.034321440830826756,-0.02547741413116457,True,2436,2233
shared,98,"('WT', 'VEH')","('Dp1Yey', 'VEH')",50.0,0.06285667419433594,0.05650131180882454,0.06812758967280387,True,2436,2233
shared,98,"('WT', 'VEH')","('Dp1Yey', 'VEH')",95.0,0.1317407831549644,0.12050852295011281,0.14327753260731696,True,2436,2233
shared,98,"('WT', 'VEH')","('Dp1Yey', 'VEH')",99.0,0.1088706356287007,0.08682339312881253,0.13245028778910634,True,2436,2233
shared,98,"('WT', 'LCTB92')","('Dp1Yey', 'LCTB92')",1.0,-0.11936372458934784,-0.12612058134377002,-0.11329278111457824,True,2842,2233
shared,98,"('WT', 'LCTB92')","('Dp1Yey', 'LCTB92')",5.0,-0.12560650408267976,-0.1293121290951967,-0.11930440098047257,True,2842,2233
shared,98,"('WT', 'LCTB92')","('Dp1Yey', 'LCTB92')",50.0,0.010828912258148193,0.0029986560344696044,0.02113948985934257,True,2842,2233
shared,98,"('WT', 'LCTB92')","('Dp1Yey', 'LCTB92')",95.0,-0.0850143030285837,-0.10885442793369324,-0.06765797015279533,True,2842,2233
shared,98,"('WT', 'LCTB92')","('Dp1Yey', 'LCTB92')",99.0,-0.11629409700632087,-0.12384506940841666,-0.10583546701818673,True,2842,2233
shared,99,"('WT', 'VEH')","('WT', 'LCTB92')",1.0,nan,nan,nan,False,100,0
shared,99,"('WT', 'VEH')","('WT', 'LCTB92')",5.0,nan,nan,nan,False,100,0
shared,99,"('WT', 'VEH')","('WT', 'LCTB92')",50.0,nan,nan,nan,False,100,0
shared,99,"('WT', 'VEH')","('WT', 'LCTB92')",95.0,nan,nan,nan,False,100,0
shared,99,"('WT', 'VEH')","('WT', 'LCTB92')",99.0,nan,nan,nan,False,100,0
shared,99,"('Dp1Yey', 'VEH')","('Dp1Yey', 'LCTB92')",1.0,nan,nan,nan,False,100,0
shared,99,"('Dp1Yey', 'VEH')","('Dp1Yey', 'LCTB92')",5.0,nan,nan,nan,False,100,0
shared,99,"('Dp1Yey', 'VEH')","('Dp1Yey', 'LCTB92')",50.0,nan,nan,nan,False,100,0
shared,99,"('Dp1Yey', 'VEH')","('Dp1Yey', 'LCTB92')",95.0,nan,nan,nan,False,100,0
shared,99,"('Dp1Yey', 'VEH')","('Dp1Yey', 'LCTB92')",99.0,nan,nan,nan,False,100,0
shared,99,"('WT', 'VEH')","('Dp1Yey', 'VEH')",1.0,0.06348578810691835,0.006324348479509354,0.0789957046508789,True,100,100
shared,99,"('WT', 'VEH')","('Dp1Yey', 'VEH')",5.0,0.014722651243209872,0.0005744916200637592,0.027891419008374187,True,100,100
shared,99,"('WT', 'VEH')","('Dp1Yey', 'VEH')",50.0,-0.006113916635513306,-0.02365613207221031,0.009744709730148297,False,100,100
shared,99,"('WT', 'VEH')","('Dp1Yey', 'VEH')",95.0,0.04416908025741578,0.025413590371608723,0.05845980621874333,True,100,100
shared,99,"('WT', 'VEH')","('Dp1Yey', 'VEH')",99.0,0.04329339742660526,0.03252245198190217,0.05914591880142686,True,100,100
shared,99,"('WT', 'LCTB92')","('Dp1Yey', 'LCTB92')",1.0,nan,nan,nan,False,0,0
shared,99,"('WT', 'LCTB92')","('Dp1Yey', 'LCTB92')",5.0,nan,nan,nan,False,0,0
shared,99,"('WT', 'LCTB92')","('Dp1Yey', 'LCTB92')",50.0,nan,nan,nan,False,0,0
shared,99,"('WT', 'LCTB92')","('Dp1Yey', 'LCTB92')",95.0,nan,nan,nan,False,0,0
shared,99,"('WT', 'LCTB92')","('Dp1Yey', 'LCTB92')",99.0,nan,nan,nan,False,0,0
shared,99,"('WT', 'VEH')","('WT', 'LCTB92')",1.0,0.0659138226509094,0.06295060001313686,0.07028398215770722,True,2400,2800
shared,99,"('WT', 'VEH')","('WT', 'LCTB92')",5.0,0.054859992861747725,0.04968336075544357,0.05913545228540897,True,2400,2800
shared,99,"('WT', 'VEH')","('WT', 'LCTB92')",50.0,0.04452905058860779,0.03480750694870949,0.05450623333454132,True,2400,2800
shared,99,"('WT', 'VEH')","('WT', 'LCTB92')",95.0,0.06932218968868187,0.0575803006812931,0.08642555464059148,True,2400,2800
shared,99,"('WT', 'VEH')","('WT', 'LCTB92')",99.0,0.07223460763692857,0.06201713948696838,0.07773634497821338,True,2400,2800
shared,99,"('Dp1Yey', 'VEH')","('Dp1Yey', 'LCTB92')",1.0,-0.0400753289461136,-0.05399045984447003,-0.024003842547535893,True,2200,2200
shared,99,"('Dp1Yey', 'VEH')","('Dp1Yey', 'LCTB92')",5.0,-0.038339835405349715,-0.0432075532525778,-0.032949603497982025,True,2200,2200
shared,99,"('Dp1Yey', 'VEH')","('Dp1Yey', 'LCTB92')",50.0,-0.004122912883758545,-0.008523987233638763,0.00032372176647186223,False,2200,2200
shared,99,"('Dp1Yey', 'VEH')","('Dp1Yey', 'LCTB92')",95.0,-0.15294766277074773,-0.1768837573379278,-0.13065968338400138,True,2200,2200
shared,99,"('Dp1Yey', 'VEH')","('Dp1Yey', 'LCTB92')",99.0,-0.15572184354066898,-0.17860162019729628,-0.12566617429256455,True,2200,2200
shared,99,"('WT', 'VEH')","('Dp1Yey', 'VEH')",1.0,-0.011737382411956793,-0.025873778536915765,0.0010403990745544434,False,2400,2200
shared,99,"('WT', 'VEH')","('Dp1Yey', 'VEH')",5.0,-0.03097729682922365,-0.035459134727716446,-0.02580071799457074,True,2400,2200
shared,99,"('WT', 'VEH')","('Dp1Yey', 'VEH')",50.0,0.06072467565536499,0.0557851642370224,0.06680542677640915,True,2400,2200
shared,99,"('WT', 'VEH')","('Dp1Yey', 'VEH')",95.0,0.13646630942821442,0.12337593711912606,0.1510366797819734,True,2400,2200
shared,99,"('WT', 'VEH')","('Dp1Yey', 'VEH')",99.0,0.10648024976253545,0.0806762532889841,0.12966986805945618,True,2400,2200
shared,99,"('WT', 'LCTB92')","('Dp1Yey', 'LCTB92')",1.0,-0.1177265340089798,-0.1237705120295286,-0.11149713918566705,True,2800,2200
shared,99,"('WT', 'LCTB92')","('Dp1Yey', 'LCTB92')",5.0,-0.12417712509632109,-0.1282649748027325,-0.11848083518445492,True,2800,2200
shared,99,"('WT', 'LCTB92')","('Dp1Yey', 'LCTB92')",50.0,0.012072712182998657,0.0034953750669956206,0.021632605046033853,True,2800,2200
shared,99,"('WT', 'LCTB92')","('Dp1Yey', 'LCTB92')",95.0,-0.08580354303121518,-0.11252238560468025,-0.06394771851599146,True,2800,2200
shared,99,"('WT', 'LCTB92')","('Dp1Yey', 'LCTB92')",99.0,-0.1214762014150621,-0.12648888192325836,-0.10644338071346285,True,2800,2200
shared,9,"('WT', 'VEH')","('WT', 'LCTB92')",1.0,nan,nan,nan,False,370,0
shared,9,"('WT', 'VEH')","('WT', 'LCTB92')",5.0,nan,nan,nan,False,370,0
shared,9,"('WT', 'VEH')","('WT', 'LCTB92')",50.0,nan,nan,nan,False,370,0
shared,9,"('WT', 'VEH')","('WT', 'LCTB92')",95.0,nan,nan,nan,False,370,0
shared,9,"('WT', 'VEH')","('WT', 'LCTB92')",99.0,nan,nan,nan,False,370,0
shared,9,"('Dp1Yey', 'VEH')","('Dp1Yey', 'LCTB92')",1.0,nan,nan,nan,False,370,0
shared,9,"('Dp1Yey', 'VEH')","('Dp1Yey', 'LCTB92')",5.0,nan,nan,nan,False,370,0
shared,9,"('Dp1Yey', 'VEH')","('Dp1Yey', 'LCTB92')",50.0,nan,nan,nan,False,370,0
shared,9,"('Dp1Yey', 'VEH')","('Dp1Yey', 'LCTB92')",95.0,nan,nan,nan,False,370,0
shared,9,"('Dp1Yey', 'VEH')","('Dp1Yey', 'LCTB92')",99.0,nan,nan,nan,False,370,0
shared,9,"('WT', 'VEH')","('Dp1Yey', 'VEH')",1.0,0.009352283477783163,-0.06017031843960288,0.07478520721197124,False,370,370
shared,9,"('WT', 'VEH')","('Dp1Yey', 'VEH')",5.0,-0.03018421828746798,-0.05856737770140175,0.022452343180775623,False,370,370
shared,9,"('WT', 'VEH')","('Dp1Yey', 'VEH')",50.0,0.0417143739759922,0.010493047535419464,0.0634977076202631,True,370,370
shared,9,"('WT', 'VEH')","('Dp1Yey', 'VEH')",95.0,-0.012267887964844792,-0.06607666853815317,0.019596835551783424,False,370,370
shared,9,"('WT', 'VEH')","('Dp1Yey', 'VEH')",99.0,-0.06730688080191616,-0.11276898833177987,-0.00890248775482183,True,370,370
shared,9,"('WT', 'LCTB92')","('Dp1Yey', 'LCTB92')",1.0,nan,nan,nan,False,0,0
shared,9,"('WT', 'LCTB92')","('Dp1Yey', 'LCTB92')",5.0,nan,nan,nan,False,0,0
shared,9,"('WT', 'LCTB92')","('Dp1Yey', 'LCTB92')",50.0,nan,nan,nan,False,0,0
shared,9,"('WT', 'LCTB92')","('Dp1Yey', 'LCTB92')",95.0,nan,nan,nan,False,0,0
shared,9,"('WT', 'LCTB92')","('Dp1Yey', 'LCTB92')",99.0,nan,nan,nan,False,0,0
shared,9,"('WT', 'VEH')","('WT', 'LCTB92')",1.0,0.1125266468524933,0.09456747042387723,0.13275245811790232,True,5640,6580
shared,9,"('WT', 'VEH')","('WT', 'LCTB92')",5.0,0.08830943107604983,0.0721162290126085,0.10870774026960134,True,5640,6580
shared,9,"('WT', 'VEH')","('WT', 'LCTB92')",50.0,0.03078509494662285,0.025385263469070198,0.03561757886782289,True,5640,6580
shared,9,"('WT', 'VEH')","('WT', 'LCTB92')",95.0,0.010095171554712512,0.006456017576783693,0.01445609130372774,True,5640,6580
shared,9,"('WT', 'VEH')","('WT', 'LCTB92')",99.0,0.004748271480202515,-0.002052234101109207,0.011577743356116159,False,5640,6580
shared,9,"('Dp1Yey', 'VEH')","('Dp1Yey', 'LCTB92')",1.0,0.005572480559349058,-0.022358977079391478,0.031579407632350925,False,5170,5170
shared,9,"('Dp1Yey', 'VEH')","('Dp1Yey', 'LCTB92')",5.0,0.008986476063728377,-0.009294155538082124,0.024281574487686156,False,5170,5170
shared,9,"('Dp1Yey', 'VEH')","('Dp1Yey', 'LCTB92')",50.0,0.009930059313774109,0.005672400444746017,0.01515026967972517,True,5170,5170
shared,9,"('Dp1Yey', 'VEH')","('Dp1Yey', 'LCTB92')",95.0,-0.007546491641551301,-0.013023385333362988,-0.0024012669664807106,True,5170,5170
shared,9,"('Dp1Yey', 'VEH')","('Dp1Yey', 'LCTB92')",99.0,-0.016083366544917377,-0.026656273806932935,-0.005583921673707088,True,5170,5170
shared,9,"('WT', 'VEH')","('Dp1Yey', 'VEH')",1.0,0.0695924645662308,0.05110306450724606,0.08855089552700521,True,5640,5170
shared,9,"('WT', 'VEH')","('Dp1Yey', 'VEH')",5.0,0.046614120900630995,0.02717915952205658,0.06846584435552354,True,5640,5170
shared,9,"('WT', 'VEH')","('Dp1Yey', 'VEH')",50.0,0.03718147054314613,0.0325961253605783,0.04195773061364887,True,5640,5170
shared,9,"('WT', 'VEH')","('Dp1Yey', 'VEH')",95.0,0.02644440277363158,0.02254914459743313,0.031154479599499692,True,5640,5170
shared,9,"('WT', 'VEH')","('Dp1Yey', 'VEH')",99.0,0.027547333976253308,0.0163438759529958,0.036134791999123776,True,5640,5170
shared,9,"('WT', 'LCTB92')","('Dp1Yey', 'LCTB92')",1.0,-0.03736170172691344,-0.06462631674110889,-0.013188468948006703,True,6580,5170
shared,9,"('WT', 'LCTB92')","('Dp1Yey', 'LCTB92')",5.0,-0.032708834111690455,-0.04995723430067296,-0.02011054996401072,True,6580,5170
shared,9,"('WT', 'LCTB92')","('Dp1Yey', 'LCTB92')",50.0,0.016326434910297394,0.011443403363227845,0.021799478307366366,True,6580,5170
shared,9,"('WT', 'LCTB92')","('Dp1Yey', 'LCTB92')",95.0,0.008802739577367769,0.003883256793487791,0.014018373852595616,True,6580,5170
shared,9,"('WT', 'LCTB92')","('Dp1Yey', 'LCTB92')",99.0,0.006715695951133416,-0.0024262768719345573,0.012851834806613345,False,6580,5170
