region,window,group,q,point,lo,hi,n
shared,100,"('Dp1Yey', 'LCTB92')",1.0,nan,nan,nan,0
shared,100,"('Dp1Yey', 'LCTB92')",5.0,nan,nan,nan,0
shared,100,"('Dp1Yey', 'LCTB92')",50.0,nan,nan,nan,0
shared,100,"('Dp1Yey', 'LCTB92')",95.0,nan,nan,nan,0
shared,100,"('Dp1Yey', 'LCTB92')",99.0,nan,nan,nan,0
shared,100,"('Dp1Yey', 'VEH')",1.0,0.2890832090377808,0.2753223180770874,0.3225061297416687,97
shared,100,"('Dp1Yey', 'VEH')",5.0,0.3212084174156189,0.30854071378707887,0.3374254834651947,97
shared,100,"('Dp1Yey', 'VEH')",50.0,0.39578336477279663,0.38733118772506714,0.40795189142227173,97
shared,100,"('Dp1Yey', 'VEH')",95.0,0.45537325143814084,0.44235782623291015,0.459982430934906,97
shared,100,"('Dp1Yey', 'VEH')",99.0,0.4604153132438659,0.4549612498283386,0.4631277918815613,97
shared,100,"('WT', 'LCTB92')",1.0,nan,nan,nan,0
shared,100,"('WT', 'LCTB92')",5.0,nan,nan,nan,0
shared,100,"('WT', 'LCTB92')",50.0,nan,nan,nan,0
shared,100,"('WT', 'LCTB92')",95.0,nan,nan,nan,0
shared,100,"('WT', 'LCTB92')",99.0,nan,nan,nan,0
shared,100,"('WT', 'VEH')",1.0,0.32850956201553344,0.32848793268203735,0.33425442934036254,97
shared,100,"('WT', 'VEH')",5.0,0.3342473268508911,0.3288687586784363,0.3413363218307495,97
shared,100,"('WT', 'VEH')",50.0,0.3981534242630005,0.38800448179244995,0.40455371141433716,97
shared,100,"('WT', 'VEH')",95.0,0.494594669342041,0.4823874831199646,0.5068674981594086,97
shared,100,"('WT', 'VEH')",99.0,0.5078923368453979,0.4944515371322631,0.5113197565078735,97
shared,100,"('Dp1Yey', 'LCTB92')",1.0,0.22245631456375123,0.21526914834976196,0.2258211374282837,2167
shared,100,"('Dp1Yey', 'LCTB92')",5.0,0.24910053014755248,0.2464669704437256,0.25232190474867816,2167
shared,100,"('Dp1Yey', 'LCTB92')",50.0,0.3246573209762573,0.3218511939048767,0.32835287898778914,2167
shared,100,"('Dp1Yey', 'LCTB92')",95.0,0.6193472057580942,0.5972987115383148,0.6406371265649795,2167
shared,100,"('Dp1Yey', 'LCTB92')",99.0,0.7018521344661713,0.6917112898826601,0.7060896754264832,2167
shared,100,"('Dp1Yey', 'VEH')",1.0,0.18457509994506835,0.16921512851119042,0.19738174590468402,2167
shared,100,"('Dp1Yey', 'VEH')",5.0,0.2143649935722351,0.21111218333244325,0.21745912835001946,2167
shared,100,"('Dp1Yey', 'VEH')",50.0,0.3212354779243469,0.31738704442977905,0.3249359726905823,2167
shared,100,"('Dp1Yey', 'VEH')",95.0,0.46278662085533123,0.4534601899981498,0.4715974800288668,2167
shared,100,"('Dp1Yey', 'VEH')",99.0,0.5583100277185442,0.5331525802612305,0.578449379205704,2167
shared,100,"('WT', 'LCTB92')",1.0,0.10459299504756928,0.1017121797800064,0.10724114398658276,2758
shared,100,"('WT', 'LCTB92')",5.0,0.1283891797065735,0.12517261505126953,0.13258421421051025,2758
shared,100,"('WT', 'LCTB92')",50.0,0.3355955183506012,0.32867028564214706,0.3457849554717541,2758
shared,100,"('WT', 'LCTB92')",95.0,0.5310494497418404,0.5222275972366334,0.5388672943413257,2758
shared,100,"('WT', 'LCTB92')",99.0,0.5826160714030265,0.5768979442119598,0.5895199775695801,2758
shared,100,"('WT', 'VEH')",1.0,0.17009804129600525,0.1668220892250538,0.17306546092033387,2364
shared,100,"('WT', 'VEH')",5.0,0.18194224536418915,0.17914257645606996,0.1851203441619873,2364
shared,100,"('WT', 'VEH')",50.0,0.38157686591148376,0.37728315591812134,0.38513875007629395,2364
shared,100,"('WT', 'VEH')",95.0,0.6004656136035919,0.5873963993787765,0.6127052510902286,2364
shared,100,"('WT', 'VEH')",99.0,0.653883207142353,0.6487052875757217,0.6568813097476959,2364
shared,10,"('Dp1Yey', 'LCTB92')",1.0,nan,nan,nan,0
shared,10,"('Dp1Yey', 'LCTB92')",5.0,nan,nan,nan,0
shared,10,"('Dp1Yey', 'LCTB92')",50.0,nan,nan,nan,0
shared,10,"('Dp1Yey', 'LCTB92')",95.0,nan,nan,nan,0
shared,10,"('Dp1Yey', 'LCTB92')",99.0,nan,nan,nan,0
shared,10,"('Dp1Yey', 'VEH')",1.0,0.5147455209493637,0.5047166347503662,0.5565528857707978,367
shared,10,"('Dp1Yey', 'VEH')",5.0,0.5834446340799332,0.5609430104494095,0.6127985184639687,367
shared,10,"('Dp1Yey', 'VEH')",50.0,0.8221643269062042,0.8076959252357483,0.8352423459291458,367
shared,10,"('Dp1Yey', 'VEH')",95.0,1.0653218880295752,1.0386129580438137,1.091681058704853,367
shared,10,"('Dp1Yey', 'VEH')",99.0,1.1369351190328592,1.1033597543798386,1.220905527472496,367
shared,10,"('WT', 'LCTB92')",1.0,nan,nan,nan,0
shared,10,"('WT', 'LCTB92')",5.0,nan,nan,nan,0
shared,10,"('WT', 'LCTB92')",50.0,nan,nan,nan,0
shared,10,"('WT', 'LCTB92')",95.0,nan,nan,nan,0
shared,10,"('WT', 'LCTB92')",99.0,nan,nan,nan,0
shared,10,"('WT', 'VEH')",1.0,0.473917201757431,0.411632776260376,0.5241415625810624,367
shared,10,"('WT', 'VEH')",5.0,0.5837456256151199,0.5499261915683746,0.6167548090219498,367
shared,10,"('WT', 'VEH')",50.0,0.8700615763664246,0.8522568643093109,0.889778159558773,367
shared,10,"('WT', 'VEH')",95.0,1.0666793890297412,1.043121512979269,1.078310415148735,367
shared,10,"('WT', 'VEH')",99.0,1.1238138365745542,1.089457287378609,1.158976823091507,367
shared,10,"('Dp1Yey', 'LCTB92')",1.0,0.45037242650985715,0.42884493350982666,0.46524351835250854,5137
shared,10,"('Dp1Yey', 'LCTB92')",5.0,0.574774420261383,0.5648096323013305,0.5855964422225952,5137
shared,10,"('Dp1Yey', 'LCTB92')",50.0,0.815873920917511,0.8113693445920944,0.8193654146045446,5137
shared,10,"('Dp1Yey', 'LCTB92')",95.0,0.9718079835176467,0.9679303750395775,0.9752066693734378,5137
shared,10,"('Dp1Yey', 'LCTB92')",99.0,1.0183690021932128,1.014006232842803,1.0238784139603379,5137
shared,10,"('Dp1Yey', 'VEH')",1.0,0.4467233443260193,0.42688852548599243,0.4633138942718506,5137
shared,10,"('Dp1Yey', 'VEH')",5.0,0.5915472269058227,0.5796829409897327,0.6007000386714936,5137
shared,10,"('Dp1Yey', 'VEH')",50.0,0.8268555402755737,0.82277437672019,0.8300291299819946,5137
shared,10,"('Dp1Yey', 'VEH')",95.0,0.9609179511666298,0.9568736419081687,0.9640335962176323,5137
shared,10,"('Dp1Yey', 'VEH')",99.0,1.0000071584549735,0.9937006691284478,1.0076456322707241,5137
shared,10,"('WT', 'LCTB92')",1.0,0.41353458404541016,0.3982089161872864,0.4248571991920471,6538
shared,10,"('WT', 'LCTB92')",5.0,0.5402128294110299,0.5284598658606411,0.5491996467113495,6538
shared,10,"('WT', 'LCTB92')",50.0,0.8306718319654465,0.8266218472272158,0.8340512376278639,6538
shared,10,"('WT', 'LCTB92')",95.0,0.9824184738099575,0.9790019798791036,0.9866363858338445,6538
shared,10,"('WT', 'LCTB92')",99.0,1.0207923819869757,1.015422960743308,1.0274067353457212,6538
shared,10,"('WT', 'VEH')",1.0,0.5287148851156235,0.5156815350055695,0.5417878031730652,5604
shared,10,"('WT', 'VEH')",5.0,0.6327466472983361,0.6236862481385469,0.6442331663891673,5604
shared,10,"('WT', 'VEH')",50.0,0.8664309158921242,0.8632519543170929,0.8697476858273149,5604
shared,10,"('WT', 'VEH')",95.0,0.9927478624740614,0.990525225875899,0.9951517020352184,5604
shared,10,"('WT', 'VEH')",99.0,1.0298194543085994,1.0241407228531316,1.0357252545654774,5604
shared,11,"('Dp1Yey', 'LCTB92')",1.0,nan,nan,nan,0
shared,11,"('Dp1Yey', 'LCTB92')",5.0,nan,nan,nan,0
shared,11,"('Dp1Yey', 'LCTB92')",50.0,nan,nan,nan,0
shared,11,"('Dp1Yey', 'LCTB92')",95.0,nan,nan,nan,0
shared,11,"('Dp1Yey', 'LCTB92')",99.0,nan,nan,nan,0
shared,11,"('Dp1Yey', 'VEH')",1.0,0.48541474997997286,0.47145968675613403,0.5281552672386169,364
shared,11,"('Dp1Yey', 'VEH')",5.0,0.5734978646039963,0.5332510635256767,0.596765810251236,364
shared,11,"('Dp1Yey', 'VEH')",50.0,0.798728734254837,0.7725202366709709,0.8175450520589947,364
shared,11,"('Dp1Yey', 'VEH')",95.0,1.0209709308110175,0.9976310725789516,1.0600483445450661,364
shared,11,"('Dp1Yey', 'VEH')",99.0,1.128138834834099,1.0797453151643277,1.1754042655229568,364
shared,11,"('WT', 'LCTB92')",1.0,nan,nan,nan,0
shared,11,"('WT', 'LCTB92')",5.0,nan,nan,nan,0
shared,11,"('WT', 'LCTB92')",50.0,nan,nan,nan,0
shared,11,"('WT', 'LCTB92')",95.0,nan,nan,nan,0
shared,11,"('WT', 'LCTB92')",99.0,nan,nan,nan,0
shared,11,"('WT', 'VEH')",1.0,0.44408981800079345,0.3825949430465698,0.546057939529419,364
shared,11,"('WT', 'VEH')",5.0,0.5689144387841225,0.5555332347750663,0.6074571030586958,364
shared,11,"('WT', 'VEH')",50.0,0.858432836830616,0.8386300280690193,0.8815896920859814,364
shared,11,"('WT', 'VEH')",95.0,1.0540341960266233,1.0287127904593945,1.0752005632966757,364
shared,11,"('WT', 'VEH')",99.0,1.117955355644226,1.07938452064991,1.1680132448673248,364
shared,11,"('Dp1Yey', 'LCTB92')",1.0,0.4254617261886597,0.4128910659402609,0.44839217185974123,5104
shared,11,"('Dp1Yey', 'LCTB92')",5.0,0.554512719810009,0.5453440215066075,0.5654711812734604,5104
shared,11,"('Dp1Yey', 'LCTB92')",50.0,0.7964100763201714,0.7920326562598348,0.8010909942910075,5104
shared,11,"('Dp1Yey', 'LCTB92')",95.0,0.9574268793687224,0.9535854831337929,0.9617688981816173,5104
shared,11,"('Dp1Yey', 'LCTB92')",99.0,1.0084878652635965,1.0021913754241543,1.01735994592309,5104
shared,11,"('Dp1Yey', 'VEH')",1.0,0.4235637724399567,0.41153807725012304,0.4445766907930374,5104
shared,11,"('Dp1Yey', 'VEH')",5.0,0.5682246461510658,0.5548041930049658,0.5799496783688664,5104
shared,11,"('Dp1Yey', 'VEH')",50.0,0.811404399573803,0.8062700778245926,0.8148452490568161,5104
shared,11,"('Dp1Yey', 'VEH')",95.0,0.9494832891970872,0.9458266703039407,0.9543059930205344,5104
shared,11,"('Dp1Yey', 'VEH')",99.0,0.9898805686365817,0.9845577997784131,0.9961254128720611,5104
shared,11,"('WT', 'LCTB92')",1.0,0.38695780634880067,0.3702959418296814,0.39620824456214904,6496
shared,11,"('WT', 'LCTB92')",5.0,0.5091224163770676,0.4963374584913254,0.5194357547909021,6496
shared,11,"('WT', 'LCTB92')",50.0,0.8118155971169472,0.8077100217342377,0.8153723254799843,6496
shared,11,"('WT', 'LCTB92')",95.0,0.9732296299189329,0.9702210798859596,0.9767318861559033,6496
shared,11,"('WT', 'LCTB92')",99.0,1.0142666528932751,1.0100315612275153,1.020163301192224,6496
shared,11,"('WT', 'VEH')",1.0,0.5034323310852051,0.4887587767839432,0.517940733730793,5568
shared,11,"('WT', 'VEH')",5.0,0.6084132671356202,0.5984612360224127,0.617930205091834,5568
shared,11,"('WT', 'VEH')",50.0,0.8517206087708473,0.8480984196066856,0.854916650429368,5568
shared,11,"('WT', 'VEH')",95.0,0.9837103204801678,0.9801857437007129,0.9870279745501466,5568
shared,11,"('WT', 'VEH')",99.0,1.0211356801725924,1.0168637194298207,1.0261476191319525,5568
shared,12,"('Dp1Yey', 'LCTB92')",1.0,nan,nan,nan,0
shared,12,"('Dp1Yey', 'LCTB92')",5.0,nan,nan,nan,0
shared,12,"('Dp1Yey', 'LCTB92')",50.0,nan,nan,nan,0
shared,12,"('Dp1Yey', 'LCTB92')",95.0,nan,nan,nan,0
shared,12,"('Dp1Yey', 'LCTB92')",99.0,nan,nan,nan,0
shared,12,"('Dp1Yey', 'VEH')",1.0,0.513515853881836,0.49397218227386475,0.533986383676529,361
shared,12,"('Dp1Yey', 'VEH')",5.0,0.5517534017562866,0.5407871007919312,0.5701562166213989,361
shared,12,"('Dp1Yey', 'VEH')",50.0,0.7740394026041031,0.7463911175727844,0.7924781739711761,361
shared,12,"('Dp1Yey', 'VEH')",95.0,1.0085005769506097,0.9763761404901743,1.0389768071472645,361
shared,12,"('Dp1Yey', 'VEH')",99.0,1.1123261585831636,1.0495858900435262,1.1578105241060257,361
shared,12,"('WT', 'LCTB92')",1.0,nan,nan,nan,0
shared,12,"('WT', 'LCTB92')",5.0,nan,nan,nan,0
shared,12,"('WT', 'LCTB92')",50.0,nan,nan,nan,0
shared,12,"('WT', 'LCTB92')",95.0,nan,nan,nan,0
shared,12,"('WT', 'LCTB92')",99.0,nan,nan,nan,0
shared,12,"('WT', 'VEH')",1.0,0.4712054967880249,0.336935818195343,0.5265531599521637,361
shared,12,"('WT', 'VEH')",5.0,0.5677427053451538,0.545442521572113,0.5880546867847443,361
shared,12,"('WT', 'VEH')",50.0,0.8476080745458603,0.8261834233999252,0.8706905096769333,361
shared,12,"('WT', 'VEH')",95.0,1.0229996461421251,1.0057744062505662,1.0348561853170395,361
shared,12,"('WT', 'VEH')",99.0,1.100162789225578,1.0493167690932745,1.1284774392843246,361
shared,12,"('Dp1Yey', 'LCTB92')",1.0,0.4102165222167969,0.3897282838821411,0.42588935494422914,5071
shared,12,"('Dp1Yey', 'LCTB92')",5.0,0.5455794781446457,0.5315883792936802,0.5517231822013855,5071
shared,12,"('Dp1Yey', 'LCTB92')",50.0,0.7825776785612106,0.7775575816631317,0.7870563715696335,5071
shared,12,"('Dp1Yey', 'LCTB92')",95.0,0.9454028625041246,0.9416288699954748,0.9502077262382954,5071
shared,12,"('Dp1Yey', 'LCTB92')",99.0,0.9947195312473923,0.9870419753715396,1.00054471106163,5071
shared,12,"('Dp1Yey', 'VEH')",1.0,0.40035919547080995,0.3825654983520508,0.4192346274852753,5071
shared,12,"('Dp1Yey', 'VEH')",5.0,0.5512597411870956,0.5408530801534652,0.5601966828107834,5071
shared,12,"('Dp1Yey', 'VEH')",50.0,0.7930233776569366,0.7879797220230103,0.7967031002044678,5071
shared,12,"('Dp1Yey', 'VEH')",95.0,0.9362499974668026,0.9310170974582433,0.941170010715723,5071
shared,12,"('Dp1Yey', 'VEH')",99.0,0.9811780072748663,0.9754464402794838,0.9894511985592545,5071
shared,12,"('WT', 'LCTB92')",1.0,0.3636607730388641,0.3445429801940918,0.38186737243831154,6454
shared,12,"('WT', 'LCTB92')",5.0,0.4898369461297989,0.47685356065630913,0.5011087003722787,6454
shared,12,"('WT', 'LCTB92')",50.0,0.7987499386072159,0.7935828506946564,0.8026735844090581,6454
shared,12,"('WT', 'LCTB92')",95.0,0.9622006621211767,0.9580340459942818,0.9656187854707241,6454
shared,12,"('WT', 'LCTB92')",99.0,1.0081347138341517,1.0022277427534865,1.012210299612489,6454
shared,12,"('WT', 'VEH')",1.0,0.48648609340190885,0.46824909567832945,0.5027438175678253,5532
shared,12,"('WT', 'VEH')",5.0,0.588115717470646,0.581496583595872,0.597521264590323,5532
shared,12,"('WT', 'VEH')",50.0,0.8389396443963051,0.8359645918011666,0.8421746119856834,5532
shared,12,"('WT', 'VEH')",95.0,0.972638581134379,0.9693209385499357,0.9759797276929021,5532
shared,12,"('WT', 'VEH')",99.0,1.0123761933296918,1.0062439925968647,1.0164466966874897,5532
shared,13,"('Dp1Yey', 'LCTB92')",1.0,nan,nan,nan,0
shared,13,"('Dp1Yey', 'LCTB92')",5.0,nan,nan,nan,0
shared,13,"('Dp1Yey', 'LCTB92')",50.0,nan,nan,nan,0
shared,13,"('Dp1Yey', 'LCTB92')",95.0,nan,nan,nan,0
shared,13,"('Dp1Yey', 'LCTB92')",99.0,nan,nan,nan,0
shared,13,"('Dp1Yey', 'VEH')",1.0,0.49422707974910735,0.45868080854415894,0.514216423034668,358
shared,13,"('Dp1Yey', 'VEH')",5.0,0.5493054062128067,0.5244523599743843,0.5585062579065562,358
shared,13,"('Dp1Yey', 'VEH')",50.0,0.7533234134316444,0.7380966693162918,0.7817747890949249,358
shared,13,"('Dp1Yey', 'VEH')",95.0,1.0073539257980881,0.9651719219982624,1.0269192606210709,358
shared,13,"('Dp1Yey', 'VEH')",99.0,1.0626756279915572,1.0377103686332703,1.114892303943634,358
shared,13,"('WT', 'LCTB92')",1.0,nan,nan,nan,0
shared,13,"('WT', 'LCTB92')",5.0,nan,nan,nan,0
shared,13,"('WT', 'LCTB92')",50.0,nan,nan,nan,0
shared,13,"('WT', 'LCTB92')",95.0,nan,nan,nan,0
shared,13,"('WT', 'LCTB92')",99.0,nan,nan,nan,0
shared,13,"('WT', 'VEH')",1.0,0.44077043294906615,0.3965597152709961,0.4918926441669464,358
shared,13,"('WT', 'VEH')",5.0,0.5415227636694908,0.4989786773920059,0.5709409728646279,358
shared,13,"('WT', 'VEH')",50.0,0.8191221058368683,0.7924402207136154,0.8471185266971588,358
shared,13,"('WT', 'VEH')",95.0,1.015128128696233,0.9939188394340452,1.0304387137293816,358
shared,13,"('WT', 'VEH')",99.0,1.0999657446146012,1.050143089145422,1.1072832196950912,358
shared,13,"('Dp1Yey', 'LCTB92')",1.0,0.39668235659599305,0.37900976061820985,0.4139743906259537,5038
shared,13,"('Dp1Yey', 'LCTB92')",5.0,0.5342933341860772,0.5244865149632096,0.5430157963931561,5038
shared,13,"('Dp1Yey', 'LCTB92')",50.0,0.766950286924839,0.7629857361316681,0.7717273831367493,5038
shared,13,"('Dp1Yey', 'LCTB92')",95.0,0.9316556230187416,0.9257093984633683,0.9365732856094837,5038
shared,13,"('Dp1Yey', 'LCTB92')",99.0,0.9834678729251028,0.9774665142595769,0.9888428002595901,5038
shared,13,"('Dp1Yey', 'VEH')",1.0,0.38245990812778474,0.3725681967139244,0.40397159437835206,5038
shared,13,"('Dp1Yey', 'VEH')",5.0,0.5317063376307487,0.52244131334126,0.5450848565250634,5038
shared,13,"('Dp1Yey', 'VEH')",50.0,0.7770176380872726,0.7716634077951312,0.7814036905765533,5038
shared,13,"('Dp1Yey', 'VEH')",95.0,0.9225357573479414,0.9189734385348857,0.9270942777395248,5038
shared,13,"('Dp1Yey', 'VEH')",99.0,0.9698910315148533,0.962290440350771,0.9770836737006903,5038
shared,13,"('WT', 'LCTB92')",1.0,0.33621637523174286,0.3211072319746017,0.35341405868530273,6412
shared,13,"('WT', 'LCTB92')",5.0,0.47358121275901793,0.4625983051210642,0.4839111257344484,6412
shared,13,"('WT', 'LCTB92')",50.0,0.7818812876939774,0.7775833457708359,0.7865599369630217,6412
shared,13,"('WT', 'LCTB92')",95.0,0.9503503696992993,0.9468900881381705,0.953698201868683,6412
shared,13,"('WT', 'LCTB92')",99.0,1.003381823655218,0.9977727371314542,1.0099953224677598,6412
shared,13,"('WT', 'VEH')",1.0,0.4684339791536331,0.4535808563232422,0.48640941381454467,5496
shared,13,"('WT', 'VEH')",5.0,0.572252906858921,0.5636376291513443,0.5841896397992967,5496
shared,13,"('WT', 'VEH')",50.0,0.8275766149163246,0.8237953662872315,0.8310902863740921,5496
shared,13,"('WT', 'VEH')",95.0,0.9639001144096255,0.9597284588264301,0.9670968884602189,5496
shared,13,"('WT', 'VEH')",99.0,1.0041535830823705,0.9975801416439936,1.0109190726652741,5496
shared,14,"('Dp1Yey', 'LCTB92')",1.0,nan,nan,nan,0
shared,14,"('Dp1Yey', 'LCTB92')",5.0,nan,nan,nan,0
shared,14,"('Dp1Yey', 'LCTB92')",50.0,nan,nan,nan,0
shared,14,"('Dp1Yey', 'LCTB92')",95.0,nan,nan,nan,0
shared,14,"('Dp1Yey', 'LCTB92')",99.0,nan,nan,nan,0
shared,14,"('Dp1Yey', 'VEH')",1.0,0.4323292422294617,0.3940609097480774,0.4820305450260639,355
shared,14,"('Dp1Yey', 'VEH')",5.0,0.5129425257444382,0.49834929704666137,0.5402787293493748,355
shared,14,"('Dp1Yey', 'VEH')",50.0,0.7384589314460754,0.724039614200592,0.7617620080709457,355
shared,14,"('Dp1Yey', 'VEH')",95.0,1.0023473830660805,0.9451221894472838,1.0292112044990063,355
shared,14,"('Dp1Yey', 'VEH')",99.0,1.0656837010383606,1.0490015006065367,1.097803808748722,355
shared,14,"('WT', 'LCTB92')",1.0,nan,nan,nan,0
shared,14,"('WT', 'LCTB92')",5.0,nan,nan,nan,0
shared,14,"('WT', 'LCTB92')",50.0,nan,nan,nan,0
shared,14,"('WT', 'LCTB92')",95.0,nan,nan,nan,0
shared,14,"('WT', 'LCTB92')",99.0,nan,nan,nan,0
shared,14,"('WT', 'VEH')",1.0,0.4023310422897339,0.3736613988876343,0.4779452037811279,355
shared,14,"('WT', 'VEH')",5.0,0.5258350104093552,0.48216694593429565,0.5734653502702713,355
shared,14,"('WT', 'VEH')",50.0,0.8254915028810501,0.8003534376621246,0.8453491181135178,355
shared,14,"('WT', 'VEH')",95.0,1.0085407261736692,0.9880186555208639,1.0334916971623898,355
shared,14,"('WT', 'VEH')",99.0,1.0624870575964451,1.0409659826364364,1.080910973250866,355
shared,14,"('Dp1Yey', 'LCTB92')",1.0,0.38758637428283693,0.36188502061367034,0.4152419757843018,5005
shared,14,"('Dp1Yey', 'LCTB92')",5.0,0.5180399894714356,0.5082411640882492,0.5265194708108901,5005
shared,14,"('Dp1Yey', 'LCTB92')",50.0,0.7545314431190491,0.7495771646499634,0.75811967253685,5005
shared,14,"('Dp1Yey', 'LCTB92')",95.0,0.9186979278922082,0.9126628786325455,0.9235323593020439,5005
shared,14,"('Dp1Yey', 'LCTB92')",99.0,0.9712485661357642,0.9658979438245296,0.9761862593144178,5005
shared,14,"('Dp1Yey', 'VEH')",1.0,0.3779896712303162,0.3603567337989807,0.39382250523567197,5005
shared,14,"('Dp1Yey', 'VEH')",5.0,0.5195838868618011,0.5042462766170502,0.5314998894929885,5005
shared,14,"('Dp1Yey', 'VEH')",50.0,0.7602074444293976,0.7560548897832632,0.7644542530179024,5005
shared,14,"('Dp1Yey', 'VEH')",95.0,0.9149530827999115,0.9106860563904047,0.9186517342925071,5005
shared,14,"('Dp1Yey', 'VEH')",99.0,0.9604546788334847,0.9544092416763306,0.9641673341393471,5005
shared,14,"('WT', 'LCTB92')",1.0,0.33550469756126405,0.3254931104183197,0.3477346569299698,6370
shared,14,"('WT', 'LCTB92')",5.0,0.4603187143802643,0.44848902225494386,0.4700188161432743,6370
shared,14,"('WT', 'LCTB92')",50.0,0.7640488520264626,0.759436322748661,0.7684180129319429,6370
shared,14,"('WT', 'LCTB92')",95.0,0.9375728897750377,0.9340142957866192,0.9430555146886033,6370
shared,14,"('WT', 'LCTB92')",99.0,0.9940770569629968,0.9865459529682994,0.999884413372201,6370
shared,14,"('WT', 'VEH')",1.0,0.45198607683181763,0.44010999441146853,0.4677423733472824,5460
shared,14,"('WT', 'VEH')",5.0,0.5583982199430466,0.5474777750298381,0.5685521364212036,5460
shared,14,"('WT', 'VEH')",50.0,0.8143478035926819,0.8102586572989822,0.8180892813950777,5460
shared,14,"('WT', 'VEH')",95.0,0.9526045875623822,0.9492531446740031,0.955648213243112,5460
shared,14,"('WT', 'VEH')",99.0,0.99414672404062,0.9861207733210176,1.000198065548975,5460
shared,15,"('Dp1Yey', 'LCTB92')",1.0,nan,nan,nan,0
shared,15,"('Dp1Yey', 'LCTB92')",5.0,nan,nan,nan,0
shared,15,"('Dp1Yey', 'LCTB92')",50.0,nan,nan,nan,0
shared,15,"('Dp1Yey', 'LCTB92')",95.0,nan,nan,nan,0
shared,15,"('Dp1Yey', 'LCTB92')",99.0,nan,nan,nan,0
shared,15,"('Dp1Yey', 'VEH')",1.0,0.42510572731494906,0.3935021758079529,0.45553117990493774,352
shared,15,"('Dp1Yey', 'VEH')",5.0,0.4845676124095917,0.4590854525566101,0.5115198791027069,352
shared,15,"('Dp1Yey', 'VEH')",50.0,0.7240855991840363,0.703289806842804,0.7475124597549438,352
shared,15,"('Dp1Yey', 'VEH')",95.0,0.9779833235777914,0.9430721599608659,1.0271490700542927,352
shared,15,"('Dp1Yey', 'VEH')",99.0,1.0809961734712124,1.041105313077569,1.0918586030602455,352
shared,15,"('WT', 'LCTB92')",1.0,nan,nan,nan,0
shared,15,"('WT', 'LCTB92')",5.0,nan,nan,nan,0
shared,15,"('WT', 'LCTB92')",50.0,nan,nan,nan,0
shared,15,"('WT', 'LCTB92')",95.0,nan,nan,nan,0
shared,15,"('WT', 'LCTB92')",99.0,nan,nan,nan,0
shared,15,"('WT', 'VEH')",1.0,0.38749403953552247,0.2845838665962219,0.4698844968378542,352
shared,15,"('WT', 'VEH')",5.0,0.5122190579771996,0.47900402545928955,0.5574989756196737,352
shared,15,"('WT', 'VEH')",50.0,0.8158757239580154,0.7924162620678544,0.8299986273050308,352
shared,15,"('WT', 'VEH')",95.0,1.0115246736444532,0.9873975240450817,1.0196787659078836,352
shared,15,"('WT', 'VEH')",99.0,1.0769260213524106,1.0349120572209358,1.1076475530862808,352
shared,15,"('Dp1Yey', 'LCTB92')",1.0,0.37874324023723605,0.3626473963260651,0.39203001379966734,4972
shared,15,"('Dp1Yey', 'LCTB92')",5.0,0.5007898807525635,0.49390732489526273,0.5120570361614227,4972
shared,15,"('Dp1Yey', 'LCTB92')",50.0,0.7402318269014359,0.735975320264697,0.74555987380445,4972
shared,15,"('Dp1Yey', 'LCTB92')",95.0,0.9060215093195438,0.9002433293871581,0.9100448526442051,4972
shared,15,"('Dp1Yey', 'LCTB92')",99.0,0.9595303367450833,0.9513193064723163,0.9660906195640564,4972
shared,15,"('Dp1Yey', 'VEH')",1.0,0.36951594054698944,0.3551193904876709,0.39236152172088623,4972
shared,15,"('Dp1Yey', 'VEH')",5.0,0.5040038779377938,0.48947280645370483,0.5157551124691964,4972
shared,15,"('Dp1Yey', 'VEH')",50.0,0.7433678209781647,0.739396906644106,0.7471232332289219,4972
shared,15,"('Dp1Yey', 'VEH')",95.0,0.9038012970238923,0.8991966843605042,0.9078805819153786,4972
shared,15,"('Dp1Yey', 'VEH')",99.0,0.9464612623676658,0.9420480968058109,0.9542141035199165,4972
shared,15,"('WT', 'LCTB92')",1.0,0.32739649653434755,0.31293386220932007,0.3411794328689575,6328
shared,15,"('WT', 'LCTB92')",5.0,0.44570230543613437,0.43294393122196195,0.4557175798714161,6328
shared,15,"('WT', 'LCTB92')",50.0,0.7501859366893768,0.7448248259723187,0.7546502331271767,6328
shared,15,"('WT', 'LCTB92')",95.0,0.9274224266409874,0.9234846085309981,0.9331004619598389,6328
shared,15,"('WT', 'LCTB92')",99.0,0.9866289049293843,0.9802475587464866,0.9928109416272485,6328
shared,15,"('WT', 'VEH')",1.0,0.4435878521203995,0.43202388286590576,0.4583979439735413,5424
shared,15,"('WT', 'VEH')",5.0,0.544354759156704,0.5341328738257289,0.5519569173455239,5424
shared,15,"('WT', 'VEH')",50.0,0.7992667406797409,0.7950419336557388,0.8028986131772399,5424
shared,15,"('WT', 'VEH')",95.0,0.9422494260594249,0.9377795268036424,0.9454502165317535,5424
shared,15,"('WT', 'VEH')",99.0,0.9828305810689926,0.9766257024877701,0.986877110786736,5424
shared,16,"('Dp1Yey', 'LCTB92')",1.0,nan,nan,nan,0
shared,16,"('Dp1Yey', 'LCTB92')",5.0,nan,nan,nan,0
shared,16,"('Dp1Yey', 'LCTB92')",50.0,nan,nan,nan,0
shared,16,"('Dp1Yey', 'LCTB92')",95.0,nan,nan,nan,0
shared,16,"('Dp1Yey', 'LCTB92')",99.0,nan,nan,nan,0
shared,16,"('Dp1Yey', 'VEH')",1.0,0.4309165620803833,0.3918299674987793,0.4463145095109939,349
shared,16,"('Dp1Yey', 'VEH')",5.0,0.4629201889038086,0.4506293112039566,0.4794094324111938,349
shared,16,"('Dp1Yey', 'VEH')",50.0,0.7050267457962036,0.689861923456192,0.7290376424789429,349
shared,16,"('Dp1Yey', 'VEH')",95.0,0.9831612249836322,0.9288070433214307,1.016687289252877,349
shared,16,"('Dp1Yey', 'VEH')",99.0,1.069933957457542,1.0249754869192835,1.1020653620362282,349
shared,16,"('WT', 'LCTB92')",1.0,nan,nan,nan,0
shared,16,"('WT', 'LCTB92')",5.0,nan,nan,nan,0
shared,16,"('WT', 'LCTB92')",50.0,nan,nan,nan,0
shared,16,"('WT', 'LCTB92')",95.0,nan,nan,nan,0
shared,16,"('WT', 'LCTB92')",99.0,nan,nan,nan,0
shared,16,"('WT', 'VEH')",1.0,0.3957152676582336,0.3050520420074463,0.4764874577522278,349
shared,16,"('WT', 'VEH')",5.0,0.5212543964385986,0.48338381052017215,0.5634583473205567,349
shared,16,"('WT', 'VEH')",50.0,0.8063228875398636,0.7903222590684891,0.8215143531560898,349
shared,16,"('WT', 'VEH')",95.0,1.0290802266448735,0.998496609716676,1.0491654939949513,349
shared,16,"('WT', 'VEH')",99.0,1.087059180438518,1.0510735213756561,1.1224696636199951,349
shared,16,"('Dp1Yey', 'LCTB92')",1.0,0.37200998663902285,0.3538451175093651,0.39602768421173096,4939
shared,16,"('Dp1Yey', 'LCTB92')",5.0,0.4881655931472778,0.4803518833220005,0.4975921332836151,4939
shared,16,"('Dp1Yey', 'LCTB92')",50.0,0.7262090444564819,0.7218954563140869,0.7306501567363739,4939
shared,16,"('Dp1Yey', 'LCTB92')",95.0,0.8938670493662357,0.8892223822139202,0.8991300165653229,4939
shared,16,"('Dp1Yey', 'LCTB92')",99.0,0.9521006375551223,0.9447418284416198,0.9660657051205633,4939
shared,16,"('Dp1Yey', 'VEH')",1.0,0.374603236913681,0.35850638151168823,0.38735395669937134,4939
shared,16,"('Dp1Yey', 'VEH')",5.0,0.4899964213371277,0.47804397776722907,0.4972125159204006,4939
shared,16,"('Dp1Yey', 'VEH')",50.0,0.7292481362819672,0.7257387533783912,0.7344187498092651,4939
shared,16,"('Dp1Yey', 'VEH')",95.0,0.8938161864876746,0.8887410520017146,0.8971554806269703,4939
shared,16,"('Dp1Yey', 'VEH')",99.0,0.9351241318881511,0.9309667539596557,0.9447391652762889,4939
shared,16,"('WT', 'LCTB92')",1.0,0.30749971568584444,0.3000819683074951,0.321059849858284,6286
shared,16,"('WT', 'LCTB92')",5.0,0.4335593432188034,0.42481203377246857,0.4429404139518738,6286
shared,16,"('WT', 'LCTB92')",50.0,0.7377240359783173,0.733179397508502,0.7411955617368221,6286
shared,16,"('WT', 'LCTB92')",95.0,0.9187612067908049,0.9139279462397099,0.923150759190321,6286
shared,16,"('WT', 'LCTB92')",99.0,0.9773204054683446,0.9690333101898432,0.9863127897097729,6286
shared,16,"('WT', 'VEH')",1.0,0.4333182680606842,0.4164196527004242,0.44167521834373474,5388
shared,16,"('WT', 'VEH')",5.0,0.5327095150947572,0.5227988453581929,0.5437232792377472,5388
shared,16,"('WT', 'VEH')",50.0,0.7865160629153252,0.7833373174071312,0.7902969922870398,5388
shared,16,"('WT', 'VEH')",95.0,0.93155712261796,0.9284017954021692,0.9354260638356209,5388
shared,16,"('WT', 'VEH')",99.0,0.9736891896091402,0.9687411263585091,0.9831198137253523,5388
shared,17,"('Dp1Yey', 'LCTB92')",1.0,nan,nan,nan,0
shared,17,"('Dp1Yey', 'LCTB92')",5.0,nan,nan,nan,0
shared,17,"('Dp1Yey', 'LCTB92')",50.0,nan,nan,nan,0
shared,17,"('Dp1Yey', 'LCTB92')",95.0,nan,nan,nan,0
shared,17,"('Dp1Yey', 'LCTB92')",99.0,nan,nan,nan,0
shared,17,"('Dp1Yey', 'VEH')",1.0,0.43259070813655853,0.4122798442840576,0.44331329464912417,346
shared,17,"('Dp1Yey', 'VEH')",5.0,0.4614647179841995,0.4457587003707886,0.47595231235027313,346
shared,17,"('Dp1Yey', 'VEH')",50.0,0.692937970161438,0.6763297021389008,0.7210458219051361,346
shared,17,"('Dp1Yey', 'VEH')",95.0,0.9125644136220217,0.8885737210512161,1.000038496338675,346
shared,17,"('Dp1Yey', 'VEH')",99.0,1.0356886632740498,1.003055325098103,1.0529922246932983,346
shared,17,"('WT', 'LCTB92')",1.0,nan,nan,nan,0
shared,17,"('WT', 'LCTB92')",5.0,nan,nan,nan,0
shared,17,"('WT', 'LCTB92')",50.0,nan,nan,nan,0
shared,17,"('WT', 'LCTB92')",95.0,nan,nan,nan,0
shared,17,"('WT', 'LCTB92')",99.0,nan,nan,nan,0
shared,17,"('WT', 'VEH')",1.0,0.4036011159420013,0.3862115740776062,0.4841776013374329,346
shared,17,"('WT', 'VEH')",5.0,0.5503482297062874,0.4940396472811699,0.5684457346796989,346
shared,17,"('WT', 'VEH')",50.0,0.7972750812768936,0.7689723372459412,0.8183395713567734,346
shared,17,"('WT', 'VEH')",95.0,1.018530507106334,0.9873820662032813,1.0609508727444337,346
shared,17,"('WT', 'VEH')",99.0,1.0828564684838058,1.0624569330364466,1.103355497121811,346
shared,17,"('Dp1Yey', 'LCTB92')",1.0,0.3718102216720581,0.34981121122837067,0.3890597760677338,4906
shared,17,"('Dp1Yey', 'LCTB92')",5.0,0.4773678332567215,0.4707473963499069,0.48454713821411133,4906
shared,17,"('Dp1Yey', 'LCTB92')",50.0,0.7117502689361572,0.7072588708251715,0.7158346977084875,4906
shared,17,"('Dp1Yey', 'LCTB92')",95.0,0.8860047310590744,0.8790880215354264,0.8930357992649078,4906
shared,17,"('Dp1Yey', 'LCTB92')",99.0,0.9453689510002732,0.9404573887586594,0.9498870778828858,4906
shared,17,"('Dp1Yey', 'VEH')",1.0,0.36963435113430027,0.3518127739429474,0.3911527991294861,4906
shared,17,"('Dp1Yey', 'VEH')",5.0,0.4720679968595505,0.46283858381211757,0.4827633500099182,4906
shared,17,"('Dp1Yey', 'VEH')",50.0,0.7152839303016663,0.7099868934601545,0.7196736998856068,4906
shared,17,"('Dp1Yey', 'VEH')",95.0,0.8826799038797617,0.8768475409597158,0.8891752734780312,4906
shared,17,"('Dp1Yey', 'VEH')",99.0,0.93238369487226,0.9244919392094016,0.9393767714500427,4906
shared,17,"('WT', 'LCTB92')",1.0,0.2997480183839798,0.2834159117937088,0.31392884254455566,6244
shared,17,"('WT', 'LCTB92')",5.0,0.420758330821991,0.41140740886330607,0.43339732617139815,6244
shared,17,"('WT', 'LCTB92')",50.0,0.7254169881343842,0.7210186950862407,0.7298069782555103,6244
shared,17,"('WT', 'LCTB92')",95.0,0.9100190911442041,0.9057111241016537,0.9141555353999138,6244
shared,17,"('WT', 'LCTB92')",99.0,0.9656052836775778,0.9605188462510703,0.9764605623111128,6244
shared,17,"('WT', 'VEH')",1.0,0.42154389441013335,0.41381168067455293,0.43453649401664735,5352
shared,17,"('WT', 'VEH')",5.0,0.5273884773254395,0.5166308540850878,0.537167438864708,5352
shared,17,"('WT', 'VEH')",50.0,0.7760348990559578,0.7722721621394157,0.779225517809391,5352
shared,17,"('WT', 'VEH')",95.0,0.9229191057384014,0.9178502485156059,0.9258538655936718,5352
shared,17,"('WT', 'VEH')",99.0,0.963823737874627,0.9585492229452356,0.9713905158266424,5352
shared,18,"('Dp1Yey', 'LCTB92')",1.0,nan,nan,nan,0
shared,18,"('Dp1Yey', 'LCTB92')",5.0,nan,nan,nan,0
shared,18,"('Dp1Yey', 'LCTB92')",50.0,nan,nan,nan,0
shared,18,"('Dp1Yey', 'LCTB92')",95.0,nan,nan,nan,0
shared,18,"('Dp1Yey', 'LCTB92')",99.0,nan,nan,nan,0
shared,18,"('Dp1Yey', 'VEH')",1.0,0.4039267063140869,0.38744252920150757,0.42763460755348204,343
shared,18,"('Dp1Yey', 'VEH')",5.0,0.4549846351146698,0.4347596049308777,0.4782767476141453,343
shared,18,"('Dp1Yey', 'VEH')",50.0,0.6951969265937805,0.6711030796170234,0.7101125419139862,343
shared,18,"('Dp1Yey', 'VEH')",95.0,0.9038151226937771,0.8854192033410072,0.9342871963977811,343
shared,18,"('Dp1Yey', 'VEH')",99.0,1.0101955923251806,0.960989660657942,1.0325839146971703,343
shared,18,"('WT', 'LCTB92')",1.0,nan,nan,nan,0
shared,18,"('WT', 'LCTB92')",5.0,nan,nan,nan,0
shared,18,"('WT', 'LCTB92')",50.0,nan,nan,nan,0
shared,18,"('WT', 'LCTB92')",95.0,nan,nan,nan,0
shared,18,"('WT', 'LCTB92')",99.0,nan,nan,nan,0
shared,18,"('WT', 'VEH')",1.0,0.4324892747402191,0.389082133769989,0.5118038058280945,343
shared,18,"('WT', 'VEH')",5.0,0.546993812918663,0.5149108439683914,0.5694121969491243,343
shared,18,"('WT', 'VEH')",50.0,0.777259111404419,0.7622698843479156,0.804775670170784,343
shared,18,"('WT', 'VEH')",95.0,1.0193217039108275,0.9858454568311569,1.0299475751817226,343
shared,18,"('WT', 'VEH')",99.0,1.0561165960133077,1.0418803480267524,1.0877758488059044,343
shared,18,"('Dp1Yey', 'LCTB92')",1.0,0.36927299737930297,0.3274874687194824,0.38659775257110596,4873
shared,18,"('Dp1Yey', 'LCTB92')",5.0,0.4670343160629272,0.4605872392654419,0.47416512191295623,4873
shared,18,"('Dp1Yey', 'LCTB92')",50.0,0.6999586820602417,0.6952763438224793,0.7039710879325867,4873
shared,18,"('Dp1Yey', 'LCTB92')",95.0,0.8764247581362724,0.871831214055419,0.8819743916392326,4873
shared,18,"('Dp1Yey', 'LCTB92')",99.0,0.9345310565829276,0.930968162715435,0.9443754926323891,4873
shared,18,"('Dp1Yey', 'VEH')",1.0,0.36324507236480713,0.35315404176712034,0.3808987888097763,4873
shared,18,"('Dp1Yey', 'VEH')",5.0,0.46110711097717283,0.449695348739624,0.4742337465286255,4873
shared,18,"('Dp1Yey', 'VEH')",50.0,0.7036206424236298,0.6988666653633118,0.708205908536911,4873
shared,18,"('Dp1Yey', 'VEH')",95.0,0.8685155153274536,0.862960612773895,0.8748724453151221,4873
shared,18,"('Dp1Yey', 'VEH')",99.0,0.9231826716661453,0.9168981835246086,0.92919921875,4873
shared,18,"('WT', 'LCTB92')",1.0,0.2892790710926056,0.28475277245044706,0.30188094146549693,6202
shared,18,"('WT', 'LCTB92')",5.0,0.4156062722206116,0.403064101934433,0.42507880330085757,6202
shared,18,"('WT', 'LCTB92')",50.0,0.7116669118404388,0.7073868066072464,0.7149703476577997,6202
shared,18,"('WT', 'LCTB92')",95.0,0.9037010949105023,0.8977817573491483,0.9086904656700789,6202
shared,18,"('WT', 'LCTB92')",99.0,0.958379069007933,0.954072747007012,0.9644663587212563,6202
shared,18,"('WT', 'VEH')",1.0,0.4137374579906464,0.4039405584335327,0.42273745238780974,5316
shared,18,"('WT', 'VEH')",5.0,0.5197071880102158,0.5073004830628633,0.5272464985027909,5316
shared,18,"('WT', 'VEH')",50.0,0.7644011303782463,0.7609658563509584,0.7687391271814704,5316
shared,18,"('WT', 'VEH')",95.0,0.9145809132605791,0.9111878344789147,0.9184351339936256,5316
shared,18,"('WT', 'VEH')",99.0,0.9553595051169396,0.9486099706450477,0.9622306700795893,5316
shared,19,"('Dp1Yey', 'LCTB92')",1.0,nan,nan,nan,0
shared,19,"('Dp1Yey', 'LCTB92')",5.0,nan,nan,nan,0
shared,19,"('Dp1Yey', 'LCTB92')",50.0,nan,nan,nan,0
shared,19,"('Dp1Yey', 'LCTB92')",95.0,nan,nan,nan,0
shared,19,"('Dp1Yey', 'LCTB92')",99.0,nan,nan,nan,0
shared,19,"('Dp1Yey', 'VEH')",1.0,0.39175276815891263,0.3112720847129822,0.4055018424987793,340
shared,19,"('Dp1Yey', 'VEH')",5.0,0.4479199707508087,0.4092959761619568,0.4678071618080139,340
shared,19,"('Dp1Yey', 'VEH')",50.0,0.6928021907806396,0.649639368057251,0.7060258090496063,340
shared,19,"('Dp1Yey', 'VEH')",95.0,0.9055894248187543,0.8767103776335716,0.9274875894188881,340
shared,19,"('Dp1Yey', 'VEH')",99.0,0.9719101080112162,0.9345539063215256,1.0222762078046799,340
shared,19,"('WT', 'LCTB92')",1.0,nan,nan,nan,0
shared,19,"('WT', 'LCTB92')",5.0,nan,nan,nan,0
shared,19,"('WT', 'LCTB92')",50.0,nan,nan,nan,0
shared,19,"('WT', 'LCTB92')",95.0,nan,nan,nan,0
shared,19,"('WT', 'LCTB92')",99.0,nan,nan,nan,0
shared,19,"('WT', 'VEH')",1.0,0.4516932910680771,0.36717337369918823,0.5136603170633316,340
shared,19,"('WT', 'VEH')",5.0,0.5516759857535363,0.5283285975456238,0.5701385661959648,340
shared,19,"('WT', 'VEH')",50.0,0.7772952765226364,0.7495072335004807,0.8023565113544464,340
shared,19,"('WT', 'VEH')",95.0,1.0025966618442907,0.9615711288526654,1.0154004879295826,340
shared,19,"('WT', 'VEH')",99.0,1.0402205415070058,1.0225025530159473,1.0519309900701046,340
shared,19,"('Dp1Yey', 'LCTB92')",1.0,0.3591180205345154,0.33183276653289795,0.38509343215823166,4840
shared,19,"('Dp1Yey', 'LCTB92')",5.0,0.45598243176937103,0.448990935087204,0.46371249556541444,4840
shared,19,"('Dp1Yey', 'LCTB92')",50.0,0.6880202293395996,0.6838125139474869,0.6920590549707413,4840
shared,19,"('Dp1Yey', 'LCTB92')",95.0,0.8675419121980668,0.8622927814722061,0.8752502507623285,4840
shared,19,"('Dp1Yey', 'LCTB92')",99.0,0.926074815392494,0.9164783992711455,0.9332086741924286,4840
shared,19,"('Dp1Yey', 'VEH')",1.0,0.36191169917583466,0.34640787601470946,0.3783476948738098,4840
shared,19,"('Dp1Yey', 'VEH')",5.0,0.4507266700267792,0.44275918006896975,0.46169781036674973,4840
shared,19,"('Dp1Yey', 'VEH')",50.0,0.6911543160676956,0.6861964464187622,0.6958530247211456,4840
shared,19,"('Dp1Yey', 'VEH')",95.0,0.8556995384395123,0.8489752858877182,0.8609137363731861,4840
shared,19,"('Dp1Yey', 'VEH')",99.0,0.912577993646264,0.9089555367827415,0.9187070578336716,4840
shared,19,"('WT', 'LCTB92')",1.0,0.2841731762886047,0.2748651510477066,0.3016821563243866,6160
shared,19,"('WT', 'LCTB92')",5.0,0.4052819192409516,0.39166824996471405,0.4123721569776535,6160
shared,19,"('WT', 'LCTB92')",50.0,0.6994160115718842,0.6950936276465655,0.7033502757549286,6160
shared,19,"('WT', 'LCTB92')",95.0,0.8935599163174629,0.8881034255027771,0.899816460907459,6160
shared,19,"('WT', 'LCTB92')",99.0,0.9502822810411453,0.9438347539678215,0.959112876835279,6160
shared,19,"('WT', 'VEH')",1.0,0.4074604034423828,0.3979954570531845,0.41751173035800454,5280
shared,19,"('WT', 'VEH')",5.0,0.5055323913693428,0.4934399127960205,0.5153356194496155,5280
shared,19,"('WT', 'VEH')",50.0,0.7545627281069756,0.7506633549928665,0.7589793652296066,5280
shared,19,"('WT', 'VEH')",95.0,0.9037603449076415,0.900295664742589,0.9075737237930298,5280
shared,19,"('WT', 'VEH')",99.0,0.949333365149796,0.9415321031957865,0.9535325017571449,5280
shared,20,"('Dp1Yey', 'LCTB92')",1.0,nan,nan,nan,0
shared,20,"('Dp1Yey', 'LCTB92')",5.0,nan,nan,nan,0
shared,20,"('Dp1Yey', 'LCTB92')",50.0,nan,nan,nan,0
shared,20,"('Dp1Yey', 'LCTB92')",95.0,nan,nan,nan,0
shared,20,"('Dp1Yey', 'LCTB92')",99.0,nan,nan,nan,0
shared,20,"('Dp1Yey', 'VEH')",1.0,0.3836230993270874,0.35459786653518677,0.40491390228271484,337
shared,20,"('Dp1Yey', 'VEH')",5.0,0.4355666399002075,0.4096267819404602,0.4449882507324219,337
shared,20,"('Dp1Yey', 'VEH')",50.0,0.6660263240337372,0.6411940231919289,0.6950603127479553,337
shared,20,"('Dp1Yey', 'VEH')",95.0,0.8874076440930366,0.8680664530396461,0.9137685000896454,337
shared,20,"('Dp1Yey', 'VEH')",99.0,0.9853631342947479,0.9265322691202162,1.0044307825155556,337
shared,20,"('WT', 'LCTB92')",1.0,nan,nan,nan,0
shared,20,"('WT', 'LCTB92')",5.0,nan,nan,nan,0
shared,20,"('WT', 'LCTB92')",50.0,nan,nan,nan,0
shared,20,"('WT', 'LCTB92')",95.0,nan,nan,nan,0
shared,20,"('WT', 'LCTB92')",99.0,nan,nan,nan,0
shared,20,"('WT', 'VEH')",1.0,0.4263192248344421,0.4005315899848938,0.4950419843196869,337
shared,20,"('WT', 'VEH')",5.0,0.5498949646949768,0.511213481426239,0.5684796237945556,337
shared,20,"('WT', 'VEH')",50.0,0.7587724775075912,0.7471212148666382,0.7827442288398743,337
shared,20,"('WT', 'VEH')",95.0,0.9894440665841102,0.9591334387660027,1.006590526085347,337
shared,20,"('WT', 'VEH')",99.0,1.0360243237018583,1.011249705068767,1.0478274002671242,337
shared,20,"('Dp1Yey', 'LCTB92')",1.0,0.3611982035636902,0.3291364908218384,0.37813693404197696,4807
shared,20,"('Dp1Yey', 'LCTB92')",5.0,0.4439019799232483,0.4388742983341217,0.4535224939882755,4807
shared,20,"('Dp1Yey', 'LCTB92')",50.0,0.6774539351463318,0.6721107661724091,0.6816620528697968,4807
shared,20,"('Dp1Yey', 'LCTB92')",95.0,0.8593988075852393,0.8520726330205798,0.8662918418645859,4807
shared,20,"('Dp1Yey', 'LCTB92')",99.0,0.9126137115061282,0.909275200214237,0.9212210819125174,4807
shared,20,"('Dp1Yey', 'VEH')",1.0,0.3573680186271668,0.3498612642288208,0.37379355657100677,4807
shared,20,"('Dp1Yey', 'VEH')",5.0,0.4446073830127716,0.4356649577617645,0.45605283975601196,4807
shared,20,"('Dp1Yey', 'VEH')",50.0,0.6787717938423157,0.6753077805042267,0.682703822851181,4807
shared,20,"('Dp1Yey', 'VEH')",95.0,0.8447889685630798,0.8399895951151848,0.849203141964972,4807
shared,20,"('Dp1Yey', 'VEH')",99.0,0.9028682236373423,0.897454721141606,0.9097527532279482,4807
shared,20,"('WT', 'LCTB92')",1.0,0.2865165436267853,0.271131797388196,0.3000611525774002,6118
shared,20,"('WT', 'LCTB92')",5.0,0.3917470246553421,0.37758768498897555,0.4027528016269207,6118
shared,20,"('WT', 'LCTB92')",50.0,0.6874303072690964,0.6823461651802063,0.691834656149149,6118
shared,20,"('WT', 'LCTB92')",95.0,0.8852795794606209,0.8803005968593061,0.8893923535943031,6118
shared,20,"('WT', 'LCTB92')",99.0,0.9463521621003746,0.9392252136021852,0.9526981525123119,6118
shared,20,"('WT', 'VEH')",1.0,0.4020948469638824,0.39259976148605347,0.41006502754986285,5244
shared,20,"('WT', 'VEH')",5.0,0.4979742705821991,0.4887995719909668,0.506765635125339,5244
shared,20,"('WT', 'VEH')",50.0,0.7446234971284866,0.7401744920760394,0.7494997531175613,5244
shared,20,"('WT', 'VEH')",95.0,0.8967529013752936,0.8911440223455429,0.9012391248997299,5244
shared,20,"('WT', 'VEH')",99.0,0.9405823200196025,0.9328780117630957,0.9483368843793869,5244
shared,21,"('Dp1Yey', 'LCTB92')",1.0,nan,nan,nan,0
shared,21,"('Dp1Yey', 'LCTB92')",5.0,nan,nan,nan,0
shared,21,"('Dp1Yey', 'LCTB92')",50.0,nan,nan,nan,0
shared,21,"('Dp1Yey', 'LCTB92')",95.0,nan,nan,nan,0
shared,21,"('Dp1Yey', 'LCTB92')",99.0,nan,nan,nan,0
shared,21,"('Dp1Yey', 'VEH')",1.0,0.3683479583263397,0.35928988456726074,0.3967726856470108,334
shared,21,"('Dp1Yey', 'VEH')",5.0,0.4156967014074326,0.3971368074417114,0.44025945365428926,334
shared,21,"('Dp1Yey', 'VEH')",50.0,0.6584806740283966,0.6315690640360117,0.6805369459092617,334
shared,21,"('Dp1Yey', 'VEH')",95.0,0.8841516889631748,0.8537369050085544,0.9076418727636337,334
shared,21,"('Dp1Yey', 'VEH')",99.0,0.9614325460977856,0.9194765245914459,0.9753764867782593,334
shared,21,"('WT', 'LCTB92')",1.0,nan,nan,nan,0
shared,21,"('WT', 'LCTB92')",5.0,nan,nan,nan,0
shared,21,"('WT', 'LCTB92')",50.0,nan,nan,nan,0
shared,21,"('WT', 'LCTB92')",95.0,nan,nan,nan,0
shared,21,"('WT', 'LCTB92')",99.0,nan,nan,nan,0
shared,21,"('WT', 'VEH')",1.0,0.4619107520580292,0.4467359781265259,0.49342249155044554,334
shared,21,"('WT', 'VEH')",5.0,0.5424254909157753,0.5147881492972375,0.557772449813783,334
shared,21,"('WT', 'VEH')",50.0,0.7607515677809715,0.738133043050766,0.7755522429943085,334
shared,21,"('WT', 'VEH')",95.0,0.9765044746920466,0.9530166208744048,1.0058451034128666,334
shared,21,"('WT', 'VEH')",99.0,1.0587449393421415,1.0104218935593963,1.0782654359936714,334
shared,21,"('Dp1Yey', 'LCTB92')",1.0,0.34787214517593384,0.32929307222366333,0.36288569509983065,4774
shared,21,"('Dp1Yey', 'LCTB92')",5.0,0.43384691774845124,0.42701995372772217,0.43955463767051695,4774
shared,21,"('Dp1Yey', 'LCTB92')",50.0,0.6642426550388336,0.6602577317506075,0.668649735301733,4774
shared,21,"('Dp1Yey', 'LCTB92')",95.0,0.8515094541013241,0.8449961758963761,0.8576267063617706,4774
shared,21,"('Dp1Yey', 'LCTB92')",99.0,0.9089122915267943,0.9025219821184873,0.9216340346969659,4774
shared,21,"('Dp1Yey', 'VEH')",1.0,0.3518513733148575,0.33153655469417576,0.36822188794612887,4774
shared,21,"('Dp1Yey', 'VEH')",5.0,0.4399944990873337,0.43327438980340954,0.4454260468482971,4774
shared,21,"('Dp1Yey', 'VEH')",50.0,0.668107807636261,0.6639242272824049,0.6724644966423512,4774
shared,21,"('Dp1Yey', 'VEH')",95.0,0.8309633530676365,0.8260419484600425,0.8357901573181152,4774
shared,21,"('Dp1Yey', 'VEH')",99.0,0.8923881601542233,0.8819595225602388,0.8995678797364235,4774
shared,21,"('WT', 'LCTB92')",1.0,0.2736518532037735,0.25748705863952637,0.28801289200782776,6076
shared,21,"('WT', 'LCTB92')",5.0,0.38133202493190765,0.36840492486953735,0.3942409552633762,6076
shared,21,"('WT', 'LCTB92')",50.0,0.6759952008724213,0.6704570643603802,0.6805897504091263,6076
shared,21,"('WT', 'LCTB92')",95.0,0.8718255832791328,0.8662133366800845,0.8777577709406614,6076
shared,21,"('WT', 'LCTB92')",99.0,0.9370417445898056,0.9326513856649399,0.940975590609014,6076
shared,21,"('WT', 'VEH')",1.0,0.38835369348526,0.37148269176483156,0.3985126596689224,5208
shared,21,"('WT', 'VEH')",5.0,0.4877531945705414,0.48130957782268524,0.49858790934085845,5208
shared,21,"('WT', 'VEH')",50.0,0.7348281741142273,0.729523717239499,0.7383320033550262,5208
shared,21,"('WT', 'VEH')",95.0,0.8861978437751531,0.8821675481833516,0.8906578596681356,5208
shared,21,"('WT', 'VEH')",99.0,0.9375537061318755,0.9307481487840414,0.9498183556199085,5208
shared,22,"('Dp1Yey', 'LCTB92')",1.0,nan,nan,nan,0
shared,22,"('Dp1Yey', 'LCTB92')",5.0,nan,nan,nan,0
shared,22,"('Dp1Yey', 'LCTB92')",50.0,nan,nan,nan,0
shared,22,"('Dp1Yey', 'LCTB92')",95.0,nan,nan,nan,0
shared,22,"('Dp1Yey', 'LCTB92')",99.0,nan,nan,nan,0
shared,22,"('Dp1Yey', 'VEH')",1.0,0.3383256018161774,0.32122689485549927,0.3887895941734314,331
shared,22,"('Dp1Yey', 'VEH')",5.0,0.414346843957901,0.38945630192756653,0.4287025034427643,331
shared,22,"('Dp1Yey', 'VEH')",50.0,0.6503430008888245,0.6260018341243268,0.6682110726833344,331
shared,22,"('Dp1Yey', 'VEH')",95.0,0.8820508532226086,0.8490410000085831,0.9126366674900055,331
shared,22,"('Dp1Yey', 'VEH')",99.0,0.9829842429608107,0.9206280834972858,1.0017932215705514,331
shared,22,"('WT', 'LCTB92')",1.0,nan,nan,nan,0
shared,22,"('WT', 'LCTB92')",5.0,nan,nan,nan,0
shared,22,"('WT', 'LCTB92')",50.0,nan,nan,nan,0
shared,22,"('WT', 'LCTB92')",95.0,nan,nan,nan,0
shared,22,"('WT', 'LCTB92')",99.0,nan,nan,nan,0
shared,22,"('WT', 'VEH')",1.0,0.4820277810096741,0.46155035495758057,0.5129749923944473,331
shared,22,"('WT', 'VEH')",5.0,0.5375521034002304,0.5167296826839447,0.5525218099355697,331
shared,22,"('WT', 'VEH')",50.0,0.7513369917869568,0.7196366190910339,0.7722152471542358,331
shared,22,"('WT', 'VEH')",95.0,0.967732984572649,0.9454494789242744,0.9839983619749546,331
shared,22,"('WT', 'VEH')",99.0,1.0679076712578532,1.0038002346642312,1.090161755681038,331
shared,22,"('Dp1Yey', 'LCTB92')",1.0,0.34463552236557005,0.33163371056318286,0.3596954941749573,4741
shared,22,"('Dp1Yey', 'LCTB92')",5.0,0.42780548334121704,0.4199010133743286,0.4357045292854309,4741
shared,22,"('Dp1Yey', 'LCTB92')",50.0,0.6508203744888306,0.6468250155448914,0.6553060300648212,4741
shared,22,"('Dp1Yey', 'LCTB92')",95.0,0.842163696885109,0.8362618442624807,0.8488016724586487,4741
shared,22,"('Dp1Yey', 'LCTB92')",99.0,0.9030377030372623,0.8948035830259327,0.9125188529491426,4741
shared,22,"('Dp1Yey', 'VEH')",1.0,0.33524523973464965,0.32134945392608644,0.3558446764945984,4741
shared,22,"('Dp1Yey', 'VEH')",5.0,0.4332870841026306,0.4258771538734436,0.43967584371566765,4741
shared,22,"('Dp1Yey', 'VEH')",50.0,0.6566095054149628,0.6518520712852478,0.6607335180044174,4741
shared,22,"('Dp1Yey', 'VEH')",95.0,0.8224983513355255,0.8168358504772186,0.8256066840142011,4741
shared,22,"('Dp1Yey', 'VEH')",99.0,0.8757535696029667,0.8686032741516828,0.8838335499167442,4741
shared,22,"('WT', 'LCTB92')",1.0,0.2625544023513794,0.2518238353729248,0.27647009789943694,6034
shared,22,"('WT', 'LCTB92')",5.0,0.3693623661994934,0.3573174476623535,0.3811884015798569,6034
shared,22,"('WT', 'LCTB92')",50.0,0.6620231866836548,0.6576886363327503,0.6677686005830765,6034
shared,22,"('WT', 'LCTB92')",95.0,0.8600131675601005,0.8556512273848056,0.8652743037976325,6034
shared,22,"('WT', 'LCTB92')",99.0,0.9325167965143919,0.9247928485274315,0.9378671565651894,6034
shared,22,"('WT', 'VEH')",1.0,0.37420045137405394,0.36035090684890747,0.3898271612524986,5172
shared,22,"('WT', 'VEH')",5.0,0.48332211971282957,0.4718112856149673,0.4934541702270508,5172
shared,22,"('WT', 'VEH')",50.0,0.7227470576763153,0.7185784362256527,0.7274301249533892,5172
shared,22,"('WT', 'VEH')",95.0,0.8795766290277243,0.8749502008222043,0.8836473006755113,5172
shared,22,"('WT', 'VEH')",99.0,0.9354413631558418,0.9285363252889364,0.9435462057590485,5172
shared,23,"('Dp1Yey', 'LCTB92')",1.0,nan,nan,nan,0
shared,23,"('Dp1Yey', 'LCTB92')",5.0,nan,nan,nan,0
shared,23,"('Dp1Yey', 'LCTB92')",50.0,nan,nan,nan,0
shared,23,"('Dp1Yey', 'LCTB92')",95.0,nan,nan,nan,0
shared,23,"('Dp1Yey', 'LCTB92')",99.0,nan,nan,nan,0
shared,23,"('Dp1Yey', 'VEH')",1.0,0.314335560798645,0.3051658272743225,0.36062565921247003,328
shared,23,"('Dp1Yey', 'VEH')",5.0,0.4057053953409195,0.3625153869390488,0.4171023608744144,328
shared,23,"('Dp1Yey', 'VEH')",50.0,0.6334253996610641,0.6064498424530029,0.6594446960836648,328
shared,23,"('Dp1Yey', 'VEH')",95.0,0.8700106471776962,0.8461610376834869,0.9220395911484954,328
shared,23,"('Dp1Yey', 'VEH')",99.0,0.9833272418938578,0.9260083511471748,1.0010252761421725,328
shared,23,"('WT', 'LCTB92')",1.0,nan,nan,nan,0
shared,23,"('WT', 'LCTB92')",5.0,nan,nan,nan,0
shared,23,"('WT', 'LCTB92')",50.0,nan,nan,nan,0
shared,23,"('WT', 'LCTB92')",95.0,nan,nan,nan,0
shared,23,"('WT', 'LCTB92')",99.0,nan,nan,nan,0
shared,23,"('WT', 'VEH')",1.0,0.48987916857004166,0.46891486644744873,0.514680050611496,328
shared,23,"('WT', 'VEH')",5.0,0.5314430147409439,0.517103374004364,0.5496276766061783,328
shared,23,"('WT', 'VEH')",50.0,0.7236160933971405,0.7038534879684448,0.7483250796794891,328
shared,23,"('WT', 'VEH')",95.0,0.9623496700078248,0.9413411505520344,0.9761373117566108,328
shared,23,"('WT', 'VEH')",99.0,1.0616521339491012,0.9930636911094193,1.101940006017685,328
shared,23,"('Dp1Yey', 'LCTB92')",1.0,0.3427066820859909,0.33818161487579346,0.35203176736831665,4708
shared,23,"('Dp1Yey', 'LCTB92')",5.0,0.4198217809200287,0.41146442092955116,0.4263305068016052,4708
shared,23,"('Dp1Yey', 'LCTB92')",50.0,0.6417572200298309,0.6381880342960358,0.6466670770198106,4708
shared,23,"('Dp1Yey', 'LCTB92')",95.0,0.8320829883217811,0.8256466052867473,0.8387405704334377,4708
shared,23,"('Dp1Yey', 'LCTB92')",99.0,0.8936692790687085,0.8850043074786664,0.8985112080667169,4708
shared,23,"('Dp1Yey', 'VEH')",1.0,0.3401854407787323,0.32530850172042847,0.3512408137321472,4708
shared,23,"('Dp1Yey', 'VEH')",5.0,0.4315728545188904,0.42276811599731445,0.43892754316329957,4708
shared,23,"('Dp1Yey', 'VEH')",50.0,0.6448508948087692,0.6406646106392145,0.6482775509357452,4708
shared,23,"('Dp1Yey', 'VEH')",95.0,0.8090176783502101,0.8041208129934967,0.8139012284576891,4708
shared,23,"('Dp1Yey', 'VEH')",99.0,0.8669473797082903,0.8579678395912052,0.8720455969870091,4708
shared,23,"('WT', 'LCTB92')",1.0,0.25749521851539614,0.2437308645248413,0.2706590569913387,5992
shared,23,"('WT', 'LCTB92')",5.0,0.35627972781658174,0.3486836871504783,0.36855190992355347,5992
shared,23,"('WT', 'LCTB92')",50.0,0.6519855111837387,0.647337420284748,0.6568823307752609,5992
shared,23,"('WT', 'LCTB92')",95.0,0.8532649926841258,0.8475956679880619,0.8576605208218097,5992
shared,23,"('WT', 'LCTB92')",99.0,0.9213781003654006,0.915139431655407,0.9283453449606895,5992
shared,23,"('WT', 'VEH')",1.0,0.36286720633506775,0.35380572974681856,0.377180814743042,5136
shared,23,"('WT', 'VEH')",5.0,0.47189106047153473,0.4614087548106909,0.48513996601104736,5136
shared,23,"('WT', 'VEH')",50.0,0.7128566354513168,0.7082178313285112,0.7173541784286499,5136
shared,23,"('WT', 'VEH')",95.0,0.8757586386054754,0.8719115704298019,0.8798102431930601,5136
shared,23,"('WT', 'VEH')",99.0,0.9308480579406021,0.9218296558503059,0.9372061860561358,5136
shared,24,"('Dp1Yey', 'LCTB92')",1.0,nan,nan,nan,0
shared,24,"('Dp1Yey', 'LCTB92')",5.0,nan,nan,nan,0
shared,24,"('Dp1Yey', 'LCTB92')",50.0,nan,nan,nan,0
shared,24,"('Dp1Yey', 'LCTB92')",95.0,nan,nan,nan,0
shared,24,"('Dp1Yey', 'LCTB92')",99.0,nan,nan,nan,0
shared,24,"('Dp1Yey', 'VEH')",1.0,0.28432425498962405,0.26316046714782715,0.34066052198410035,325
shared,24,"('Dp1Yey', 'VEH')",5.0,0.390614902973175,0.3583400249481201,0.4101940557360649,325
shared,24,"('Dp1Yey', 'VEH')",50.0,0.6250329911708832,0.5899544954299927,0.6536759436130524,325
shared,24,"('Dp1Yey', 'VEH')",95.0,0.8664427101612092,0.8402323126792908,0.910114386677742,325
shared,24,"('Dp1Yey', 'VEH')",99.0,0.9783325083553789,0.9111495685577392,1.0025242397096008,325
shared,24,"('WT', 'LCTB92')",1.0,nan,nan,nan,0
shared,24,"('WT', 'LCTB92')",5.0,nan,nan,nan,0
shared,24,"('WT', 'LCTB92')",50.0,nan,nan,nan,0
shared,24,"('WT', 'LCTB92')",95.0,nan,nan,nan,0
shared,24,"('WT', 'LCTB92')",99.0,nan,nan,nan,0
shared,24,"('WT', 'VEH')",1.0,0.4655230641365051,0.45566290616989136,0.4986495614051819,325
shared,24,"('WT', 'VEH')",5.0,0.516616004705429,0.5013450682163239,0.5589605093002319,325
shared,24,"('WT', 'VEH')",50.0,0.7011332511901855,0.681785523891449,0.7168493650853633,325
shared,24,"('WT', 'VEH')",95.0,0.9478537566959858,0.9301679313182831,0.9779285363852981,325
shared,24,"('WT', 'VEH')",99.0,1.0271258191764354,0.9934155826456844,1.0821226686239243,325
shared,24,"('Dp1Yey', 'LCTB92')",1.0,0.34362496972084045,0.3364907053112984,0.3511759318113327,4675
shared,24,"('Dp1Yey', 'LCTB92')",5.0,0.40980254411697387,0.4022219002246857,0.4166366796195507,4675
shared,24,"('Dp1Yey', 'LCTB92')",50.0,0.6327200531959534,0.6286216676235199,0.6371861696243286,4675
shared,24,"('Dp1Yey', 'LCTB92')",95.0,0.8243964105844498,0.8178039327263832,0.8299306942149997,4675
shared,24,"('Dp1Yey', 'LCTB92')",99.0,0.8814954254031184,0.8735120671987534,0.8891768679022789,4675
shared,24,"('Dp1Yey', 'VEH')",1.0,0.32512167692184446,0.312534487247467,0.3528781533241272,4675
shared,24,"('Dp1Yey', 'VEH')",5.0,0.42486895322799684,0.4166067156195641,0.43340952396392823,4675
shared,24,"('Dp1Yey', 'VEH')",50.0,0.6338067054748535,0.6291328370571136,0.638068288564682,4675
shared,24,"('Dp1Yey', 'VEH')",95.0,0.7966065347194672,0.7904568955302239,0.8026446565985681,4675
shared,24,"('Dp1Yey', 'VEH')",99.0,0.857473739087582,0.8492912650108337,0.8673330730870366,4675
shared,24,"('WT', 'LCTB92')",1.0,0.25791108548641206,0.24235888838768005,0.2685687571763992,5950
shared,24,"('WT', 'LCTB92')",5.0,0.34694970548152926,0.33951646089553833,0.35743274092674254,5950
shared,24,"('WT', 'LCTB92')",50.0,0.6444219201803207,0.6401259686797858,0.6490072555840015,5950
shared,24,"('WT', 'LCTB92')",95.0,0.8467659413814546,0.8398250490427017,0.8519215738400817,5950
shared,24,"('WT', 'LCTB92')",99.0,0.914744967967272,0.9071299278084191,0.9198687672615051,5950
shared,24,"('WT', 'VEH')",1.0,0.34907544434070586,0.338695228099823,0.36645418405532837,5100
shared,24,"('WT', 'VEH')",5.0,0.4629271924495697,0.45232051610946655,0.4736095517873764,5100
shared,24,"('WT', 'VEH')",50.0,0.703253373503685,0.6984516680240631,0.7075451463460922,5100
shared,24,"('WT', 'VEH')",95.0,0.872105821967125,0.8675268359482289,0.8758122302033008,5100
shared,24,"('WT', 'VEH')",99.0,0.9261802835017443,0.9197203323990107,0.9354491628706455,5100
shared,25,"('Dp1Yey', 'LCTB92')",1.0,nan,nan,nan,0
shared,25,"('Dp1Yey', 'LCTB92')",5.0,nan,nan,nan,0
shared,25,"('Dp1Yey', 'LCTB92')",50.0,nan,nan,nan,0
shared,25,"('Dp1Yey', 'LCTB92')",95.0,nan,nan,nan,0
shared,25,"('Dp1Yey', 'LCTB92')",99.0,nan,nan,nan,0
shared,25,"('Dp1Yey', 'VEH')",1.0,0.2833837461471558,0.27215445041656494,0.3331813830137253,322
shared,25,"('Dp1Yey', 'VEH')",5.0,0.37801164388656616,0.341349720954895,0.4020639181137085,322
shared,25,"('Dp1Yey', 'VEH')",50.0,0.6083425581455231,0.5800027251243591,0.6335362493991852,322
shared,25,"('Dp1Yey', 'VEH')",95.0,0.86133788600564,0.8333175930194557,0.8864708244800567,322
shared,25,"('Dp1Yey', 'VEH')",99.0,0.9574850438535216,0.8968468290567401,1.0043441406451166,322
shared,25,"('WT', 'LCTB92')",1.0,nan,nan,nan,0
shared,25,"('WT', 'LCTB92')",5.0,nan,nan,nan,0
shared,25,"('WT', 'LCTB92')",50.0,nan,nan,nan,0
shared,25,"('WT', 'LCTB92')",95.0,nan,nan,nan,0
shared,25,"('WT', 'LCTB92')",99.0,nan,nan,nan,0
shared,25,"('WT', 'VEH')",1.0,0.43845529079437257,0.4319288730621338,0.482123566865921,322
shared,25,"('WT', 'VEH')",5.0,0.5164933577179909,0.48759615421295166,0.5457704454660416,322
shared,25,"('WT', 'VEH')",50.0,0.6891804337501526,0.6678749118000269,0.7105704750865698,322
shared,25,"('WT', 'VEH')",95.0,0.9520967865362764,0.9315330695360898,0.9719498099782501,322
shared,25,"('WT', 'VEH')",99.0,1.00006166644278,0.9763102360256017,1.020662810653448,322
shared,25,"('Dp1Yey', 'LCTB92')",1.0,0.34220887064933775,0.3370498859882355,0.3488679528236389,4642
shared,25,"('Dp1Yey', 'LCTB92')",5.0,0.40232614874839784,0.3951065599918365,0.41059917710721494,4642
shared,25,"('Dp1Yey', 'LCTB92')",50.0,0.6227144300937653,0.6183761060237885,0.6270121231675148,4642
shared,25,"('Dp1Yey', 'LCTB92')",95.0,0.8123218350112438,0.8084127768874169,0.8175072627328336,4642
shared,25,"('Dp1Yey', 'LCTB92')",99.0,0.8683139681816101,0.8620800375938416,0.8721864416338506,4642
shared,25,"('Dp1Yey', 'VEH')",1.0,0.330765620470047,0.3166689789295197,0.3460848081111908,4642
shared,25,"('Dp1Yey', 'VEH')",5.0,0.4202405631542206,0.41273213326931,0.42513394355773926,4642
shared,25,"('Dp1Yey', 'VEH')",50.0,0.6241960972547531,0.619958071783185,0.6279659569263458,4642
shared,25,"('Dp1Yey', 'VEH')",95.0,0.7827281810343265,0.7768847525119782,0.788785749133676,4642
shared,25,"('Dp1Yey', 'VEH')",99.0,0.8437704531848431,0.833051010966301,0.8554196849465371,4642
shared,25,"('WT', 'LCTB92')",1.0,0.24674018800258637,0.23475014567375183,0.25758758902549744,5908
shared,25,"('WT', 'LCTB92')",5.0,0.3400008887052536,0.33102667331695557,0.3497175518423319,5908
shared,25,"('WT', 'LCTB92')",50.0,0.6338769942522049,0.6298672694712877,0.6381533835083246,5908
shared,25,"('WT', 'LCTB92')",95.0,0.8370038762688634,0.8308597683906555,0.8427329097688198,5908
shared,25,"('WT', 'LCTB92')",99.0,0.9049411269277337,0.8964790908992293,0.9122983746230603,5908
shared,25,"('WT', 'VEH')",1.0,0.33935612976551055,0.3337511247396469,0.34697628021240234,5064
shared,25,"('WT', 'VEH')",5.0,0.45087353587150575,0.4414132237434387,0.4597438365221024,5064
shared,25,"('WT', 'VEH')",50.0,0.692663386464119,0.6887347400188446,0.6976892054080963,5064
shared,25,"('WT', 'VEH')",95.0,0.8657804563641546,0.8616400957107544,0.871394499335438,5064
shared,25,"('WT', 'VEH')",99.0,0.9225176603347063,0.915308689188212,0.9323949739336967,5064
shared,26,"('Dp1Yey', 'LCTB92')",1.0,nan,nan,nan,0
shared,26,"('Dp1Yey', 'LCTB92')",5.0,nan,nan,nan,0
shared,26,"('Dp1Yey', 'LCTB92')",50.0,nan,nan,nan,0
shared,26,"('Dp1Yey', 'LCTB92')",95.0,nan,nan,nan,0
shared,26,"('Dp1Yey', 'LCTB92')",99.0,nan,nan,nan,0
shared,26,"('Dp1Yey', 'VEH')",1.0,0.3040512454509735,0.28114062547683716,0.3204390168190002,319
shared,26,"('Dp1Yey', 'VEH')",5.0,0.3513685464859009,0.32275426387786865,0.39337562918663027,319
shared,26,"('Dp1Yey', 'VEH')",50.0,0.5977537333965302,0.5727945864200592,0.6188635230064392,319
shared,26,"('Dp1Yey', 'VEH')",95.0,0.8598864510655401,0.8456584602594375,0.8936856530606745,319
shared,26,"('Dp1Yey', 'VEH')",99.0,0.9272101840376853,0.8968568213693797,0.9766280150283108,319
shared,26,"('WT', 'LCTB92')",1.0,nan,nan,nan,0
shared,26,"('WT', 'LCTB92')",5.0,nan,nan,nan,0
shared,26,"('WT', 'LCTB92')",50.0,nan,nan,nan,0
shared,26,"('WT', 'LCTB92')",95.0,nan,nan,nan,0
shared,26,"('WT', 'LCTB92')",99.0,nan,nan,nan,0
shared,26,"('WT', 'VEH')",1.0,0.4104732871055603,0.4053061008453369,0.46347971200942994,319
shared,26,"('WT', 'VEH')",5.0,0.5005866110324859,0.4776811718940735,0.5197249114513397,319
shared,26,"('WT', 'VEH')",50.0,0.6864098310470581,0.6565497517585754,0.7122296094894409,319
shared,26,"('WT', 'VEH')",95.0,0.9460017357021568,0.9222583509981631,0.9618275186046954,319
shared,26,"('WT', 'VEH')",99.0,0.9905950308963656,0.9710564647242426,0.9950850899331272,319
shared,26,"('Dp1Yey', 'LCTB92')",1.0,0.33782708644866943,0.3328173780441284,0.34150866746902464,4609
shared,26,"('Dp1Yey', 'LCTB92')",5.0,0.39748616218566896,0.38954115480184553,0.40507081151008606,4609
shared,26,"('Dp1Yey', 'LCTB92')",50.0,0.6126478910446167,0.6079157687723636,0.6176574192941189,4609
shared,26,"('Dp1Yey', 'LCTB92')",95.0,0.8059020698070526,0.8012386798858641,0.8099707917124033,4609
shared,26,"('Dp1Yey', 'LCTB92')",99.0,0.8597387337684631,0.8532780473530293,0.864328357577324,4609
shared,26,"('Dp1Yey', 'VEH')",1.0,0.33055819034576417,0.3178784251213074,0.34292054176330566,4609
shared,26,"('Dp1Yey', 'VEH')",5.0,0.4093424081802368,0.4031991025805473,0.4188245892524719,4609
shared,26,"('Dp1Yey', 'VEH')",50.0,0.6151746809482574,0.6105067431926727,0.6192197635769844,4609
shared,26,"('Dp1Yey', 'VEH')",95.0,0.7729852855205533,0.7675629982352257,0.7773060947656631,4609
shared,26,"('Dp1Yey', 'VEH')",99.0,0.8336328393220902,0.8217044883966446,0.8425847589969635,4609
shared,26,"('WT', 'LCTB92')",1.0,0.23444622457027436,0.2262911070138216,0.2462914079427719,5866
shared,26,"('WT', 'LCTB92')",5.0,0.33581288158893585,0.32704007625579834,0.3446544408798218,5866
shared,26,"('WT', 'LCTB92')",50.0,0.626439556479454,0.6213395729660988,0.6306821513921023,5866
shared,26,"('WT', 'LCTB92')",95.0,0.827846996486187,0.8215973534621298,0.8347259946167469,5866
shared,26,"('WT', 'LCTB92')",99.0,0.8938192985951902,0.8878253124654295,0.8996757172048097,5866
shared,26,"('WT', 'VEH')",1.0,0.33307782888412474,0.3253840125799179,0.3452719204723835,5028
shared,26,"('WT', 'VEH')",5.0,0.4362406820058823,0.42631938159465793,0.44649410247802734,5028
shared,26,"('WT', 'VEH')",50.0,0.6854296326637268,0.6809278428554535,0.6905554063618183,5028
shared,26,"('WT', 'VEH')",95.0,0.8608489885926246,0.8562194906175137,0.8642507825978101,5028
shared,26,"('WT', 'VEH')",99.0,0.9165973956137895,0.908895630184561,0.9219960390031336,5028
shared,27,"('Dp1Yey', 'LCTB92')",1.0,nan,nan,nan,0
shared,27,"('Dp1Yey', 'LCTB92')",5.0,nan,nan,nan,0
shared,27,"('Dp1Yey', 'LCTB92')",50.0,nan,nan,nan,0
shared,27,"('Dp1Yey', 'LCTB92')",95.0,nan,nan,nan,0
shared,27,"('Dp1Yey', 'LCTB92')",99.0,nan,nan,nan,0
shared,27,"('Dp1Yey', 'VEH')",1.0,0.28433617055416105,0.2800168991088867,0.31334317922592164,316
shared,27,"('Dp1Yey', 'VEH')",5.0,0.3355674594640732,0.3152676820755005,0.37659478187561035,316
shared,27,"('Dp1Yey', 'VEH')",50.0,0.5886396616697311,0.565046489238739,0.6104364685714244,316
shared,27,"('Dp1Yey', 'VEH')",95.0,0.856807217001915,0.8385512419044971,0.875764511525631,316
shared,27,"('Dp1Yey', 'VEH')",99.0,0.9174641061574221,0.8792990989983082,0.9215317144989967,316
shared,27,"('WT', 'LCTB92')",1.0,nan,nan,nan,0
shared,27,"('WT', 'LCTB92')",5.0,nan,nan,nan,0
shared,27,"('WT', 'LCTB92')",50.0,nan,nan,nan,0
shared,27,"('WT', 'LCTB92')",95.0,nan,nan,nan,0
shared,27,"('WT', 'LCTB92')",99.0,nan,nan,nan,0
shared,27,"('WT', 'VEH')",1.0,0.3995243668556213,0.3783605694770813,0.42858063280582426,316
shared,27,"('WT', 'VEH')",5.0,0.4713805764913559,0.4344295263290405,0.5027078688144684,316
shared,27,"('WT', 'VEH')",50.0,0.6796246469020844,0.6602553129196167,0.704613596200943,316
shared,27,"('WT', 'VEH')",95.0,0.941150788217783,0.9204348158091307,0.9586056247353554,316
shared,27,"('WT', 'VEH')",99.0,0.9964184462398412,0.9588301684707405,1.0097507070749998,316
shared,27,"('Dp1Yey', 'LCTB92')",1.0,0.33241264522075653,0.3270004987716675,0.33833684101700784,4576
shared,27,"('Dp1Yey', 'LCTB92')",5.0,0.39000584185123444,0.38310110569000244,0.3985675178468227,4576
shared,27,"('Dp1Yey', 'LCTB92')",50.0,0.602957621216774,0.5990289401262998,0.6076744347810745,4576
shared,27,"('Dp1Yey', 'LCTB92')",95.0,0.7980194576084614,0.7912901803851128,0.8030704706907272,4576
shared,27,"('Dp1Yey', 'LCTB92')",99.0,0.8491415157914162,0.8436836376786232,0.8551648259162903,4576
shared,27,"('Dp1Yey', 'VEH')",1.0,0.32836148142814636,0.31714388728141785,0.340792715549469,4576
shared,27,"('Dp1Yey', 'VEH')",5.0,0.4028128981590271,0.39625826478004456,0.4112193875014782,4576
shared,27,"('Dp1Yey', 'VEH')",50.0,0.6065061837434769,0.602266687527299,0.6104835070669651,4576
shared,27,"('Dp1Yey', 'VEH')",95.0,0.7656148113310337,0.7604038875550032,0.769774004817009,4576
shared,27,"('Dp1Yey', 'VEH')",99.0,0.8131453059613705,0.8070685192942619,0.8233788125216961,4576
shared,27,"('WT', 'LCTB92')",1.0,0.2290015459060669,0.22052735090255737,0.23713892014324664,5824
shared,27,"('WT', 'LCTB92')",5.0,0.3332862138748169,0.32355823285877705,0.3398857921361923,5824
shared,27,"('WT', 'LCTB92')",50.0,0.6182723939418793,0.6132326722145081,0.6229238033294677,5824
shared,27,"('WT', 'LCTB92')",95.0,0.8175946228206157,0.8121375044807789,0.8221610963344571,5824
shared,27,"('WT', 'LCTB92')",99.0,0.8826235674321649,0.8750263601541519,0.8962427327036857,5824
shared,27,"('WT', 'VEH')",1.0,0.3281784164905548,0.32051610946655273,0.3415411275625229,4992
shared,27,"('WT', 'VEH')",5.0,0.42605942487716675,0.41478688418865206,0.4373696446418762,4992
shared,27,"('WT', 'VEH')",50.0,0.6777129620313644,0.6724457442760468,0.6827335953712463,4992
shared,27,"('WT', 'VEH')",95.0,0.8550549760460854,0.8485475781932472,0.860599293168634,4992
shared,27,"('WT', 'VEH')",99.0,0.9130737090855839,0.9073016548901797,0.9182406812906265,4992
shared,28,"('Dp1Yey', 'LCTB92')",1.0,nan,nan,nan,0
shared,28,"('Dp1Yey', 'LCTB92')",5.0,nan,nan,nan,0
shared,28,"('Dp1Yey', 'LCTB92')",50.0,nan,nan,nan,0
shared,28,"('Dp1Yey', 'LCTB92')",95.0,nan,nan,nan,0
shared,28,"('Dp1Yey', 'LCTB92')",99.0,nan,nan,nan,0
shared,28,"('Dp1Yey', 'VEH')",1.0,0.29413249969482425,0.2908809185028076,0.30540306377410886,313
shared,28,"('Dp1Yey', 'VEH')",5.0,0.3212080955505371,0.3069436550140381,0.34969693183898926,313
shared,28,"('Dp1Yey', 'VEH')",50.0,0.5769723653793335,0.5441301017999649,0.6013678014278412,313
shared,28,"('Dp1Yey', 'VEH')",95.0,0.8433807164430618,0.8185744225978852,0.8586287647485733,313
shared,28,"('Dp1Yey', 'VEH')",99.0,0.9062734201550483,0.8678580683469772,0.9335606023669243,313
shared,28,"('WT', 'LCTB92')",1.0,nan,nan,nan,0
shared,28,"('WT', 'LCTB92')",5.0,nan,nan,nan,0
shared,28,"('WT', 'LCTB92')",50.0,nan,nan,nan,0
shared,28,"('WT', 'LCTB92')",95.0,nan,nan,nan,0
shared,28,"('WT', 'LCTB92')",99.0,nan,nan,nan,0
shared,28,"('WT', 'VEH')",1.0,0.3876032781600952,0.36617958545684814,0.4109614324569702,313
shared,28,"('WT', 'VEH')",5.0,0.44085776805877686,0.41166257858276367,0.4817072987556458,313
shared,28,"('WT', 'VEH')",50.0,0.6766456365585327,0.6558849215507507,0.6953966915607452,313
shared,28,"('WT', 'VEH')",95.0,0.9293090879917144,0.910041555762291,0.9603218957781792,313
shared,28,"('WT', 'VEH')",99.0,0.9952109442465007,0.9617744512856007,1.0231802482157946,313
shared,28,"('Dp1Yey', 'LCTB92')",1.0,0.32750690340995786,0.3225308656692505,0.33245481523871423,4543
shared,28,"('Dp1Yey', 'LCTB92')",5.0,0.38542823791503905,0.3788047435879707,0.39303344547748564,4543
shared,28,"('Dp1Yey', 'LCTB92')",50.0,0.5928840935230255,0.5893222391605377,0.5975086092948914,4543
shared,28,"('Dp1Yey', 'LCTB92')",95.0,0.7876663759350776,0.7804100230336188,0.7931018173694611,4543
shared,28,"('Dp1Yey', 'LCTB92')",99.0,0.8443074637651443,0.8359966248273848,0.8537119588181376,4543
shared,28,"('Dp1Yey', 'VEH')",1.0,0.32678171873092654,0.3194970369338989,0.34088271856307983,4543
shared,28,"('Dp1Yey', 'VEH')",5.0,0.4016401648521423,0.39367958560585975,0.40888285264372826,4543
shared,28,"('Dp1Yey', 'VEH')",50.0,0.5974572896957397,0.5933275520801544,0.601532906293869,4543
shared,28,"('Dp1Yey', 'VEH')",95.0,0.756219284236431,0.7524264752864838,0.7612750679254532,4543
shared,28,"('Dp1Yey', 'VEH')",99.0,0.8025403907895088,0.7964752596616744,0.8103517609834671,4543
shared,28,"('WT', 'LCTB92')",1.0,0.21716229021549224,0.21167242527008057,0.22366592849791048,5782
shared,28,"('WT', 'LCTB92')",5.0,0.32538898587226867,0.30933300897479055,0.33341477513313295,5782
shared,28,"('WT', 'LCTB92')",50.0,0.6107324063777924,0.6060547530651093,0.615165838226676,5782
shared,28,"('WT', 'LCTB92')",95.0,0.8086629040539265,0.8034467275626958,0.8140488620661199,5782
shared,28,"('WT', 'LCTB92')",99.0,0.8695141695439811,0.860570733696222,0.8845550635457037,5782
shared,28,"('WT', 'VEH')",1.0,0.3285840630531311,0.31910198628902436,0.33848410844802856,4956
shared,28,"('WT', 'VEH')",5.0,0.4133984297513962,0.4035176634788513,0.4261731807142496,4956
shared,28,"('WT', 'VEH')",50.0,0.6705271899700165,0.6656034238636493,0.6747623682022095,4956
shared,28,"('WT', 'VEH')",95.0,0.8459997624158859,0.8412786573171616,0.8526780307292938,4956
shared,28,"('WT', 'VEH')",99.0,0.9111103489995003,0.9034154117107391,0.9189056638628241,4956
shared,29,"('Dp1Yey', 'LCTB92')",1.0,nan,nan,nan,0
shared,29,"('Dp1Yey', 'LCTB92')",5.0,nan,nan,nan,0
shared,29,"('Dp1Yey', 'LCTB92')",50.0,nan,nan,nan,0
shared,29,"('Dp1Yey', 'LCTB92')",95.0,nan,nan,nan,0
shared,29,"('Dp1Yey', 'LCTB92')",99.0,nan,nan,nan,0
shared,29,"('Dp1Yey', 'VEH')",1.0,0.29384051382541654,0.28396153450012207,0.2977106343507767,310
shared,29,"('Dp1Yey', 'VEH')",5.0,0.3085902452468872,0.300542950630188,0.3395463585853577,310
shared,29,"('Dp1Yey', 'VEH')",50.0,0.5683578848838806,0.539699524641037,0.5925137996673584,310
shared,29,"('Dp1Yey', 'VEH')",95.0,0.8279277876019479,0.801917276531458,0.8526290655136108,310
shared,29,"('Dp1Yey', 'VEH')",99.0,0.8961443262547255,0.8624833916127684,0.9172266647219658,310
shared,29,"('WT', 'LCTB92')",1.0,nan,nan,nan,0
shared,29,"('WT', 'LCTB92')",5.0,nan,nan,nan,0
shared,29,"('WT', 'LCTB92')",50.0,nan,nan,nan,0
shared,29,"('WT', 'LCTB92')",95.0,nan,nan,nan,0
shared,29,"('WT', 'LCTB92')",99.0,nan,nan,nan,0
shared,29,"('WT', 'VEH')",1.0,0.38152014434337617,0.3548646569252014,0.39355029761791227,310
shared,29,"('WT', 'VEH')",5.0,0.4026682674884796,0.39442865513265135,0.4630115032196045,310
shared,29,"('WT', 'VEH')",50.0,0.6675838828086853,0.6529996883124113,0.6913181245326996,310
shared,29,"('WT', 'VEH')",95.0,0.9417997831478715,0.9087686240673065,0.9622576721012592,310
shared,29,"('WT', 'VEH')",99.0,0.9788783380389213,0.9639138329401613,1.0306547544896603,310
shared,29,"('Dp1Yey', 'LCTB92')",1.0,0.3227631306648254,0.3154420256614685,0.3287311810255051,4510
shared,29,"('Dp1Yey', 'LCTB92')",5.0,0.379331436753273,0.37154244482517246,0.385490357875824,4510
shared,29,"('Dp1Yey', 'LCTB92')",50.0,0.5854038000106812,0.5813558414578438,0.5888781972229481,4510
shared,29,"('Dp1Yey', 'LCTB92')",95.0,0.7764237806200981,0.7691156745515764,0.7828650325536728,4510
shared,29,"('Dp1Yey', 'LCTB92')",99.0,0.834396263808012,0.8296476751565933,0.8433622580766675,4510
shared,29,"('Dp1Yey', 'VEH')",1.0,0.32770987212657926,0.31742775440216064,0.33786869049072266,4510
shared,29,"('Dp1Yey', 'VEH')",5.0,0.3970188856124878,0.3869898319244385,0.4034518519043922,4510
shared,29,"('Dp1Yey', 'VEH')",50.0,0.5882638841867447,0.584733247756958,0.5925678610801697,4510
shared,29,"('Dp1Yey', 'VEH')",95.0,0.745809419453144,0.7420931458473206,0.7521892283484339,4510
shared,29,"('Dp1Yey', 'VEH')",99.0,0.7974386203289031,0.7899718822538851,0.8064661267548796,4510
shared,29,"('WT', 'LCTB92')",1.0,0.21203652560710906,0.20233121418952943,0.2222059965133667,5740
shared,29,"('WT', 'LCTB92')",5.0,0.3117543399333954,0.2957379221916199,0.3246948361396789,5740
shared,29,"('WT', 'LCTB92')",50.0,0.6039464771747589,0.5987966276705265,0.608298659324646,5740
shared,29,"('WT', 'LCTB92')",95.0,0.7985480137169362,0.7927586004137993,0.8044639602303505,5740
shared,29,"('WT', 'LCTB92')",99.0,0.8614398169517516,0.8514802899956702,0.867471176981926,5740
shared,29,"('WT', 'VEH')",1.0,0.32330623149871823,0.3103799819946289,0.33253792345523836,4920
shared,29,"('WT', 'VEH')",5.0,0.40443147122859957,0.39839247465133665,0.4160318671911955,4920
shared,29,"('WT', 'VEH')",50.0,0.6614432334899902,0.6563509553670883,0.6667768955230713,4920
shared,29,"('WT', 'VEH')",95.0,0.8422979034483433,0.8374125145748258,0.8460946395993233,4920
shared,29,"('WT', 'VEH')",99.0,0.9090054412186147,0.8999869255144157,0.9169031828641891,4920
shared,30,"('Dp1Yey', 'LCTB92')",1.0,nan,nan,nan,0
shared,30,"('Dp1Yey', 'LCTB92')",5.0,nan,nan,nan,0
shared,30,"('Dp1Yey', 'LCTB92')",50.0,nan,nan,nan,0
shared,30,"('Dp1Yey', 'LCTB92')",95.0,nan,nan,nan,0
shared,30,"('Dp1Yey', 'LCTB92')",99.0,nan,nan,nan,0
shared,30,"('Dp1Yey', 'VEH')",1.0,0.2800513458251953,0.2766994833946228,0.29048052430152893,307
shared,30,"('Dp1Yey', 'VEH')",5.0,0.3083854615688324,0.2910381555557251,0.3320349037647247,307
shared,30,"('Dp1Yey', 'VEH')",50.0,0.5540666878223419,0.5328866541385651,0.590093344449997,307
shared,30,"('Dp1Yey', 'VEH')",95.0,0.8161405861377715,0.796983614563942,0.8470924645662308,307
shared,30,"('Dp1Yey', 'VEH')",99.0,0.8904348203539848,0.8481489080190658,0.9033393710851669,307
shared,30,"('WT', 'LCTB92')",1.0,nan,nan,nan,0
shared,30,"('WT', 'LCTB92')",5.0,nan,nan,nan,0
shared,30,"('WT', 'LCTB92')",50.0,nan,nan,nan,0
shared,30,"('WT', 'LCTB92')",95.0,nan,nan,nan,0
shared,30,"('WT', 'LCTB92')",99.0,nan,nan,nan,0
shared,30,"('WT', 'VEH')",1.0,0.3589460289478302,0.35573500394821167,0.36891755342483523,307
shared,30,"('WT', 'VEH')",5.0,0.38535804152488706,0.37100285291671753,0.4217060446739197,307
shared,30,"('WT', 'VEH')",50.0,0.66852205991745,0.6538839936256409,0.684397965669632,307
shared,30,"('WT', 'VEH')",95.0,0.9335927866399287,0.9170493659190833,0.9509617425501347,307
shared,30,"('WT', 'VEH')",99.0,0.9736487100273371,0.9576784475352614,0.9863791354000568,307
shared,30,"('Dp1Yey', 'LCTB92')",1.0,0.3179986310005188,0.31039156198501583,0.3252140188217163,4477
shared,30,"('Dp1Yey', 'LCTB92')",5.0,0.374948251247406,0.3672847390174866,0.38062734603881837,4477
shared,30,"('Dp1Yey', 'LCTB92')",50.0,0.5785909593105316,0.5741836793720723,0.5820483863353729,4477
shared,30,"('Dp1Yey', 'LCTB92')",95.0,0.7657760232686996,0.7583921253681183,0.7724251896142958,4477
shared,30,"('Dp1Yey', 'LCTB92')",99.0,0.8292244011163711,0.8218260258436203,0.8394651710987091,4477
shared,30,"('Dp1Yey', 'VEH')",1.0,0.3240536761283874,0.31248239040374753,0.3325138219594955,4477
shared,30,"('Dp1Yey', 'VEH')",5.0,0.38990809917449953,0.3819866180419922,0.3986048102378845,4477
shared,30,"('Dp1Yey', 'VEH')",50.0,0.5803655982017517,0.5762687623500824,0.5835802495479584,4477
shared,30,"('Dp1Yey', 'VEH')",95.0,0.7387696206569672,0.733922004699707,0.7430691719055176,4477
shared,30,"('Dp1Yey', 'VEH')",99.0,0.7900149756669995,0.7861731743812561,0.8013154965639114,4477
shared,30,"('WT', 'LCTB92')",1.0,0.20782494246959687,0.19749071657657624,0.21765763461589813,5698
shared,30,"('WT', 'LCTB92')",5.0,0.30183546841144565,0.2864302728325129,0.3148752320557833,5698
shared,30,"('WT', 'LCTB92')",50.0,0.5973181873559952,0.5926495492458344,0.6018233001232147,5698
shared,30,"('WT', 'LCTB92')",95.0,0.790871162712574,0.7858766317367554,0.7974200449883937,5698
shared,30,"('WT', 'LCTB92')",99.0,0.8455332578718662,0.8403513222932815,0.8537653535604477,5698
shared,30,"('WT', 'VEH')",1.0,0.31544180274009703,0.2964152693748474,0.32850801944732666,4884
shared,30,"('WT', 'VEH')",5.0,0.39586433470249177,0.38889369964599607,0.40472227334976196,4884
shared,30,"('WT', 'VEH')",50.0,0.6525821536779404,0.6474702656269073,0.657426655292511,4884
shared,30,"('WT', 'VEH')",95.0,0.8384803511202334,0.8333118088543412,0.8433740586042404,4884
shared,30,"('WT', 'VEH')",99.0,0.9092127810418607,0.8991799844056368,0.9173640534281731,4884
shared,31,"('Dp1Yey', 'LCTB92')",1.0,nan,nan,nan,0
shared,31,"('Dp1Yey', 'LCTB92')",5.0,nan,nan,nan,0
shared,31,"('Dp1Yey', 'LCTB92')",50.0,nan,nan,nan,0
shared,31,"('Dp1Yey', 'LCTB92')",95.0,nan,nan,nan,0
shared,31,"('Dp1Yey', 'LCTB92')",99.0,nan,nan,nan,0
shared,31,"('Dp1Yey', 'VEH')",1.0,0.2779687887430191,0.27474987506866455,0.2933465391397476,304
shared,31,"('Dp1Yey', 'VEH')",5.0,0.3138183027505875,0.29547637201845645,0.3273610472679138,304
shared,31,"('Dp1Yey', 'VEH')",50.0,0.5528023093938828,0.5231540650129318,0.5798972100019455,304
shared,31,"('Dp1Yey', 'VEH')",95.0,0.8216287374496459,0.7994382679462433,0.8389872908592224,304
shared,31,"('Dp1Yey', 'VEH')",99.0,0.8482314543426036,0.8391001486778259,0.8925277814269066,304
shared,31,"('WT', 'LCTB92')",1.0,nan,nan,nan,0
shared,31,"('WT', 'LCTB92')",5.0,nan,nan,nan,0
shared,31,"('WT', 'LCTB92')",50.0,nan,nan,nan,0
shared,31,"('WT', 'LCTB92')",95.0,nan,nan,nan,0
shared,31,"('WT', 'LCTB92')",99.0,nan,nan,nan,0
shared,31,"('WT', 'VEH')",1.0,0.3370249420404434,0.321810245513916,0.3526115381717682,304
shared,31,"('WT', 'VEH')",5.0,0.3737420797348022,0.3524879813194275,0.4069830268621445,304
shared,31,"('WT', 'VEH')",50.0,0.6600499451160431,0.6364037003368139,0.6831180155277252,304
shared,31,"('WT', 'VEH')",95.0,0.9238876659423111,0.9032586403284222,0.9495352730154991,304
shared,31,"('WT', 'VEH')",99.0,0.9772882494330406,0.9635754843428725,0.9912542756646872,304
shared,31,"('Dp1Yey', 'LCTB92')",1.0,0.31279275834560394,0.3036922216415405,0.320978045463562,4444
shared,31,"('Dp1Yey', 'LCTB92')",5.0,0.37086805403232576,0.36442461609840393,0.3770715594291687,4444
shared,31,"('Dp1Yey', 'LCTB92')",50.0,0.5706835240125656,0.5662744503468276,0.5740514621138573,4444
shared,31,"('Dp1Yey', 'LCTB92')",95.0,0.7570083394646636,0.75105863135308,0.7644133443012828,4444
shared,31,"('Dp1Yey', 'LCTB92')",99.0,0.8176563954353326,0.8112633250653742,0.8293881267309189,4444
shared,31,"('Dp1Yey', 'VEH')",1.0,0.31668790459632873,0.3097066730260849,0.33023848474025724,4444
shared,31,"('Dp1Yey', 'VEH')",5.0,0.38657622039318085,0.380997896194458,0.39499014616012573,4444
shared,31,"('Dp1Yey', 'VEH')",50.0,0.5719761550426483,0.5687211785465479,0.5753939978778362,4444
shared,31,"('Dp1Yey', 'VEH')",95.0,0.7277745351195335,0.7240537405014038,0.7347799152135847,4444
shared,31,"('Dp1Yey', 'VEH')",99.0,0.7834137533605098,0.7729818138480185,0.7950978069007395,4444
shared,31,"('WT', 'LCTB92')",1.0,0.2018577605485916,0.19622706174850463,0.2103899359703064,5656
shared,31,"('WT', 'LCTB92')",5.0,0.29324978590011597,0.27857403792440893,0.30792129039764404,5656
shared,31,"('WT', 'LCTB92')",50.0,0.5906028747558594,0.5866625182330608,0.594839197024703,5656
shared,31,"('WT', 'LCTB92')",95.0,0.7826791070401669,0.777869701385498,0.7871994525194168,5656
shared,31,"('WT', 'LCTB92')",99.0,0.840718513727188,0.8338599503040314,0.8460508286952972,5656
shared,31,"('WT', 'VEH')",1.0,0.3042576599121094,0.2923264503479004,0.31581216394901274,4848
shared,31,"('WT', 'VEH')",5.0,0.391749370098114,0.3829295536130667,0.3979354827851057,4848
shared,31,"('WT', 'VEH')",50.0,0.6460532695055008,0.6412672698497772,0.6498881269246339,4848
shared,31,"('WT', 'VEH')",95.0,0.8345270857214927,0.8277481399476528,0.839498628322035,4848
shared,31,"('WT', 'VEH')",99.0,0.9063138588517898,0.8972367038577795,0.9179252609610558,4848
shared,32,"('Dp1Yey', 'LCTB92')",1.0,nan,nan,nan,0
shared,32,"('Dp1Yey', 'LCTB92')",5.0,nan,nan,nan,0
shared,32,"('Dp1Yey', 'LCTB92')",50.0,nan,nan,nan,0
shared,32,"('Dp1Yey', 'LCTB92')",95.0,nan,nan,nan,0
shared,32,"('Dp1Yey', 'LCTB92')",99.0,nan,nan,nan,0
shared,32,"('Dp1Yey', 'VEH')",1.0,0.26801228523254395,0.25797104835510254,0.292819619178772,301
shared,32,"('Dp1Yey', 'VEH')",5.0,0.31062406301498413,0.29593008756637573,0.3260079622268677,301
shared,32,"('Dp1Yey', 'VEH')",50.0,0.5463642776012421,0.5203010439872742,0.5745362937450409,301
shared,32,"('Dp1Yey', 'VEH')",95.0,0.8105306327342987,0.8007479161024094,0.8240790814161301,301
shared,32,"('Dp1Yey', 'VEH')",99.0,0.8474049419164658,0.8260433971881866,0.8885732442140579,301
shared,32,"('WT', 'LCTB92')",1.0,nan,nan,nan,0
shared,32,"('WT', 'LCTB92')",5.0,nan,nan,nan,0
shared,32,"('WT', 'LCTB92')",50.0,nan,nan,nan,0
shared,32,"('WT', 'LCTB92')",95.0,nan,nan,nan,0
shared,32,"('WT', 'LCTB92')",99.0,nan,nan,nan,0
shared,32,"('WT', 'VEH')",1.0,0.3000822067260742,0.2891828417778015,0.3326348215341563,301
shared,32,"('WT', 'VEH')",5.0,0.3809725046157837,0.3362013101577759,0.40831732749938965,301
shared,32,"('WT', 'VEH')",50.0,0.6463224291801453,0.6274760067462921,0.6717259585857391,301
shared,32,"('WT', 'VEH')",95.0,0.9248270094394684,0.89478875156492,0.9546190053224564,301
shared,32,"('WT', 'VEH')",99.0,0.9827528726309538,0.9546190053224564,0.9988285491708666,301
shared,32,"('Dp1Yey', 'LCTB92')",1.0,0.3055049479007721,0.2956048011779785,0.3184206485748291,4411
shared,32,"('Dp1Yey', 'LCTB92')",5.0,0.36609065532684326,0.35822784900665283,0.3729252606630325,4411
shared,32,"('Dp1Yey', 'LCTB92')",50.0,0.5620205998420715,0.5581035912036896,0.5658014118671417,4411
shared,32,"('Dp1Yey', 'LCTB92')",95.0,0.7510809227824211,0.7434613406658173,0.7569754421710968,4411
shared,32,"('Dp1Yey', 'LCTB92')",99.0,0.8114970877766607,0.8007177884504196,0.8211764141917225,4411
shared,32,"('Dp1Yey', 'VEH')",1.0,0.31541225910186765,0.3060985803604126,0.3288523733615875,4411
shared,32,"('Dp1Yey', 'VEH')",5.0,0.38313668966293335,0.3785378262400627,0.3884273387491703,4411
shared,32,"('Dp1Yey', 'VEH')",50.0,0.5646903812885284,0.5608913004398346,0.5678154528141022,4411
shared,32,"('Dp1Yey', 'VEH')",95.0,0.7202265411615372,0.7152069807052612,0.7253411490470171,4411
shared,32,"('Dp1Yey', 'VEH')",99.0,0.7746029466390609,0.7693550303578371,0.7848199580609788,4411
shared,32,"('WT', 'LCTB92')",1.0,0.20053856432437897,0.19450185418128968,0.20821243524551392,5614
shared,32,"('WT', 'LCTB92')",5.0,0.28216906189918517,0.27113886512815955,0.2958462652564049,5614
shared,32,"('WT', 'LCTB92')",50.0,0.5838439762592316,0.5782112319022417,0.588135227560997,5614
shared,32,"('WT', 'LCTB92')",95.0,0.7748342640697956,0.7698390781879425,0.7790461927652359,5614
shared,32,"('WT', 'LCTB92')",99.0,0.8332696722447871,0.8216383563615379,0.8420655578374863,5614
shared,32,"('WT', 'VEH')",1.0,0.29718291223049165,0.28371721506118774,0.3085651460289955,4812
shared,32,"('WT', 'VEH')",5.0,0.38255312442779543,0.3741817164421082,0.3905586004257202,4812
shared,32,"('WT', 'VEH')",50.0,0.6391404122114182,0.6341296806931496,0.6435073614120483,4812
shared,32,"('WT', 'VEH')",95.0,0.827705605328083,0.8205589354038239,0.8338061086833477,4812
shared,32,"('WT', 'VEH')",99.0,0.8999833826720716,0.8884161767363549,0.9184461534023285,4812
shared,33,"('Dp1Yey', 'LCTB92')",1.0,nan,nan,nan,0
shared,33,"('Dp1Yey', 'LCTB92')",5.0,nan,nan,nan,0
shared,33,"('Dp1Yey', 'LCTB92')",50.0,nan,nan,nan,0
shared,33,"('Dp1Yey', 'LCTB92')",95.0,nan,nan,nan,0
shared,33,"('Dp1Yey', 'LCTB92')",99.0,nan,nan,nan,0
shared,33,"('Dp1Yey', 'VEH')",1.0,0.2829540067911148,0.2598653602600098,0.28914481699466704,298
shared,33,"('Dp1Yey', 'VEH')",5.0,0.30406796038150785,0.2904864907264709,0.3164225220680237,298
shared,33,"('Dp1Yey', 'VEH')",50.0,0.5448038130998611,0.5182586908340454,0.5566451847553253,298
shared,33,"('Dp1Yey', 'VEH')",95.0,0.813806976377964,0.7962217158079145,0.8249811992049217,298
shared,33,"('Dp1Yey', 'VEH')",99.0,0.8425300480425357,0.8256381846964358,0.8476033778488629,298
shared,33,"('WT', 'LCTB92')",1.0,nan,nan,nan,0
shared,33,"('WT', 'LCTB92')",5.0,nan,nan,nan,0
shared,33,"('WT', 'LCTB92')",50.0,nan,nan,nan,0
shared,33,"('WT', 'LCTB92')",95.0,nan,nan,nan,0
shared,33,"('WT', 'LCTB92')",99.0,nan,nan,nan,0
shared,33,"('WT', 'VEH')",1.0,0.2762686467170715,0.26649445950984957,0.3244229304790497,298
shared,33,"('WT', 'VEH')",5.0,0.37344459593296053,0.32203246355056764,0.41027745604515076,298
shared,33,"('WT', 'VEH')",50.0,0.6394433230161667,0.6088001579046249,0.6559536159038544,298
shared,33,"('WT', 'VEH')",95.0,0.9272506520152091,0.8693455010652542,0.953762836754322,298
shared,33,"('WT', 'VEH')",99.0,0.9641439440473913,0.9542900584638119,0.9782717118971045,298
shared,33,"('Dp1Yey', 'LCTB92')",1.0,0.29459578812122345,0.28846275806427,0.3085445165634155,4378
shared,33,"('Dp1Yey', 'LCTB92')",5.0,0.35937062799930575,0.3535037261247635,0.37089372873306276,4378
shared,33,"('Dp1Yey', 'LCTB92')",50.0,0.5543906688690186,0.5509146049618721,0.558114243671298,4378
shared,33,"('Dp1Yey', 'LCTB92')",95.0,0.7417572379112242,0.7351401283964514,0.7487972676753998,4378
shared,33,"('Dp1Yey', 'LCTB92')",99.0,0.7980577915906906,0.791445255279541,0.8075750719420611,4378
shared,33,"('Dp1Yey', 'VEH')",1.0,0.3172461760044098,0.3071415424346924,0.32367817373573776,4378
shared,33,"('Dp1Yey', 'VEH')",5.0,0.37919419407844546,0.3752033919095993,0.38530217707157133,4378
shared,33,"('Dp1Yey', 'VEH')",50.0,0.5575868189334869,0.5541649047285319,0.5611477196216583,4378
shared,33,"('Dp1Yey', 'VEH')",95.0,0.7130452737212181,0.708409458398819,0.7169696390628815,4378
shared,33,"('Dp1Yey', 'VEH')",99.0,0.7649127350747572,0.7557058899141849,0.7763985198736189,4378
shared,33,"('WT', 'LCTB92')",1.0,0.1994261175394058,0.18946637749671935,0.20408987998962402,5572
shared,33,"('WT', 'LCTB92')",5.0,0.2704185158014297,0.2617083453387022,0.28584636747837067,5572
shared,33,"('WT', 'LCTB92')",50.0,0.575481727719307,0.5703401416540146,0.5805243510752917,5572
shared,33,"('WT', 'LCTB92')",95.0,0.7676266051828861,0.7634812891483307,0.7719367497228085,5572
shared,33,"('WT', 'LCTB92')",99.0,0.8231582815945149,0.817823750525713,0.8331766779720783,5572
shared,33,"('WT', 'VEH')",1.0,0.2861916422843933,0.2782822698354721,0.3069981336593628,4776
shared,33,"('WT', 'VEH')",5.0,0.37620681524276733,0.36752796173095703,0.38280659914016724,4776
shared,33,"('WT', 'VEH')",50.0,0.6336287409067154,0.6289290189743042,0.6378912329673767,4776
shared,33,"('WT', 'VEH')",95.0,0.8229084424674511,0.8148286647163332,0.8291882425546646,4776
shared,33,"('WT', 'VEH')",99.0,0.8942259512841702,0.8822775315493345,0.9047989249229431,4776
shared,34,"('Dp1Yey', 'LCTB92')",1.0,nan,nan,nan,0
shared,34,"('Dp1Yey', 'LCTB92')",5.0,nan,nan,nan,0
shared,34,"('Dp1Yey', 'LCTB92')",50.0,nan,nan,nan,0
shared,34,"('Dp1Yey', 'LCTB92')",95.0,nan,nan,nan,0
shared,34,"('Dp1Yey', 'LCTB92')",99.0,nan,nan,nan,0
shared,34,"('Dp1Yey', 'VEH')",1.0,0.2817845571041107,0.27126477122306825,0.2914288246631622,295
shared,34,"('Dp1Yey', 'VEH')",5.0,0.30003935694694517,0.2915506660938263,0.3154669046401978,295
shared,34,"('Dp1Yey', 'VEH')",50.0,0.5378847718238831,0.5154111683368683,0.5540864765644073,295
shared,34,"('Dp1Yey', 'VEH')",95.0,0.8098714679479599,0.8016325399279595,0.8168527320027351,295
shared,34,"('Dp1Yey', 'VEH')",99.0,0.8409856539964676,0.8181960433721542,0.8521026155352592,295
shared,34,"('WT', 'LCTB92')",1.0,nan,nan,nan,0
shared,34,"('WT', 'LCTB92')",5.0,nan,nan,nan,0
shared,34,"('WT', 'LCTB92')",50.0,nan,nan,nan,0
shared,34,"('WT', 'LCTB92')",95.0,nan,nan,nan,0
shared,34,"('WT', 'LCTB92')",99.0,nan,nan,nan,0
shared,34,"('WT', 'VEH')",1.0,0.27855655550956726,0.2727038383483887,0.30834794998168946,295
shared,34,"('WT', 'VEH')",5.0,0.3505009949207306,0.3099726617336273,0.41245699524879453,295
shared,34,"('WT', 'VEH')",50.0,0.6345050632953644,0.6058388650417328,0.6623124480247498,295
shared,34,"('WT', 'VEH')",95.0,0.9014158152043822,0.8531831502914429,0.9419848583638668,295
shared,34,"('WT', 'VEH')",99.0,0.9645761385560035,0.9437652853876353,0.973908773213625,295
shared,34,"('Dp1Yey', 'LCTB92')",1.0,0.2902537417411804,0.2830150532722473,0.2985520625114441,4345
shared,34,"('Dp1Yey', 'LCTB92')",5.0,0.36010921001434326,0.3503853678703308,0.36638073474168775,4345
shared,34,"('Dp1Yey', 'LCTB92')",50.0,0.546696275472641,0.5427337735891342,0.5504519641399384,4345
shared,34,"('Dp1Yey', 'LCTB92')",95.0,0.7309629678726197,0.7249621059000493,0.7363519072532654,4345
shared,34,"('Dp1Yey', 'LCTB92')",99.0,0.789738970398903,0.7811979353427887,0.7984120035171512,4345
shared,34,"('Dp1Yey', 'VEH')",1.0,0.31776828289031983,0.3031363821029663,0.3244703412055969,4345
shared,34,"('Dp1Yey', 'VEH')",5.0,0.3757869362831116,0.3697383403778076,0.38581457138061526,4345
shared,34,"('Dp1Yey', 'VEH')",50.0,0.5528721809387207,0.5491034984588623,0.5557771325111389,4345
shared,34,"('Dp1Yey', 'VEH')",95.0,0.7044833898544312,0.7012715637683868,0.7090099553763868,4345
shared,34,"('Dp1Yey', 'VEH')",99.0,0.7592928558588028,0.7485061585903168,0.7665157878398915,4345
shared,34,"('WT', 'LCTB92')",1.0,0.19319385051727295,0.19000668421387673,0.20045324504375459,5530
shared,34,"('WT', 'LCTB92')",5.0,0.264071449637413,0.25066888332366943,0.2763255228847265,5530
shared,34,"('WT', 'LCTB92')",50.0,0.5682100504636765,0.5640192180871964,0.5720822487026453,5530
shared,34,"('WT', 'LCTB92')",95.0,0.7616191409528256,0.7571631819009781,0.7666843952983619,5530
shared,34,"('WT', 'LCTB92')",99.0,0.8171933436393738,0.8105591237545013,0.823349778354168,5530
shared,34,"('WT', 'VEH')",1.0,0.2853976303339005,0.2714293950796127,0.30111765801906587,4740
shared,34,"('WT', 'VEH')",5.0,0.3681473612785339,0.35977246463298795,0.37651669681072236,4740
shared,34,"('WT', 'VEH')",50.0,0.6272355914115906,0.6224763300269842,0.6313505154103041,4740
shared,34,"('WT', 'VEH')",95.0,0.817949340492487,0.8109754756093026,0.8240663841366768,4740
shared,34,"('WT', 'VEH')",99.0,0.8814567563682794,0.8686478869616983,0.8984662455823272,4740
shared,35,"('Dp1Yey', 'LCTB92')",1.0,nan,nan,nan,0
shared,35,"('Dp1Yey', 'LCTB92')",5.0,nan,nan,nan,0
shared,35,"('Dp1Yey', 'LCTB92')",50.0,nan,nan,nan,0
shared,35,"('Dp1Yey', 'LCTB92')",95.0,nan,nan,nan,0
shared,35,"('Dp1Yey', 'LCTB92')",99.0,nan,nan,nan,0
shared,35,"('Dp1Yey', 'VEH')",1.0,0.2689500105381012,0.26269150733947755,0.28241162896156313,292
shared,35,"('Dp1Yey', 'VEH')",5.0,0.3015614330768585,0.2832145482301712,0.32459283024072644,292
shared,35,"('Dp1Yey', 'VEH')",50.0,0.5405216366052628,0.5148888826370239,0.5505027770996094,292
shared,35,"('Dp1Yey', 'VEH')",95.0,0.8054870061576366,0.7918416410684586,0.814077465236187,292
shared,35,"('Dp1Yey', 'VEH')",99.0,0.8438519412279128,0.8145661933720111,0.852136948257684,292
shared,35,"('WT', 'LCTB92')",1.0,nan,nan,nan,0
shared,35,"('WT', 'LCTB92')",5.0,nan,nan,nan,0
shared,35,"('WT', 'LCTB92')",50.0,nan,nan,nan,0
shared,35,"('WT', 'LCTB92')",95.0,nan,nan,nan,0
shared,35,"('WT', 'LCTB92')",99.0,nan,nan,nan,0
shared,35,"('WT', 'VEH')",1.0,0.2707826238870621,0.2636216253042221,0.3082480429559946,292
shared,35,"('WT', 'VEH')",5.0,0.35898564755916595,0.3097945719957352,0.3873785138130188,292
shared,35,"('WT', 'VEH')",50.0,0.635519728064537,0.6074291616678238,0.6549381464719772,292
shared,35,"('WT', 'VEH')",95.0,0.8758505266159771,0.8443387150764465,0.933432975783944,292
shared,35,"('WT', 'VEH')",99.0,0.9500521077215671,0.9367554365098476,0.9564247948303815,292
shared,35,"('Dp1Yey', 'LCTB92')",1.0,0.29011383712291716,0.27790403366088867,0.2948253607749939,4312
shared,35,"('Dp1Yey', 'LCTB92')",5.0,0.35562709271907805,0.3493152856826782,0.36021284863352776,4312
shared,35,"('Dp1Yey', 'LCTB92')",50.0,0.5393078476190567,0.5356097519397736,0.5436693727970123,4312
shared,35,"('Dp1Yey', 'LCTB92')",95.0,0.7225275754928588,0.7158784248679876,0.729306509643793,4312
shared,35,"('Dp1Yey', 'LCTB92')",99.0,0.7854437839984897,0.776850551366806,0.7930881384015084,4312
shared,35,"('Dp1Yey', 'VEH')",1.0,0.3137964344024658,0.3024555343389511,0.3230040705949068,4312
shared,35,"('Dp1Yey', 'VEH')",5.0,0.3745912343263626,0.36626940965652466,0.3840035766363144,4312
shared,35,"('Dp1Yey', 'VEH')",50.0,0.5485034137964249,0.5445051789283752,0.5526027381420135,4312
shared,35,"('Dp1Yey', 'VEH')",95.0,0.6988489553332329,0.6940527826547622,0.7037343010306358,4312
shared,35,"('Dp1Yey', 'VEH')",99.0,0.7490510773658753,0.740398645401001,0.7603684514760971,4312
shared,35,"('WT', 'LCTB92')",1.0,0.190952023267746,0.18644160108268262,0.19538114249706268,5488
shared,35,"('WT', 'LCTB92')",5.0,0.2523049861192703,0.24382816836237908,0.26762088164687153,5488
shared,35,"('WT', 'LCTB92')",50.0,0.562251091003418,0.5586467392742633,0.5667385458946228,5488
shared,35,"('WT', 'LCTB92')",95.0,0.7559620052576065,0.7496596142649649,0.7596583881229162,5488
shared,35,"('WT', 'LCTB92')",99.0,0.8097816826403141,0.80358594506979,0.8156513720750809,5488
shared,35,"('WT', 'VEH')",1.0,0.27568372547626496,0.26654779970645903,0.29279273748397827,4704
shared,35,"('WT', 'VEH')",5.0,0.363515368103981,0.35539184711873534,0.3717183205485344,4704
shared,35,"('WT', 'VEH')",50.0,0.6209748387336731,0.6170365363359451,0.625603012368083,4704
shared,35,"('WT', 'VEH')",95.0,0.8129740737378597,0.8077374871447682,0.8186647444963455,4704
shared,35,"('WT', 'VEH')",99.0,0.8776680459827185,0.8647176631204786,0.8963837027549744,4704
shared,36,"('Dp1Yey', 'LCTB92')",1.0,nan,nan,nan,0
shared,36,"('Dp1Yey', 'LCTB92')",5.0,nan,nan,nan,0
shared,36,"('Dp1Yey', 'LCTB92')",50.0,nan,nan,nan,0
shared,36,"('Dp1Yey', 'LCTB92')",95.0,nan,nan,nan,0
shared,36,"('Dp1Yey', 'LCTB92')",99.0,nan,nan,nan,0
shared,36,"('Dp1Yey', 'VEH')",1.0,0.26786026954650877,0.2518825150728226,0.2800734329223633,289
shared,36,"('Dp1Yey', 'VEH')",5.0,0.2985972762107849,0.28113163709640504,0.3190373063087463,289
shared,36,"('Dp1Yey', 'VEH')",50.0,0.529021292924881,0.5114303231239319,0.5462850563228129,289
shared,36,"('Dp1Yey', 'VEH')",95.0,0.8014699280261992,0.7819411158561707,0.819227421283722,289
shared,36,"('Dp1Yey', 'VEH')",99.0,0.829109206199646,0.8195597296953201,0.8500457447767258,289
shared,36,"('WT', 'LCTB92')",1.0,nan,nan,nan,0
shared,36,"('WT', 'LCTB92')",5.0,nan,nan,nan,0
shared,36,"('WT', 'LCTB92')",50.0,nan,nan,nan,0
shared,36,"('WT', 'LCTB92')",95.0,nan,nan,nan,0
shared,36,"('WT', 'LCTB92')",99.0,nan,nan,nan,0
shared,36,"('WT', 'VEH')",1.0,0.2713686656951904,0.258262677192688,0.29980165481567383,289
shared,36,"('WT', 'VEH')",5.0,0.34328881502151487,0.30150671005249025,0.3733200430870056,289
shared,36,"('WT', 'VEH')",50.0,0.6253204345703125,0.6043935418128967,0.6438543200492859,289
shared,36,"('WT', 'VEH')",95.0,0.8633747667074202,0.8269924432039261,0.9181849807500836,289
shared,36,"('WT', 'VEH')",99.0,0.9403515565395355,0.9196432268619538,0.9555247592926026,289
shared,36,"('Dp1Yey', 'LCTB92')",1.0,0.28388006567955015,0.272148072719574,0.2936827576458454,4279
shared,36,"('Dp1Yey', 'LCTB92')",5.0,0.3523700535297394,0.344268274307251,0.35790127515792847,4279
shared,36,"('Dp1Yey', 'LCTB92')",50.0,0.532711386680603,0.5287848711013794,0.5362336471676826,4279
shared,36,"('Dp1Yey', 'LCTB92')",95.0,0.7137508004903793,0.7064226776361465,0.72023606300354,4279
shared,36,"('Dp1Yey', 'LCTB92')",99.0,0.7800652679800992,0.7702939751744271,0.7851667377352717,4279
shared,36,"('Dp1Yey', 'VEH')",1.0,0.31357892632484435,0.30225956439971924,0.3201145529747009,4279
shared,36,"('Dp1Yey', 'VEH')",5.0,0.3696574568748474,0.3611442267894745,0.37893998622894287,4279
shared,36,"('Dp1Yey', 'VEH')",50.0,0.5431836247444153,0.5393353998661041,0.5469858944416046,4279
shared,36,"('Dp1Yey', 'VEH')",95.0,0.6917068779468536,0.6881249330192805,0.6960987764596939,4279
shared,36,"('Dp1Yey', 'VEH')",99.0,0.74009314596653,0.7339701652526855,0.7478761076927185,4279
shared,36,"('WT', 'LCTB92')",1.0,0.188518887758255,0.18278174102306366,0.19233673810958862,5446
shared,36,"('WT', 'LCTB92')",5.0,0.24791374802589417,0.23673050105571747,0.25751329958438873,5446
shared,36,"('WT', 'LCTB92')",50.0,0.5564559549093246,0.5514453649520874,0.5602875351905823,5446
shared,36,"('WT', 'LCTB92')",95.0,0.7498133927583694,0.7447313666343689,0.7547486759722233,5446
shared,36,"('WT', 'LCTB92')",99.0,0.8033496662974358,0.7973871417343616,0.8123625598847868,5446
shared,36,"('WT', 'VEH')",1.0,0.27223968982696534,0.2562429416179657,0.2905223274230957,4668
shared,36,"('WT', 'VEH')",5.0,0.35933961868286135,0.35336053371429443,0.36923057168722156,4668
shared,36,"('WT', 'VEH')",50.0,0.6164507865905762,0.6114028692245483,0.6208927657455205,4668
shared,36,"('WT', 'VEH')",95.0,0.8062758117914198,0.7995785048417746,0.8130065053701401,4668
shared,36,"('WT', 'VEH')",99.0,0.872217832505703,0.8621265007555482,0.8864674419164658,4668
shared,37,"('Dp1Yey', 'LCTB92')",1.0,nan,nan,nan,0
shared,37,"('Dp1Yey', 'LCTB92')",5.0,nan,nan,nan,0
shared,37,"('Dp1Yey', 'LCTB92')",50.0,nan,nan,nan,0
shared,37,"('Dp1Yey', 'LCTB92')",95.0,nan,nan,nan,0
shared,37,"('Dp1Yey', 'LCTB92')",99.0,nan,nan,nan,0
shared,37,"('Dp1Yey', 'VEH')",1.0,0.2575332343578339,0.23809595108032228,0.28542119860649107,286
shared,37,"('Dp1Yey', 'VEH')",5.0,0.30496516823768616,0.2872272878885269,0.31534723937511444,286
shared,37,"('Dp1Yey', 'VEH')",50.0,0.5236511081457138,0.5092863887548447,0.5404523462057114,286
shared,37,"('Dp1Yey', 'VEH')",95.0,0.7919748388230801,0.7637341320514679,0.8094927966594696,286
shared,37,"('Dp1Yey', 'VEH')",99.0,0.8427306823432446,0.8116478472948072,0.8558402933180325,286
shared,37,"('WT', 'LCTB92')",1.0,nan,nan,nan,0
shared,37,"('WT', 'LCTB92')",5.0,nan,nan,nan,0
shared,37,"('WT', 'LCTB92')",50.0,nan,nan,nan,0
shared,37,"('WT', 'LCTB92')",95.0,nan,nan,nan,0
shared,37,"('WT', 'LCTB92')",99.0,nan,nan,nan,0
shared,37,"('WT', 'VEH')",1.0,0.264467591047287,0.26168014407157897,0.29519290328025816,286
shared,37,"('WT', 'VEH')",5.0,0.33073922991752625,0.29825855791568756,0.37464961409568787,286
shared,37,"('WT', 'VEH')",50.0,0.621976912021637,0.5974027365446091,0.6431530267000198,286
shared,37,"('WT', 'VEH')",95.0,0.8494640365242958,0.8010656088590622,0.9019824016839263,286
shared,37,"('WT', 'VEH')",99.0,0.924538442865014,0.9057916689664123,0.939677720889449,286
shared,37,"('Dp1Yey', 'LCTB92')",1.0,0.27578622102737427,0.26388801336288453,0.2902082324028015,4246
shared,37,"('Dp1Yey', 'LCTB92')",5.0,0.34655338525772095,0.341094434261322,0.35483846068382263,4246
shared,37,"('Dp1Yey', 'LCTB92')",50.0,0.5272127687931061,0.5232277702540159,0.5305659957230091,4246
shared,37,"('Dp1Yey', 'LCTB92')",95.0,0.7087233364582062,0.7022917047142982,0.7147964462637901,4246
shared,37,"('Dp1Yey', 'LCTB92')",99.0,0.7726377941668034,0.7675309032201767,0.7787431791238486,4246
shared,37,"('Dp1Yey', 'VEH')",1.0,0.3075085818767548,0.3014633595943451,0.31873624920845034,4246
shared,37,"('Dp1Yey', 'VEH')",5.0,0.3673948347568512,0.35807483121752737,0.3734240382909775,4246
shared,37,"('Dp1Yey', 'VEH')",50.0,0.5379770249128342,0.5338705033063889,0.541173766925931,4246
shared,37,"('Dp1Yey', 'VEH')",95.0,0.6865636482834816,0.6822259390726686,0.6912586390972137,4246
shared,37,"('Dp1Yey', 'VEH')",99.0,0.7301787078380585,0.7269837722182275,0.736998975276947,4246
shared,37,"('WT', 'LCTB92')",1.0,0.1820616227388382,0.17666095495224,0.18598847931623458,5404
shared,37,"('WT', 'LCTB92')",5.0,0.24095284342765808,0.23326992988586426,0.24951153993606567,5404
shared,37,"('WT', 'LCTB92')",50.0,0.5500517785549164,0.5457090646028518,0.5539574176073074,5404
shared,37,"('WT', 'LCTB92')",95.0,0.7433719053864478,0.7384810745716095,0.748950183391571,5404
shared,37,"('WT', 'LCTB92')",99.0,0.7981429627537732,0.789283275604248,0.8063265018165113,5404
shared,37,"('WT', 'VEH')",1.0,0.2706007128953934,0.255533886551857,0.28885418176651,4632
shared,37,"('WT', 'VEH')",5.0,0.3560448408126831,0.35207925565540793,0.36292708218097686,4632
shared,37,"('WT', 'VEH')",50.0,0.6105576455593109,0.6045395568013191,0.6171810977160931,4632
shared,37,"('WT', 'VEH')",95.0,0.8040679313242435,0.7971534182503818,0.8109900057315826,4632
shared,37,"('WT', 'VEH')",99.0,0.8664286664128298,0.8586903174221512,0.8807829742878676,4632
shared,38,"('Dp1Yey', 'LCTB92')",1.0,nan,nan,nan,0
shared,38,"('Dp1Yey', 'LCTB92')",5.0,nan,nan,nan,0
shared,38,"('Dp1Yey', 'LCTB92')",50.0,nan,nan,nan,0
shared,38,"('Dp1Yey', 'LCTB92')",95.0,nan,nan,nan,0
shared,38,"('Dp1Yey', 'LCTB92')",99.0,nan,nan,nan,0
shared,38,"('Dp1Yey', 'VEH')",1.0,0.25083043813705447,0.2244107174873352,0.28698647022247314,283
shared,38,"('Dp1Yey', 'VEH')",5.0,0.29203770160675047,0.28731054067611694,0.30263084173202515,283
shared,38,"('Dp1Yey', 'VEH')",50.0,0.5216462016105652,0.5106182098388672,0.5335283875465393,283
shared,38,"('Dp1Yey', 'VEH')",95.0,0.7763556808233261,0.7612707018852234,0.7995267793536186,283
shared,38,"('Dp1Yey', 'VEH')",99.0,0.8267855307459832,0.8002320820093155,0.8473912549018862,283
shared,38,"('WT', 'LCTB92')",1.0,nan,nan,nan,0
shared,38,"('WT', 'LCTB92')",5.0,nan,nan,nan,0
shared,38,"('WT', 'LCTB92')",50.0,nan,nan,nan,0
shared,38,"('WT', 'LCTB92')",95.0,nan,nan,nan,0
shared,38,"('WT', 'LCTB92')",99.0,nan,nan,nan,0
shared,38,"('WT', 'VEH')",1.0,0.27193255186080934,0.25262908458709715,0.29473230600357053,283
shared,38,"('WT', 'VEH')",5.0,0.3132632851600647,0.2958815097808838,0.3449753105640412,283
shared,38,"('WT', 'VEH')",50.0,0.6180014610290527,0.5946474969387054,0.635839968919754,283
shared,38,"('WT', 'VEH')",95.0,0.8248740464448928,0.7970646053552627,0.8975288942456245,283
shared,38,"('WT', 'VEH')",99.0,0.9127290868759156,0.898284420222044,0.9207694610953331,283
shared,38,"('Dp1Yey', 'LCTB92')",1.0,0.2706935000419617,0.2604755163192749,0.2849169845581055,4213
shared,38,"('Dp1Yey', 'LCTB92')",5.0,0.3431218147277832,0.3360925689339638,0.34869434833526614,4213
shared,38,"('Dp1Yey', 'LCTB92')",50.0,0.5218095779418945,0.5187435150146484,0.525105957686901,4213
shared,38,"('Dp1Yey', 'LCTB92')",95.0,0.7016688883304596,0.6969795186817644,0.7073826055228708,4213
shared,38,"('Dp1Yey', 'LCTB92')",99.0,0.7686928164958954,0.761312261223793,0.7758526796102525,4213
shared,38,"('Dp1Yey', 'VEH')",1.0,0.3088855218887329,0.300203800201416,0.3176916837692261,4213
shared,38,"('Dp1Yey', 'VEH')",5.0,0.3619530200958252,0.35516607761383057,0.3693049037456513,4213
shared,38,"('Dp1Yey', 'VEH')",50.0,0.5326946079730988,0.5291354335844517,0.5360452234745026,4213
shared,38,"('Dp1Yey', 'VEH')",95.0,0.6848215699195862,0.6789182186126707,0.6884003925323484,4213
shared,38,"('Dp1Yey', 'VEH')",99.0,0.7195816493034363,0.7157661783695222,0.7296554350852972,4213
shared,38,"('WT', 'LCTB92')",1.0,0.1767692232131958,0.1709212064743042,0.1838501146286726,5362
shared,38,"('WT', 'LCTB92')",5.0,0.2349853992462158,0.22568463981151582,0.24364815056324005,5362
shared,38,"('WT', 'LCTB92')",50.0,0.5424197316169739,0.5385667383670807,0.5466472368687392,5362
shared,38,"('WT', 'LCTB92')",95.0,0.7380705133080482,0.7341826006770134,0.7424467772245407,5362
shared,38,"('WT', 'LCTB92')",99.0,0.7875237265229226,0.7790040820837021,0.7947180432863533,5362
shared,38,"('WT', 'VEH')",1.0,0.266860431432724,0.25721877813339233,0.285860538482666,4596
shared,38,"('WT', 'VEH')",5.0,0.35356296598911285,0.34654057025909424,0.35793977230787277,4596
shared,38,"('WT', 'VEH')",50.0,0.6061102449893951,0.6001588806509972,0.6120332032442093,4596
shared,38,"('WT', 'VEH')",95.0,0.8003827892243862,0.7932037711143494,0.8050718056969345,4596
shared,38,"('WT', 'VEH')",99.0,0.8640717789530755,0.8549049682915213,0.871384318061173,4596
shared,39,"('Dp1Yey', 'LCTB92')",1.0,nan,nan,nan,0
shared,39,"('Dp1Yey', 'LCTB92')",5.0,nan,nan,nan,0
shared,39,"('Dp1Yey', 'LCTB92')",50.0,nan,nan,nan,0
shared,39,"('Dp1Yey', 'LCTB92')",95.0,nan,nan,nan,0
shared,39,"('Dp1Yey', 'LCTB92')",99.0,nan,nan,nan,0
shared,39,"('Dp1Yey', 'VEH')",1.0,0.2431348007917404,0.22768308639526366,0.26582354128360747,280
shared,39,"('Dp1Yey', 'VEH')",5.0,0.29237432181835177,0.26759428679943087,0.2985334098339081,280
shared,39,"('Dp1Yey', 'VEH')",50.0,0.518105611205101,0.497351336106658,0.5295253247022629,280
shared,39,"('Dp1Yey', 'VEH')",95.0,0.7784128941595555,0.7445620667375626,0.7995571561530231,280
shared,39,"('Dp1Yey', 'VEH')",99.0,0.8350686454772949,0.8031765087991944,0.866965115144848,280
shared,39,"('WT', 'LCTB92')",1.0,nan,nan,nan,0
shared,39,"('WT', 'LCTB92')",5.0,nan,nan,nan,0
shared,39,"('WT', 'LCTB92')",50.0,nan,nan,nan,0
shared,39,"('WT', 'LCTB92')",95.0,nan,nan,nan,0
shared,39,"('WT', 'LCTB92')",99.0,nan,nan,nan,0
shared,39,"('WT', 'VEH')",1.0,0.26409669518470763,0.25722718000411987,0.28792582333087924,280
shared,39,"('WT', 'VEH')",5.0,0.30914147794246677,0.2883977681398392,0.34060399889945914,280
shared,39,"('WT', 'VEH')",50.0,0.6069268584251404,0.5912650555372239,0.6288621425628662,280
shared,39,"('WT', 'VEH')",95.0,0.8175007462501526,0.7915905863046646,0.8546888731420045,280
shared,39,"('WT', 'VEH')",99.0,0.9005978696793318,0.8614010864496222,0.9042471465468404,280
shared,39,"('Dp1Yey', 'LCTB92')",1.0,0.27349088072776795,0.25843011975288394,0.28012627363204956,4180
shared,39,"('Dp1Yey', 'LCTB92')",5.0,0.3387567698955536,0.33480833768844603,0.3446519834548235,4180
shared,39,"('Dp1Yey', 'LCTB92')",50.0,0.5146476179361343,0.5115491528064012,0.5186320655047894,4180
shared,39,"('Dp1Yey', 'LCTB92')",95.0,0.6939007416367531,0.6889678566157816,0.6997039183974266,4180
shared,39,"('Dp1Yey', 'LCTB92')",99.0,0.7634960347414017,0.7536294609308243,0.7751008868217468,4180
shared,39,"('Dp1Yey', 'VEH')",1.0,0.3062401676177979,0.2953280806541443,0.31523519396781924,4180
shared,39,"('Dp1Yey', 'VEH')",5.0,0.35829385221004484,0.3529787708818913,0.3665733575820923,4180
shared,39,"('Dp1Yey', 'VEH')",50.0,0.5279168784618378,0.5243656039237976,0.5319806020706892,4180
shared,39,"('Dp1Yey', 'VEH')",95.0,0.6760508194565773,0.6728942418843508,0.6801662285998462,4180
shared,39,"('Dp1Yey', 'VEH')",99.0,0.7139757850766182,0.7092372736334801,0.7196129950881005,4180
shared,39,"('WT', 'LCTB92')",1.0,0.17590745627880097,0.1691489940881729,0.18129863871634008,5320
shared,39,"('WT', 'LCTB92')",5.0,0.22782748937606812,0.22024316787719728,0.23706787824630737,5320
shared,39,"('WT', 'LCTB92')",50.0,0.5350418537855148,0.5307213895022869,0.5393911749124527,5320
shared,39,"('WT', 'LCTB92')",95.0,0.7321478337049484,0.7276161684468389,0.7362233984097838,5320
shared,39,"('WT', 'LCTB92')",99.0,0.7837146177887917,0.7752382820844652,0.7893268719166521,5320
shared,39,"('WT', 'VEH')",1.0,0.26690083026885986,0.25639808177948,0.2818925265371799,4560
shared,39,"('WT', 'VEH')",5.0,0.34730491042137146,0.3410177302360535,0.3534030616283417,4560
shared,39,"('WT', 'VEH')",50.0,0.6031660288572311,0.5976187817752361,0.6074461877346039,4560
shared,39,"('WT', 'VEH')",95.0,0.7948592260479928,0.7865121912024916,0.8012983873486519,4560
shared,39,"('WT', 'VEH')",99.0,0.8602516727149486,0.8550183773040771,0.8661379367113113,4560
shared,40,"('Dp1Yey', 'LCTB92')",1.0,nan,nan,nan,0
shared,40,"('Dp1Yey', 'LCTB92')",5.0,nan,nan,nan,0
shared,40,"('Dp1Yey', 'LCTB92')",50.0,nan,nan,nan,0
shared,40,"('Dp1Yey', 'LCTB92')",95.0,nan,nan,nan,0
shared,40,"('Dp1Yey', 'LCTB92')",99.0,nan,nan,nan,0
shared,40,"('Dp1Yey', 'VEH')",1.0,0.23699777841567993,0.23060329437255858,0.26233184337615967,277
shared,40,"('Dp1Yey', 'VEH')",5.0,0.27090020179748536,0.2630347013473511,0.29087430238723755,277
shared,40,"('Dp1Yey', 'VEH')",50.0,0.5138935744762421,0.49219536781311035,0.5283609919250012,277
shared,40,"('Dp1Yey', 'VEH')",95.0,0.7671238452196121,0.7409822463989257,0.7978227734565735,277
shared,40,"('Dp1Yey', 'VEH')",99.0,0.8449448662996293,0.8022274917662149,0.9001423740386966,277
shared,40,"('WT', 'LCTB92')",1.0,nan,nan,nan,0
shared,40,"('WT', 'LCTB92')",5.0,nan,nan,nan,0
shared,40,"('WT', 'LCTB92')",50.0,nan,nan,nan,0
shared,40,"('WT', 'LCTB92')",95.0,nan,nan,nan,0
shared,40,"('WT', 'LCTB92')",99.0,nan,nan,nan,0
shared,40,"('WT', 'VEH')",1.0,0.2662904119491577,0.2611213278770447,0.2780988454818726,277
shared,40,"('WT', 'VEH')",5.0,0.2923133134841919,0.2795363664627075,0.346526563167572,277
shared,40,"('WT', 'VEH')",50.0,0.6075137257575989,0.5754124522209167,0.6195565164089203,277
shared,40,"('WT', 'VEH')",95.0,0.8020279675722122,0.7836040139198303,0.8349332161992788,277
shared,40,"('WT', 'VEH')",99.0,0.8957359156012535,0.8350685983896255,0.9071192580461502,277
shared,40,"('Dp1Yey', 'LCTB92')",1.0,0.2719197607040405,0.257442809343338,0.283847348690033,4147
shared,40,"('Dp1Yey', 'LCTB92')",5.0,0.33679627180099486,0.33161757588386537,0.3423980474472046,4147
shared,40,"('Dp1Yey', 'LCTB92')",50.0,0.5093245208263397,0.5057791173458099,0.5141106247901917,4147
shared,40,"('Dp1Yey', 'LCTB92')",95.0,0.6873206913471221,0.6821135997772216,0.6934377312660217,4147
shared,40,"('Dp1Yey', 'LCTB92')",99.0,0.7570342531800269,0.7469737195968628,0.7648910343647003,4147
shared,40,"('Dp1Yey', 'VEH')",1.0,0.30017014384269713,0.2919564679861069,0.31011657044291496,4147
shared,40,"('Dp1Yey', 'VEH')",5.0,0.35613802671432493,0.3495087742805481,0.36090521678328513,4147
shared,40,"('Dp1Yey', 'VEH')",50.0,0.5220154821872711,0.5177936553955078,0.5257350169122219,4147
shared,40,"('Dp1Yey', 'VEH')",95.0,0.6714333027601241,0.6671356500685215,0.6751066327095031,4147
shared,40,"('Dp1Yey', 'VEH')",99.0,0.7083508306741715,0.7024438667297364,0.7115605652332306,4147
shared,40,"('WT', 'LCTB92')",1.0,0.17131291270256044,0.16544631537795068,0.17983714197576045,5278
shared,40,"('WT', 'LCTB92')",5.0,0.22357272505760195,0.21406030654907227,0.23178296089172362,5278
shared,40,"('WT', 'LCTB92')",50.0,0.5280886590480804,0.5233162917196751,0.5321304202079773,5278
shared,40,"('WT', 'LCTB92')",95.0,0.7242700174450875,0.7211349010467529,0.7292520985007286,5278
shared,40,"('WT', 'LCTB92')",99.0,0.7778938025236127,0.7683799345791333,0.7917506247758865,5278
shared,40,"('WT', 'VEH')",1.0,0.26211138904094694,0.2559315699338913,0.2756456136703491,4524
shared,40,"('WT', 'VEH')",5.0,0.34231954216957095,0.33501615524291994,0.34828633069992065,4524
shared,40,"('WT', 'VEH')",50.0,0.5995936840772629,0.5954349040985107,0.60372394323349,4524
shared,40,"('WT', 'VEH')",95.0,0.7881113104522227,0.7827987521886826,0.7947831280529498,4524
shared,40,"('WT', 'VEH')",99.0,0.8593008875846863,0.8515277110040187,0.8688805884122842,4524
shared,41,"('Dp1Yey', 'LCTB92')",1.0,nan,nan,nan,0
shared,41,"('Dp1Yey', 'LCTB92')",5.0,nan,nan,nan,0
shared,41,"('Dp1Yey', 'LCTB92')",50.0,nan,nan,nan,0
shared,41,"('Dp1Yey', 'LCTB92')",95.0,nan,nan,nan,0
shared,41,"('Dp1Yey', 'LCTB92')",99.0,nan,nan,nan,0
shared,41,"('Dp1Yey', 'VEH')",1.0,0.24108514726161956,0.23502361297607421,0.252652645111084,274
shared,41,"('Dp1Yey', 'VEH')",5.0,0.2614875495433807,0.25275457799434664,0.2739518880844116,274
shared,41,"('Dp1Yey', 'VEH')",50.0,0.5043908506631851,0.4824976623058319,0.526671439409256,274
shared,41,"('Dp1Yey', 'VEH')",95.0,0.7717417374253273,0.7172983810305595,0.7990011818706985,274
shared,41,"('Dp1Yey', 'VEH')",99.0,0.8691727139055725,0.7999557936191556,0.9129265285283322,274
shared,41,"('WT', 'LCTB92')",1.0,nan,nan,nan,0
shared,41,"('WT', 'LCTB92')",5.0,nan,nan,nan,0
shared,41,"('WT', 'LCTB92')",50.0,nan,nan,nan,0
shared,41,"('WT', 'LCTB92')",95.0,nan,nan,nan,0
shared,41,"('WT', 'LCTB92')",99.0,nan,nan,nan,0
shared,41,"('WT', 'VEH')",1.0,0.25726436913013456,0.24350117146968842,0.27290206015110013,274
shared,41,"('WT', 'VEH')",5.0,0.29608753621578215,0.27357626259326934,0.35938913822174073,274
shared,41,"('WT', 'VEH')",50.0,0.5948291122913361,0.5759145319461823,0.6165955279022455,274
shared,41,"('WT', 'VEH')",95.0,0.7895104639232158,0.7683621130883693,0.8207274228334427,274
shared,41,"('WT', 'VEH')",99.0,0.8925539106130599,0.8212962746620178,0.905250453725457,274
shared,41,"('Dp1Yey', 'LCTB92')",1.0,0.27387355268001556,0.2538830554485321,0.2870823299884796,4114
shared,41,"('Dp1Yey', 'LCTB92')",5.0,0.3351244628429413,0.3308881871402264,0.3401031494140625,4114
shared,41,"('Dp1Yey', 'LCTB92')",50.0,0.504705548286438,0.5006234858185052,0.5086023658514023,4114
shared,41,"('Dp1Yey', 'LCTB92')",95.0,0.6826375022530555,0.6770353433489799,0.6912589594721794,4114
shared,41,"('Dp1Yey', 'LCTB92')",99.0,0.7495797318220139,0.7431823369786144,0.7602674067020416,4114
shared,41,"('Dp1Yey', 'VEH')",1.0,0.29441802501678466,0.28897392749786377,0.30339401721954345,4114
shared,41,"('Dp1Yey', 'VEH')",5.0,0.3515811562538147,0.34684852220118045,0.35782063454389573,4114
shared,41,"('Dp1Yey', 'VEH')",50.0,0.5164830237627029,0.5125175297260285,0.5203501880168915,4114
shared,41,"('Dp1Yey', 'VEH')",95.0,0.6657629027962685,0.6621403593569994,0.6696995950490235,4114
shared,41,"('Dp1Yey', 'VEH')",99.0,0.6984050205349922,0.6940676215291023,0.7035685569047927,4114
shared,41,"('WT', 'LCTB92')",1.0,0.1666757732629776,0.16073554754257202,0.17379218339920044,5236
shared,41,"('WT', 'LCTB92')",5.0,0.2173067182302475,0.20930633842945098,0.22433477267622948,5236
shared,41,"('WT', 'LCTB92')",50.0,0.5222467631101608,0.5176009237766266,0.5268387783318758,5236
shared,41,"('WT', 'LCTB92')",95.0,0.7192579954862595,0.7160235047340393,0.7254656037315725,5236
shared,41,"('WT', 'LCTB92')",99.0,0.7727499425411223,0.7630809381604191,0.7826334277912965,5236
shared,41,"('WT', 'VEH')",1.0,0.2593465036153793,0.2539695852994919,0.27136409282684326,4488
shared,41,"('WT', 'VEH')",5.0,0.3364391326904297,0.3278708972036839,0.3446637988090515,4488
shared,41,"('WT', 'VEH')",50.0,0.594910204410553,0.5904396738857031,0.5994382053613663,4488
shared,41,"('WT', 'VEH')",95.0,0.7820366106927394,0.7761011532880363,0.7881959490478035,4488
shared,41,"('WT', 'VEH')",99.0,0.8565591679513457,0.8467748421579601,0.865060985684395,4488
shared,42,"('Dp1Yey', 'LCTB92')",1.0,nan,nan,nan,0
shared,42,"('Dp1Yey', 'LCTB92')",5.0,nan,nan,nan,0
shared,42,"('Dp1Yey', 'LCTB92')",50.0,nan,nan,nan,0
shared,42,"('Dp1Yey', 'LCTB92')",95.0,nan,nan,nan,0
shared,42,"('Dp1Yey', 'LCTB92')",99.0,nan,nan,nan,0
shared,42,"('Dp1Yey', 'VEH')",1.0,0.23995743989944457,0.23315966129302979,0.24692726135253906,271
shared,42,"('Dp1Yey', 'VEH')",5.0,0.25759804248809814,0.247114360332489,0.27222293615341187,271
shared,42,"('Dp1Yey', 'VEH')",50.0,0.4967793822288513,0.47672033309936523,0.523000180721283,271
shared,42,"('Dp1Yey', 'VEH')",95.0,0.7585001364350319,0.7014248669147491,0.8180793076753616,271
shared,42,"('Dp1Yey', 'VEH')",99.0,0.8758795037865643,0.8222675323486329,0.9069607198238373,271
shared,42,"('WT', 'LCTB92')",1.0,nan,nan,nan,0
shared,42,"('WT', 'LCTB92')",5.0,nan,nan,nan,0
shared,42,"('WT', 'LCTB92')",50.0,nan,nan,nan,0
shared,42,"('WT', 'LCTB92')",95.0,nan,nan,nan,0
shared,42,"('WT', 'LCTB92')",99.0,nan,nan,nan,0
shared,42,"('WT', 'VEH')",1.0,0.25034594535827637,0.23871963024139403,0.26604241132736206,271
shared,42,"('WT', 'VEH')",5.0,0.2888026237487793,0.26625001430511475,0.3446219861507416,271
shared,42,"('WT', 'VEH')",50.0,0.5912418067455292,0.5673019587993622,0.6053937673568726,271
shared,42,"('WT', 'VEH')",95.0,0.7760725691914558,0.7439237982034683,0.8063112050294876,271
shared,42,"('WT', 'VEH')",99.0,0.8901538148522378,0.8076632602140308,0.9005638346076013,271
shared,42,"('Dp1Yey', 'LCTB92')",1.0,0.2752531528472901,0.2487434983253479,0.2865908741950989,4081
shared,42,"('Dp1Yey', 'LCTB92')",5.0,0.3333054780960083,0.33068835735321045,0.3374965190887451,4081
shared,42,"('Dp1Yey', 'LCTB92')",50.0,0.5002970695495605,0.4958790332078934,0.5046604573726654,4081
shared,42,"('Dp1Yey', 'LCTB92')",95.0,0.6777034997940063,0.671399861574173,0.6864071488380432,4081
shared,42,"('Dp1Yey', 'LCTB92')",99.0,0.7448954224586486,0.735872608423233,0.7528259465843437,4081
shared,42,"('Dp1Yey', 'VEH')",1.0,0.29816927909851076,0.2871867775917053,0.3032673478126526,4081
shared,42,"('Dp1Yey', 'VEH')",5.0,0.3476077914237976,0.341678275167942,0.35252904891967773,4081
shared,42,"('Dp1Yey', 'VEH')",50.0,0.510934978723526,0.5074048936367035,0.5150738745927811,4081
shared,42,"('Dp1Yey', 'VEH')",95.0,0.6596590876579285,0.6564947366714478,0.6633651852607727,4081
shared,42,"('Dp1Yey', 'VEH')",99.0,0.6934694528579711,0.687970757484436,0.6984978914260864,4081
shared,42,"('WT', 'LCTB92')",1.0,0.16247113525867463,0.1542467474937439,0.16895750820636748,5194
shared,42,"('WT', 'LCTB92')",5.0,0.214139860868454,0.20857208967208862,0.2222510339319706,5194
shared,42,"('WT', 'LCTB92')",50.0,0.5170283317565918,0.512537856772542,0.5211042411625385,5194
shared,42,"('WT', 'LCTB92')",95.0,0.7155516803264618,0.711331695318222,0.7200651630759238,5194
shared,42,"('WT', 'LCTB92')",99.0,0.7667729115486144,0.7590711461491875,0.7809765040874481,5194
shared,42,"('WT', 'VEH')",1.0,0.25994851291179655,0.2512040138244629,0.2702751659601927,4452
shared,42,"('WT', 'VEH')",5.0,0.3305457681417465,0.3213448002934456,0.3395132452249527,4452
shared,42,"('WT', 'VEH')",50.0,0.5901833325624466,0.5859410464763641,0.5939224947243928,4452
shared,42,"('WT', 'VEH')",95.0,0.7778603218495845,0.7736673600226641,0.7833778768777847,4452
shared,42,"('WT', 'VEH')",99.0,0.8502422530949115,0.8387430736608797,0.856273101866245,4452
shared,43,"('Dp1Yey', 'LCTB92')",1.0,nan,nan,nan,0
shared,43,"('Dp1Yey', 'LCTB92')",5.0,nan,nan,nan,0
shared,43,"('Dp1Yey', 'LCTB92')",50.0,nan,nan,nan,0
shared,43,"('Dp1Yey', 'LCTB92')",95.0,nan,nan,nan,0
shared,43,"('Dp1Yey', 'LCTB92')",99.0,nan,nan,nan,0
shared,43,"('Dp1Yey', 'VEH')",1.0,0.2346732497215271,0.22856831014156342,0.2472582459449768,268
shared,43,"('Dp1Yey', 'VEH')",5.0,0.2579434245824814,0.2472542941570282,0.2705479025840759,268
shared,43,"('Dp1Yey', 'VEH')",50.0,0.49191561341285706,0.47223860025405884,0.5103004276752472,268
shared,43,"('Dp1Yey', 'VEH')",95.0,0.7517627850174904,0.6989141300320625,0.831882044672966,268
shared,43,"('Dp1Yey', 'VEH')",99.0,0.8606741684675216,0.8342174673080444,0.8677639204263687,268
shared,43,"('WT', 'LCTB92')",1.0,nan,nan,nan,0
shared,43,"('WT', 'LCTB92')",5.0,nan,nan,nan,0
shared,43,"('WT', 'LCTB92')",50.0,nan,nan,nan,0
shared,43,"('WT', 'LCTB92')",95.0,nan,nan,nan,0
shared,43,"('WT', 'LCTB92')",99.0,nan,nan,nan,0
shared,43,"('WT', 'VEH')",1.0,0.2461410093307495,0.24127350330352784,0.26567287309467735,268
shared,43,"('WT', 'VEH')",5.0,0.2904253721237183,0.2699996054172516,0.3309968113899231,268
shared,43,"('WT', 'VEH')",50.0,0.5824265033006668,0.5662458837032318,0.5953941490501166,268
shared,43,"('WT', 'VEH')",95.0,0.7722998276352879,0.730136227607727,0.7928267419338226,268
shared,43,"('WT', 'VEH')",99.0,0.8884863752126694,0.7979797713197766,0.8959702359139917,268
shared,43,"('Dp1Yey', 'LCTB92')",1.0,0.25810336887836455,0.24550573527812958,0.2889782786369324,4048
shared,43,"('Dp1Yey', 'LCTB92')",5.0,0.3298582822084427,0.3268818348646164,0.3334398353099823,4048
shared,43,"('Dp1Yey', 'LCTB92')",50.0,0.49794524908065796,0.49357330799102783,0.5013260032981635,4048
shared,43,"('Dp1Yey', 'LCTB92')",95.0,0.673409432172775,0.6662767408043142,0.6805504560470581,4048
shared,43,"('Dp1Yey', 'LCTB92')",99.0,0.7343927815556524,0.728022630214691,0.7514575570821762,4048
shared,43,"('Dp1Yey', 'VEH')",1.0,0.29649159908294676,0.28955248832702635,0.303168625280261,4048
shared,43,"('Dp1Yey', 'VEH')",5.0,0.3432805150747299,0.3387347340583801,0.34876969866454605,4048
shared,43,"('Dp1Yey', 'VEH')",50.0,0.506249412894249,0.5029004663228989,0.5106271505355835,4048
shared,43,"('Dp1Yey', 'VEH')",95.0,0.6569205328822136,0.6538838288933039,0.6605056450515984,4048
shared,43,"('Dp1Yey', 'VEH')",99.0,0.6879699683189392,0.6830311211869112,0.6923464998602865,4048
shared,43,"('WT', 'LCTB92')",1.0,0.15904276669025422,0.1521755862236023,0.16594020903110504,5152
shared,43,"('WT', 'LCTB92')",5.0,0.21078740954399108,0.20421129316091538,0.21634795367717743,5152
shared,43,"('WT', 'LCTB92')",50.0,0.5108952522277832,0.506426066532731,0.5153374742716551,5152
shared,43,"('WT', 'LCTB92')",95.0,0.7079841002821922,0.7042538745701312,0.7136604204773901,5152
shared,43,"('WT', 'LCTB92')",99.0,0.7618184384703636,0.7582617551088333,0.7703956006467342,5152
shared,43,"('WT', 'VEH')",1.0,0.25496317744255065,0.2502702921628952,0.26919978857040405,4416
shared,43,"('WT', 'VEH')",5.0,0.32643362879753113,0.3184594660997391,0.33393867313861847,4416
shared,43,"('WT', 'VEH')",50.0,0.5852270722389221,0.5817129638046026,0.5905739434063435,4416
shared,43,"('WT', 'VEH')",95.0,0.774874459952116,0.7686197608709335,0.7797614224255085,4416
shared,43,"('WT', 'VEH')",99.0,0.8410809427499771,0.8341841242834932,0.8497946411371231,4416
shared,44,"('Dp1Yey', 'LCTB92')",1.0,nan,nan,nan,0
shared,44,"('Dp1Yey', 'LCTB92')",5.0,nan,nan,nan,0
shared,44,"('Dp1Yey', 'LCTB92')",50.0,nan,nan,nan,0
shared,44,"('Dp1Yey', 'LCTB92')",95.0,nan,nan,nan,0
shared,44,"('Dp1Yey', 'LCTB92')",99.0,nan,nan,nan,0
shared,44,"('Dp1Yey', 'VEH')",1.0,0.2402430272102356,0.22945252180099487,0.254560781955719,265
shared,44,"('Dp1Yey', 'VEH')",5.0,0.25837002992630004,0.2546626806259155,0.26763505905866625,265
shared,44,"('Dp1Yey', 'VEH')",50.0,0.48129725456237793,0.466899573802948,0.5047718405723571,265
shared,44,"('Dp1Yey', 'VEH')",95.0,0.7688228130340571,0.6906806349754332,0.8233081946521994,265
shared,44,"('Dp1Yey', 'VEH')",99.0,0.848736670613289,0.8218683850765229,0.8810549914836885,265
shared,44,"('WT', 'LCTB92')",1.0,nan,nan,nan,0
shared,44,"('WT', 'LCTB92')",5.0,nan,nan,nan,0
shared,44,"('WT', 'LCTB92')",50.0,nan,nan,nan,0
shared,44,"('WT', 'LCTB92')",95.0,nan,nan,nan,0
shared,44,"('WT', 'LCTB92')",99.0,nan,nan,nan,0
shared,44,"('WT', 'VEH')",1.0,0.24735483169555664,0.24276592016220092,0.2572310447692871,265
shared,44,"('WT', 'VEH')",5.0,0.2854518532752991,0.25802631378173824,0.3242401838302612,265
shared,44,"('WT', 'VEH')",50.0,0.5733064115047455,0.5616124272346497,0.5813241600990295,265
shared,44,"('WT', 'VEH')",95.0,0.7609683930873868,0.7165605084598062,0.7920065581798553,265
shared,44,"('WT', 'VEH')",99.0,0.8450533598661432,0.7923344415426257,0.891299529671669,265
shared,44,"('Dp1Yey', 'LCTB92')",1.0,0.2638872742652893,0.2425927962064743,0.2854522466659546,4015
shared,44,"('Dp1Yey', 'LCTB92')",5.0,0.3282320499420166,0.3245249806344509,0.33241647481918335,4015
shared,44,"('Dp1Yey', 'LCTB92')",50.0,0.4942373037338257,0.4896236643195152,0.4981069758534431,4015
shared,44,"('Dp1Yey', 'LCTB92')",95.0,0.6695498019456864,0.6612775221467014,0.6785630083829154,4015
shared,44,"('Dp1Yey', 'LCTB92')",99.0,0.7291051411628723,0.7214298248291016,0.7479036152362823,4015
shared,44,"('Dp1Yey', 'VEH')",1.0,0.28892796754837036,0.2848050546646118,0.2978701784312725,4015
shared,44,"('Dp1Yey', 'VEH')",5.0,0.3423838675022125,0.33635687828063965,0.3480329966545105,4015
shared,44,"('Dp1Yey', 'VEH')",50.0,0.5006078481674194,0.4965662360191345,0.5049297213554382,4015
shared,44,"('Dp1Yey', 'VEH')",95.0,0.6540201216936111,0.6505577385425567,0.657391801699996,4015
shared,44,"('Dp1Yey', 'VEH')",99.0,0.6832283645868302,0.6794683712720871,0.6872877036631108,4015
shared,44,"('WT', 'LCTB92')",1.0,0.15544144034385682,0.1493781465291977,0.16286325599253174,5110
shared,44,"('WT', 'LCTB92')",5.0,0.2076968342065811,0.20164945863187314,0.21422414049506186,5110
shared,44,"('WT', 'LCTB92')",50.0,0.5061262398958206,0.5024160575121641,0.5102853618562222,5110
shared,44,"('WT', 'LCTB92')",95.0,0.7042010203003883,0.6989374470710755,0.7069313630461693,5110
shared,44,"('WT', 'LCTB92')",99.0,0.7608462063968181,0.7572093811631202,0.7691984233707189,5110
shared,44,"('WT', 'VEH')",1.0,0.25703025341033936,0.24719344079494476,0.26564074933528903,4380
shared,44,"('WT', 'VEH')",5.0,0.3179917216300964,0.31265792027115824,0.3273329824954271,4380
shared,44,"('WT', 'VEH')",50.0,0.5815090984106064,0.5773383677005768,0.5859999060630798,4380
shared,44,"('WT', 'VEH')",95.0,0.7707353189587594,0.7647638231515884,0.7762107700109482,4380
shared,44,"('WT', 'VEH')",99.0,0.8338035355508328,0.8269943968951703,0.8414080847799779,4380
shared,45,"('Dp1Yey', 'LCTB92')",1.0,nan,nan,nan,0
shared,45,"('Dp1Yey', 'LCTB92')",5.0,nan,nan,nan,0
shared,45,"('Dp1Yey', 'LCTB92')",50.0,nan,nan,nan,0
shared,45,"('Dp1Yey', 'LCTB92')",95.0,nan,nan,nan,0
shared,45,"('Dp1Yey', 'LCTB92')",99.0,nan,nan,nan,0
shared,45,"('Dp1Yey', 'VEH')",1.0,0.23462537467479705,0.20820134103298188,0.25071555376052856,262
shared,45,"('Dp1Yey', 'VEH')",5.0,0.25878472328186036,0.250740048289299,0.26635509729385376,262
shared,45,"('Dp1Yey', 'VEH')",50.0,0.4743494689464569,0.4602377451956272,0.4939592480659485,262
shared,45,"('Dp1Yey', 'VEH')",95.0,0.7633940130472179,0.68111974298954,0.814299266040325,262
shared,45,"('Dp1Yey', 'VEH')",99.0,0.8373719471693037,0.8089622351527211,0.863722978383302,262
shared,45,"('WT', 'LCTB92')",1.0,nan,nan,nan,0
shared,45,"('WT', 'LCTB92')",5.0,nan,nan,nan,0
shared,45,"('WT', 'LCTB92')",50.0,nan,nan,nan,0
shared,45,"('WT', 'LCTB92')",95.0,nan,nan,nan,0
shared,45,"('WT', 'LCTB92')",99.0,nan,nan,nan,0
shared,45,"('WT', 'VEH')",1.0,0.24381143450737,0.22293980777263642,0.25992203113436685,262
shared,45,"('WT', 'VEH')",5.0,0.28128685653209684,0.258566090464592,0.31213298723101607,262
shared,45,"('WT', 'VEH')",50.0,0.5600565373897552,0.54304039478302,0.5727833807468414,262
shared,45,"('WT', 'VEH')",95.0,0.7391058713197707,0.6657259464263916,0.7927110657095908,262
shared,45,"('WT', 'VEH')",99.0,0.80706124573946,0.7892060146406289,0.8822550550848244,262
shared,45,"('Dp1Yey', 'LCTB92')",1.0,0.26203007459640504,0.24043667316436768,0.28152870953083037,3982
shared,45,"('Dp1Yey', 'LCTB92')",5.0,0.3244137972593307,0.32129554748535155,0.3293468296527863,3982
shared,45,"('Dp1Yey', 'LCTB92')",50.0,0.48868700861930847,0.4843639023602009,0.49313801527023315,3982
shared,45,"('Dp1Yey', 'LCTB92')",95.0,0.6649188831448555,0.6580649942159652,0.6722610399127006,3982
shared,45,"('Dp1Yey', 'LCTB92')",99.0,0.725844060778618,0.7194909226447344,0.748619019985199,3982
shared,45,"('Dp1Yey', 'VEH')",1.0,0.29087731063365935,0.2829185074567795,0.2964437007904053,3982
shared,45,"('Dp1Yey', 'VEH')",5.0,0.33898337185382843,0.33214402198791504,0.34343622013926506,3982
shared,45,"('Dp1Yey', 'VEH')",50.0,0.4950147569179535,0.49169713258743286,0.4980563521385193,3982
shared,45,"('Dp1Yey', 'VEH')",95.0,0.6490322262048721,0.6452823120355605,0.6529446441680193,3982
shared,45,"('Dp1Yey', 'VEH')",99.0,0.6794322177767753,0.6752694845199585,0.6860480186343193,3982
shared,45,"('WT', 'LCTB92')",1.0,0.1508658319711685,0.14476890444755555,0.15886151790618896,5068
shared,45,"('WT', 'LCTB92')",5.0,0.2044515699148178,0.19803323149681093,0.21212205991148944,5068
shared,45,"('WT', 'LCTB92')",50.0,0.4995197653770447,0.49565772861242297,0.5046242196112871,5068
shared,45,"('WT', 'LCTB92')",95.0,0.6999037489295006,0.6953065052628516,0.7041179042309522,5068
shared,45,"('WT', 'LCTB92')",99.0,0.7641573426127432,0.7533096969127655,0.7736367583274841,5068
shared,45,"('WT', 'VEH')",1.0,0.25200364291667937,0.24192959070205688,0.26364666879177096,4344
shared,45,"('WT', 'VEH')",5.0,0.31512111723423003,0.3083193914592266,0.32226509749889376,4344
shared,45,"('WT', 'VEH')",50.0,0.5790160894393921,0.5737407803535461,0.5832690089941025,4344
shared,45,"('WT', 'VEH')",95.0,0.7670619137585163,0.7587859921157358,0.772362008690834,4344
shared,45,"('WT', 'VEH')",99.0,0.8297393153607843,0.8196469726264471,0.8374777647219592,4344
shared,46,"('Dp1Yey', 'LCTB92')",1.0,nan,nan,nan,0
shared,46,"('Dp1Yey', 'LCTB92')",5.0,nan,nan,nan,0
shared,46,"('Dp1Yey', 'LCTB92')",50.0,nan,nan,nan,0
shared,46,"('Dp1Yey', 'LCTB92')",95.0,nan,nan,nan,0
shared,46,"('Dp1Yey', 'LCTB92')",99.0,nan,nan,nan,0
shared,46,"('Dp1Yey', 'VEH')",1.0,0.21952149391174317,0.20840503096580507,0.2367871069908142,259
shared,46,"('Dp1Yey', 'VEH')",5.0,0.252619194984436,0.2334918975830078,0.26344507932662964,259
shared,46,"('Dp1Yey', 'VEH')",50.0,0.47341787815093994,0.4537748694419861,0.4937368631362915,259
shared,46,"('Dp1Yey', 'VEH')",95.0,0.753724604845047,0.6784125447273254,0.8017788678407669,259
shared,46,"('Dp1Yey', 'VEH')",99.0,0.8217806315422058,0.8017788678407669,0.8300304311513901,259
shared,46,"('WT', 'LCTB92')",1.0,nan,nan,nan,0
shared,46,"('WT', 'LCTB92')",5.0,nan,nan,nan,0
shared,46,"('WT', 'LCTB92')",50.0,nan,nan,nan,0
shared,46,"('WT', 'LCTB92')",95.0,nan,nan,nan,0
shared,46,"('WT', 'LCTB92')",99.0,nan,nan,nan,0
shared,46,"('WT', 'VEH')",1.0,0.24275158286094667,0.23226074934005736,0.2619925403594971,259
shared,46,"('WT', 'VEH')",5.0,0.2821053802967072,0.2594751715660095,0.3239480285346507,259
shared,46,"('WT', 'VEH')",50.0,0.5485551655292511,0.5239336490631104,0.5678444504737854,259
shared,46,"('WT', 'VEH')",95.0,0.680745396018028,0.6551487028598786,0.7815111610665907,259
shared,46,"('WT', 'VEH')",99.0,0.8000984135270118,0.7854365357756613,0.8363765341043463,259
shared,46,"('Dp1Yey', 'LCTB92')",1.0,0.25572230100631715,0.24111954212188721,0.28064951419830325,3949
shared,46,"('Dp1Yey', 'LCTB92')",5.0,0.32328970432281495,0.3179073095321655,0.3279512518644333,3949
shared,46,"('Dp1Yey', 'LCTB92')",50.0,0.4840889573097229,0.4790782928466797,0.48773205280303955,3949
shared,46,"('Dp1Yey', 'LCTB92')",95.0,0.6642682552337646,0.656430892497301,0.670141674876213,3949
shared,46,"('Dp1Yey', 'LCTB92')",99.0,0.7337015306949616,0.7170458478629589,0.7563048303127289,3949
shared,46,"('Dp1Yey', 'VEH')",1.0,0.2867622447013855,0.2786651849746704,0.2915446162223816,3949
shared,46,"('Dp1Yey', 'VEH')",5.0,0.3355127215385437,0.3315080404281616,0.33912243783473967,3949
shared,46,"('Dp1Yey', 'VEH')",50.0,0.48971933126449585,0.4855189919471741,0.49368809461593627,3949
shared,46,"('Dp1Yey', 'VEH')",95.0,0.6446752965450286,0.6404280304908753,0.6501533031463623,3949
shared,46,"('Dp1Yey', 'VEH')",99.0,0.6784607136249542,0.6735729390382766,0.6831243634223938,3949
shared,46,"('WT', 'LCTB92')",1.0,0.14900650084018707,0.14095193147659302,0.1538211703300476,5026
shared,46,"('WT', 'LCTB92')",5.0,0.20089133083820343,0.19244325533509254,0.2099326893687248,5026
shared,46,"('WT', 'LCTB92')",50.0,0.49341922998428345,0.489408965408802,0.49859497249126433,5026
shared,46,"('WT', 'LCTB92')",95.0,0.6947287693619728,0.6909251876175404,0.699424266256392,5026
shared,46,"('WT', 'LCTB92')",99.0,0.7634068690240383,0.7511301744729281,0.7702938616275787,5026
shared,46,"('WT', 'VEH')",1.0,0.2497331529855728,0.24397289752960205,0.25807103061676023,4308
shared,46,"('WT', 'VEH')",5.0,0.3102100133895874,0.30296486616134644,0.3194900155067444,4308
shared,46,"('WT', 'VEH')",50.0,0.5765835046768188,0.5719567138701678,0.5813156768679619,4308
shared,46,"('WT', 'VEH')",95.0,0.7633881539106369,0.7574688836932182,0.7687435001134872,4308
shared,46,"('WT', 'VEH')",99.0,0.8238299615681175,0.8138916902244098,0.8313317972421652,4308
shared,47,"('Dp1Yey', 'LCTB92')",1.0,nan,nan,nan,0
shared,47,"('Dp1Yey', 'LCTB92')",5.0,nan,nan,nan,0
shared,47,"('Dp1Yey', 'LCTB92')",50.0,nan,nan,nan,0
shared,47,"('Dp1Yey', 'LCTB92')",95.0,nan,nan,nan,0
shared,47,"('Dp1Yey', 'LCTB92')",99.0,nan,nan,nan,0
shared,47,"('Dp1Yey', 'VEH')",1.0,0.21442974507808685,0.20993295609951018,0.23607122898101807,256
shared,47,"('Dp1Yey', 'VEH')",5.0,0.2485358715057373,0.2353290617465973,0.2601570274680853,256
shared,47,"('Dp1Yey', 'VEH')",50.0,0.4689715802669525,0.4508380889892578,0.49174410104751587,256
shared,47,"('Dp1Yey', 'VEH')",95.0,0.7225115448236465,0.6755238547921181,0.7731413598172363,256
shared,47,"('Dp1Yey', 'VEH')",99.0,0.8152834258973598,0.7726411528885362,0.8218320183455944,256
shared,47,"('WT', 'LCTB92')",1.0,nan,nan,nan,0
shared,47,"('WT', 'LCTB92')",5.0,nan,nan,nan,0
shared,47,"('WT', 'LCTB92')",50.0,nan,nan,nan,0
shared,47,"('WT', 'LCTB92')",95.0,nan,nan,nan,0
shared,47,"('WT', 'LCTB92')",99.0,nan,nan,nan,0
shared,47,"('WT', 'VEH')",1.0,0.2512468159198761,0.24272987842559815,0.26511857509613035,256
shared,47,"('WT', 'VEH')",5.0,0.2902168035507202,0.2638547420501709,0.31620928309857815,256
shared,47,"('WT', 'VEH')",50.0,0.5310655385255814,0.5102800767868757,0.5563551485538483,256
shared,47,"('WT', 'VEH')",95.0,0.672861710190773,0.6526042744517326,0.7768359780311584,256
shared,47,"('WT', 'VEH')",99.0,0.7932622745633124,0.7733325809240339,0.8051488786935805,256
shared,47,"('Dp1Yey', 'LCTB92')",1.0,0.24991882741451263,0.2407534472644329,0.27947497367858887,3916
shared,47,"('Dp1Yey', 'LCTB92')",5.0,0.32028768956661224,0.3148418068885803,0.32579991333186625,3916
shared,47,"('Dp1Yey', 'LCTB92')",50.0,0.4793159067630768,0.4742601811885834,0.48381484523415563,3916
shared,47,"('Dp1Yey', 'LCTB92')",95.0,0.6599544435739517,0.6538916379213333,0.6658434495329857,3916
shared,47,"('Dp1Yey', 'LCTB92')",99.0,0.7366327568888663,0.714327597618103,0.7599046368710696,3916
shared,47,"('Dp1Yey', 'VEH')",1.0,0.2812902331352234,0.2763789236545563,0.286809915304184,3916
shared,47,"('Dp1Yey', 'VEH')",5.0,0.3313937485218048,0.32684525847435,0.3354998644441366,3916
shared,47,"('Dp1Yey', 'VEH')",50.0,0.4850594699382782,0.48038657680153846,0.4887368679046631,3916
shared,47,"('Dp1Yey', 'VEH')",95.0,0.641029104590416,0.6376280954107643,0.645270511507988,3916
shared,47,"('Dp1Yey', 'VEH')",99.0,0.6731726795434951,0.6675269494950772,0.6794206798076629,3916
shared,47,"('WT', 'LCTB92')",1.0,0.14548057675361634,0.13839429795742034,0.15017282962799072,4984
shared,47,"('WT', 'LCTB92')",5.0,0.1979980230331421,0.18991822600364686,0.20842468738555908,4984
shared,47,"('WT', 'LCTB92')",50.0,0.48813551664352417,0.48310555070638656,0.4930491730570793,4984
shared,47,"('WT', 'LCTB92')",95.0,0.691305024921894,0.6878015697002411,0.6951808922737837,4984
shared,47,"('WT', 'LCTB92')",99.0,0.7554289512336255,0.7476212415099145,0.7695414786040783,4984
shared,47,"('WT', 'VEH')",1.0,0.24596877455711366,0.24129697620868684,0.2553701222985982,4272
shared,47,"('WT', 'VEH')",5.0,0.30637872815132144,0.2968266397714615,0.31458377540111543,4272
shared,47,"('WT', 'VEH')",50.0,0.5733063369989395,0.5684506706893444,0.5778759926557541,4272
shared,47,"('WT', 'VEH')",95.0,0.760026040673256,0.753428503870964,0.7659012913517653,4272
shared,47,"('WT', 'VEH')",99.0,0.8135713236033916,0.8074962295591831,0.8275256775319575,4272
shared,48,"('Dp1Yey', 'LCTB92')",1.0,nan,nan,nan,0
shared,48,"('Dp1Yey', 'LCTB92')",5.0,nan,nan,nan,0
shared,48,"('Dp1Yey', 'LCTB92')",50.0,nan,nan,nan,0
shared,48,"('Dp1Yey', 'LCTB92')",95.0,nan,nan,nan,0
shared,48,"('Dp1Yey', 'LCTB92')",99.0,nan,nan,nan,0
shared,48,"('Dp1Yey', 'VEH')",1.0,0.21628896951675414,0.20845770835876465,0.2337225079536438,253
shared,48,"('Dp1Yey', 'VEH')",5.0,0.24387990236282348,0.2331560254096985,0.255930757522583,253
shared,48,"('Dp1Yey', 'VEH')",50.0,0.46889591217041016,0.4380061626434326,0.49351072311401367,253
shared,48,"('Dp1Yey', 'VEH')",95.0,0.7156732439994811,0.6554128050804134,0.7373673021793365,253
shared,48,"('Dp1Yey', 'VEH')",99.0,0.7922539073228836,0.7373673021793365,0.8047354102134703,253
shared,48,"('WT', 'LCTB92')",1.0,nan,nan,nan,0
shared,48,"('WT', 'LCTB92')",5.0,nan,nan,nan,0
shared,48,"('WT', 'LCTB92')",50.0,nan,nan,nan,0
shared,48,"('WT', 'LCTB92')",95.0,nan,nan,nan,0
shared,48,"('WT', 'LCTB92')",99.0,nan,nan,nan,0
shared,48,"('WT', 'VEH')",1.0,0.25862744092941287,0.24514011383056641,0.2769249623417854,253
shared,48,"('WT', 'VEH')",5.0,0.2977539658546448,0.2752750515937805,0.3234834671020508,253
shared,48,"('WT', 'VEH')",50.0,0.5207587778568268,0.4930107593536377,0.541819304227829,253
shared,48,"('WT', 'VEH')",95.0,0.6702361226081848,0.6469346871972084,0.7522175461053848,253
shared,48,"('WT', 'VEH')",99.0,0.7908458322286606,0.7504349720478057,0.7949831122159958,253
shared,48,"('Dp1Yey', 'LCTB92')",1.0,0.24930068254470825,0.23736580243706704,0.27695873856544495,3883
shared,48,"('Dp1Yey', 'LCTB92')",5.0,0.31716691255569457,0.3127684772014618,0.3216732442378998,3883
shared,48,"('Dp1Yey', 'LCTB92')",50.0,0.4741154909133911,0.47092747688293457,0.4777590826153755,3883
shared,48,"('Dp1Yey', 'LCTB92')",95.0,0.6541588187217711,0.6485590934753418,0.6614456266164778,3883
shared,48,"('Dp1Yey', 'LCTB92')",99.0,0.7391072338819493,0.7173618239164351,0.7571305924654006,3883
shared,48,"('Dp1Yey', 'VEH')",1.0,0.2762312304973602,0.2714868187904358,0.28088170289993286,3883
shared,48,"('Dp1Yey', 'VEH')",5.0,0.32630940675735476,0.3220097780227661,0.3305359661579132,3883
shared,48,"('Dp1Yey', 'VEH')",50.0,0.4797474145889282,0.47453051805496216,0.483876559138298,3883
shared,48,"('Dp1Yey', 'VEH')",95.0,0.6378887027502059,0.6340592592954636,0.6401166349649429,3883
shared,48,"('Dp1Yey', 'VEH')",99.0,0.6682376271486281,0.66162844479084,0.6792639762163162,3883
shared,48,"('WT', 'LCTB92')",1.0,0.14012978553771974,0.1360573172569275,0.14515837967395784,4942
shared,48,"('WT', 'LCTB92')",5.0,0.19618597328662873,0.18754546724259855,0.20556816652417184,4942
shared,48,"('WT', 'LCTB92')",50.0,0.4841059744358063,0.47773668840527533,0.4895308166742325,4942
shared,48,"('WT', 'LCTB92')",95.0,0.6903983309864997,0.685706738345325,0.695195721834898,4942
shared,48,"('WT', 'LCTB92')",99.0,0.754605489820242,0.7418667078018188,0.7624800056219101,4942
shared,48,"('WT', 'VEH')",1.0,0.24385080933570863,0.23982094824314118,0.25291849076747897,4236
shared,48,"('WT', 'VEH')",5.0,0.300305038690567,0.29360276460647583,0.30915987081825735,4236
shared,48,"('WT', 'VEH')",50.0,0.5696271657943726,0.5643634498119354,0.5738858580589294,4236
shared,48,"('WT', 'VEH')",95.0,0.7552466727793217,0.7501100894995034,0.7633579224348068,4236
shared,48,"('WT', 'VEH')",99.0,0.8108226016163821,0.8021690003573893,0.8165521204471584,4236
shared,49,"('Dp1Yey', 'LCTB92')",1.0,nan,nan,nan,0
shared,49,"('Dp1Yey', 'LCTB92')",5.0,nan,nan,nan,0
shared,49,"('Dp1Yey', 'LCTB92')",50.0,nan,nan,nan,0
shared,49,"('Dp1Yey', 'LCTB92')",95.0,nan,nan,nan,0
shared,49,"('Dp1Yey', 'LCTB92')",99.0,nan,nan,nan,0
shared,49,"('Dp1Yey', 'VEH')",1.0,0.2230919599533081,0.21767421126365663,0.22996470034122468,250
shared,49,"('Dp1Yey', 'VEH')",5.0,0.24317303001880647,0.22983020544052124,0.2525867074728012,250
shared,49,"('Dp1Yey', 'VEH')",50.0,0.46286681294441223,0.42536723613739014,0.497392475605011,250
shared,49,"('Dp1Yey', 'VEH')",95.0,0.7031959816813468,0.6602673694491387,0.7154082521796225,250
shared,49,"('Dp1Yey', 'VEH')",99.0,0.7469850054383276,0.7160259315371512,0.793746644258499,250
shared,49,"('WT', 'LCTB92')",1.0,nan,nan,nan,0
shared,49,"('WT', 'LCTB92')",5.0,nan,nan,nan,0
shared,49,"('WT', 'LCTB92')",50.0,nan,nan,nan,0
shared,49,"('WT', 'LCTB92')",95.0,nan,nan,nan,0
shared,49,"('WT', 'LCTB92')",99.0,nan,nan,nan,0
shared,49,"('WT', 'VEH')",1.0,0.26650702238082885,0.2591612297296524,0.29411317527294156,250
shared,49,"('WT', 'VEH')",5.0,0.30198643505573275,0.29270157814025877,0.33883217275142674,250
shared,49,"('WT', 'VEH')",50.0,0.5055184662342072,0.4923651620745659,0.5287185583263634,250
shared,49,"('WT', 'VEH')",95.0,0.6535273224115371,0.6417716279625892,0.7372148633003235,250
shared,49,"('WT', 'VEH')",99.0,0.7765575981140136,0.7372148633003235,0.7982668946683407,250
shared,49,"('Dp1Yey', 'LCTB92')",1.0,0.24299218356609345,0.23740315437316895,0.27245029163360596,3850
shared,49,"('Dp1Yey', 'LCTB92')",5.0,0.3151659518480301,0.3104151012003422,0.32090054750442504,3850
shared,49,"('Dp1Yey', 'LCTB92')",50.0,0.4698061943054199,0.4659385085105896,0.47303057089447975,3850
shared,49,"('Dp1Yey', 'LCTB92')",95.0,0.6504334017634391,0.6434739232063293,0.6568639862164853,3850
shared,49,"('Dp1Yey', 'LCTB92')",99.0,0.7390383496880529,0.7178796789050097,0.7586189061403275,3850
shared,49,"('Dp1Yey', 'VEH')",1.0,0.2701027911901474,0.2672082906961441,0.27596713066101075,3850
shared,49,"('Dp1Yey', 'VEH')",5.0,0.32192152440547944,0.317356151342392,0.3269869089126587,3850
shared,49,"('Dp1Yey', 'VEH')",50.0,0.47366249561309814,0.46965962648391724,0.4781008578836918,3850
shared,49,"('Dp1Yey', 'VEH')",95.0,0.6331993222236632,0.6304098618403077,0.6373061075806616,3850
shared,49,"('Dp1Yey', 'VEH')",99.0,0.6658608040213585,0.6594635546207428,0.6715830862522125,3850
shared,49,"('WT', 'LCTB92')",1.0,0.13841088116168976,0.1338179111480713,0.1415340107679367,4900
shared,49,"('WT', 'LCTB92')",5.0,0.19523395001888275,0.18340727984905245,0.20630917549133304,4900
shared,49,"('WT', 'LCTB92')",50.0,0.47904372215270996,0.4734612189233303,0.4851717069745064,4900
shared,49,"('WT', 'LCTB92')",95.0,0.6875466212630272,0.682120144367218,0.6943035274744034,4900
shared,49,"('WT', 'LCTB92')",99.0,0.7485705581307411,0.7395402743667364,0.756238654766232,4900
shared,49,"('WT', 'VEH')",1.0,0.2406938636302948,0.2371210652589798,0.2457566261291504,4200
shared,49,"('WT', 'VEH')",5.0,0.29317447543144226,0.2853039354085922,0.30359012305736544,4200
shared,49,"('WT', 'VEH')",50.0,0.5647645443677902,0.5602136634290218,0.5700992718338966,4200
shared,49,"('WT', 'VEH')",95.0,0.752863435447216,0.7467160493507982,0.7593061342276632,4200
shared,49,"('WT', 'VEH')",99.0,0.8058885332942016,0.7984749525785446,0.8151141908764841,4200
shared,50,"('Dp1Yey', 'LCTB92')",1.0,nan,nan,nan,0
shared,50,"('Dp1Yey', 'LCTB92')",5.0,nan,nan,nan,0
shared,50,"('Dp1Yey', 'LCTB92')",50.0,nan,nan,nan,0
shared,50,"('Dp1Yey', 'LCTB92')",95.0,nan,nan,nan,0
shared,50,"('Dp1Yey', 'LCTB92')",99.0,nan,nan,nan,0
shared,50,"('Dp1Yey', 'VEH')",1.0,0.22484914541244508,0.1847860312461853,0.2316073179244995,247
shared,50,"('Dp1Yey', 'VEH')",5.0,0.23950614929199218,0.2316073179244995,0.24888114571571351,247
shared,50,"('Dp1Yey', 'VEH')",50.0,0.4587433934211731,0.4159289002418518,0.49801671504974365,247
shared,50,"('Dp1Yey', 'VEH')",95.0,0.6851536512374878,0.6537349700927734,0.697803258895874,247
shared,50,"('Dp1Yey', 'VEH')",99.0,0.7329595440626142,0.697803258895874,0.7613017243146893,247
shared,50,"('WT', 'LCTB92')",1.0,nan,nan,nan,0
shared,50,"('WT', 'LCTB92')",5.0,nan,nan,nan,0
shared,50,"('WT', 'LCTB92')",50.0,nan,nan,nan,0
shared,50,"('WT', 'LCTB92')",95.0,nan,nan,nan,0
shared,50,"('WT', 'LCTB92')",99.0,nan,nan,nan,0
shared,50,"('WT', 'VEH')",1.0,0.2828519821166992,0.2700699782371521,0.2995056211948395,247
shared,50,"('WT', 'VEH')",5.0,0.30592437386512755,0.2965136170387268,0.3431171178817749,247
shared,50,"('WT', 'VEH')",50.0,0.498569130897522,0.48582613468170166,0.51446533203125,247
shared,50,"('WT', 'VEH')",95.0,0.6539183855056762,0.6313982754945754,0.7340855002403259,247
shared,50,"('WT', 'VEH')",99.0,0.7607889771461485,0.7301332658529279,0.7825964692234992,247
shared,50,"('Dp1Yey', 'LCTB92')",1.0,0.2436068081855774,0.2359568428993225,0.27102065086364746,3817
shared,50,"('Dp1Yey', 'LCTB92')",5.0,0.31480300426483154,0.3075579643249512,0.3215368348360062,3817
shared,50,"('Dp1Yey', 'LCTB92')",50.0,0.46661823987960815,0.46305084228515625,0.46989935636520386,3817
shared,50,"('Dp1Yey', 'LCTB92')",95.0,0.6474888563156127,0.6397734591364858,0.6578973144292831,3817
shared,50,"('Dp1Yey', 'LCTB92')",99.0,0.7412887024879455,0.723332141250372,0.7583381493091589,3817
shared,50,"('Dp1Yey', 'VEH')",1.0,0.26788801670074464,0.26505566358566285,0.2718997097015381,3817
shared,50,"('Dp1Yey', 'VEH')",5.0,0.3172825455665588,0.3125300407409668,0.32108502388000487,3817
shared,50,"('Dp1Yey', 'VEH')",50.0,0.4691333770751953,0.4654082655906677,0.47217875719070435,3817
shared,50,"('Dp1Yey', 'VEH')",95.0,0.6301550388336181,0.6258783349394799,0.6337395906448364,3817
shared,50,"('Dp1Yey', 'VEH')",99.0,0.6602005541324617,0.6563077799081803,0.669140492677689,3817
shared,50,"('WT', 'LCTB92')",1.0,0.13603586912155152,0.1325141578912735,0.13943463563919067,4858
shared,50,"('WT', 'LCTB92')",5.0,0.19060915112495422,0.18103690974414352,0.20419315099716187,4858
shared,50,"('WT', 'LCTB92')",50.0,0.47486454248428345,0.4682631611824036,0.4820307493209839,4858
shared,50,"('WT', 'LCTB92')",95.0,0.6823903605341911,0.6785478410124779,0.687264621257782,4858
shared,50,"('WT', 'LCTB92')",99.0,0.7409881162643434,0.733128724098206,0.750760480761528,4858
shared,50,"('WT', 'VEH')",1.0,0.23747914552688598,0.23503869771957397,0.24249589443206787,4164
shared,50,"('WT', 'VEH')",5.0,0.28571718037128446,0.27945216953754426,0.2935393452644348,4164
shared,50,"('WT', 'VEH')",50.0,0.5614424794912338,0.5568455867469311,0.5652403201907873,4164
shared,50,"('WT', 'VEH')",95.0,0.7489698156714439,0.7436901926994324,0.7542438407428562,4164
shared,50,"('WT', 'VEH')",99.0,0.804933469593525,0.7958574938774109,0.813093464821577,4164
shared,51,"('Dp1Yey', 'LCTB92')",1.0,nan,nan,nan,0
shared,51,"('Dp1Yey', 'LCTB92')",5.0,nan,nan,nan,0
shared,51,"('Dp1Yey', 'LCTB92')",50.0,nan,nan,nan,0
shared,51,"('Dp1Yey', 'LCTB92')",95.0,nan,nan,nan,0
shared,51,"('Dp1Yey', 'LCTB92')",99.0,nan,nan,nan,0
shared,51,"('Dp1Yey', 'VEH')",1.0,0.1957297021150589,0.1841313672065735,0.23216252088546752,244
shared,51,"('Dp1Yey', 'VEH')",5.0,0.23787060678005217,0.23197792172431947,0.24968546628952026,244
shared,51,"('Dp1Yey', 'VEH')",50.0,0.4567357301712036,0.4088837504386902,0.49616628885269165,244
shared,51,"('Dp1Yey', 'VEH')",95.0,0.6805844396352768,0.6540375351905823,0.6943600135669112,244
shared,51,"('Dp1Yey', 'VEH')",99.0,0.7110915738344192,0.686984912455082,0.7216283223032951,244
shared,51,"('WT', 'LCTB92')",1.0,nan,nan,nan,0
shared,51,"('WT', 'LCTB92')",5.0,nan,nan,nan,0
shared,51,"('WT', 'LCTB92')",50.0,nan,nan,nan,0
shared,51,"('WT', 'LCTB92')",95.0,nan,nan,nan,0
shared,51,"('WT', 'LCTB92')",99.0,nan,nan,nan,0
shared,51,"('WT', 'VEH')",1.0,0.29410102009773254,0.2865583163499832,0.3009338057488203,244
shared,51,"('WT', 'VEH')",5.0,0.3147588104009628,0.29961870312690736,0.33448041677474977,244
shared,51,"('WT', 'VEH')",50.0,0.4946453869342804,0.47577816247940063,0.5065440349280832,244
shared,51,"('WT', 'VEH')",95.0,0.656216225028038,0.6230299085378647,0.7145367034897204,244
shared,51,"('WT', 'VEH')",99.0,0.7474723523855209,0.6986660525202747,0.7759390641748904,244
shared,51,"('Dp1Yey', 'LCTB92')",1.0,0.24148011863231658,0.23708339691162109,0.2702980637550354,3784
shared,51,"('Dp1Yey', 'LCTB92')",5.0,0.311890634894371,0.3062413215637207,0.31936651028692725,3784
shared,51,"('Dp1Yey', 'LCTB92')",50.0,0.4640814960002899,0.4602306894958019,0.46710801124572754,3784
shared,51,"('Dp1Yey', 'LCTB92')",95.0,0.6461931645870208,0.636373069100082,0.656310647726059,3784
shared,51,"('Dp1Yey', 'LCTB92')",99.0,0.74309046626091,0.7117013123631487,0.7572326688468458,3784
shared,51,"('Dp1Yey', 'VEH')",1.0,0.26684861540794375,0.2630443572998047,0.2700310868024826,3784
shared,51,"('Dp1Yey', 'VEH')",5.0,0.3113712877035141,0.30498580254614355,0.3163940451294184,3784
shared,51,"('Dp1Yey', 'VEH')",50.0,0.46337205171585083,0.45976700484752653,0.4668267726898193,3784
shared,51,"('Dp1Yey', 'VEH')",95.0,0.6251579388976097,0.6210153387486934,0.6275337040424347,3784
shared,51,"('Dp1Yey', 'VEH')",99.0,0.6555291229486465,0.6495278796553612,0.661668598651886,3784
shared,51,"('WT', 'LCTB92')",1.0,0.1336693286895752,0.13092899322509766,0.13663598269224167,4816
shared,51,"('WT', 'LCTB92')",5.0,0.1926535815000534,0.17820891737937927,0.20300514996051788,4816
shared,51,"('WT', 'LCTB92')",50.0,0.4723426401615143,0.46436193957924843,0.4776024825870991,4816
shared,51,"('WT', 'LCTB92')",95.0,0.6813128590583801,0.6753308326005936,0.686435373313725,4816
shared,51,"('WT', 'LCTB92')",99.0,0.7384359374642375,0.7272981061041355,0.7432134404778483,4816
shared,51,"('WT', 'VEH')",1.0,0.23426508724689485,0.2317555546760559,0.2372594553232193,4128
shared,51,"('WT', 'VEH')",5.0,0.27979083955287937,0.27459096908569336,0.2887304543703795,4128
shared,51,"('WT', 'VEH')",50.0,0.5567372292280197,0.550239235162735,0.5618520252406597,4128
shared,51,"('WT', 'VEH')",95.0,0.7466476961970329,0.7387156491726636,0.751683260500431,4128
shared,51,"('WT', 'VEH')",99.0,0.7940746051073074,0.788263350725174,0.8021349459886551,4128
shared,52,"('Dp1Yey', 'LCTB92')",1.0,nan,nan,nan,0
shared,52,"('Dp1Yey', 'LCTB92')",5.0,nan,nan,nan,0
shared,52,"('Dp1Yey', 'LCTB92')",50.0,nan,nan,nan,0
shared,52,"('Dp1Yey', 'LCTB92')",95.0,nan,nan,nan,0
shared,52,"('Dp1Yey', 'LCTB92')",99.0,nan,nan,nan,0
shared,52,"('Dp1Yey', 'VEH')",1.0,0.1929893136024475,0.18302839994430542,0.22055052518844603,241
shared,52,"('Dp1Yey', 'VEH')",5.0,0.2335781455039978,0.2166474461555481,0.24480396509170532,241
shared,52,"('Dp1Yey', 'VEH')",50.0,0.4613884687423706,0.40716034173965454,0.4864956736564636,241
shared,52,"('Dp1Yey', 'VEH')",95.0,0.6687817573547363,0.6541911959648132,0.685664564371109,241
shared,52,"('Dp1Yey', 'VEH')",99.0,0.6988704681396484,0.6817103624343872,0.7329987347126007,241
shared,52,"('WT', 'LCTB92')",1.0,nan,nan,nan,0
shared,52,"('WT', 'LCTB92')",5.0,nan,nan,nan,0
shared,52,"('WT', 'LCTB92')",50.0,nan,nan,nan,0
shared,52,"('WT', 'LCTB92')",95.0,nan,nan,nan,0
shared,52,"('WT', 'LCTB92')",99.0,nan,nan,nan,0
shared,52,"('WT', 'VEH')",1.0,0.29768010377883913,0.2857586145401001,0.312832236289978,241
shared,52,"('WT', 'VEH')",5.0,0.3284282088279724,0.3115079402923584,0.3437354564666748,241
shared,52,"('WT', 'VEH')",50.0,0.48709040880203247,0.46924299001693726,0.4997623562812805,241
shared,52,"('WT', 'VEH')",95.0,0.6561372578144073,0.6202182471752167,0.6708407998085022,241
shared,52,"('WT', 'VEH')",99.0,0.7323409378528595,0.690086507797241,0.7696008086204527,241
shared,52,"('Dp1Yey', 'LCTB92')",1.0,0.24300721287727356,0.23729336261749268,0.2630229614675045,3751
shared,52,"('Dp1Yey', 'LCTB92')",5.0,0.31047743558883667,0.3049135975539684,0.3192192614078522,3751
shared,52,"('Dp1Yey', 'LCTB92')",50.0,0.45960569381713867,0.4557866588234901,0.4632189378142357,3751
shared,52,"('Dp1Yey', 'LCTB92')",95.0,0.6451168358325958,0.6371218331158162,0.6521787941455841,3751
shared,52,"('Dp1Yey', 'LCTB92')",99.0,0.7411835044622421,0.7243046954274177,0.7514124065637589,3751
shared,52,"('Dp1Yey', 'VEH')",1.0,0.2611221969127655,0.25783345103263855,0.26596516370773315,3751
shared,52,"('Dp1Yey', 'VEH')",5.0,0.30524224042892456,0.2999788224697113,0.31098783016204834,3751
shared,52,"('Dp1Yey', 'VEH')",50.0,0.458171010017395,0.4545575469732285,0.4622496962547302,3751
shared,52,"('Dp1Yey', 'VEH')",95.0,0.6190182119607925,0.6150128692388535,0.6226846575737,3751
shared,52,"('Dp1Yey', 'VEH')",99.0,0.6469973176717758,0.6445436179637909,0.6512142419815063,3751
shared,52,"('WT', 'LCTB92')",1.0,0.13098664522171022,0.12756992402672768,0.13507473468780518,4774
shared,52,"('WT', 'LCTB92')",5.0,0.19125608503818511,0.17862659692764282,0.20392602682113647,4774
shared,52,"('WT', 'LCTB92')",50.0,0.46704110503196716,0.4603833258152008,0.4741205669939518,4774
shared,52,"('WT', 'LCTB92')",95.0,0.678118872642517,0.671995911039412,0.6835333450883627,4774
shared,52,"('WT', 'LCTB92')",99.0,0.7355232617259024,0.7278806865215302,0.739606864750385,4774
shared,52,"('WT', 'VEH')",1.0,0.23206633925437928,0.22973877251148223,0.23441843688488007,4092
shared,52,"('WT', 'VEH')",5.0,0.27581299245357516,0.26912630639970303,0.28303702391684055,4092
shared,52,"('WT', 'VEH')",50.0,0.552105650305748,0.5463569164276123,0.5568911980837583,4092
shared,52,"('WT', 'VEH')",95.0,0.7437137126922607,0.7358847918361425,0.749534173309803,4092
shared,52,"('WT', 'VEH')",99.0,0.7900422821938993,0.7847037315368652,0.7975369095802307,4092
shared,53,"('Dp1Yey', 'LCTB92')",1.0,nan,nan,nan,0
shared,53,"('Dp1Yey', 'LCTB92')",5.0,nan,nan,nan,0
shared,53,"('Dp1Yey', 'LCTB92')",50.0,nan,nan,nan,0
shared,53,"('Dp1Yey', 'LCTB92')",95.0,nan,nan,nan,0
shared,53,"('Dp1Yey', 'LCTB92')",99.0,nan,nan,nan,0
shared,53,"('Dp1Yey', 'VEH')",1.0,0.19577637910842896,0.19362139880657195,0.2143799066543579,238
shared,53,"('Dp1Yey', 'VEH')",5.0,0.22238967716693878,0.2135983556509018,0.2392079710960388,238
shared,53,"('Dp1Yey', 'VEH')",50.0,0.46245312690734863,0.4011651277542114,0.4851650595664978,238
shared,53,"('Dp1Yey', 'VEH')",95.0,0.6583101600408554,0.6451397821307181,0.6726876497268676,238
shared,53,"('Dp1Yey', 'VEH')",99.0,0.6815528109669685,0.6720214784145355,0.7064692017436026,238
shared,53,"('WT', 'LCTB92')",1.0,nan,nan,nan,0
shared,53,"('WT', 'LCTB92')",5.0,nan,nan,nan,0
shared,53,"('WT', 'LCTB92')",50.0,nan,nan,nan,0
shared,53,"('WT', 'LCTB92')",95.0,nan,nan,nan,0
shared,53,"('WT', 'LCTB92')",99.0,nan,nan,nan,0
shared,53,"('WT', 'VEH')",1.0,0.29907298505306246,0.2843651366233826,0.32485806941986084,238
shared,53,"('WT', 'VEH')",5.0,0.34160476326942446,0.3238685853034258,0.3570300668478012,238
shared,53,"('WT', 'VEH')",50.0,0.47507208585739136,0.4602320916950703,0.4835116043686867,238
shared,53,"('WT', 'VEH')",95.0,0.6413871511816976,0.608672924339771,0.6708631813526154,238
shared,53,"('WT', 'VEH')",99.0,0.7284022521972656,0.6644027099013328,0.7431280925869942,238
shared,53,"('Dp1Yey', 'LCTB92')",1.0,0.24598925590515136,0.23948037922382356,0.26236259400844575,3718
shared,53,"('Dp1Yey', 'LCTB92')",5.0,0.3091841101646423,0.302475768327713,0.3147871524095535,3718
shared,53,"('Dp1Yey', 'LCTB92')",50.0,0.4565946161746979,0.45199769735336304,0.4597242146730423,3718
shared,53,"('Dp1Yey', 'LCTB92')",95.0,0.6442989483475685,0.6347394664213061,0.6515570378676057,3718
shared,53,"('Dp1Yey', 'LCTB92')",99.0,0.7428401321172714,0.7289391756057739,0.7520065605640411,3718
shared,53,"('Dp1Yey', 'VEH')",1.0,0.25764146745204924,0.25243836104869843,0.2617577314376831,3718
shared,53,"('Dp1Yey', 'VEH')",5.0,0.3008935540914536,0.29466021060943604,0.3066752880811691,3718
shared,53,"('Dp1Yey', 'VEH')",50.0,0.4539557099342346,0.4506437458097935,0.4571521282196045,3718
shared,53,"('Dp1Yey', 'VEH')",95.0,0.6143011301755904,0.6105292230844497,0.6180388927459717,3718
shared,53,"('Dp1Yey', 'VEH')",99.0,0.6418585154414176,0.6384677206650375,0.6477981209754944,3718
shared,53,"('WT', 'LCTB92')",1.0,0.13077142536640168,0.12799209356307983,0.13393043814599512,4732
shared,53,"('WT', 'LCTB92')",5.0,0.18895493745803835,0.17552816145122052,0.201001837849617,4732
shared,53,"('WT', 'LCTB92')",50.0,0.4645482301712036,0.45934736728668213,0.4704142212867737,4732
shared,53,"('WT', 'LCTB92')",95.0,0.6765129864215851,0.6700601323693991,0.6813026565685868,4732
shared,53,"('WT', 'LCTB92')",99.0,0.7325640445947643,0.7242235401272773,0.7387272715568542,4732
shared,53,"('WT', 'VEH')",1.0,0.22856194972991944,0.22430932521820068,0.23272619798779487,4056
shared,53,"('WT', 'VEH')",5.0,0.27145959436893463,0.2645891308784485,0.27895165979862213,4056
shared,53,"('WT', 'VEH')",50.0,0.5481394529342651,0.5439969301223755,0.5531633645296097,4056
shared,53,"('WT', 'VEH')",95.0,0.7387187853455544,0.7315849363803864,0.7457679808139801,4056
shared,53,"('WT', 'VEH')",99.0,0.7876107141375541,0.7836932688951492,0.7924491965211928,4056
shared,54,"('Dp1Yey', 'LCTB92')",1.0,nan,nan,nan,0
shared,54,"('Dp1Yey', 'LCTB92')",5.0,nan,nan,nan,0
shared,54,"('Dp1Yey', 'LCTB92')",50.0,nan,nan,nan,0
shared,54,"('Dp1Yey', 'LCTB92')",95.0,nan,nan,nan,0
shared,54,"('Dp1Yey', 'LCTB92')",99.0,nan,nan,nan,0
shared,54,"('Dp1Yey', 'VEH')",1.0,0.19979208827018738,0.1985504913330078,0.20488381385803223,235
shared,54,"('Dp1Yey', 'VEH')",5.0,0.21130367517471313,0.20480098724365234,0.22542411088943481,235
shared,54,"('Dp1Yey', 'VEH')",50.0,0.46059077978134155,0.39692896604537964,0.4874548316001892,235
shared,54,"('Dp1Yey', 'VEH')",95.0,0.6512695461511612,0.6363230204582214,0.6605555415153503,235
shared,54,"('Dp1Yey', 'VEH')",99.0,0.6796124285459518,0.6595999300479889,0.697967357635498,235
shared,54,"('WT', 'LCTB92')",1.0,nan,nan,nan,0
shared,54,"('WT', 'LCTB92')",5.0,nan,nan,nan,0
shared,54,"('WT', 'LCTB92')",50.0,nan,nan,nan,0
shared,54,"('WT', 'LCTB92')",95.0,nan,nan,nan,0
shared,54,"('WT', 'LCTB92')",99.0,nan,nan,nan,0
shared,54,"('WT', 'VEH')",1.0,0.30477246046066286,0.28854230284690857,0.33732086420059204,235
shared,54,"('WT', 'VEH')",5.0,0.3514843344688416,0.33293877840042113,0.3600650429725647,235
shared,54,"('WT', 'VEH')",50.0,0.4618285298347473,0.4512162208557129,0.46962809562683105,235
shared,54,"('WT', 'VEH')",95.0,0.6309979051351546,0.595231836810708,0.6565632641315459,235
shared,54,"('WT', 'VEH')",99.0,0.7162525498867035,0.6547865867614746,0.7477729094028471,235
shared,54,"('Dp1Yey', 'LCTB92')",1.0,0.24947919368743895,0.24159675121307372,0.2572883179187775,3685
shared,54,"('Dp1Yey', 'LCTB92')",5.0,0.3072859406471252,0.30018166303634647,0.3132515320181846,3685
shared,54,"('Dp1Yey', 'LCTB92')",50.0,0.45309996604919434,0.4484202012419701,0.4571300148963928,3685
shared,54,"('Dp1Yey', 'LCTB92')",95.0,0.6431844770908356,0.6351174533367157,0.6512276892364025,3685
shared,54,"('Dp1Yey', 'LCTB92')",99.0,0.7398819720745083,0.7253344363570213,0.7535109478235241,3685
shared,54,"('Dp1Yey', 'VEH')",1.0,0.25255990266799927,0.24581275701522828,0.25599777698516846,3685
shared,54,"('Dp1Yey', 'VEH')",5.0,0.29753525257110597,0.2916783094406128,0.3031177094578743,3685
shared,54,"('Dp1Yey', 'VEH')",50.0,0.44916754961013794,0.44575297832489014,0.45304368287324903,3685
shared,54,"('Dp1Yey', 'VEH')",95.0,0.6090524554252623,0.6058978736400604,0.6130658209323883,3685
shared,54,"('Dp1Yey', 'VEH')",99.0,0.6395490467548369,0.634776308953762,0.6449653887748719,3685
shared,54,"('WT', 'LCTB92')",1.0,0.1303710025548935,0.12546825408935547,0.13449466228485107,4690
shared,54,"('WT', 'LCTB92')",5.0,0.18700326681137086,0.17430586561560635,0.1979157030582428,4690
shared,54,"('WT', 'LCTB92')",50.0,0.4627302885055542,0.4570353373885155,0.46756285429000854,4690
shared,54,"('WT', 'LCTB92')",95.0,0.6716882765293122,0.6667562518268824,0.6764239594340324,4690
shared,54,"('WT', 'LCTB92')",99.0,0.7297253677248953,0.724074395596981,0.7351986467838287,4690
shared,54,"('WT', 'VEH')",1.0,0.22580494821071626,0.22192466259002686,0.23162106931209564,4020
shared,54,"('WT', 'VEH')",5.0,0.26717000305652616,0.25997422337532045,0.2740211009979248,4020
shared,54,"('WT', 'VEH')",50.0,0.5445476174354553,0.5414283387362957,0.5485203552991151,4020
shared,54,"('WT', 'VEH')",95.0,0.7341023102402687,0.7263440944254397,0.740587231516838,4020
shared,54,"('WT', 'VEH')",99.0,0.783419589549303,0.7756987521052361,0.7895001532137393,4020
shared,55,"('Dp1Yey', 'LCTB92')",1.0,nan,nan,nan,0
shared,55,"('Dp1Yey', 'LCTB92')",5.0,nan,nan,nan,0
shared,55,"('Dp1Yey', 'LCTB92')",50.0,nan,nan,nan,0
shared,55,"('Dp1Yey', 'LCTB92')",95.0,nan,nan,nan,0
shared,55,"('Dp1Yey', 'LCTB92')",99.0,nan,nan,nan,0
shared,55,"('Dp1Yey', 'VEH')",1.0,0.18959946632385255,0.1797809863090515,0.20134729146957397,232
shared,55,"('Dp1Yey', 'VEH')",5.0,0.20559153258800505,0.19945937395095825,0.22500157356262207,232
shared,55,"('Dp1Yey', 'VEH')",50.0,0.4656405746936798,0.39644357562065125,0.4828583002090454,232
shared,55,"('Dp1Yey', 'VEH')",95.0,0.6442538440227509,0.6267161667346954,0.6554547250270844,232
shared,55,"('Dp1Yey', 'VEH')",99.0,0.6716515585780144,0.6497764587402344,0.6876325818896293,232
shared,55,"('WT', 'LCTB92')",1.0,nan,nan,nan,0
shared,55,"('WT', 'LCTB92')",5.0,nan,nan,nan,0
shared,55,"('WT', 'LCTB92')",50.0,nan,nan,nan,0
shared,55,"('WT', 'LCTB92')",95.0,nan,nan,nan,0
shared,55,"('WT', 'LCTB92')",99.0,nan,nan,nan,0
shared,55,"('WT', 'VEH')",1.0,0.3120441311597824,0.30356681764125826,0.33373111486434937,232
shared,55,"('WT', 'VEH')",5.0,0.3488354444503784,0.3323138624429703,0.3638624966144562,232
shared,55,"('WT', 'VEH')",50.0,0.4562845826148987,0.44528348445892335,0.46199002861976624,232
shared,55,"('WT', 'VEH')",95.0,0.627697819471359,0.5885803338885307,0.6471514105796814,232
shared,55,"('WT', 'VEH')",99.0,0.7005913239717483,0.6424173317179084,0.7297334513068199,232
shared,55,"('Dp1Yey', 'LCTB92')",1.0,0.25044245600700377,0.23951216290891172,0.2545518147945404,3652
shared,55,"('Dp1Yey', 'LCTB92')",5.0,0.3025356113910675,0.29603648483753203,0.31500002719461917,3652
shared,55,"('Dp1Yey', 'LCTB92')",50.0,0.4486331343650818,0.44420313835144043,0.45370716899633406,3652
shared,55,"('Dp1Yey', 'LCTB92')",95.0,0.64345673173666,0.6337745785713196,0.6496635141223669,3652
shared,55,"('Dp1Yey', 'LCTB92')",99.0,0.737897819280624,0.7209605455398558,0.7504407681524752,3652
shared,55,"('Dp1Yey', 'VEH')",1.0,0.24605336487293245,0.2387104630470276,0.25343554735183715,3652
shared,55,"('Dp1Yey', 'VEH')",5.0,0.29418403208255767,0.29020695090293885,0.2991029292345047,3652
shared,55,"('Dp1Yey', 'VEH')",50.0,0.44534221291542053,0.4416342079639435,0.44920359253883363,3652
shared,55,"('Dp1Yey', 'VEH')",95.0,0.6044854491949081,0.5999977472424507,0.6071411669254303,3652
shared,55,"('Dp1Yey', 'VEH')",99.0,0.6371673953533172,0.6335217538997528,0.6419049501419067,3652
shared,55,"('WT', 'LCTB92')",1.0,0.12692566215991974,0.12180837273597717,0.13200026750564575,4648
shared,55,"('WT', 'LCTB92')",5.0,0.18514913320541382,0.17220845520496372,0.193606436252594,4648
shared,55,"('WT', 'LCTB92')",50.0,0.4589598476886749,0.4537631943821907,0.4649204291403294,4648
shared,55,"('WT', 'LCTB92')",95.0,0.6680052682757376,0.6617461860179901,0.6742068469524383,4648
shared,55,"('WT', 'LCTB92')",99.0,0.7304369896650309,0.7189964884519572,0.7372777760028839,4648
shared,55,"('WT', 'VEH')",1.0,0.22269852280616761,0.21948445498943328,0.22706717252731323,3984
shared,55,"('WT', 'VEH')",5.0,0.2622553527355194,0.2555081248283386,0.2704639434814453,3984
shared,55,"('WT', 'VEH')",50.0,0.5396068096160889,0.5350292559713126,0.5449725683778525,3984
shared,55,"('WT', 'VEH')",95.0,0.7271485343575478,0.7220740050077439,0.7353712199255824,3984
shared,55,"('WT', 'VEH')",99.0,0.7793173135817052,0.7714005024768414,0.7858209793269635,3984
shared,56,"('Dp1Yey', 'LCTB92')",1.0,nan,nan,nan,0
shared,56,"('Dp1Yey', 'LCTB92')",5.0,nan,nan,nan,0
shared,56,"('Dp1Yey', 'LCTB92')",50.0,nan,nan,nan,0
shared,56,"('Dp1Yey', 'LCTB92')",95.0,nan,nan,nan,0
shared,56,"('Dp1Yey', 'LCTB92')",99.0,nan,nan,nan,0
shared,56,"('Dp1Yey', 'VEH')",1.0,0.17553582191467285,0.17295243501663207,0.1900671124458313,229
shared,56,"('Dp1Yey', 'VEH')",5.0,0.2076985716819763,0.18363052606582642,0.21809890985488892,229
shared,56,"('Dp1Yey', 'VEH')",50.0,0.46355390548706055,0.4042227268218994,0.4792898446321487,229
shared,56,"('Dp1Yey', 'VEH')",95.0,0.6298534870147705,0.6124612629413605,0.6562882900238037,229
shared,56,"('Dp1Yey', 'VEH')",99.0,0.6784527444839478,0.6545341646671295,0.6950231194496155,229
shared,56,"('WT', 'LCTB92')",1.0,nan,nan,nan,0
shared,56,"('WT', 'LCTB92')",5.0,nan,nan,nan,0
shared,56,"('WT', 'LCTB92')",50.0,nan,nan,nan,0
shared,56,"('WT', 'LCTB92')",95.0,nan,nan,nan,0
shared,56,"('WT', 'LCTB92')",99.0,nan,nan,nan,0
shared,56,"('WT', 'VEH')",1.0,0.3247808265686035,0.31450937032699583,0.3378682748675346,229
shared,56,"('WT', 'VEH')",5.0,0.34757872819900515,0.33692312240600586,0.3618118613958358,229
shared,56,"('WT', 'VEH')",50.0,0.44653457403182983,0.4356981262564659,0.45481789112091064,229
shared,56,"('WT', 'VEH')",95.0,0.6165327310562133,0.5807963013648987,0.6511996686458588,229
shared,56,"('WT', 'VEH')",99.0,0.6666533982753754,0.6463890332877636,0.7104656505584717,229
shared,56,"('Dp1Yey', 'LCTB92')",1.0,0.24836739897727966,0.2408575487136841,0.2539440802335739,3619
shared,56,"('Dp1Yey', 'LCTB92')",5.0,0.3007197678089142,0.293320894241333,0.31479722261428833,3619
shared,56,"('Dp1Yey', 'LCTB92')",50.0,0.4453728199005127,0.4413667321205139,0.449706494808197,3619
shared,56,"('Dp1Yey', 'LCTB92')",95.0,0.6397952020168304,0.6334191352128983,0.6474389642477035,3619
shared,56,"('Dp1Yey', 'LCTB92')",99.0,0.7334115141630175,0.7164256316423419,0.7608931809663773,3619
shared,56,"('Dp1Yey', 'VEH')",1.0,0.2395384752750397,0.23361555337905884,0.24922325372695922,3619
shared,56,"('Dp1Yey', 'VEH')",5.0,0.2919382512569427,0.28708010315895083,0.2957555876672268,3619
shared,56,"('Dp1Yey', 'VEH')",50.0,0.4417937397956848,0.4382447600364685,0.44595867395401,3619
shared,56,"('Dp1Yey', 'VEH')",95.0,0.5996812015771865,0.5961308777332306,0.6036735095828771,3619
shared,56,"('Dp1Yey', 'VEH')",99.0,0.6365427953004839,0.6297043985873463,0.6450491762161256,3619
shared,56,"('WT', 'LCTB92')",1.0,0.12316966950893403,0.1201239436864853,0.13008320331573486,4606
shared,56,"('WT', 'LCTB92')",5.0,0.18100608885288239,0.17396426685154437,0.19420507922768593,4606
shared,56,"('WT', 'LCTB92')",50.0,0.45583292841911316,0.4501199446618557,0.46121352910995483,4606
shared,56,"('WT', 'LCTB92')",95.0,0.6627382710576057,0.6581668689846992,0.6669691354036331,4606
shared,56,"('WT', 'LCTB92')",99.0,0.7290259078145027,0.7174807846546173,0.7350106641650198,4606
shared,56,"('WT', 'VEH')",1.0,0.22015160083770752,0.21557286858558655,0.2242221236228943,3948
shared,56,"('WT', 'VEH')",5.0,0.2587163329124451,0.25127899140119553,0.26772433519363403,3948
shared,56,"('WT', 'VEH')",50.0,0.5363630950450897,0.5309358239173889,0.5410384144634008,3948
shared,56,"('WT', 'VEH')",95.0,0.7215589940547943,0.7161019030585882,0.7272019999101758,3948
shared,56,"('WT', 'VEH')",99.0,0.7753621569275855,0.7665531958639618,0.7827198439575732,3948
shared,57,"('Dp1Yey', 'LCTB92')",1.0,nan,nan,nan,0
shared,57,"('Dp1Yey', 'LCTB92')",5.0,nan,nan,nan,0
shared,57,"('Dp1Yey', 'LCTB92')",50.0,nan,nan,nan,0
shared,57,"('Dp1Yey', 'LCTB92')",95.0,nan,nan,nan,0
shared,57,"('Dp1Yey', 'LCTB92')",99.0,nan,nan,nan,0
shared,57,"('Dp1Yey', 'VEH')",1.0,0.17239625751972198,0.16632576286792755,0.18946373462677002,226
shared,57,"('Dp1Yey', 'VEH')",5.0,0.198640376329422,0.18738728761672974,0.2174234688282013,226
shared,57,"('Dp1Yey', 'VEH')",50.0,0.4546196460723877,0.4082496874034405,0.4784243106842041,226
shared,57,"('Dp1Yey', 'VEH')",95.0,0.6191826164722443,0.5995006859302521,0.6416118144989014,226
shared,57,"('Dp1Yey', 'VEH')",99.0,0.670522041618824,0.6386493742465973,0.6770452111959457,226
shared,57,"('WT', 'LCTB92')",1.0,nan,nan,nan,0
shared,57,"('WT', 'LCTB92')",5.0,nan,nan,nan,0
shared,57,"('WT', 'LCTB92')",50.0,nan,nan,nan,0
shared,57,"('WT', 'LCTB92')",95.0,nan,nan,nan,0
shared,57,"('WT', 'LCTB92')",99.0,nan,nan,nan,0
shared,57,"('WT', 'VEH')",1.0,0.33362631499767303,0.3293925076723099,0.33708345890045166,226
shared,57,"('WT', 'VEH')",5.0,0.35355590283870697,0.3362391047179699,0.36506783962249756,226
shared,57,"('WT', 'VEH')",50.0,0.43668267130851746,0.427287757396698,0.4469617232680321,226
shared,57,"('WT', 'VEH')",95.0,0.594039298593998,0.5718937551602721,0.63558083884418,226
shared,57,"('WT', 'VEH')",99.0,0.654635064303875,0.6335486769676208,0.6798982918262482,226
shared,57,"('Dp1Yey', 'LCTB92')",1.0,0.24791165590286254,0.2444731593132019,0.2527582049369812,3586
shared,57,"('Dp1Yey', 'LCTB92')",5.0,0.3005997836589813,0.2909783273935318,0.3120714582502841,3586
shared,57,"('Dp1Yey', 'LCTB92')",50.0,0.4402551054954529,0.4362487196922302,0.4449477635324001,3586
shared,57,"('Dp1Yey', 'LCTB92')",95.0,0.6358132287859917,0.6273162066936493,0.6439884006977081,3586
shared,57,"('Dp1Yey', 'LCTB92')",99.0,0.7346123367547991,0.7187920212745667,0.7583602919429541,3586
shared,57,"('Dp1Yey', 'VEH')",1.0,0.23339855372905732,0.22831500172615052,0.2455504506826401,3586
shared,57,"('Dp1Yey', 'VEH')",5.0,0.2877533882856369,0.28266511000692846,0.29234711825847626,3586
shared,57,"('Dp1Yey', 'VEH')",50.0,0.43733757734298706,0.43360432982444763,0.44116266965866086,3586
shared,57,"('Dp1Yey', 'VEH')",95.0,0.5970034152269363,0.5920948460698128,0.6004014909267426,3586
shared,57,"('Dp1Yey', 'VEH')",99.0,0.632725203037262,0.6271797835826874,0.6381183743476869,3586
shared,57,"('WT', 'LCTB92')",1.0,0.12232108771800995,0.11864565134048462,0.12683963775634766,4564
shared,57,"('WT', 'LCTB92')",5.0,0.17992298305034637,0.17358201444149018,0.19249122001230717,4564
shared,57,"('WT', 'LCTB92')",50.0,0.45226165652275085,0.4462318979203701,0.4576171934604645,4564
shared,57,"('WT', 'LCTB92')",95.0,0.6576788410544395,0.6544493628293274,0.6625494768097989,4564
shared,57,"('WT', 'LCTB92')",99.0,0.7220719075202942,0.713898092508316,0.7319899797439575,4564
shared,57,"('WT', 'VEH')",1.0,0.21699034094810485,0.21300776958465575,0.22171430526673794,3912
shared,57,"('WT', 'VEH')",5.0,0.2570444107055664,0.2483249843120575,0.2633855740725994,3912
shared,57,"('WT', 'VEH')",50.0,0.532010018825531,0.5277793109416962,0.5369139064103365,3912
shared,57,"('WT', 'VEH')",95.0,0.7161382421851158,0.7102148532867432,0.7208972245454788,3912
shared,57,"('WT', 'VEH')",99.0,0.7706694692373275,0.7642569541931152,0.7769254949688911,3912
shared,58,"('Dp1Yey', 'LCTB92')",1.0,nan,nan,nan,0
shared,58,"('Dp1Yey', 'LCTB92')",5.0,nan,nan,nan,0
shared,58,"('Dp1Yey', 'LCTB92')",50.0,nan,nan,nan,0
shared,58,"('Dp1Yey', 'LCTB92')",95.0,nan,nan,nan,0
shared,58,"('Dp1Yey', 'LCTB92')",99.0,nan,nan,nan,0
shared,58,"('Dp1Yey', 'VEH')",1.0,0.1797667908668518,0.17434271931648254,0.1893267035484314,223
shared,58,"('Dp1Yey', 'VEH')",5.0,0.19283056855201722,0.18829861283302307,0.2224054753780365,223
shared,58,"('Dp1Yey', 'VEH')",50.0,0.4469990134239197,0.4135218858718872,0.47177666425704956,223
shared,58,"('Dp1Yey', 'VEH')",95.0,0.6091445475816727,0.5939504116773605,0.6364546120166779,223
shared,58,"('Dp1Yey', 'VEH')",99.0,0.6516370916366577,0.6322182929515839,0.6697157835960388,223
shared,58,"('WT', 'LCTB92')",1.0,nan,nan,nan,0
shared,58,"('WT', 'LCTB92')",5.0,nan,nan,nan,0
shared,58,"('WT', 'LCTB92')",50.0,nan,nan,nan,0
shared,58,"('WT', 'LCTB92')",95.0,nan,nan,nan,0
shared,58,"('WT', 'LCTB92')",99.0,nan,nan,nan,0
shared,58,"('WT', 'VEH')",1.0,0.33219708800315856,0.32899932861328124,0.3409164661467075,223
shared,58,"('WT', 'VEH')",5.0,0.3505905568599701,0.3389181506633759,0.36853158473968506,223
shared,58,"('WT', 'VEH')",50.0,0.431867778301239,0.42074042558670044,0.4432864785194397,223
shared,58,"('WT', 'VEH')",95.0,0.5766586393117903,0.5591188132762909,0.6120176613330841,223
shared,58,"('WT', 'VEH')",99.0,0.6530617713928223,0.6067779362201691,0.660288280248642,223
shared,58,"('Dp1Yey', 'LCTB92')",1.0,0.2466156053543091,0.2428632378578186,0.2512860894203186,3553
shared,58,"('Dp1Yey', 'LCTB92')",5.0,0.3010393023490906,0.290549099445343,0.309990376830101,3553
shared,58,"('Dp1Yey', 'LCTB92')",50.0,0.4366408586502075,0.4327291026711464,0.4412005439400673,3553
shared,58,"('Dp1Yey', 'LCTB92')",95.0,0.6317815303802489,0.6240277886390684,0.6386595702171326,3553
shared,58,"('Dp1Yey', 'LCTB92')",99.0,0.7381042170524598,0.725316822052002,0.7516455686092377,3553
shared,58,"('Dp1Yey', 'VEH')",1.0,0.22856802225112915,0.2220253348350525,0.24152421951293945,3553
shared,58,"('Dp1Yey', 'VEH')",5.0,0.28498317003250123,0.2809021472930908,0.2898182964324951,3553
shared,58,"('Dp1Yey', 'VEH')",50.0,0.43332797288894653,0.42983490228652954,0.43691083937883374,3553
shared,58,"('Dp1Yey', 'VEH')",95.0,0.5920022249221801,0.5861996829509735,0.5968462467193603,3553
shared,58,"('Dp1Yey', 'VEH')",99.0,0.6310873901844025,0.6264975861310959,0.6368183183670044,3553
shared,58,"('WT', 'LCTB92')",1.0,0.12219770729541779,0.11870375990867615,0.12838553965091706,4522
shared,58,"('WT', 'LCTB92')",5.0,0.18084753453731536,0.17175347045063974,0.18973579868674276,4522
shared,58,"('WT', 'LCTB92')",50.0,0.44850480556488037,0.4422793388366699,0.45425018668174744,4522
shared,58,"('WT', 'LCTB92')",95.0,0.6540940463542938,0.6504537706449627,0.6571356783807277,4522
shared,58,"('WT', 'LCTB92')",99.0,0.7190630704164505,0.7063611752837896,0.7287520942091942,4522
shared,58,"('WT', 'VEH')",1.0,0.21497461199760437,0.21111908555030823,0.2186561800539493,3876
shared,58,"('WT', 'VEH')",5.0,0.2525004595518112,0.24575436115264893,0.2582879066467285,3876
shared,58,"('WT', 'VEH')",50.0,0.5291665941476822,0.5237092971801758,0.5332031302154064,3876
shared,58,"('WT', 'VEH')",95.0,0.7117786109447479,0.7040572166442871,0.7160294950008392,3876
shared,58,"('WT', 'VEH')",99.0,0.7668054774403572,0.7608291916549206,0.771048666909337,3876
shared,59,"('Dp1Yey', 'LCTB92')",1.0,nan,nan,nan,0
shared,59,"('Dp1Yey', 'LCTB92')",5.0,nan,nan,nan,0
shared,59,"('Dp1Yey', 'LCTB92')",50.0,nan,nan,nan,0
shared,59,"('Dp1Yey', 'LCTB92')",95.0,nan,nan,nan,0
shared,59,"('Dp1Yey', 'LCTB92')",99.0,nan,nan,nan,0
shared,59,"('Dp1Yey', 'VEH')",1.0,0.18222794592380523,0.18176150798797608,0.18657447755336762,220
shared,59,"('Dp1Yey', 'VEH')",5.0,0.19183149337768554,0.1862613558769226,0.22935616970062256,220
shared,59,"('Dp1Yey', 'VEH')",50.0,0.4425683915615082,0.41766053438186646,0.45949289202690125,220
shared,59,"('Dp1Yey', 'VEH')",95.0,0.6058843612670899,0.5898546382784843,0.6150001674890517,220
shared,59,"('Dp1Yey', 'VEH')",99.0,0.6390027126669884,0.6138705480098724,0.649148513674736,220
shared,59,"('WT', 'LCTB92')",1.0,nan,nan,nan,0
shared,59,"('WT', 'LCTB92')",5.0,nan,nan,nan,0
shared,59,"('WT', 'LCTB92')",50.0,nan,nan,nan,0
shared,59,"('WT', 'LCTB92')",95.0,nan,nan,nan,0
shared,59,"('WT', 'LCTB92')",99.0,nan,nan,nan,0
shared,59,"('WT', 'VEH')",1.0,0.33222536265850067,0.32817619502544404,0.3416519522666931,220
shared,59,"('WT', 'VEH')",5.0,0.34931338429450987,0.33983083367347716,0.36100070774555204,220
shared,59,"('WT', 'VEH')",50.0,0.4279365539550781,0.4181441068649292,0.4375517666339874,220
shared,59,"('WT', 'VEH')",95.0,0.5679040014743805,0.5488250598311423,0.6023133039474486,220
shared,59,"('WT', 'VEH')",99.0,0.6235344961285592,0.5990362499207259,0.6495321708917617,220
shared,59,"('Dp1Yey', 'LCTB92')",1.0,0.24468401074409485,0.2419467830657959,0.2509057044684887,3520
shared,59,"('Dp1Yey', 'LCTB92')",5.0,0.2976677417755127,0.2910294860601425,0.30542333126068116,3520
shared,59,"('Dp1Yey', 'LCTB92')",50.0,0.43347668647766113,0.43012346550822256,0.4371713258326054,3520
shared,59,"('Dp1Yey', 'LCTB92')",95.0,0.6283132120966911,0.6238691210746765,0.634788207039237,3520
shared,59,"('Dp1Yey', 'LCTB92')",99.0,0.7397763338685035,0.7219356000423431,0.7489935001730917,3520
shared,59,"('Dp1Yey', 'VEH')",1.0,0.22237234234809874,0.2133525013923645,0.24117505848407744,3520
shared,59,"('Dp1Yey', 'VEH')",5.0,0.28243485689163206,0.27882067263126376,0.28694447353482244,3520
shared,59,"('Dp1Yey', 'VEH')",50.0,0.43067625164985657,0.4265029303729534,0.43511748164892194,3520
shared,59,"('Dp1Yey', 'VEH')",95.0,0.586015436053276,0.580510875582695,0.5892812322825192,3520
shared,59,"('Dp1Yey', 'VEH')",99.0,0.6304017686843872,0.6251847993209958,0.6342079490423203,3520
shared,59,"('WT', 'LCTB92')",1.0,0.12256924450397491,0.11928200721740723,0.1257893443107605,4480
shared,59,"('WT', 'LCTB92')",5.0,0.1796898365020752,0.17012739181518555,0.18995795845985414,4480
shared,59,"('WT', 'LCTB92')",50.0,0.4448419511318207,0.4392956495285034,0.4503885120153427,4480
shared,59,"('WT', 'LCTB92')",95.0,0.6498077765107155,0.6457839820906521,0.6529151886701584,4480
shared,59,"('WT', 'LCTB92')",99.0,0.7133014255762101,0.7032536113262177,0.7258391581177711,4480
shared,59,"('WT', 'VEH')",1.0,0.21338180005550383,0.21096563339233398,0.21691244840621948,3840
shared,59,"('WT', 'VEH')",5.0,0.25029323995113373,0.2454538345336914,0.25555078089237215,3840
shared,59,"('WT', 'VEH')",50.0,0.525277853012085,0.5214322928339243,0.5292266309261322,3840
shared,59,"('WT', 'VEH')",95.0,0.7067508891224861,0.7016131892800331,0.7116566061973572,3840
shared,59,"('WT', 'VEH')",99.0,0.7628009545803071,0.7566353176534176,0.7663808423280718,3840
shared,5,"('Dp1Yey', 'LCTB92')",1.0,nan,nan,nan,0
shared,5,"('Dp1Yey', 'LCTB92')",5.0,nan,nan,nan,0
shared,5,"('Dp1Yey', 'LCTB92')",50.0,nan,nan,nan,0
shared,5,"('Dp1Yey', 'LCTB92')",95.0,nan,nan,nan,0
shared,5,"('Dp1Yey', 'LCTB92')",99.0,nan,nan,nan,0
shared,5,"('Dp1Yey', 'VEH')",1.0,0.6506243509054184,0.6310756802558899,0.6745978921651841,382
shared,5,"('Dp1Yey', 'VEH')",5.0,0.71771669536829,0.686601884663105,0.746852396428585,382
shared,5,"('Dp1Yey', 'VEH')",50.0,0.9267668761312962,0.9160109460353851,0.9398663211613894,382
shared,5,"('Dp1Yey', 'VEH')",95.0,1.123931699618697,1.103778433771804,1.1410585343837738,382
shared,5,"('Dp1Yey', 'VEH')",99.0,1.1873809111118316,1.1490054635703564,1.2938236892223358,382
shared,5,"('WT', 'LCTB92')",1.0,nan,nan,nan,0
shared,5,"('WT', 'LCTB92')",5.0,nan,nan,nan,0
shared,5,"('WT', 'LCTB92')",50.0,nan,nan,nan,0
shared,5,"('WT', 'LCTB92')",95.0,nan,nan,nan,0
shared,5,"('WT', 'LCTB92')",99.0,nan,nan,nan,0
shared,5,"('WT', 'VEH')",1.0,0.5613379630446435,0.5025938749313354,0.6179960161447525,382
shared,5,"('WT', 'VEH')",5.0,0.706506785750389,0.6540056765079498,0.7513011377863585,382
shared,5,"('WT', 'VEH')",50.0,0.9728348916396499,0.9570100396871567,0.9894573865458369,382
shared,5,"('WT', 'VEH')",95.0,1.1632531233131886,1.124170884117484,1.1795673437416554,382
shared,5,"('WT', 'VEH')",99.0,1.2245400302112102,1.1862922459840775,1.3189966678619385,382
shared,5,"('Dp1Yey', 'LCTB92')",1.0,0.6026699542999268,0.5899426153302193,0.6230204832702875,5302
shared,5,"('Dp1Yey', 'LCTB92')",5.0,0.7227704599499702,0.7142257909849287,0.736965355500579,5302
shared,5,"('Dp1Yey', 'LCTB92')",50.0,0.9268677309155464,0.9236924946308136,0.9299440011382103,5302
shared,5,"('Dp1Yey', 'LCTB92')",95.0,1.0295186502858997,1.026686745043844,1.0326150205126032,5302
shared,5,"('Dp1Yey', 'LCTB92')",99.0,1.0564122061058876,1.0515244582295415,1.0612604729831219,5302
shared,5,"('Dp1Yey', 'VEH')",1.0,0.5717808920145034,0.5529417356848717,0.5959924802184104,5302
shared,5,"('Dp1Yey', 'VEH')",5.0,0.7260585993528366,0.711416032910347,0.7358173028752207,5302
shared,5,"('Dp1Yey', 'VEH')",50.0,0.927140362560749,0.9243236026726663,0.930447556078434,5302
shared,5,"('Dp1Yey', 'VEH')",95.0,1.028319705463946,1.025521857663989,1.0309295346029104,5302
shared,5,"('Dp1Yey', 'VEH')",99.0,1.0566500548645854,1.0541280262116342,1.0596241273535416,5302
shared,5,"('WT', 'LCTB92')",1.0,0.5780917075276375,0.5596491396427155,0.6074255406856537,6748
shared,5,"('WT', 'LCTB92')",5.0,0.7217649132013321,0.7127869129180908,0.732845225930214,6748
shared,5,"('WT', 'LCTB92')",50.0,0.931638278067112,0.9291317031718791,0.9338594156317412,6748
shared,5,"('WT', 'LCTB92')",95.0,1.0333146832883358,1.031317288428545,1.0352828204631805,6748
shared,5,"('WT', 'LCTB92')",99.0,1.061741552911699,1.056535463631153,1.065409168601036,6748
shared,5,"('WT', 'VEH')",1.0,0.6145339760184289,0.5943604162931442,0.6417252123355865,5784
shared,5,"('WT', 'VEH')",5.0,0.7645835161209107,0.7562114648893475,0.7728763656876981,5784
shared,5,"('WT', 'VEH')",50.0,0.9491978697478771,0.9471696481108666,0.9515433672815561,5784
shared,5,"('WT', 'VEH')",95.0,1.0373336775228381,1.0354419146990403,1.0394757529720664,5784
shared,5,"('WT', 'VEH')",99.0,1.0641419727355241,1.0602605380117893,1.0678032711148262,5784
shared,60,"('Dp1Yey', 'LCTB92')",1.0,nan,nan,nan,0
shared,60,"('Dp1Yey', 'LCTB92')",5.0,nan,nan,nan,0
shared,60,"('Dp1Yey', 'LCTB92')",50.0,nan,nan,nan,0
shared,60,"('Dp1Yey', 'LCTB92')",95.0,nan,nan,nan,0
shared,60,"('Dp1Yey', 'LCTB92')",99.0,nan,nan,nan,0
shared,60,"('Dp1Yey', 'VEH')",1.0,0.18008216142654418,0.176965913772583,0.1932053565979004,217
shared,60,"('Dp1Yey', 'VEH')",5.0,0.20387996435165406,0.18742538690567018,0.23663458049297298,217
shared,60,"('Dp1Yey', 'VEH')",50.0,0.4355800151824951,0.40893852710723877,0.46305227279663086,217
shared,60,"('Dp1Yey', 'VEH')",95.0,0.5930453062057495,0.5817159831523895,0.6117566943168639,217
shared,60,"('Dp1Yey', 'VEH')",99.0,0.622894207239151,0.6048396706581116,0.6513116300106049,217
shared,60,"('WT', 'LCTB92')",1.0,nan,nan,nan,0
shared,60,"('WT', 'LCTB92')",5.0,nan,nan,nan,0
shared,60,"('WT', 'LCTB92')",50.0,nan,nan,nan,0
shared,60,"('WT', 'LCTB92')",95.0,nan,nan,nan,0
shared,60,"('WT', 'LCTB92')",99.0,nan,nan,nan,0
shared,60,"('WT', 'VEH')",1.0,0.33150413274765017,0.32385753393173217,0.3360159540176392,217
shared,60,"('WT', 'VEH')",5.0,0.3425390601158142,0.33532257080078126,0.35246715545654295,217
shared,60,"('WT', 'VEH')",50.0,0.42562758922576904,0.41642898321151733,0.4362983927130699,217
shared,60,"('WT', 'VEH')",95.0,0.5620191156864166,0.5477861881256103,0.5809803068637847,217
shared,60,"('WT', 'VEH')",99.0,0.6165502202510834,0.5753650975227356,0.6290953993797302,217
shared,60,"('Dp1Yey', 'LCTB92')",1.0,0.24581871509552003,0.239786776304245,0.2529242169857025,3487
shared,60,"('Dp1Yey', 'LCTB92')",5.0,0.29473406076431274,0.2894299626350403,0.30452906891703607,3487
shared,60,"('Dp1Yey', 'LCTB92')",50.0,0.4297434091567993,0.42623788118362427,0.4334774613380432,3487
shared,60,"('Dp1Yey', 'LCTB92')",95.0,0.6267800599336624,0.6192208349704742,0.631031209230423,3487
shared,60,"('Dp1Yey', 'LCTB92')",99.0,0.7380877631902691,0.7221683049201962,0.7517396062612534,3487
shared,60,"('Dp1Yey', 'VEH')",1.0,0.21727360010147095,0.20289140939712524,0.2383618950843811,3487
shared,60,"('Dp1Yey', 'VEH')",5.0,0.28141331672668457,0.2767949104309082,0.2851855933666229,3487
shared,60,"('Dp1Yey', 'VEH')",50.0,0.42961740493774414,0.42593955993652344,0.4326398968696594,3487
shared,60,"('Dp1Yey', 'VEH')",95.0,0.5812538266181945,0.5763641923666,0.5879392208158969,3487
shared,60,"('Dp1Yey', 'VEH')",99.0,0.6284014517068863,0.6211675703525543,0.6340883084386587,3487
shared,60,"('WT', 'LCTB92')",1.0,0.12220063209533691,0.11824899911880493,0.12466412723064423,4438
shared,60,"('WT', 'LCTB92')",5.0,0.1774960845708847,0.16971759252250196,0.1867306709289551,4438
shared,60,"('WT', 'LCTB92')",50.0,0.44075363874435425,0.43538427352905273,0.44809576869010925,4438
shared,60,"('WT', 'LCTB92')",95.0,0.6463147982954979,0.642036634683609,0.6504882910847662,4438
shared,60,"('WT', 'LCTB92')",99.0,0.7083824807405477,0.6897184016257526,0.7231002583503725,4438
shared,60,"('WT', 'VEH')",1.0,0.2110251235961914,0.2058558464050293,0.21470967650413514,3804
shared,60,"('WT', 'VEH')",5.0,0.24626552760601045,0.24073174215853216,0.2536872301995754,3804
shared,60,"('WT', 'VEH')",50.0,0.5213258862495422,0.5164773464202881,0.5251316875219345,3804
shared,60,"('WT', 'VEH')",95.0,0.7035922795534134,0.6952255368232727,0.7099025085940956,3804
shared,60,"('WT', 'VEH')",99.0,0.7569589950144291,0.7532628029584885,0.7602077506110071,3804
shared,61,"('Dp1Yey', 'LCTB92')",1.0,nan,nan,nan,0
shared,61,"('Dp1Yey', 'LCTB92')",5.0,nan,nan,nan,0
shared,61,"('Dp1Yey', 'LCTB92')",50.0,nan,nan,nan,0
shared,61,"('Dp1Yey', 'LCTB92')",95.0,nan,nan,nan,0
shared,61,"('Dp1Yey', 'LCTB92')",99.0,nan,nan,nan,0
shared,61,"('Dp1Yey', 'VEH')",1.0,0.18506560683250428,0.1732433545589447,0.205423623919487,214
shared,61,"('Dp1Yey', 'VEH')",5.0,0.23285749852657317,0.20234648287296295,0.25529671013355254,214
shared,61,"('Dp1Yey', 'VEH')",50.0,0.4221433699131012,0.40842851996421814,0.4630368947982788,214
shared,61,"('Dp1Yey', 'VEH')",95.0,0.5762009054422379,0.5693230330944061,0.6003393828868866,214
shared,61,"('Dp1Yey', 'VEH')",99.0,0.6407474064826966,0.591550350189209,0.6625237348675728,214
shared,61,"('WT', 'LCTB92')",1.0,nan,nan,nan,0
shared,61,"('WT', 'LCTB92')",5.0,nan,nan,nan,0
shared,61,"('WT', 'LCTB92')",50.0,nan,nan,nan,0
shared,61,"('WT', 'LCTB92')",95.0,nan,nan,nan,0
shared,61,"('WT', 'LCTB92')",99.0,nan,nan,nan,0
shared,61,"('WT', 'VEH')",1.0,0.3301042985916138,0.31196579337120056,0.3372984528541565,214
shared,61,"('WT', 'VEH')",5.0,0.3391307830810547,0.33505991101264954,0.3451829612255096,214
shared,61,"('WT', 'VEH')",50.0,0.42376023530960083,0.4163030982017517,0.43483862802386286,214
shared,61,"('WT', 'VEH')",95.0,0.5602569624781608,0.535759449005127,0.576948493719101,214
shared,61,"('WT', 'VEH')",99.0,0.6225694599747658,0.5651842355728149,0.6365802400782702,214
shared,61,"('Dp1Yey', 'LCTB92')",1.0,0.24931959092617034,0.23789258138835429,0.2543693512678146,3454
shared,61,"('Dp1Yey', 'LCTB92')",5.0,0.2912371873855591,0.2866140249371529,0.3039353609085083,3454
shared,61,"('Dp1Yey', 'LCTB92')",50.0,0.42873454093933105,0.42493377849459646,0.43195751309394836,3454
shared,61,"('Dp1Yey', 'LCTB92')",95.0,0.624480564892292,0.6157988830655811,0.6287397601827979,3454
shared,61,"('Dp1Yey', 'LCTB92')",99.0,0.7390617886185644,0.7156274020671844,0.7572418210990726,3454
shared,61,"('Dp1Yey', 'VEH')",1.0,0.20998214066028595,0.19829869270324707,0.23561210134625435,3454
shared,61,"('Dp1Yey', 'VEH')",5.0,0.2792507916688919,0.27318212896585464,0.2846347242593765,3454
shared,61,"('Dp1Yey', 'VEH')",50.0,0.42838171124458313,0.42466977387666704,0.4310530126094818,3454
shared,61,"('Dp1Yey', 'VEH')",95.0,0.579432663321495,0.5748765403404832,0.5835142530128359,3454
shared,61,"('Dp1Yey', 'VEH')",99.0,0.6217594879865646,0.6169660460054874,0.6250514395534992,3454
shared,61,"('WT', 'LCTB92')",1.0,0.12160671949386596,0.11831564635038376,0.12550686851143836,4396
shared,61,"('WT', 'LCTB92')",5.0,0.1751064658164978,0.1694754958152771,0.18500199913978577,4396
shared,61,"('WT', 'LCTB92')",50.0,0.4386710524559021,0.43259002193808554,0.4448324702680111,4396
shared,61,"('WT', 'LCTB92')",95.0,0.640927791595459,0.6367689222097397,0.6448942273855209,4396
shared,61,"('WT', 'LCTB92')",99.0,0.6983229264616966,0.6766974329948425,0.7153535619378091,4396
shared,61,"('WT', 'VEH')",1.0,0.20693616807460785,0.2028203010559082,0.21155935704708098,3768
shared,61,"('WT', 'VEH')",5.0,0.24380038380622865,0.23920941352844238,0.2521984151005745,3768
shared,61,"('WT', 'VEH')",50.0,0.5166269838809967,0.5117490440607071,0.5214780122041702,3768
shared,61,"('WT', 'VEH')",95.0,0.6984768465161321,0.6915292518585919,0.7070204615592957,3768
shared,61,"('WT', 'VEH')",99.0,0.7553055401146412,0.7493492844998836,0.760040819644928,3768
shared,62,"('Dp1Yey', 'LCTB92')",1.0,nan,nan,nan,0
shared,62,"('Dp1Yey', 'LCTB92')",5.0,nan,nan,nan,0
shared,62,"('Dp1Yey', 'LCTB92')",50.0,nan,nan,nan,0
shared,62,"('Dp1Yey', 'LCTB92')",95.0,nan,nan,nan,0
shared,62,"('Dp1Yey', 'LCTB92')",99.0,nan,nan,nan,0
shared,62,"('Dp1Yey', 'VEH')",1.0,0.1872933864593506,0.17450543045997619,0.2306445379555225,211
shared,62,"('Dp1Yey', 'VEH')",5.0,0.2412548065185547,0.20832180976867676,0.27042192220687866,211
shared,62,"('Dp1Yey', 'VEH')",50.0,0.4291571378707886,0.3946681618690491,0.4729467034339905,211
shared,62,"('Dp1Yey', 'VEH')",95.0,0.5762250125408173,0.5633672177791595,0.5977611541748047,211
shared,62,"('Dp1Yey', 'VEH')",99.0,0.6274446070194245,0.5847953950613737,0.6327926427125931,211
shared,62,"('WT', 'LCTB92')",1.0,nan,nan,nan,0
shared,62,"('WT', 'LCTB92')",5.0,nan,nan,nan,0
shared,62,"('WT', 'LCTB92')",50.0,nan,nan,nan,0
shared,62,"('WT', 'LCTB92')",95.0,nan,nan,nan,0
shared,62,"('WT', 'LCTB92')",99.0,nan,nan,nan,0
shared,62,"('WT', 'VEH')",1.0,0.3237686038017273,0.2999954879283905,0.33646160364151,211
shared,62,"('WT', 'VEH')",5.0,0.3392339050769806,0.333266943693161,0.34280604124069214,211
shared,62,"('WT', 'VEH')",50.0,0.42376279830932617,0.4126817584037781,0.42801541090011597,211
shared,62,"('WT', 'VEH')",95.0,0.5519843399524689,0.5274523794651031,0.5739211235195397,211
shared,62,"('WT', 'VEH')",99.0,0.6131168544292451,0.5673654973506927,0.6230627089738846,211
shared,62,"('Dp1Yey', 'LCTB92')",1.0,0.24650075435638427,0.23968591690063476,0.25218653202056884,3421
shared,62,"('Dp1Yey', 'LCTB92')",5.0,0.2903822064399719,0.28287845849990845,0.29886502027511597,3421
shared,62,"('Dp1Yey', 'LCTB92')",50.0,0.42537176609039307,0.42269056141376493,0.42886537313461304,3421
shared,62,"('Dp1Yey', 'LCTB92')",95.0,0.620950311422348,0.6139348149299622,0.6269928514957428,3421
shared,62,"('Dp1Yey', 'LCTB92')",99.0,0.7388646960258484,0.7135868641734125,0.7636452883481981,3421
shared,62,"('Dp1Yey', 'VEH')",1.0,0.2088857650756836,0.19677276611328126,0.22986302375793458,3421
shared,62,"('Dp1Yey', 'VEH')",5.0,0.2759106159210205,0.2702116370201111,0.28110361099243164,3421
shared,62,"('Dp1Yey', 'VEH')",50.0,0.42591750621795654,0.4224284261465073,0.43047577142715454,3421
shared,62,"('Dp1Yey', 'VEH')",95.0,0.5787013471126556,0.5746912658214569,0.5831239223480225,3421
shared,62,"('Dp1Yey', 'VEH')",99.0,0.6184626996517182,0.6125318348407746,0.623951178789139,3421
shared,62,"('WT', 'LCTB92')",1.0,0.12106373310089111,0.11805707216262817,0.12550259232521058,4354
shared,62,"('WT', 'LCTB92')",5.0,0.1731405407190323,0.16714531183242798,0.18258249759674072,4354
shared,62,"('WT', 'LCTB92')",50.0,0.4358236789703369,0.4283356167376041,0.4433198802173138,4354
shared,62,"('WT', 'LCTB92')",95.0,0.636367782950401,0.6325687573850155,0.6412053406238556,4354
shared,62,"('WT', 'LCTB92')",99.0,0.6856314009428028,0.6701400670409206,0.7064778357744224,4354
shared,62,"('WT', 'VEH')",1.0,0.2033291882276535,0.196977240473032,0.20995064668357372,3732
shared,62,"('WT', 'VEH')",5.0,0.2412589281797409,0.23732608169317246,0.24787319414317607,3732
shared,62,"('WT', 'VEH')",50.0,0.5130944401025772,0.5074341710656881,0.5169558227062225,3732
shared,62,"('WT', 'VEH')",95.0,0.6966470569372177,0.6870831444859504,0.7026084661483765,3732
shared,62,"('WT', 'VEH')",99.0,0.7502619636058807,0.7416163024306297,0.7539528175219894,3732
shared,63,"('Dp1Yey', 'LCTB92')",1.0,nan,nan,nan,0
shared,63,"('Dp1Yey', 'LCTB92')",5.0,nan,nan,nan,0
shared,63,"('Dp1Yey', 'LCTB92')",50.0,nan,nan,nan,0
shared,63,"('Dp1Yey', 'LCTB92')",95.0,nan,nan,nan,0
shared,63,"('Dp1Yey', 'LCTB92')",99.0,nan,nan,nan,0
shared,63,"('Dp1Yey', 'VEH')",1.0,0.2012442970275879,0.1842233967781067,0.24243098497390747,208
shared,63,"('Dp1Yey', 'VEH')",5.0,0.2533884644508362,0.22815923988819126,0.26690917909145356,208
shared,63,"('Dp1Yey', 'VEH')",50.0,0.4335004985332489,0.39230936765670776,0.46738675236701965,208
shared,63,"('Dp1Yey', 'VEH')",95.0,0.5742600113153458,0.5601773153617978,0.5985198199748991,208
shared,63,"('Dp1Yey', 'VEH')",99.0,0.602267572581768,0.5796153545379639,0.6077287793159485,208
shared,63,"('WT', 'LCTB92')",1.0,nan,nan,nan,0
shared,63,"('WT', 'LCTB92')",5.0,nan,nan,nan,0
shared,63,"('WT', 'LCTB92')",50.0,nan,nan,nan,0
shared,63,"('WT', 'LCTB92')",95.0,nan,nan,nan,0
shared,63,"('WT', 'LCTB92')",99.0,nan,nan,nan,0
shared,63,"('WT', 'VEH')",1.0,0.3026110476255417,0.2962216919660568,0.3309952157735825,208
shared,63,"('WT', 'VEH')",5.0,0.3344823032617569,0.3293117254972458,0.34354003965854646,208
shared,63,"('WT', 'VEH')",50.0,0.42211514711380005,0.409227192401886,0.43090763688087463,208
shared,63,"('WT', 'VEH')",95.0,0.541152086853981,0.5195629000663757,0.5659905627369879,208
shared,63,"('WT', 'VEH')",99.0,0.5869808945059777,0.5597246885299683,0.6120459976792335,208
shared,63,"('Dp1Yey', 'LCTB92')",1.0,0.24636953771114348,0.23808205127716064,0.2527820730209351,3388
shared,63,"('Dp1Yey', 'LCTB92')",5.0,0.28656924664974215,0.2803345710039139,0.29867037825286386,3388
shared,63,"('Dp1Yey', 'LCTB92')",50.0,0.42370283603668213,0.4210078284144402,0.4267609715461731,3388
shared,63,"('Dp1Yey', 'LCTB92')",95.0,0.6212029352784156,0.6139723068103194,0.6268047550693154,3388
shared,63,"('Dp1Yey', 'LCTB92')",99.0,0.7438323202729228,0.7124041345939044,0.7573326779901982,3388
shared,63,"('Dp1Yey', 'VEH')",1.0,0.20982231199741364,0.19445427536964416,0.22611361742019653,3388
shared,63,"('Dp1Yey', 'VEH')",5.0,0.2728336960077286,0.26786209478974343,0.2794420123100281,3388
shared,63,"('Dp1Yey', 'VEH')",50.0,0.422899454832077,0.4198772110044956,0.4271664023399353,3388
shared,63,"('Dp1Yey', 'VEH')",95.0,0.5770538687705993,0.5710712373256683,0.5802334249019622,3388
shared,63,"('Dp1Yey', 'VEH')",99.0,0.6226845845580102,0.6134277245923877,0.6304827332496643,3388
shared,63,"('WT', 'LCTB92')",1.0,0.12101262390613556,0.11802364587783813,0.12572668540477755,4312
shared,63,"('WT', 'LCTB92')",5.0,0.1722587674856186,0.16403478384017944,0.18130426704883576,4312
shared,63,"('WT', 'LCTB92')",50.0,0.4306560754776001,0.42497795820236206,0.43823848366737367,4312
shared,63,"('WT', 'LCTB92')",95.0,0.6336679488420487,0.6295999974012375,0.6361979072168469,4312
shared,63,"('WT', 'LCTB92')",99.0,0.6783090052008631,0.669855386018753,0.6955245491862301,4312
shared,63,"('WT', 'VEH')",1.0,0.20283396840095522,0.19288122653961182,0.20812112092971802,3696
shared,63,"('WT', 'VEH')",5.0,0.23977413773536682,0.23487212583422662,0.24669548869132996,3696
shared,63,"('WT', 'VEH')",50.0,0.506839707493782,0.5023103281855583,0.511538490653038,3696
shared,63,"('WT', 'VEH')",95.0,0.691363051533699,0.6841208264231682,0.6968644857406616,3696
shared,63,"('WT', 'VEH')",99.0,0.7419711366295815,0.7361531385406853,0.749968558549881,3696
shared,64,"('Dp1Yey', 'LCTB92')",1.0,nan,nan,nan,0
shared,64,"('Dp1Yey', 'LCTB92')",5.0,nan,nan,nan,0
shared,64,"('Dp1Yey', 'LCTB92')",50.0,nan,nan,nan,0
shared,64,"('Dp1Yey', 'LCTB92')",95.0,nan,nan,nan,0
shared,64,"('Dp1Yey', 'LCTB92')",99.0,nan,nan,nan,0
shared,64,"('Dp1Yey', 'VEH')",1.0,0.23142920017242433,0.22588399410247803,0.24704360961914062,205
shared,64,"('Dp1Yey', 'VEH')",5.0,0.25221790075302125,0.24473004341125487,0.2640956282615662,205
shared,64,"('Dp1Yey', 'VEH')",50.0,0.4292576313018799,0.39605844020843506,0.4546828866004944,205
shared,64,"('Dp1Yey', 'VEH')",95.0,0.5655426025390624,0.5551648080348969,0.582744127511978,205
shared,64,"('Dp1Yey', 'VEH')",99.0,0.5898407018184662,0.5705573260784149,0.6090849232673646,205
shared,64,"('WT', 'LCTB92')",1.0,nan,nan,nan,0
shared,64,"('WT', 'LCTB92')",5.0,nan,nan,nan,0
shared,64,"('WT', 'LCTB92')",50.0,nan,nan,nan,0
shared,64,"('WT', 'LCTB92')",95.0,nan,nan,nan,0
shared,64,"('WT', 'LCTB92')",99.0,nan,nan,nan,0
shared,64,"('WT', 'VEH')",1.0,0.3012003755569458,0.2949494194984436,0.3294280767440796,205
shared,64,"('WT', 'VEH')",5.0,0.33387855291366575,0.3248412013053894,0.3406306368112564,205
shared,64,"('WT', 'VEH')",50.0,0.42272406816482544,0.40462160110473633,0.4292929947376249,205
shared,64,"('WT', 'VEH')",95.0,0.5319366872310638,0.5059234499931335,0.554708969593048,205
shared,64,"('WT', 'VEH')",99.0,0.5813034033775331,0.5476442873477936,0.6297215664386753,205
shared,64,"('Dp1Yey', 'LCTB92')",1.0,0.2454657030105591,0.24061673879623413,0.2524417089521885,3355
shared,64,"('Dp1Yey', 'LCTB92')",5.0,0.28371207118034364,0.2771887183189392,0.2986887210607529,3355
shared,64,"('Dp1Yey', 'LCTB92')",50.0,0.42179977893829346,0.41819697618484497,0.4250020861625671,3355
shared,64,"('Dp1Yey', 'LCTB92')",95.0,0.6208763778209686,0.61439248919487,0.6277412056922912,3355
shared,64,"('Dp1Yey', 'LCTB92')",99.0,0.7386142718791961,0.7063044905662537,0.7527389571070672,3355
shared,64,"('Dp1Yey', 'VEH')",1.0,0.20573335766792297,0.19442301988601685,0.22038541024923317,3355
shared,64,"('Dp1Yey', 'VEH')",5.0,0.2709226369857788,0.2651797848939896,0.27531151175498964,3355
shared,64,"('Dp1Yey', 'VEH')",50.0,0.42104071378707886,0.4174935817718506,0.42462992668151855,3355
shared,64,"('Dp1Yey', 'VEH')",95.0,0.5732448726892471,0.568447223305702,0.5765533000230789,3355
shared,64,"('Dp1Yey', 'VEH')",99.0,0.6264396935701371,0.6130951896905898,0.6354148983955383,3355
shared,64,"('WT', 'LCTB92')",1.0,0.12315574824810027,0.11936557829380036,0.12515287816524506,4270
shared,64,"('WT', 'LCTB92')",5.0,0.1722134083509445,0.16289038062095643,0.18108908511698243,4270
shared,64,"('WT', 'LCTB92')",50.0,0.4276491701602936,0.4202108971774578,0.4344633221626282,4270
shared,64,"('WT', 'LCTB92')",95.0,0.6302679941058159,0.6258780062198639,0.6325231507420538,4270
shared,64,"('WT', 'LCTB92')",99.0,0.6727113893628129,0.6644002123326064,0.6896126011013989,4270
shared,64,"('WT', 'VEH')",1.0,0.19976550161838533,0.19363075494766235,0.20741240444779394,3660
shared,64,"('WT', 'VEH')",5.0,0.23683188557624818,0.2334806875884533,0.2442571520805359,3660
shared,64,"('WT', 'VEH')",50.0,0.5028384178876877,0.4987667202949524,0.5072920918464661,3660
shared,64,"('WT', 'VEH')",95.0,0.6889934435486793,0.681162393093109,0.6950647518038747,3660
shared,64,"('WT', 'VEH')",99.0,0.7343170806765554,0.7260441184043884,0.7449524797350162,3660
shared,65,"('Dp1Yey', 'LCTB92')",1.0,nan,nan,nan,0
shared,65,"('Dp1Yey', 'LCTB92')",5.0,nan,nan,nan,0
shared,65,"('Dp1Yey', 'LCTB92')",50.0,nan,nan,nan,0
shared,65,"('Dp1Yey', 'LCTB92')",95.0,nan,nan,nan,0
shared,65,"('Dp1Yey', 'LCTB92')",99.0,nan,nan,nan,0
shared,65,"('Dp1Yey', 'VEH')",1.0,0.2440100359916687,0.24198142647743226,0.2568155527114868,202
shared,65,"('Dp1Yey', 'VEH')",5.0,0.261655592918396,0.25040005445480346,0.2719694459438324,202
shared,65,"('Dp1Yey', 'VEH')",50.0,0.42316028475761414,0.39720451831817627,0.4705967903137207,202
shared,65,"('Dp1Yey', 'VEH')",95.0,0.5636346265673637,0.5482959657907486,0.5746832191944122,202
shared,65,"('Dp1Yey', 'VEH')",99.0,0.5850487256050111,0.5703275501728058,0.5874079501628876,202
shared,65,"('WT', 'LCTB92')",1.0,nan,nan,nan,0
shared,65,"('WT', 'LCTB92')",5.0,nan,nan,nan,0
shared,65,"('WT', 'LCTB92')",50.0,nan,nan,nan,0
shared,65,"('WT', 'LCTB92')",95.0,nan,nan,nan,0
shared,65,"('WT', 'LCTB92')",99.0,nan,nan,nan,0
shared,65,"('WT', 'VEH')",1.0,0.3039950680732727,0.29942798912525176,0.32435324281454087,202
shared,65,"('WT', 'VEH')",5.0,0.3301716446876526,0.31900209188461304,0.33842495292425145,202
shared,65,"('WT', 'VEH')",50.0,0.4155570864677429,0.40106505155563354,0.4295380115509033,202
shared,65,"('WT', 'VEH')",95.0,0.5338324442505835,0.4997606873512268,0.550341784954071,202
shared,65,"('WT', 'VEH')",99.0,0.5750262573361398,0.5421055853366852,0.5835166102647782,202
shared,65,"('Dp1Yey', 'LCTB92')",1.0,0.24705303370952605,0.24123984575271606,0.25228819012641907,3322
shared,65,"('Dp1Yey', 'LCTB92')",5.0,0.2834859430789948,0.2742500364780426,0.29650138966739176,3322
shared,65,"('Dp1Yey', 'LCTB92')",50.0,0.41934069991111755,0.4158504009246826,0.4223495125770569,3322
shared,65,"('Dp1Yey', 'LCTB92')",95.0,0.6211774364113807,0.6153534938767552,0.6281972348690031,3322
shared,65,"('Dp1Yey', 'LCTB92')",99.0,0.7337677532434463,0.7199590697884557,0.7491465631127355,3322
shared,65,"('Dp1Yey', 'VEH')",1.0,0.20424941599369048,0.19569919526576995,0.21887685894966125,3322
shared,65,"('Dp1Yey', 'VEH')",5.0,0.2677361905574799,0.2610767274349928,0.2735303044319153,3322
shared,65,"('Dp1Yey', 'VEH')",50.0,0.41918209195137024,0.41464653611183167,0.422432567179203,3322
shared,65,"('Dp1Yey', 'VEH')",95.0,0.5697975397109984,0.5641911542788147,0.5750204920768738,3322
shared,65,"('Dp1Yey', 'VEH')",99.0,0.6224563542008399,0.607405960559845,0.6362496912479401,3322
shared,65,"('WT', 'LCTB92')",1.0,0.12133579075336456,0.11934781074523926,0.1244649225771427,4228
shared,65,"('WT', 'LCTB92')",5.0,0.1701099067926407,0.1618923544883728,0.18156206011772158,4228
shared,65,"('WT', 'LCTB92')",50.0,0.4236679673194885,0.41700196266174316,0.432681143283844,4228
shared,65,"('WT', 'LCTB92')",95.0,0.6268148064613343,0.6234660148620605,0.6301965236663815,4228
shared,65,"('WT', 'LCTB92')",99.0,0.6721461772918693,0.6608778762817379,0.6866791844367981,4228
shared,65,"('WT', 'VEH')",1.0,0.19733679950237273,0.19260718290507794,0.2054811716079712,3624
shared,65,"('WT', 'VEH')",5.0,0.23552368879318236,0.23083802461624145,0.2429015777260065,3624
shared,65,"('WT', 'VEH')",50.0,0.49838513135910034,0.49337397813796996,0.5027593422681094,3624
shared,65,"('WT', 'VEH')",95.0,0.6855869069695472,0.6789416670799255,0.6917637478560209,3624
shared,65,"('WT', 'VEH')",99.0,0.7266578859090805,0.7194680273532867,0.7372941061854362,3624
shared,66,"('Dp1Yey', 'LCTB92')",1.0,nan,nan,nan,0
shared,66,"('Dp1Yey', 'LCTB92')",5.0,nan,nan,nan,0
shared,66,"('Dp1Yey', 'LCTB92')",50.0,nan,nan,nan,0
shared,66,"('Dp1Yey', 'LCTB92')",95.0,nan,nan,nan,0
shared,66,"('Dp1Yey', 'LCTB92')",99.0,nan,nan,nan,0
shared,66,"('Dp1Yey', 'VEH')",1.0,0.2417475974559784,0.23796844482421875,0.2558506727218628,199
shared,66,"('Dp1Yey', 'VEH')",5.0,0.2697384893894196,0.2478838562965393,0.2818653404712677,199
shared,66,"('Dp1Yey', 'VEH')",50.0,0.41598784923553467,0.3969481587409973,0.4798022508621216,199
shared,66,"('Dp1Yey', 'VEH')",95.0,0.5530089974403382,0.545724767446518,0.5678218901157379,199
shared,66,"('Dp1Yey', 'VEH')",99.0,0.5904907768964768,0.5584852579087022,0.599604457616806,199
shared,66,"('WT', 'LCTB92')",1.0,nan,nan,nan,0
shared,66,"('WT', 'LCTB92')",5.0,nan,nan,nan,0
shared,66,"('WT', 'LCTB92')",50.0,nan,nan,nan,0
shared,66,"('WT', 'LCTB92')",95.0,nan,nan,nan,0
shared,66,"('WT', 'LCTB92')",99.0,nan,nan,nan,0
shared,66,"('WT', 'VEH')",1.0,0.30721792817115784,0.2970215082168579,0.3228483004570007,199
shared,66,"('WT', 'VEH')",5.0,0.3305064082145691,0.3127424120903015,0.3373595371842384,199
shared,66,"('WT', 'VEH')",50.0,0.41846179962158203,0.39892542362213135,0.43147850036621094,199
shared,66,"('WT', 'VEH')",95.0,0.5197639882564544,0.4965910315513611,0.5405684113502502,199
shared,66,"('WT', 'VEH')",99.0,0.5530954694747926,0.5395491421222687,0.5662787854671478,199
shared,66,"('Dp1Yey', 'LCTB92')",1.0,0.24665257930755616,0.2410229539871216,0.2533304237127304,3289
shared,66,"('Dp1Yey', 'LCTB92')",5.0,0.2816400408744812,0.274063618183136,0.29646438360214233,3289
shared,66,"('Dp1Yey', 'LCTB92')",50.0,0.4168640971183777,0.41278648376464844,0.4201088547706604,3289
shared,66,"('Dp1Yey', 'LCTB92')",95.0,0.6240332663059234,0.6152920320630072,0.6279748678207397,3289
shared,66,"('Dp1Yey', 'LCTB92')",99.0,0.7393181312084197,0.7195114493370055,0.7446070531010628,3289
shared,66,"('Dp1Yey', 'VEH')",1.0,0.20783655643463134,0.19740557670593262,0.2212686824798584,3289
shared,66,"('Dp1Yey', 'VEH')",5.0,0.2653781533241272,0.2588769197463989,0.26911733150482176,3289
shared,66,"('Dp1Yey', 'VEH')",50.0,0.4148130416870117,0.41111707389354707,0.4202656149864197,3289
shared,66,"('Dp1Yey', 'VEH')",95.0,0.5651341438293457,0.5587819695472717,0.5708439946174622,3289
shared,66,"('Dp1Yey', 'VEH')",99.0,0.6195964169502257,0.6052391529083252,0.6322754919528961,3289
shared,66,"('WT', 'LCTB92')",1.0,0.1203395664691925,0.1179648420959711,0.12414430037140846,4186
shared,66,"('WT', 'LCTB92')",5.0,0.1692376583814621,0.15749385952949524,0.18112051486968994,4186
shared,66,"('WT', 'LCTB92')",50.0,0.4208667576313019,0.4137902855873108,0.4302058845758438,4186
shared,66,"('WT', 'LCTB92')",95.0,0.6231600195169449,0.6200708150863647,0.6262367201969028,4186
shared,66,"('WT', 'LCTB92')",99.0,0.66535674482584,0.6555500298738478,0.6740993142127983,4186
shared,66,"('WT', 'VEH')",1.0,0.19610616743564604,0.19032061398029326,0.20325416326522827,3588
shared,66,"('WT', 'VEH')",5.0,0.23368752896785736,0.2293781578540802,0.24087089367210865,3588
shared,66,"('WT', 'VEH')",50.0,0.49456483125686646,0.4899514064192772,0.49922326281666757,3588
shared,66,"('WT', 'VEH')",95.0,0.6811593860387801,0.6735319286584853,0.6872490644454956,3588
shared,66,"('WT', 'VEH')",99.0,0.720717685520649,0.7143220009505749,0.7295156852081419,3588
shared,67,"('Dp1Yey', 'LCTB92')",1.0,nan,nan,nan,0
shared,67,"('Dp1Yey', 'LCTB92')",5.0,nan,nan,nan,0
shared,67,"('Dp1Yey', 'LCTB92')",50.0,nan,nan,nan,0
shared,67,"('Dp1Yey', 'LCTB92')",95.0,nan,nan,nan,0
shared,67,"('Dp1Yey', 'LCTB92')",99.0,nan,nan,nan,0
shared,67,"('Dp1Yey', 'VEH')",1.0,0.24787741899490356,0.24097579717636108,0.26083355844020845,196
shared,67,"('Dp1Yey', 'VEH')",5.0,0.26871103048324585,0.2565536331385374,0.29591643810272217,196
shared,67,"('Dp1Yey', 'VEH')",50.0,0.41194671392440796,0.39990532398223877,0.470944344997406,196
shared,67,"('Dp1Yey', 'VEH')",95.0,0.5482248961925507,0.5420184429734946,0.5595945119857788,196
shared,67,"('Dp1Yey', 'VEH')",99.0,0.5812283039093022,0.5546109408140183,0.6231250762939453,196
shared,67,"('WT', 'LCTB92')",1.0,nan,nan,nan,0
shared,67,"('WT', 'LCTB92')",5.0,nan,nan,nan,0
shared,67,"('WT', 'LCTB92')",50.0,nan,nan,nan,0
shared,67,"('WT', 'LCTB92')",95.0,nan,nan,nan,0
shared,67,"('WT', 'LCTB92')",99.0,nan,nan,nan,0
shared,67,"('WT', 'VEH')",1.0,0.31425832509994506,0.2867822051048279,0.31948739290237427,196
shared,67,"('WT', 'VEH')",5.0,0.3218221962451935,0.3188064616173506,0.33128743991255755,196
shared,67,"('WT', 'VEH')",50.0,0.4216192960739136,0.39766156673431396,0.42885512113571167,196
shared,67,"('WT', 'VEH')",95.0,0.5144937112927437,0.49691152572631836,0.5237345993518829,196
shared,67,"('WT', 'VEH')",99.0,0.5264165922999382,0.5188068091869356,0.5449764728546143,196
shared,67,"('Dp1Yey', 'LCTB92')",1.0,0.24777573645114898,0.24194360971450804,0.25179803371429443,3256
shared,67,"('Dp1Yey', 'LCTB92')",5.0,0.28160540759563446,0.27505171298980713,0.29402290284633636,3256
shared,67,"('Dp1Yey', 'LCTB92')",50.0,0.414348304271698,0.41062813252210617,0.41829656437039375,3256
shared,67,"('Dp1Yey', 'LCTB92')",95.0,0.6242918893694878,0.6136084962636232,0.6289736106991768,3256
shared,67,"('Dp1Yey', 'LCTB92')",99.0,0.7344580382108689,0.7127867738157508,0.7413121923804278,3256
shared,67,"('Dp1Yey', 'VEH')",1.0,0.21076741814613342,0.19825011491775513,0.2243374317884445,3256
shared,67,"('Dp1Yey', 'VEH')",5.0,0.2609214335680008,0.25651952624320984,0.2659469421952963,3256
shared,67,"('Dp1Yey', 'VEH')",50.0,0.4121563136577606,0.4083160005509853,0.41637756451964375,3256
shared,67,"('Dp1Yey', 'VEH')",95.0,0.5598791018128395,0.5545122250914574,0.5668036937713623,3256
shared,67,"('Dp1Yey', 'VEH')",99.0,0.6129426926374434,0.6025759831070899,0.6242176294326782,3256
shared,67,"('WT', 'LCTB92')",1.0,0.1195647245645523,0.11590692102909088,0.12368253886699676,4144
shared,67,"('WT', 'LCTB92')",5.0,0.16878839433193207,0.15737494230270385,0.17968169152736663,4144
shared,67,"('WT', 'LCTB92')",50.0,0.41838687658309937,0.4087121017277241,0.42593040242791175,4144
shared,67,"('WT', 'LCTB92')",95.0,0.6192493468523026,0.6155386567115784,0.6222113686800003,4144
shared,67,"('WT', 'LCTB92')",99.0,0.6587598460912705,0.651150498986244,0.6652055585384363,4144
shared,67,"('WT', 'VEH')",1.0,0.19525179505348206,0.18964845895767213,0.202208970785141,3552
shared,67,"('WT', 'VEH')",5.0,0.2332204431295395,0.22684043645858765,0.238053497672081,3552
shared,67,"('WT', 'VEH')",50.0,0.4913007318973541,0.48671233654022217,0.4956983655691147,3552
shared,67,"('WT', 'VEH')",95.0,0.6724956348538399,0.6652104333043097,0.6809470951557159,3552
shared,67,"('WT', 'VEH')",99.0,0.7227756363153457,0.7137096309661864,0.7284643241763115,3552
shared,68,"('Dp1Yey', 'LCTB92')",1.0,nan,nan,nan,0
shared,68,"('Dp1Yey', 'LCTB92')",5.0,nan,nan,nan,0
shared,68,"('Dp1Yey', 'LCTB92')",50.0,nan,nan,nan,0
shared,68,"('Dp1Yey', 'LCTB92')",95.0,nan,nan,nan,0
shared,68,"('Dp1Yey', 'LCTB92')",99.0,nan,nan,nan,0
shared,68,"('Dp1Yey', 'VEH')",1.0,0.2546009802818298,0.2450816035270691,0.26237746536731715,193
shared,68,"('Dp1Yey', 'VEH')",5.0,0.2696561574935913,0.2612011432647705,0.2964020729064941,193
shared,68,"('Dp1Yey', 'VEH')",50.0,0.41237717866897583,0.39684897661209106,0.4599226117134094,193
shared,68,"('Dp1Yey', 'VEH')",95.0,0.5446504414081573,0.5382455885410309,0.5577780187129969,193
shared,68,"('Dp1Yey', 'VEH')",99.0,0.5921675634384155,0.5524063927829265,0.630174845457077,193
shared,68,"('WT', 'LCTB92')",1.0,nan,nan,nan,0
shared,68,"('WT', 'LCTB92')",5.0,nan,nan,nan,0
shared,68,"('WT', 'LCTB92')",50.0,nan,nan,nan,0
shared,68,"('WT', 'LCTB92')",95.0,nan,nan,nan,0
shared,68,"('WT', 'LCTB92')",99.0,nan,nan,nan,0
shared,68,"('WT', 'VEH')",1.0,0.3033363103866577,0.2985284924507141,0.3119549775123596,193
shared,68,"('WT', 'VEH')",5.0,0.31578717231750486,0.30867552757263184,0.32558205127716067,193
shared,68,"('WT', 'VEH')",50.0,0.42544782161712646,0.401965856552124,0.43395841121673584,193
shared,68,"('WT', 'VEH')",95.0,0.5046412467956543,0.48964345365762707,0.5213294088840484,193
shared,68,"('WT', 'VEH')",99.0,0.5286669170856475,0.5159951150417328,0.5416696965694427,193
shared,68,"('Dp1Yey', 'LCTB92')",1.0,0.2482034134864807,0.24423819780349731,0.2530232071876526,3223
shared,68,"('Dp1Yey', 'LCTB92')",5.0,0.28181331753730776,0.276692271232605,0.28927212953567505,3223
shared,68,"('Dp1Yey', 'LCTB92')",50.0,0.4124659299850464,0.4090333580970764,0.4151127338409424,3223
shared,68,"('Dp1Yey', 'LCTB92')",95.0,0.623024907708168,0.6130976279824972,0.6296659409999847,3223
shared,68,"('Dp1Yey', 'LCTB92')",99.0,0.7330770194530482,0.7201755481958388,0.7437494993209839,3223
shared,68,"('Dp1Yey', 'VEH')",1.0,0.21452446341514586,0.204379141330719,0.22625065267086023,3223
shared,68,"('Dp1Yey', 'VEH')",5.0,0.2587886393070221,0.2543411493301392,0.26256326675415037,3223
shared,68,"('Dp1Yey', 'VEH')",50.0,0.4094018340110779,0.40588080883026123,0.41400426626205444,3223
shared,68,"('Dp1Yey', 'VEH')",95.0,0.5555191814899444,0.5501536339521408,0.5622082471847534,3223
shared,68,"('Dp1Yey', 'VEH')",99.0,0.6088319051265716,0.6000044997036457,0.6174097776412961,3223
shared,68,"('WT', 'LCTB92')",1.0,0.1184999132156372,0.11612039521336555,0.12275737588107585,4102
shared,68,"('WT', 'LCTB92')",5.0,0.16490006744861602,0.15440963134169577,0.18042924530804155,4102
shared,68,"('WT', 'LCTB92')",50.0,0.4146972894668579,0.4055006243288517,0.4244634509086609,4102
shared,68,"('WT', 'LCTB92')",95.0,0.614685782790184,0.6116931200027466,0.6172926038503647,4102
shared,68,"('WT', 'LCTB92')",99.0,0.6488683694601057,0.6443765357136726,0.6577813845872875,4102
shared,68,"('WT', 'VEH')",1.0,0.19555551409721375,0.18821574203670025,0.19980073273181914,3516
shared,68,"('WT', 'VEH')",5.0,0.23065823316574097,0.22622312605381012,0.23859035968780518,3516
shared,68,"('WT', 'VEH')",50.0,0.488206148147583,0.4839704632759094,0.4926013946533203,3516
shared,68,"('WT', 'VEH')",95.0,0.6699442937970161,0.6597724482417107,0.6783624887466431,3516
shared,68,"('WT', 'VEH')",99.0,0.7170244410634041,0.7094889655709267,0.7230140566825867,3516
shared,69,"('Dp1Yey', 'LCTB92')",1.0,nan,nan,nan,0
shared,69,"('Dp1Yey', 'LCTB92')",5.0,nan,nan,nan,0
shared,69,"('Dp1Yey', 'LCTB92')",50.0,nan,nan,nan,0
shared,69,"('Dp1Yey', 'LCTB92')",95.0,nan,nan,nan,0
shared,69,"('Dp1Yey', 'LCTB92')",99.0,nan,nan,nan,0
shared,69,"('Dp1Yey', 'VEH')",1.0,0.25319968938827514,0.2416500449180603,0.26903690695762633,190
shared,69,"('Dp1Yey', 'VEH')",5.0,0.2727422654628754,0.26550429165363315,0.29442185163497925,190
shared,69,"('Dp1Yey', 'VEH')",50.0,0.4217332601547241,0.395488440990448,0.4528481960296631,190
shared,69,"('Dp1Yey', 'VEH')",95.0,0.5486959025263786,0.5381659358739853,0.5667883470654485,190
shared,69,"('Dp1Yey', 'VEH')",99.0,0.5837595406174659,0.5566086253523826,0.5927625298500061,190
shared,69,"('WT', 'LCTB92')",1.0,nan,nan,nan,0
shared,69,"('WT', 'LCTB92')",5.0,nan,nan,nan,0
shared,69,"('WT', 'LCTB92')",50.0,nan,nan,nan,0
shared,69,"('WT', 'LCTB92')",95.0,nan,nan,nan,0
shared,69,"('WT', 'LCTB92')",99.0,nan,nan,nan,0
shared,69,"('WT', 'VEH')",1.0,0.29197081685066223,0.28707027435302734,0.3036407232284546,190
shared,69,"('WT', 'VEH')",5.0,0.31356033980846404,0.303463876247406,0.32747779190540316,190
shared,69,"('WT', 'VEH')",50.0,0.4289737343788147,0.4017822742462158,0.4372052848339081,190
shared,69,"('WT', 'VEH')",95.0,0.49950452148914337,0.4870891064405441,0.5129769399762154,190
shared,69,"('WT', 'VEH')",99.0,0.5194249212741852,0.5109371244907379,0.5220950543880463,190
shared,69,"('Dp1Yey', 'LCTB92')",1.0,0.24671256482601167,0.24108891148865222,0.25034587487578386,3190
shared,69,"('Dp1Yey', 'LCTB92')",5.0,0.28200126290321353,0.27592177391052247,0.2874468871206045,3190
shared,69,"('Dp1Yey', 'LCTB92')",50.0,0.40933889150619507,0.40555620193481445,0.4131005108356476,3190
shared,69,"('Dp1Yey', 'LCTB92')",95.0,0.620194013416767,0.6104992970824241,0.6297607804834835,3190
shared,69,"('Dp1Yey', 'LCTB92')",99.0,0.7340402144193651,0.7156592211127283,0.7412418522089723,3190
shared,69,"('Dp1Yey', 'VEH')",1.0,0.21765011310577392,0.20777273178100586,0.22636166343092906,3190
shared,69,"('Dp1Yey', 'VEH')",5.0,0.2566406548023224,0.25305020809173584,0.26117382347583773,3190
shared,69,"('Dp1Yey', 'VEH')",50.0,0.40708470344543457,0.4031662933528423,0.41126773357391355,3190
shared,69,"('Dp1Yey', 'VEH')",95.0,0.5524251505732536,0.5457688449323176,0.5574136078357697,3190
shared,69,"('Dp1Yey', 'VEH')",99.0,0.6067118602991105,0.5981176197528839,0.6130035439133645,3190
shared,69,"('WT', 'LCTB92')",1.0,0.11844896256923676,0.11623399436473847,0.12227443408966063,4060
shared,69,"('WT', 'LCTB92')",5.0,0.16043729484081268,0.15238406144082547,0.17506080865859985,4060
shared,69,"('WT', 'LCTB92')",50.0,0.4135741591453552,0.40469410046935084,0.4198648206889629,4060
shared,69,"('WT', 'LCTB92')",95.0,0.6096178248524665,0.6054508686065673,0.612433910369873,4060
shared,69,"('WT', 'LCTB92')",99.0,0.6460888165235519,0.639646607339382,0.65070276081562,4060
shared,69,"('WT', 'VEH')",1.0,0.19324974000453948,0.18795353174209595,0.19862563371658326,3480
shared,69,"('WT', 'VEH')",5.0,0.22965381443500518,0.22487550973892212,0.2381361812353134,3480
shared,69,"('WT', 'VEH')",50.0,0.48344334959983826,0.47940436452627183,0.4869936406612396,3480
shared,69,"('WT', 'VEH')",95.0,0.6659428477287291,0.6575960044935342,0.6747103929519653,3480
shared,69,"('WT', 'VEH')",99.0,0.7144704136252403,0.7086002345383168,0.7205573999881745,3480
shared,6,"('Dp1Yey', 'LCTB92')",1.0,nan,nan,nan,0
shared,6,"('Dp1Yey', 'LCTB92')",5.0,nan,nan,nan,0
shared,6,"('Dp1Yey', 'LCTB92')",50.0,nan,nan,nan,0
shared,6,"('Dp1Yey', 'LCTB92')",95.0,nan,nan,nan,0
shared,6,"('Dp1Yey', 'LCTB92')",99.0,nan,nan,nan,0
shared,6,"('Dp1Yey', 'VEH')",1.0,0.6101944875717163,0.5445850193500519,0.6270262002944946,379
shared,6,"('Dp1Yey', 'VEH')",5.0,0.6672847807407379,0.6351891815662384,0.7051504641771317,379
shared,6,"('Dp1Yey', 'VEH')",50.0,0.9288191199302673,0.9093278050422668,0.9459771364927292,379
shared,6,"('Dp1Yey', 'VEH')",95.0,1.1333915874361988,1.0916934952139852,1.1551213338971138,379
shared,6,"('Dp1Yey', 'VEH')",99.0,1.1793857288360596,1.1589210900738833,1.1902251988649368,379
shared,6,"('WT', 'LCTB92')",1.0,nan,nan,nan,0
shared,6,"('WT', 'LCTB92')",5.0,nan,nan,nan,0
shared,6,"('WT', 'LCTB92')",50.0,nan,nan,nan,0
shared,6,"('WT', 'LCTB92')",95.0,nan,nan,nan,0
shared,6,"('WT', 'LCTB92')",99.0,nan,nan,nan,0
shared,6,"('WT', 'VEH')",1.0,0.4985838335752487,0.39935243129730225,0.592252379655838,379
shared,6,"('WT', 'VEH')",5.0,0.7027191877365112,0.6089421093463898,0.7232684195041656,379
shared,6,"('WT', 'VEH')",50.0,0.9568327255547047,0.9342048540711403,0.968046136200428,379
shared,6,"('WT', 'VEH')",95.0,1.1278062820434567,1.1115211756527423,1.156416979432106,379
shared,6,"('WT', 'VEH')",99.0,1.2516421163082123,1.1725399047136307,1.3582193851470947,379
shared,6,"('Dp1Yey', 'LCTB92')",1.0,0.5645706510543823,0.5365550220012665,0.5831623637676239,5269
shared,6,"('Dp1Yey', 'LCTB92')",5.0,0.6845718741416932,0.6741878986358643,0.6928132057189942,5269
shared,6,"('Dp1Yey', 'LCTB92')",50.0,0.9054822772741318,0.9022547392174601,0.9082059264183044,5269
shared,6,"('Dp1Yey', 'LCTB92')",95.0,1.016212360188365,1.0128777505829927,1.019065429791808,5269
shared,6,"('Dp1Yey', 'LCTB92')",99.0,1.046127177476883,1.042593805491924,1.049182920400053,5269
shared,6,"('Dp1Yey', 'VEH')",1.0,0.5571652102470398,0.5239920914173126,0.5717532432079315,5269
shared,6,"('Dp1Yey', 'VEH')",5.0,0.6909633219242096,0.6794581711292267,0.7007942432165146,5269
shared,6,"('Dp1Yey', 'VEH')",50.0,0.9055859968066216,0.9024282246828079,0.9081915225833654,5269
shared,6,"('Dp1Yey', 'VEH')",95.0,1.0147389633581043,1.01214034948498,1.0176261084154248,5269
shared,6,"('Dp1Yey', 'VEH')",99.0,1.044914140999317,1.041492979824543,1.050254964530468,5269
shared,6,"('WT', 'LCTB92')",1.0,0.5230373799800873,0.5094028115272522,0.5452086091041565,6706
shared,6,"('WT', 'LCTB92')",5.0,0.6856887266039848,0.6717851022258401,0.6946382820606232,6706
shared,6,"('WT', 'LCTB92')",50.0,0.9098780117928982,0.9075566977262497,0.9132997170090675,6706
shared,6,"('WT', 'LCTB92')",95.0,1.0206825667992234,1.018076637154445,1.0232940432615578,6706
shared,6,"('WT', 'LCTB92')",99.0,1.0525518994778393,1.0478793382644653,1.0571986265480517,6706
shared,6,"('WT', 'VEH')",1.0,0.6055467572808265,0.5787549513578415,0.6258001583814621,5748
shared,6,"('WT', 'VEH')",5.0,0.7392946779727936,0.7313057151436806,0.7481334499269724,5748
shared,6,"('WT', 'VEH')",50.0,0.9308546669781208,0.928568460047245,0.9335261790081859,5748
shared,6,"('WT', 'VEH')",95.0,1.0278121108189224,1.0256873965263367,1.030568117923103,5748
shared,6,"('WT', 'VEH')",99.0,1.0581811372563241,1.0549811527878046,1.0617915868014096,5748
shared,70,"('Dp1Yey', 'LCTB92')",1.0,nan,nan,nan,0
shared,70,"('Dp1Yey', 'LCTB92')",5.0,nan,nan,nan,0
shared,70,"('Dp1Yey', 'LCTB92')",50.0,nan,nan,nan,0
shared,70,"('Dp1Yey', 'LCTB92')",95.0,nan,nan,nan,0
shared,70,"('Dp1Yey', 'LCTB92')",99.0,nan,nan,nan,0
shared,70,"('Dp1Yey', 'VEH')",1.0,0.2591995668411255,0.25650250911712646,0.27127697825431824,187
shared,70,"('Dp1Yey', 'VEH')",5.0,0.2753726005554199,0.2658405900001526,0.2861293077468872,187
shared,70,"('Dp1Yey', 'VEH')",50.0,0.42595601081848145,0.38929569721221924,0.46052438020706177,187
shared,70,"('Dp1Yey', 'VEH')",95.0,0.5496985048055649,0.5415152489393948,0.5655593574047089,187
shared,70,"('Dp1Yey', 'VEH')",99.0,0.5737542331218718,0.5568643844127653,0.6096269488334656,187
shared,70,"('WT', 'LCTB92')",1.0,nan,nan,nan,0
shared,70,"('WT', 'LCTB92')",5.0,nan,nan,nan,0
shared,70,"('WT', 'LCTB92')",50.0,nan,nan,nan,0
shared,70,"('WT', 'LCTB92')",95.0,nan,nan,nan,0
shared,70,"('WT', 'LCTB92')",99.0,nan,nan,nan,0
shared,70,"('WT', 'VEH')",1.0,0.2845103025436401,0.2803703546524048,0.3009575605392456,187
shared,70,"('WT', 'VEH')",5.0,0.31458056569099424,0.28907638788223267,0.3233786642551422,187
shared,70,"('WT', 'VEH')",50.0,0.42971885204315186,0.4196312427520752,0.43723297119140625,187
shared,70,"('WT', 'VEH')",95.0,0.5005437523126602,0.48958570256829254,0.5043204575777054,187
shared,70,"('WT', 'VEH')",99.0,0.5076332539319992,0.5022930204868317,0.5302886366844177,187
shared,70,"('Dp1Yey', 'LCTB92')",1.0,0.24477362155914306,0.2411727637052536,0.2508898377418518,3157
shared,70,"('Dp1Yey', 'LCTB92')",5.0,0.28104528188705447,0.27556704729795456,0.28720390796661377,3157
shared,70,"('Dp1Yey', 'LCTB92')",50.0,0.40575897693634033,0.4011334180831909,0.41021430492401123,3157
shared,70,"('Dp1Yey', 'LCTB92')",95.0,0.6193313598632812,0.6098349988460541,0.6292571006715295,3157
shared,70,"('Dp1Yey', 'LCTB92')",99.0,0.7298226714134217,0.7161918795108796,0.7403684556484222,3157
shared,70,"('Dp1Yey', 'VEH')",1.0,0.22075092792510986,0.21575188636779785,0.22785454988479614,3157
shared,70,"('Dp1Yey', 'VEH')",5.0,0.2553150415420532,0.2513331413269043,0.2595434853434563,3157
shared,70,"('Dp1Yey', 'VEH')",50.0,0.40509653091430664,0.3998847007751465,0.40941840410232544,3157
shared,70,"('Dp1Yey', 'VEH')",95.0,0.5481840670108795,0.5421784996986387,0.5551616251468658,3157
shared,70,"('Dp1Yey', 'VEH')",99.0,0.6016860532760621,0.5902768962681294,0.6095978915691376,3157
shared,70,"('WT', 'LCTB92')",1.0,0.11811749994754792,0.11559303462505341,0.12137763023376465,4018
shared,70,"('WT', 'LCTB92')",5.0,0.15649837255477905,0.15071249902248382,0.1704583927243948,4018
shared,70,"('WT', 'LCTB92')",50.0,0.40906304121017456,0.40138429328799247,0.41772289872169494,4018
shared,70,"('WT', 'LCTB92')",95.0,0.605993627011776,0.6021876499056816,0.6091521680355072,4018
shared,70,"('WT', 'LCTB92')",99.0,0.6391972577571868,0.631554126739502,0.6460964295268058,4018
shared,70,"('WT', 'VEH')",1.0,0.19331362962722778,0.187536239027977,0.1983570373058319,3444
shared,70,"('WT', 'VEH')",5.0,0.22891813218593599,0.22389930486679077,0.23489555671811105,3444
shared,70,"('WT', 'VEH')",50.0,0.47840631008148193,0.47491148859262466,0.48361754417419434,3444
shared,70,"('WT', 'VEH')",95.0,0.661841195821762,0.654725469648838,0.6705115437507629,3444
shared,70,"('WT', 'VEH')",99.0,0.7129421013593675,0.7084278613328934,0.7197909083962442,3444
shared,71,"('Dp1Yey', 'LCTB92')",1.0,nan,nan,nan,0
shared,71,"('Dp1Yey', 'LCTB92')",5.0,nan,nan,nan,0
shared,71,"('Dp1Yey', 'LCTB92')",50.0,nan,nan,nan,0
shared,71,"('Dp1Yey', 'LCTB92')",95.0,nan,nan,nan,0
shared,71,"('Dp1Yey', 'LCTB92')",99.0,nan,nan,nan,0
shared,71,"('Dp1Yey', 'VEH')",1.0,0.2597946685552597,0.2463386058807373,0.26933926343917847,184
shared,71,"('Dp1Yey', 'VEH')",5.0,0.27778095901012423,0.26507238775491715,0.28328540943562963,184
shared,71,"('Dp1Yey', 'VEH')",50.0,0.4244703948497772,0.39175713062286377,0.45602983236312866,184
shared,71,"('Dp1Yey', 'VEH')",95.0,0.5501989647746086,0.5412303090095519,0.5573554769158363,184
shared,71,"('Dp1Yey', 'VEH')",99.0,0.5793137788772583,0.5521471217274666,0.5979644656181335,184
shared,71,"('WT', 'LCTB92')",1.0,nan,nan,nan,0
shared,71,"('WT', 'LCTB92')",5.0,nan,nan,nan,0
shared,71,"('WT', 'LCTB92')",50.0,nan,nan,nan,0
shared,71,"('WT', 'LCTB92')",95.0,nan,nan,nan,0
shared,71,"('WT', 'LCTB92')",99.0,nan,nan,nan,0
shared,71,"('WT', 'VEH')",1.0,0.27815373718738556,0.2754707336425781,0.3000822514295578,184
shared,71,"('WT', 'VEH')",5.0,0.3119741290807724,0.2886462975293398,0.32154595851898193,184
shared,71,"('WT', 'VEH')",50.0,0.43302926421165466,0.4158029854297638,0.4413193464279175,184
shared,71,"('WT', 'VEH')",95.0,0.4919779121875763,0.4889476031064987,0.49689863324165345,184
shared,71,"('WT', 'VEH')",99.0,0.5007693397998809,0.4959784150123596,0.507758378982544,184
shared,71,"('Dp1Yey', 'LCTB92')",1.0,0.24387762069702149,0.23899710178375244,0.25143659114837646,3124
shared,71,"('Dp1Yey', 'LCTB92')",5.0,0.28259197473526,0.2765563543140888,0.28602497801184656,3124
shared,71,"('Dp1Yey', 'LCTB92')",50.0,0.40184637904167175,0.3968528777360916,0.405647873878479,3124
shared,71,"('Dp1Yey', 'LCTB92')",95.0,0.616450110077858,0.60827659368515,0.6323740949481723,3124
shared,71,"('Dp1Yey', 'LCTB92')",99.0,0.7320484659075737,0.7104402844905853,0.7364477217197418,3124
shared,71,"('Dp1Yey', 'VEH')",1.0,0.22441969215869903,0.21347513139247895,0.22836244106292725,3124
shared,71,"('Dp1Yey', 'VEH')",5.0,0.25341692566871643,0.24864647544920446,0.2588895559310913,3124
shared,71,"('Dp1Yey', 'VEH')",50.0,0.4020155072212219,0.39834344387054443,0.40665017887949945,3124
shared,71,"('Dp1Yey', 'VEH')",95.0,0.5474473968148231,0.5400391012430191,0.5513145327568054,3124
shared,71,"('Dp1Yey', 'VEH')",99.0,0.5968043756484985,0.5863060057163239,0.5992477238178253,3124
shared,71,"('WT', 'LCTB92')",1.0,0.11630161106586456,0.11346668004989624,0.12129757404327392,3976
shared,71,"('WT', 'LCTB92')",5.0,0.15521374344825745,0.14992936179041863,0.16600201241672038,3976
shared,71,"('WT', 'LCTB92')",50.0,0.40536683797836304,0.3976782560348511,0.41332257613539697,3976
shared,71,"('WT', 'LCTB92')",95.0,0.6002981439232826,0.5962823629379272,0.6052159866318106,3976
shared,71,"('WT', 'LCTB92')",99.0,0.6318283006548882,0.6265062388032675,0.6366372046992183,3976
shared,71,"('WT', 'VEH')",1.0,0.19207382023334504,0.18677872121334077,0.19823124173283577,3408
shared,71,"('WT', 'VEH')",5.0,0.22917722165584564,0.22301932275295258,0.23413407802581787,3408
shared,71,"('WT', 'VEH')",50.0,0.47450923919677734,0.4706736966967583,0.478487491607666,3408
shared,71,"('WT', 'VEH')",95.0,0.656919939815998,0.6510436594486236,0.6645024029538033,3408
shared,71,"('WT', 'VEH')",99.0,0.7152626129984851,0.7061774134635925,0.7212795302271843,3408
shared,72,"('Dp1Yey', 'LCTB92')",1.0,nan,nan,nan,0
shared,72,"('Dp1Yey', 'LCTB92')",5.0,nan,nan,nan,0
shared,72,"('Dp1Yey', 'LCTB92')",50.0,nan,nan,nan,0
shared,72,"('Dp1Yey', 'LCTB92')",95.0,nan,nan,nan,0
shared,72,"('Dp1Yey', 'LCTB92')",99.0,nan,nan,nan,0
shared,72,"('Dp1Yey', 'VEH')",1.0,0.2575190782546997,0.24715852737426758,0.2632728588581085,181
shared,72,"('Dp1Yey', 'VEH')",5.0,0.26960110664367676,0.25861430168151855,0.2831757068634033,181
shared,72,"('Dp1Yey', 'VEH')",50.0,0.4306015968322754,0.39149898290634155,0.4516546130180359,181
shared,72,"('Dp1Yey', 'VEH')",95.0,0.5459410548210144,0.5403442084789276,0.5650100708007812,181
shared,72,"('Dp1Yey', 'VEH')",99.0,0.5754937767982482,0.5519959688186644,0.5973882377147675,181
shared,72,"('WT', 'LCTB92')",1.0,nan,nan,nan,0
shared,72,"('WT', 'LCTB92')",5.0,nan,nan,nan,0
shared,72,"('WT', 'LCTB92')",50.0,nan,nan,nan,0
shared,72,"('WT', 'LCTB92')",95.0,nan,nan,nan,0
shared,72,"('WT', 'LCTB92')",99.0,nan,nan,nan,0
shared,72,"('WT', 'VEH')",1.0,0.287206768989563,0.2739675045013428,0.2983522689342499,181
shared,72,"('WT', 'VEH')",5.0,0.3071054220199585,0.296164333820343,0.31930744647979736,181
shared,72,"('WT', 'VEH')",50.0,0.4303385615348816,0.41282403469085693,0.44281870126724243,181
shared,72,"('WT', 'VEH')",95.0,0.49227404594421387,0.48521876335144043,0.5012130439281464,181
shared,72,"('WT', 'VEH')",99.0,0.5093850314617157,0.49849140644073486,0.5158801376819611,181
shared,72,"('Dp1Yey', 'LCTB92')",1.0,0.24554235935211183,0.2406281925737858,0.24936418533325194,3091
shared,72,"('Dp1Yey', 'LCTB92')",5.0,0.28252294659614563,0.2793095901608467,0.28649771213531494,3091
shared,72,"('Dp1Yey', 'LCTB92')",50.0,0.3982009291648865,0.3941401198506355,0.4020708203315735,3091
shared,72,"('Dp1Yey', 'LCTB92')",95.0,0.6157076805830002,0.6083777844905853,0.6279352009296417,3091
shared,72,"('Dp1Yey', 'LCTB92')",99.0,0.7302053928375243,0.7018806316703557,0.7424933865666388,3091
shared,72,"('Dp1Yey', 'VEH')",1.0,0.22649372220039368,0.2121701180934906,0.2298972189426422,3091
shared,72,"('Dp1Yey', 'VEH')",5.0,0.2514522671699524,0.24775195121765137,0.2570832669734955,3091
shared,72,"('Dp1Yey', 'VEH')",50.0,0.4003884196281433,0.39635908603668213,0.40376490354537964,3091
shared,72,"('Dp1Yey', 'VEH')",95.0,0.5433623045682907,0.5367113053798676,0.549152135848999,3091
shared,72,"('Dp1Yey', 'VEH')",99.0,0.5866822689771651,0.5808101443201302,0.5908777266740798,3091
shared,72,"('WT', 'LCTB92')",1.0,0.11622604072093963,0.11332343757152558,0.11894118785858154,3934
shared,72,"('WT', 'LCTB92')",5.0,0.154419407248497,0.14747049808502197,0.1634855717420578,3934
shared,72,"('WT', 'LCTB92')",50.0,0.4008333384990692,0.39471323043107986,0.40857688933610914,3934
shared,72,"('WT', 'LCTB92')",95.0,0.5974745288491249,0.592850410938263,0.6006616217643023,3934
shared,72,"('WT', 'LCTB92')",99.0,0.6290390339493751,0.6235062879323959,0.6313318255543708,3934
shared,72,"('WT', 'VEH')",1.0,0.19156770706176757,0.18704819798469544,0.19632232254743576,3372
shared,72,"('WT', 'VEH')",5.0,0.22913597524166107,0.22151585586369038,0.23497086763381958,3372
shared,72,"('WT', 'VEH')",50.0,0.4706486761569977,0.46538540720939636,0.47480872049927714,3372
shared,72,"('WT', 'VEH')",95.0,0.6519831001758575,0.6488675428926944,0.6610753829777241,3372
shared,72,"('WT', 'VEH')",99.0,0.712324478328228,0.702769954316318,0.7192007637023925,3372
shared,73,"('Dp1Yey', 'LCTB92')",1.0,nan,nan,nan,0
shared,73,"('Dp1Yey', 'LCTB92')",5.0,nan,nan,nan,0
shared,73,"('Dp1Yey', 'LCTB92')",50.0,nan,nan,nan,0
shared,73,"('Dp1Yey', 'LCTB92')",95.0,nan,nan,nan,0
shared,73,"('Dp1Yey', 'LCTB92')",99.0,nan,nan,nan,0
shared,73,"('Dp1Yey', 'VEH')",1.0,0.24889123916625977,0.24348801374435425,0.2629349221587181,178
shared,73,"('Dp1Yey', 'VEH')",5.0,0.2672539412975311,0.25552088022232056,0.2870490074157715,178
shared,73,"('Dp1Yey', 'VEH')",50.0,0.4226225018501282,0.3909892439842224,0.4432772696018219,178
shared,73,"('Dp1Yey', 'VEH')",95.0,0.5486103653907776,0.5370000272989274,0.5534391403198242,178
shared,73,"('Dp1Yey', 'VEH')",99.0,0.5776184648275375,0.5507690602540969,0.5937145948410034,178
shared,73,"('WT', 'LCTB92')",1.0,nan,nan,nan,0
shared,73,"('WT', 'LCTB92')",5.0,nan,nan,nan,0
shared,73,"('WT', 'LCTB92')",50.0,nan,nan,nan,0
shared,73,"('WT', 'LCTB92')",95.0,nan,nan,nan,0
shared,73,"('WT', 'LCTB92')",99.0,nan,nan,nan,0
shared,73,"('WT', 'VEH')",1.0,0.2908880203962326,0.28817254304885864,0.3009738677740097,178
shared,73,"('WT', 'VEH')",5.0,0.3055053472518921,0.29790496826171875,0.31454656422138216,178
shared,73,"('WT', 'VEH')",50.0,0.4252215027809143,0.41076844930648804,0.43859267234802246,178
shared,73,"('WT', 'VEH')",95.0,0.49601321518421176,0.48888133764266967,0.5011392831802368,178
shared,73,"('WT', 'VEH')",99.0,0.5120668324828146,0.5000795447900891,0.531596839427948,178
shared,73,"('Dp1Yey', 'LCTB92')",1.0,0.24742606043815613,0.23915547132492065,0.25155162811279297,3058
shared,73,"('Dp1Yey', 'LCTB92')",5.0,0.2825779765844345,0.27925437688827515,0.28580536641180515,3058
shared,73,"('Dp1Yey', 'LCTB92')",50.0,0.3954683840274811,0.39173187166452406,0.400418534129858,3058
shared,73,"('Dp1Yey', 'LCTB92')",95.0,0.6145409598946573,0.6040219321846964,0.6306543946266174,3058
shared,73,"('Dp1Yey', 'LCTB92')",99.0,0.7234041500091545,0.7029927968978882,0.7389078179001808,3058
shared,73,"('Dp1Yey', 'VEH')",1.0,0.22419974207878113,0.21197128295898438,0.22774686940014363,3058
shared,73,"('Dp1Yey', 'VEH')",5.0,0.2517087906599045,0.24724036000669003,0.25652319759130476,3058
shared,73,"('Dp1Yey', 'VEH')",50.0,0.3976847231388092,0.39328646659851074,0.4014666676521301,3058
shared,73,"('Dp1Yey', 'VEH')",95.0,0.5401697874069215,0.5345613896846771,0.5445783451199532,3058
shared,73,"('Dp1Yey', 'VEH')",99.0,0.5802749460935591,0.5724116563796997,0.5851610109210013,3058
shared,73,"('WT', 'LCTB92')",1.0,0.1141257792711258,0.11184294663369655,0.11865989056229592,3892
shared,73,"('WT', 'LCTB92')",5.0,0.1529812514781952,0.14690374732017517,0.16157032527029513,3892
shared,73,"('WT', 'LCTB92')",50.0,0.39786651730537415,0.3903567470610142,0.40570926666259766,3892
shared,73,"('WT', 'LCTB92')",95.0,0.5915595099329948,0.5886863932013512,0.5955727398395538,3892
shared,73,"('WT', 'LCTB92')",99.0,0.6251596128940582,0.6204385459423065,0.6308193069696427,3892
shared,73,"('WT', 'VEH')",1.0,0.1922732412815094,0.18768790364265442,0.19556158185005187,3336
shared,73,"('WT', 'VEH')",5.0,0.2276986986398697,0.219385027885437,0.2344302535057068,3336
shared,73,"('WT', 'VEH')",50.0,0.46647581458091736,0.4619728647172451,0.47141605988144875,3336
shared,73,"('WT', 'VEH')",95.0,0.6499397158622742,0.6454060971736908,0.6549050807952881,3336
shared,73,"('WT', 'VEH')",99.0,0.7106549978256226,0.7036354362964632,0.7179490089416506,3336
shared,74,"('Dp1Yey', 'LCTB92')",1.0,nan,nan,nan,0
shared,74,"('Dp1Yey', 'LCTB92')",5.0,nan,nan,nan,0
shared,74,"('Dp1Yey', 'LCTB92')",50.0,nan,nan,nan,0
shared,74,"('Dp1Yey', 'LCTB92')",95.0,nan,nan,nan,0
shared,74,"('Dp1Yey', 'LCTB92')",99.0,nan,nan,nan,0
shared,74,"('Dp1Yey', 'VEH')",1.0,0.24822846412658692,0.24684423208236694,0.260975182056427,175
shared,74,"('Dp1Yey', 'VEH')",5.0,0.26564294695854185,0.2546755075454712,0.29444200396537784,175
shared,74,"('Dp1Yey', 'VEH')",50.0,0.4266754984855652,0.3868106007575989,0.44218558073043823,175
shared,74,"('Dp1Yey', 'VEH')",95.0,0.5437803298234939,0.5343358010053634,0.5578637868165969,175
shared,74,"('Dp1Yey', 'VEH')",99.0,0.5638732135295867,0.5521698079854247,0.5734171271324158,175
shared,74,"('WT', 'LCTB92')",1.0,nan,nan,nan,0
shared,74,"('WT', 'LCTB92')",5.0,nan,nan,nan,0
shared,74,"('WT', 'LCTB92')",50.0,nan,nan,nan,0
shared,74,"('WT', 'LCTB92')",95.0,nan,nan,nan,0
shared,74,"('WT', 'LCTB92')",99.0,nan,nan,nan,0
shared,74,"('WT', 'VEH')",1.0,0.2944652009010315,0.2910420298576355,0.30179423093795776,175
shared,74,"('WT', 'VEH')",5.0,0.3040886163711548,0.3011503219604492,0.31438654065132143,175
shared,74,"('WT', 'VEH')",50.0,0.4212501049041748,0.40651023387908936,0.43639785051345825,175
shared,74,"('WT', 'VEH')",95.0,0.49290941357612605,0.48779510080814353,0.5009708106517792,175
shared,74,"('WT', 'VEH')",99.0,0.507198439836502,0.49802857637405396,0.5191241800785065,175
shared,74,"('Dp1Yey', 'LCTB92')",1.0,0.24883991241455078,0.24298725473880767,0.2532359565496445,3025
shared,74,"('Dp1Yey', 'LCTB92')",5.0,0.28234156370162966,0.2786395317316055,0.2849490880966187,3025
shared,74,"('Dp1Yey', 'LCTB92')",50.0,0.3944772481918335,0.3892843723297119,0.3987388610839844,3025
shared,74,"('Dp1Yey', 'LCTB92')",95.0,0.6122436702251433,0.6034612825512886,0.6325764656066895,3025
shared,74,"('Dp1Yey', 'LCTB92')",99.0,0.7227190697193144,0.7075796723365784,0.7383013463020324,3025
shared,74,"('Dp1Yey', 'VEH')",1.0,0.22206889390945433,0.21205675601959229,0.22641116380691528,3025
shared,74,"('Dp1Yey', 'VEH')",5.0,0.2497022032737732,0.24535375833511353,0.2560559630393982,3025
shared,74,"('Dp1Yey', 'VEH')",50.0,0.3944362998008728,0.390274615585804,0.3981442660093307,3025
shared,74,"('Dp1Yey', 'VEH')",95.0,0.5392067253589629,0.5329512655735016,0.542805927991867,3025
shared,74,"('Dp1Yey', 'VEH')",99.0,0.5714906382560728,0.5659485459327698,0.581867128610611,3025
shared,74,"('WT', 'LCTB92')",1.0,0.1138771516084671,0.11151463697850704,0.11803927028179168,3850
shared,74,"('WT', 'LCTB92')",5.0,0.15218846201896669,0.14693402349948884,0.16100671663880342,3850
shared,74,"('WT', 'LCTB92')",50.0,0.3960798680782318,0.3875401377677917,0.4041821651160717,3850
shared,74,"('WT', 'LCTB92')",95.0,0.5865068137645721,0.583099476993084,0.5897749796509743,3850
shared,74,"('WT', 'LCTB92')",99.0,0.6247056302428243,0.6169339072704315,0.6290661990642548,3850
shared,74,"('WT', 'VEH')",1.0,0.19249097108840943,0.18677770614624023,0.19602592861652374,3300
shared,74,"('WT', 'VEH')",5.0,0.22426871061325074,0.217982879281044,0.23212394654750823,3300
shared,74,"('WT', 'VEH')",50.0,0.4636094272136688,0.45873576402664185,0.46893706917762756,3300
shared,74,"('WT', 'VEH')",95.0,0.6482328906655311,0.6422416039183736,0.6530969724059105,3300
shared,74,"('WT', 'VEH')",99.0,0.7077906343340874,0.7004926800727844,0.7185994684696198,3300
shared,75,"('Dp1Yey', 'LCTB92')",1.0,nan,nan,nan,0
shared,75,"('Dp1Yey', 'LCTB92')",5.0,nan,nan,nan,0
shared,75,"('Dp1Yey', 'LCTB92')",50.0,nan,nan,nan,0
shared,75,"('Dp1Yey', 'LCTB92')",95.0,nan,nan,nan,0
shared,75,"('Dp1Yey', 'LCTB92')",99.0,nan,nan,nan,0
shared,75,"('Dp1Yey', 'VEH')",1.0,0.24779799997806548,0.23989653587341309,0.25864548517763614,172
shared,75,"('Dp1Yey', 'VEH')",5.0,0.2609609454870224,0.25632786750793457,0.29129565358161924,172
shared,75,"('Dp1Yey', 'VEH')",50.0,0.4247804582118988,0.3775548204779625,0.4432836502790451,172
shared,75,"('Dp1Yey', 'VEH')",95.0,0.5409117326140404,0.5348693355917931,0.5469605326652527,172
shared,75,"('Dp1Yey', 'VEH')",99.0,0.5538529217243194,0.5432614707946777,0.5635786950588226,172
shared,75,"('WT', 'LCTB92')",1.0,nan,nan,nan,0
shared,75,"('WT', 'LCTB92')",5.0,nan,nan,nan,0
shared,75,"('WT', 'LCTB92')",50.0,nan,nan,nan,0
shared,75,"('WT', 'LCTB92')",95.0,nan,nan,nan,0
shared,75,"('WT', 'LCTB92')",99.0,nan,nan,nan,0
shared,75,"('WT', 'VEH')",1.0,0.29628477692604066,0.29223912954330444,0.302579345703125,172
shared,75,"('WT', 'VEH')",5.0,0.3064201772212982,0.2986849546432495,0.3123687893152237,172
shared,75,"('WT', 'VEH')",50.0,0.41776832938194275,0.40217575430870056,0.44036686420440674,172
shared,75,"('WT', 'VEH')",95.0,0.4978964298963547,0.4901084899902344,0.5069525837898254,172
shared,75,"('WT', 'VEH')",99.0,0.511697369813919,0.5027313190698622,0.5152181684970856,172
shared,75,"('Dp1Yey', 'LCTB92')",1.0,0.24738291025161743,0.24231308996677398,0.2541727554798126,2992
shared,75,"('Dp1Yey', 'LCTB92')",5.0,0.2823707699775696,0.2773410022258759,0.2857468507438898,2992
shared,75,"('Dp1Yey', 'LCTB92')",50.0,0.39095911383628845,0.38653719797730446,0.3956775665283203,2992
shared,75,"('Dp1Yey', 'LCTB92')",95.0,0.610848245024681,0.6011852785944937,0.6315741539001465,2992
shared,75,"('Dp1Yey', 'LCTB92')",99.0,0.7279809162020684,0.7053236067295074,0.7361828923225406,2992
shared,75,"('Dp1Yey', 'VEH')",1.0,0.22092090129852296,0.20438086986541748,0.22684877395629882,2992
shared,75,"('Dp1Yey', 'VEH')",5.0,0.2485446810722351,0.24394504725933075,0.25165320254862306,2992
shared,75,"('Dp1Yey', 'VEH')",50.0,0.3907161056995392,0.3873172998428345,0.3952973783016205,2992
shared,75,"('Dp1Yey', 'VEH')",95.0,0.5350530579686165,0.5293287932872772,0.5395822151005266,2992
shared,75,"('Dp1Yey', 'VEH')",99.0,0.5678024956583977,0.5609933176636696,0.5775592368841171,2992
shared,75,"('WT', 'LCTB92')",1.0,0.11331660151481629,0.11034843400120735,0.11640828847885132,3808
shared,75,"('WT', 'LCTB92')",5.0,0.15223603546619416,0.1456437945365906,0.15854303084313867,3808
shared,75,"('WT', 'LCTB92')",50.0,0.392835408449173,0.3862089991569519,0.40076515898108483,3808
shared,75,"('WT', 'LCTB92')",95.0,0.5812823876738549,0.5774458050727844,0.5854026675224304,3808
shared,75,"('WT', 'LCTB92')",99.0,0.618685949742794,0.6113320923596618,0.6248888671398163,3808
shared,75,"('WT', 'VEH')",1.0,0.19333502411842346,0.18793662190437316,0.1955040693283081,3264
shared,75,"('WT', 'VEH')",5.0,0.22252267003059387,0.2138204574584961,0.2312695562839508,3264
shared,75,"('WT', 'VEH')",50.0,0.46124961972236633,0.45466204211115835,0.4668867692351341,3264
shared,75,"('WT', 'VEH')",95.0,0.6448222756385803,0.6385341584682465,0.6523268222808838,3264
shared,75,"('WT', 'VEH')",99.0,0.7080233711004257,0.6962847998738289,0.7143224075436592,3264
shared,76,"('Dp1Yey', 'LCTB92')",1.0,nan,nan,nan,0
shared,76,"('Dp1Yey', 'LCTB92')",5.0,nan,nan,nan,0
shared,76,"('Dp1Yey', 'LCTB92')",50.0,nan,nan,nan,0
shared,76,"('Dp1Yey', 'LCTB92')",95.0,nan,nan,nan,0
shared,76,"('Dp1Yey', 'LCTB92')",99.0,nan,nan,nan,0
shared,76,"('Dp1Yey', 'VEH')",1.0,0.24703232526779176,0.24423176050186157,0.25504595041275024,169
shared,76,"('Dp1Yey', 'VEH')",5.0,0.25973981618881226,0.25078892827034,0.2925619840621948,169
shared,76,"('Dp1Yey', 'VEH')",50.0,0.4259774088859558,0.3758828639984131,0.4395153522491455,169
shared,76,"('Dp1Yey', 'VEH')",95.0,0.5346754193305969,0.5270386618375777,0.5439951419830322,169
shared,76,"('Dp1Yey', 'VEH')",99.0,0.5537339615821838,0.5387258684635162,0.5649792850017548,169
shared,76,"('WT', 'LCTB92')",1.0,nan,nan,nan,0
shared,76,"('WT', 'LCTB92')",5.0,nan,nan,nan,0
shared,76,"('WT', 'LCTB92')",50.0,nan,nan,nan,0
shared,76,"('WT', 'LCTB92')",95.0,nan,nan,nan,0
shared,76,"('WT', 'LCTB92')",99.0,nan,nan,nan,0
shared,76,"('WT', 'VEH')",1.0,0.2913777780532837,0.2783147096633911,0.2977505874633789,169
shared,76,"('WT', 'VEH')",5.0,0.30059999227523804,0.2954871654510498,0.3097835421562195,169
shared,76,"('WT', 'VEH')",50.0,0.41151881217956543,0.40327632427215576,0.43089067935943604,169
shared,76,"('WT', 'VEH')",95.0,0.502677994966507,0.498215913772583,0.5068356096744537,169
shared,76,"('WT', 'VEH')",99.0,0.5103980362415313,0.5052692651748657,0.5226335525512695,169
shared,76,"('Dp1Yey', 'LCTB92')",1.0,0.24848682641983033,0.24418254774808884,0.25431161880493164,2959
shared,76,"('Dp1Yey', 'LCTB92')",5.0,0.28052508234977724,0.2779936552047729,0.284628814458847,2959
shared,76,"('Dp1Yey', 'LCTB92')",50.0,0.3889828324317932,0.3853138670325279,0.3929034471511841,2959
shared,76,"('Dp1Yey', 'LCTB92')",95.0,0.6085273444652557,0.5979259625822305,0.6312601566314697,2959
shared,76,"('Dp1Yey', 'LCTB92')",99.0,0.7251615780591965,0.7017785906791687,0.737426808476448,2959
shared,76,"('Dp1Yey', 'VEH')",1.0,0.2201465368270874,0.20817357301712036,0.2256482458114624,2959
shared,76,"('Dp1Yey', 'VEH')",5.0,0.24651188850402833,0.2434231996536255,0.2512217023968697,2959
shared,76,"('Dp1Yey', 'VEH')",50.0,0.3880370855331421,0.38414122015237806,0.3924485445022583,2959
shared,76,"('Dp1Yey', 'VEH')",95.0,0.5298990428447723,0.523797654286027,0.5366742968559265,2959
shared,76,"('Dp1Yey', 'VEH')",99.0,0.5648772537708283,0.5583921660780908,0.5733573734760284,2959
shared,76,"('WT', 'LCTB92')",1.0,0.11220381557941436,0.10926809310913085,0.11693157851696015,3766
shared,76,"('WT', 'LCTB92')",5.0,0.15108662843704224,0.14720505475997925,0.1567085236310959,3766
shared,76,"('WT', 'LCTB92')",50.0,0.39074641466140747,0.3841823026537895,0.39767894744873045,3766
shared,76,"('WT', 'LCTB92')",95.0,0.5766953378915787,0.5723527351394295,0.5806200472638011,3766
shared,76,"('WT', 'LCTB92')",99.0,0.6114659637212754,0.606348305940628,0.6174106299877167,3766
shared,76,"('WT', 'VEH')",1.0,0.19249676644802094,0.18906861543655396,0.1951361894607544,3228
shared,76,"('WT', 'VEH')",5.0,0.2205330401659012,0.21417111158370972,0.22928151264786725,3228
shared,76,"('WT', 'VEH')",50.0,0.4576990306377411,0.4510687626898289,0.4637641906738281,3228
shared,76,"('WT', 'VEH')",95.0,0.6408495455980301,0.6322512358427047,0.6488958299160004,3228
shared,76,"('WT', 'VEH')",99.0,0.7073074489831924,0.6984694302082062,0.7156166091561318,3228
shared,77,"('Dp1Yey', 'LCTB92')",1.0,nan,nan,nan,0
shared,77,"('Dp1Yey', 'LCTB92')",5.0,nan,nan,nan,0
shared,77,"('Dp1Yey', 'LCTB92')",50.0,nan,nan,nan,0
shared,77,"('Dp1Yey', 'LCTB92')",95.0,nan,nan,nan,0
shared,77,"('Dp1Yey', 'LCTB92')",99.0,nan,nan,nan,0
shared,77,"('Dp1Yey', 'VEH')",1.0,0.24828964173793794,0.24495142698287964,0.2561324626207352,166
shared,77,"('Dp1Yey', 'VEH')",5.0,0.2651531547307968,0.2506147027015686,0.29372357428073875,166
shared,77,"('Dp1Yey', 'VEH')",50.0,0.411176860332489,0.37600868940353394,0.43460183218121506,166
shared,77,"('Dp1Yey', 'VEH')",95.0,0.5327538996934891,0.5254976153373718,0.5371260344982147,166
shared,77,"('Dp1Yey', 'VEH')",99.0,0.5396040603518486,0.5352176517248154,0.5574122369289398,166
shared,77,"('WT', 'LCTB92')",1.0,nan,nan,nan,0
shared,77,"('WT', 'LCTB92')",5.0,nan,nan,nan,0
shared,77,"('WT', 'LCTB92')",50.0,nan,nan,nan,0
shared,77,"('WT', 'LCTB92')",95.0,nan,nan,nan,0
shared,77,"('WT', 'LCTB92')",99.0,nan,nan,nan,0
shared,77,"('WT', 'VEH')",1.0,0.27593944072723386,0.26345115900039673,0.2885178714990616,166
shared,77,"('WT', 'VEH')",5.0,0.2942129075527191,0.2812908887863159,0.31062713265419006,166
shared,77,"('WT', 'VEH')",50.0,0.41090917587280273,0.4003181457519531,0.4277838170528412,166
shared,77,"('WT', 'VEH')",95.0,0.5099783763289452,0.4994170367717743,0.5147732496261597,166
shared,77,"('WT', 'VEH')",99.0,0.5186835125088691,0.512042124569416,0.5207956433296204,166
shared,77,"('Dp1Yey', 'LCTB92')",1.0,0.2488701194524765,0.2451515156775713,0.2526513636112213,2926
shared,77,"('Dp1Yey', 'LCTB92')",5.0,0.281062513589859,0.2777838706970215,0.28482137620449066,2926
shared,77,"('Dp1Yey', 'LCTB92')",50.0,0.38564756512641907,0.382220983505249,0.3890741251409054,2926
shared,77,"('Dp1Yey', 'LCTB92')",95.0,0.6081779450178146,0.5932424813508987,0.6290216147899628,2926
shared,77,"('Dp1Yey', 'LCTB92')",99.0,0.7211505323648453,0.6974499523639679,0.7321302518248558,2926
shared,77,"('Dp1Yey', 'VEH')",1.0,0.21682968735694885,0.19008952639997007,0.22406914830207825,2926
shared,77,"('Dp1Yey', 'VEH')",5.0,0.2452884316444397,0.24245424568653107,0.2489711046218872,2926
shared,77,"('Dp1Yey', 'VEH')",50.0,0.38426923751831055,0.38132039681077,0.3888218402862549,2926
shared,77,"('Dp1Yey', 'VEH')",95.0,0.5252722278237343,0.5188708581030369,0.5304911732673645,2926
shared,77,"('Dp1Yey', 'VEH')",99.0,0.5621637105941772,0.5548180639743805,0.5691460147500038,2926
shared,77,"('WT', 'LCTB92')",1.0,0.11312406063079834,0.1094440221786499,0.11675792650878429,3724
shared,77,"('WT', 'LCTB92')",5.0,0.149682879447937,0.14477276802062988,0.15627537935972213,3724
shared,77,"('WT', 'LCTB92')",50.0,0.38794904947280884,0.382354636490345,0.39570051431655884,3724
shared,77,"('WT', 'LCTB92')",95.0,0.5727228492498397,0.5677914435788989,0.5780265145748854,3724
shared,77,"('WT', 'LCTB92')",99.0,0.6069194042682647,0.6017349477782845,0.6127769816815852,3724
shared,77,"('WT', 'VEH')",1.0,0.19277797281742096,0.1890574091374874,0.19645686566829682,3192
shared,77,"('WT', 'VEH')",5.0,0.220441672205925,0.2147451639175415,0.22952544391155244,3192
shared,77,"('WT', 'VEH')",50.0,0.45498353242874146,0.447727233171463,0.4598331108689308,3192
shared,77,"('WT', 'VEH')",95.0,0.634458476305008,0.6289552748203278,0.6445149481296539,3192
shared,77,"('WT', 'VEH')",99.0,0.7077843254804611,0.6974930763244629,0.7137604483962061,3192
shared,78,"('Dp1Yey', 'LCTB92')",1.0,nan,nan,nan,0
shared,78,"('Dp1Yey', 'LCTB92')",5.0,nan,nan,nan,0
shared,78,"('Dp1Yey', 'LCTB92')",50.0,nan,nan,nan,0
shared,78,"('Dp1Yey', 'LCTB92')",95.0,nan,nan,nan,0
shared,78,"('Dp1Yey', 'LCTB92')",99.0,nan,nan,nan,0
shared,78,"('Dp1Yey', 'VEH')",1.0,0.24640528798103334,0.24154919385910034,0.2706581987142562,163
shared,78,"('Dp1Yey', 'VEH')",5.0,0.2857177138328552,0.25448113679885864,0.3028828322887421,163
shared,78,"('Dp1Yey', 'VEH')",50.0,0.4133361577987671,0.37568724155426025,0.4370999336242676,163
shared,78,"('Dp1Yey', 'VEH')",95.0,0.5264005571603775,0.5188087612390518,0.5368534922599792,163
shared,78,"('Dp1Yey', 'VEH')",99.0,0.5416962426900863,0.5352458655834198,0.5491583943367004,163
shared,78,"('WT', 'LCTB92')",1.0,nan,nan,nan,0
shared,78,"('WT', 'LCTB92')",5.0,nan,nan,nan,0
shared,78,"('WT', 'LCTB92')",50.0,nan,nan,nan,0
shared,78,"('WT', 'LCTB92')",95.0,nan,nan,nan,0
shared,78,"('WT', 'LCTB92')",99.0,nan,nan,nan,0
shared,78,"('WT', 'VEH')",1.0,0.26674405217170716,0.26048731803894043,0.28286547303199766,163
shared,78,"('WT', 'VEH')",5.0,0.2955854594707489,0.27754056453704834,0.3085901401937008,163
shared,78,"('WT', 'VEH')",50.0,0.4141678214073181,0.39340198040008545,0.42635005712509155,163
shared,78,"('WT', 'VEH')",95.0,0.513366088271141,0.5037522384524346,0.5224719047546387,163
shared,78,"('WT', 'VEH')",99.0,0.5284209591150284,0.5196337389945984,0.5302751660346985,163
shared,78,"('Dp1Yey', 'LCTB92')",1.0,0.2510852885246277,0.24710302352905272,0.2547461986541748,2893
shared,78,"('Dp1Yey', 'LCTB92')",5.0,0.2812901854515076,0.27774078845977784,0.2837409684062004,2893
shared,78,"('Dp1Yey', 'LCTB92')",50.0,0.38263875246047974,0.3793115496635437,0.3864980936050415,2893
shared,78,"('Dp1Yey', 'LCTB92')",95.0,0.6078831374645234,0.5826742947101593,0.6284690797328949,2893
shared,78,"('Dp1Yey', 'LCTB92')",99.0,0.7195244777202606,0.6997519564628598,0.7274420118331908,2893
shared,78,"('Dp1Yey', 'VEH')",1.0,0.21542710542678833,0.20571717047691349,0.22041893005371094,2893
shared,78,"('Dp1Yey', 'VEH')",5.0,0.24485371112823487,0.24152164459228515,0.24810892343521118,2893
shared,78,"('Dp1Yey', 'VEH')",50.0,0.3827722668647766,0.37937346994876864,0.3864552974700928,2893
shared,78,"('Dp1Yey', 'VEH')",95.0,0.5208579540252686,0.5146776556968689,0.526602703332901,2893
shared,78,"('Dp1Yey', 'VEH')",99.0,0.5552731227874754,0.5512733542323112,0.5657776713371276,2893
shared,78,"('WT', 'LCTB92')",1.0,0.11272312700748444,0.1108220162242651,0.11598234057426453,3682
shared,78,"('WT', 'LCTB92')",5.0,0.14791997373104096,0.14355453714728356,0.1539669632911682,3682
shared,78,"('WT', 'LCTB92')",50.0,0.385626882314682,0.3808414936065674,0.39183029532432556,3682
shared,78,"('WT', 'LCTB92')",95.0,0.5682168558239937,0.5634282222390173,0.5722212195396423,3682
shared,78,"('WT', 'LCTB92')",99.0,0.6059308490157128,0.5984172523021698,0.6130987582728267,3682
shared,78,"('WT', 'VEH')",1.0,0.19216382801532744,0.18734675645828247,0.1957085133343935,3156
shared,78,"('WT', 'VEH')",5.0,0.2194736897945404,0.21378684043884277,0.22920262813568115,3156
shared,78,"('WT', 'VEH')",50.0,0.4526495635509491,0.4452848434448242,0.4574522092938423,3156
shared,78,"('WT', 'VEH')",95.0,0.6287901476025581,0.6234299266710878,0.6379964219406247,3156
shared,78,"('WT', 'VEH')",99.0,0.7047000303864478,0.6964344865456218,0.7114790380001068,3156
shared,79,"('Dp1Yey', 'LCTB92')",1.0,nan,nan,nan,0
shared,79,"('Dp1Yey', 'LCTB92')",5.0,nan,nan,nan,0
shared,79,"('Dp1Yey', 'LCTB92')",50.0,nan,nan,nan,0
shared,79,"('Dp1Yey', 'LCTB92')",95.0,nan,nan,nan,0
shared,79,"('Dp1Yey', 'LCTB92')",99.0,nan,nan,nan,0
shared,79,"('Dp1Yey', 'VEH')",1.0,0.24511695623397828,0.22848546504974365,0.295394275188446,160
shared,79,"('Dp1Yey', 'VEH')",5.0,0.2968487411737442,0.24989183247089386,0.3072185718268156,160
shared,79,"('Dp1Yey', 'VEH')",50.0,0.4066607356071472,0.37040984630584717,0.43203550577163696,160
shared,79,"('Dp1Yey', 'VEH')",95.0,0.5315049678087235,0.5120808777958155,0.5400171622633934,160
shared,79,"('Dp1Yey', 'VEH')",99.0,0.5419262969493865,0.5333276617527009,0.5516012012958527,160
shared,79,"('WT', 'LCTB92')",1.0,nan,nan,nan,0
shared,79,"('WT', 'LCTB92')",5.0,nan,nan,nan,0
shared,79,"('WT', 'LCTB92')",50.0,nan,nan,nan,0
shared,79,"('WT', 'LCTB92')",95.0,nan,nan,nan,0
shared,79,"('WT', 'LCTB92')",99.0,nan,nan,nan,0
shared,79,"('WT', 'VEH')",1.0,0.263777374625206,0.2596086859703064,0.2822940665483475,160
shared,79,"('WT', 'VEH')",5.0,0.29307663440704346,0.2786444664001465,0.3111487001180649,160
shared,79,"('WT', 'VEH')",50.0,0.41332828998565674,0.3978956639766693,0.4293409585952759,160
shared,79,"('WT', 'VEH')",95.0,0.5172200664877892,0.49575099807232603,0.5273162424564362,160
shared,79,"('WT', 'VEH')",99.0,0.5293159729242325,0.5200198093056678,0.5363612771034241,160
shared,79,"('Dp1Yey', 'LCTB92')",1.0,0.2528608524799347,0.2493345681130886,0.2566472768783569,2860
shared,79,"('Dp1Yey', 'LCTB92')",5.0,0.27928660809993744,0.27652827799320223,0.2818646914511919,2860
shared,79,"('Dp1Yey', 'LCTB92')",50.0,0.37999895215034485,0.3761486612260342,0.3840638257563114,2860
shared,79,"('Dp1Yey', 'LCTB92')",95.0,0.6058050975203513,0.5757428071647882,0.6286057233810425,2860
shared,79,"('Dp1Yey', 'LCTB92')",99.0,0.7146438214182851,0.7016215714812276,0.7267988302633166,2860
shared,79,"('Dp1Yey', 'VEH')",1.0,0.2114045637845993,0.1842660903930664,0.2190968445241451,2860
shared,79,"('Dp1Yey', 'VEH')",5.0,0.24369769394397736,0.24042350053787231,0.24701934039592743,2860
shared,79,"('Dp1Yey', 'VEH')",50.0,0.3814537227153778,0.3767000280320644,0.3834781043231487,2860
shared,79,"('Dp1Yey', 'VEH')",95.0,0.516037380695343,0.511746213324368,0.5224165990948675,2860
shared,79,"('Dp1Yey', 'VEH')",99.0,0.55395139336586,0.5452785341367126,0.5614483675360679,2860
shared,79,"('WT', 'LCTB92')",1.0,0.11332447588443756,0.1096268892288208,0.11705947875976562,3640
shared,79,"('WT', 'LCTB92')",5.0,0.1473394215106964,0.14215928316116333,0.15203833878040313,3640
shared,79,"('WT', 'LCTB92')",50.0,0.383419007062912,0.37759814187884333,0.3880909509956837,3640
shared,79,"('WT', 'LCTB92')",95.0,0.5637774318456649,0.5604903168603778,0.5674655751883984,3640
shared,79,"('WT', 'LCTB92')",99.0,0.6018547138571739,0.5934967786073687,0.6122688055038452,3640
shared,79,"('WT', 'VEH')",1.0,0.1899158227443695,0.18535204708576203,0.1959119439125061,3120
shared,79,"('WT', 'VEH')",5.0,0.2204706460237503,0.2151308683305979,0.23004150390625,3120
shared,79,"('WT', 'VEH')",50.0,0.44978922605514526,0.443303582072258,0.4548800058662891,3120
shared,79,"('WT', 'VEH')",95.0,0.6253561213612556,0.6198950603604316,0.6327338516712189,3120
shared,79,"('WT', 'VEH')",99.0,0.7030388802289963,0.6946422381103038,0.7083679139614105,3120
shared,7,"('Dp1Yey', 'LCTB92')",1.0,nan,nan,nan,0
shared,7,"('Dp1Yey', 'LCTB92')",5.0,nan,nan,nan,0
shared,7,"('Dp1Yey', 'LCTB92')",50.0,nan,nan,nan,0
shared,7,"('Dp1Yey', 'LCTB92')",95.0,nan,nan,nan,0
shared,7,"('Dp1Yey', 'LCTB92')",99.0,nan,nan,nan,0
shared,7,"('Dp1Yey', 'VEH')",1.0,0.5670134052634239,0.5510196685791016,0.5953295901417732,376
shared,7,"('Dp1Yey', 'VEH')",5.0,0.6248735412955284,0.6085119098424911,0.6734073460102081,376
shared,7,"('Dp1Yey', 'VEH')",50.0,0.9086119793355465,0.8898662328720093,0.9273573828861117,376
shared,7,"('Dp1Yey', 'VEH')",95.0,1.1185521464794874,1.0959152645897121,1.1420506679452955,376
shared,7,"('Dp1Yey', 'VEH')",99.0,1.2076929472386837,1.16538105905056,1.2684809267520905,376
shared,7,"('WT', 'LCTB92')",1.0,nan,nan,nan,0
shared,7,"('WT', 'LCTB92')",5.0,nan,nan,nan,0
shared,7,"('WT', 'LCTB92')",50.0,nan,nan,nan,0
shared,7,"('WT', 'LCTB92')",95.0,nan,nan,nan,0
shared,7,"('WT', 'LCTB92')",99.0,nan,nan,nan,0
shared,7,"('WT', 'VEH')",1.0,0.47652924060821533,0.4180557131767273,0.5591678768396378,376
shared,7,"('WT', 'VEH')",5.0,0.6243674829602242,0.5970675945281982,0.6647962033748627,376
shared,7,"('WT', 'VEH')",50.0,0.9166848845779896,0.9043573588132858,0.941967798396945,376
shared,7,"('WT', 'VEH')",95.0,1.1380496211349964,1.1203751489520073,1.176542293280363,376
shared,7,"('WT', 'VEH')",99.0,1.2693923264741898,1.1924250833690166,1.2939853966236115,376
shared,7,"('Dp1Yey', 'LCTB92')",1.0,0.5233028590679168,0.5036700457334519,0.5366735935211182,5236
shared,7,"('Dp1Yey', 'LCTB92')",5.0,0.6568633913993835,0.647031880915165,0.6654128601774574,5236
shared,7,"('Dp1Yey', 'LCTB92')",50.0,0.8805515430867672,0.8770622266456485,0.8836957210674882,5236
shared,7,"('Dp1Yey', 'LCTB92')",95.0,1.004256277345121,1.0008146132237017,1.007039602988516,5236
shared,7,"('Dp1Yey', 'LCTB92')",99.0,1.039139664173126,1.0355531707685437,1.0416448563337326,5236
shared,7,"('Dp1Yey', 'VEH')",1.0,0.5195181354880333,0.4992789402604103,0.5416906527802348,5236
shared,7,"('Dp1Yey', 'VEH')",5.0,0.6542301401495934,0.6447857171297073,0.6645539402961731,5236
shared,7,"('Dp1Yey', 'VEH')",50.0,0.882810864597559,0.8800610238686204,0.8857510186731815,5236
shared,7,"('Dp1Yey', 'VEH')",95.0,1.0023899769294076,0.9994946244987659,1.0044828285463154,5236
shared,7,"('Dp1Yey', 'VEH')",99.0,1.0371245289221405,1.032957268706523,1.0408561035059392,5236
shared,7,"('WT', 'LCTB92')",1.0,0.5038794240355492,0.4930037260055542,0.5202906131744385,6664
shared,7,"('WT', 'LCTB92')",5.0,0.6372722163796425,0.623190939873457,0.6446561579406261,6664
shared,7,"('WT', 'LCTB92')",50.0,0.8905608542263508,0.8872663469053805,0.8932886123657227,6664
shared,7,"('WT', 'LCTB92')",95.0,1.0105262387543916,1.008152801124379,1.0131864339578895,6664
shared,7,"('WT', 'LCTB92')",99.0,1.0468468561396003,1.0425013713538647,1.0506408922374249,6664
shared,7,"('WT', 'VEH')",1.0,0.5884604012966156,0.5722634854912758,0.5982081592082977,5712
shared,7,"('WT', 'VEH')",5.0,0.714902038872242,0.7057893989980221,0.7226809831336141,5712
shared,7,"('WT', 'VEH')",50.0,0.9142283834517002,0.9113880395889282,0.9175782619044185,5712
shared,7,"('WT', 'VEH')",95.0,1.019052315875888,1.016934644151479,1.0215909034013748,5712
shared,7,"('WT', 'VEH')",99.0,1.0529319963976742,1.0488453761441636,1.0576135609671475,5712
shared,80,"('Dp1Yey', 'LCTB92')",1.0,nan,nan,nan,0
shared,80,"('Dp1Yey', 'LCTB92')",5.0,nan,nan,nan,0
shared,80,"('Dp1Yey', 'LCTB92')",50.0,nan,nan,nan,0
shared,80,"('Dp1Yey', 'LCTB92')",95.0,nan,nan,nan,0
shared,80,"('Dp1Yey', 'LCTB92')",99.0,nan,nan,nan,0
shared,80,"('Dp1Yey', 'VEH')",1.0,0.2459743309020996,0.23867684602737427,0.29349819183349607,157
shared,80,"('Dp1Yey', 'VEH')",5.0,0.30281161069869994,0.27876619100570676,0.3082898259162903,157
shared,80,"('Dp1Yey', 'VEH')",50.0,0.40588635206222534,0.36654752492904663,0.42190027236938477,157
shared,80,"('Dp1Yey', 'VEH')",95.0,0.5238963723182678,0.5093852221965789,0.5402366697788238,157
shared,80,"('Dp1Yey', 'VEH')",99.0,0.5452674198150634,0.5345488464832305,0.5491189062595367,157
shared,80,"('WT', 'LCTB92')",1.0,nan,nan,nan,0
shared,80,"('WT', 'LCTB92')",5.0,nan,nan,nan,0
shared,80,"('WT', 'LCTB92')",50.0,nan,nan,nan,0
shared,80,"('WT', 'LCTB92')",95.0,nan,nan,nan,0
shared,80,"('WT', 'LCTB92')",99.0,nan,nan,nan,0
shared,80,"('WT', 'VEH')",1.0,0.2617345380783081,0.25932037830352783,0.2815445065498352,157
shared,80,"('WT', 'VEH')",5.0,0.2923606514930725,0.275372576713562,0.3093511462211609,157
shared,80,"('WT', 'VEH')",50.0,0.4185490012168884,0.39143186807632446,0.4279620140790938,157
shared,80,"('WT', 'VEH')",95.0,0.5121037364006042,0.4993126273155212,0.5286734402179718,157
shared,80,"('WT', 'VEH')",99.0,0.5317229640483856,0.5192751216888427,0.5342262387275696,157
shared,80,"('Dp1Yey', 'LCTB92')",1.0,0.2551659071445465,0.2502653288841248,0.25819218158721924,2827
shared,80,"('Dp1Yey', 'LCTB92')",5.0,0.2761377334594727,0.27383829951286315,0.27914037108421325,2827
shared,80,"('Dp1Yey', 'LCTB92')",50.0,0.37808072566986084,0.37285702526569364,0.3813429996371269,2827
shared,80,"('Dp1Yey', 'LCTB92')",95.0,0.6080701798200607,0.5768299587816,0.6256285279989242,2827
shared,80,"('Dp1Yey', 'LCTB92')",99.0,0.7127182787656783,0.7028526365756989,0.7213695645332336,2827
shared,80,"('Dp1Yey', 'VEH')",1.0,0.21174503564834596,0.18702886104583744,0.21793267250061035,2827
shared,80,"('Dp1Yey', 'VEH')",5.0,0.24182500243186952,0.23904716968536377,0.2449851632118225,2827
shared,80,"('Dp1Yey', 'VEH')",50.0,0.3783144950866699,0.3740862011909485,0.3811425566673279,2827
shared,80,"('Dp1Yey', 'VEH')",95.0,0.5123288482427597,0.5068517029285431,0.5191677212715149,2827
shared,80,"('Dp1Yey', 'VEH')",99.0,0.5491030931472777,0.5440993976593014,0.5576240718364716,2827
shared,80,"('WT', 'LCTB92')",1.0,0.11209562599658966,0.10909676551818848,0.11843669414520264,3598
shared,80,"('WT', 'LCTB92')",5.0,0.14735043048858643,0.14170771837234497,0.1507006987929344,3598
shared,80,"('WT', 'LCTB92')",50.0,0.3801303207874298,0.3748293533921242,0.38685284182429314,3598
shared,80,"('WT', 'LCTB92')",95.0,0.5607095420360564,0.556819164790213,0.565229195356369,3598
shared,80,"('WT', 'LCTB92')",99.0,0.600245027244091,0.5887486973702903,0.6108209443092346,3598
shared,80,"('WT', 'VEH')",1.0,0.1887613970041275,0.18562078475952148,0.19448028802871703,3084
shared,80,"('WT', 'VEH')",5.0,0.2213028758764267,0.2163837134838104,0.22834012150764463,3084
shared,80,"('WT', 'VEH')",50.0,0.4465366303920746,0.4413016438484192,0.4522643730044365,3084
shared,80,"('WT', 'VEH')",95.0,0.6239675864577293,0.6180104300379753,0.6289218962192535,3084
shared,80,"('WT', 'VEH')",99.0,0.6975579193234445,0.6863316467404369,0.7047340273857117,3084
shared,81,"('Dp1Yey', 'LCTB92')",1.0,nan,nan,nan,0
shared,81,"('Dp1Yey', 'LCTB92')",5.0,nan,nan,nan,0
shared,81,"('Dp1Yey', 'LCTB92')",50.0,nan,nan,nan,0
shared,81,"('Dp1Yey', 'LCTB92')",95.0,nan,nan,nan,0
shared,81,"('Dp1Yey', 'LCTB92')",99.0,nan,nan,nan,0
shared,81,"('Dp1Yey', 'VEH')",1.0,0.28293115854263307,0.25635576248168945,0.29206138849258423,154
shared,81,"('Dp1Yey', 'VEH')",5.0,0.29591256082057954,0.29007546603679657,0.30769574642181396,154
shared,81,"('Dp1Yey', 'VEH')",50.0,0.3995780944824219,0.3736917972564697,0.41634881496429443,154
shared,81,"('Dp1Yey', 'VEH')",95.0,0.5295538187026977,0.49943216241896143,0.5417767241597176,154
shared,81,"('Dp1Yey', 'VEH')",99.0,0.5465329939126968,0.5343050035834312,0.5615425407886505,154
shared,81,"('WT', 'LCTB92')",1.0,nan,nan,nan,0
shared,81,"('WT', 'LCTB92')",5.0,nan,nan,nan,0
shared,81,"('WT', 'LCTB92')",50.0,nan,nan,nan,0
shared,81,"('WT', 'LCTB92')",95.0,nan,nan,nan,0
shared,81,"('WT', 'LCTB92')",99.0,nan,nan,nan,0
shared,81,"('WT', 'VEH')",1.0,0.26606512665748594,0.2515825629234314,0.2854702752828598,154
shared,81,"('WT', 'VEH')",5.0,0.2932992160320282,0.2751426726579666,0.30353355705738067,154
shared,81,"('WT', 'VEH')",50.0,0.4207434058189392,0.39087823033332825,0.4299802780151367,154
shared,81,"('WT', 'VEH')",95.0,0.5171944826841354,0.5000972718000412,0.524225988984108,154
shared,81,"('WT', 'VEH')",99.0,0.5264536243677139,0.5205795764923096,0.5277191400527954,154
shared,81,"('Dp1Yey', 'LCTB92')",1.0,0.2536724442243576,0.24966955959796905,0.2581043988466263,2794
shared,81,"('Dp1Yey', 'LCTB92')",5.0,0.2752412617206573,0.2723734378814697,0.2780605167150497,2794
shared,81,"('Dp1Yey', 'LCTB92')",50.0,0.37318727374076843,0.36955972462892533,0.3772388696670532,2794
shared,81,"('Dp1Yey', 'LCTB92')",95.0,0.613070425391197,0.5783358814939856,0.624618649482727,2794
shared,81,"('Dp1Yey', 'LCTB92')",99.0,0.7150481995940209,0.7058103429228074,0.7226966917514801,2794
shared,81,"('Dp1Yey', 'VEH')",1.0,0.20563436686992645,0.1856153005361557,0.2156658172607422,2794
shared,81,"('Dp1Yey', 'VEH')",5.0,0.2407582938671112,0.2369709014892578,0.24385277815163137,2794
shared,81,"('Dp1Yey', 'VEH')",50.0,0.3755338788032532,0.3723689794540405,0.37871870696544646,2794
shared,81,"('Dp1Yey', 'VEH')",95.0,0.5112370267510414,0.5065010890364647,0.514278807900846,2794
shared,81,"('Dp1Yey', 'VEH')",99.0,0.5445077249407768,0.5388381344079972,0.5519077782928944,2794
shared,81,"('WT', 'LCTB92')",1.0,0.11205450296401978,0.10890650451183319,0.11735278367996216,3556
shared,81,"('WT', 'LCTB92')",5.0,0.145758718252182,0.13951785638928413,0.1495276689529419,3556
shared,81,"('WT', 'LCTB92')",50.0,0.37777993083000183,0.37151508405804634,0.3832660004496574,3556
shared,81,"('WT', 'LCTB92')",95.0,0.5571087375283241,0.5547049045562744,0.5613951981067657,3556
shared,81,"('WT', 'LCTB92')",99.0,0.5974286228418347,0.5915378917008638,0.6132024824619293,3556
shared,81,"('WT', 'VEH')",1.0,0.1878414672613144,0.18325316905975342,0.19464683532714844,3048
shared,81,"('WT', 'VEH')",5.0,0.22148120403289795,0.21684667736291888,0.22774279117584229,3048
shared,81,"('WT', 'VEH')",50.0,0.44269341230392456,0.4361036837100983,0.44888528510928155,3048
shared,81,"('WT', 'VEH')",95.0,0.6211083516478539,0.6146546900272369,0.6262284621968865,3048
shared,81,"('WT', 'VEH')",99.0,0.6942177239060403,0.68672314286232,0.7031954228878021,3048
shared,82,"('Dp1Yey', 'LCTB92')",1.0,nan,nan,nan,0
shared,82,"('Dp1Yey', 'LCTB92')",5.0,nan,nan,nan,0
shared,82,"('Dp1Yey', 'LCTB92')",50.0,nan,nan,nan,0
shared,82,"('Dp1Yey', 'LCTB92')",95.0,nan,nan,nan,0
shared,82,"('Dp1Yey', 'LCTB92')",99.0,nan,nan,nan,0
shared,82,"('Dp1Yey', 'VEH')",1.0,0.28789791464805603,0.28248822689056396,0.29911550879478455,151
shared,82,"('Dp1Yey', 'VEH')",5.0,0.30098894238471985,0.29548442363739014,0.30755865573883057,151
shared,82,"('Dp1Yey', 'VEH')",50.0,0.3916506767272949,0.3743005394935608,0.4143826365470886,151
shared,82,"('Dp1Yey', 'VEH')",95.0,0.5261078774929047,0.49981339275836945,0.5403977483510971,151
shared,82,"('Dp1Yey', 'VEH')",99.0,0.5490782707929611,0.5281125009059906,0.5530516803264618,151
shared,82,"('WT', 'LCTB92')",1.0,nan,nan,nan,0
shared,82,"('WT', 'LCTB92')",5.0,nan,nan,nan,0
shared,82,"('WT', 'LCTB92')",50.0,nan,nan,nan,0
shared,82,"('WT', 'LCTB92')",95.0,nan,nan,nan,0
shared,82,"('WT', 'LCTB92')",99.0,nan,nan,nan,0
shared,82,"('WT', 'VEH')",1.0,0.2682380676269531,0.26006627082824707,0.285934180021286,151
shared,82,"('WT', 'VEH')",5.0,0.28969812393188477,0.2809842526912689,0.3013670809566974,151
shared,82,"('WT', 'VEH')",50.0,0.4122159481048584,0.39110249280929565,0.4247710704803467,151
shared,82,"('WT', 'VEH')",95.0,0.5156539231538773,0.5037272818386554,0.5236337333917618,151
shared,82,"('WT', 'VEH')",99.0,0.52695332467556,0.520708903670311,0.5425572693347931,151
shared,82,"('Dp1Yey', 'LCTB92')",1.0,0.2532680034637451,0.25077261924743655,0.256690681874752,2761
shared,82,"('Dp1Yey', 'LCTB92')",5.0,0.27515876293182373,0.271837055683136,0.2784486413002014,2761
shared,82,"('Dp1Yey', 'LCTB92')",50.0,0.3698917627334595,0.36685407161712646,0.37394750118255615,2761
shared,82,"('Dp1Yey', 'LCTB92')",95.0,0.6186715960502625,0.5753486454486847,0.6256066262722015,2761
shared,82,"('Dp1Yey', 'LCTB92')",99.0,0.7155226886272432,0.7087916910648346,0.7197506129741669,2761
shared,82,"('Dp1Yey', 'VEH')",1.0,0.206831693649292,0.17893584966659545,0.21216366291046143,2761
shared,82,"('Dp1Yey', 'VEH')",5.0,0.2387932538986206,0.2341133952140808,0.2424231767654419,2761
shared,82,"('Dp1Yey', 'VEH')",50.0,0.37328875064849854,0.36993664503097534,0.3762836456298828,2761
shared,82,"('Dp1Yey', 'VEH')",95.0,0.5073857605457306,0.5020951628684998,0.5107232183218002,2761
shared,82,"('Dp1Yey', 'VEH')",99.0,0.5403749227523804,0.5343806475400926,0.5494157075881959,2761
shared,82,"('WT', 'LCTB92')",1.0,0.11180308640003205,0.10914387822151184,0.11671533167362214,3514
shared,82,"('WT', 'LCTB92')",5.0,0.14291729629039765,0.1379698657244444,0.1496753692626953,3514
shared,82,"('WT', 'LCTB92')",50.0,0.37435200810432434,0.36820608377456665,0.3818935751914978,3514
shared,82,"('WT', 'LCTB92')",95.0,0.5550572395324707,0.5510107561945915,0.5585387693718076,3514
shared,82,"('WT', 'LCTB92')",99.0,0.6025188556313514,0.5920926463603972,0.6151722491905091,3514
shared,82,"('WT', 'VEH')",1.0,0.18800728738307954,0.18056313157081605,0.19237875163555146,3012
shared,82,"('WT', 'VEH')",5.0,0.2214197725057602,0.21662445552647114,0.22638175785541534,3012
shared,82,"('WT', 'VEH')",50.0,0.4387363791465759,0.4335336685180664,0.4454559400677681,3012
shared,82,"('WT', 'VEH')",95.0,0.6170319214463232,0.6102599366381765,0.6228800714015961,3012
shared,82,"('WT', 'VEH')",99.0,0.6917165088653564,0.6866303294897078,0.6963145434856415,3012
shared,83,"('Dp1Yey', 'LCTB92')",1.0,nan,nan,nan,0
shared,83,"('Dp1Yey', 'LCTB92')",5.0,nan,nan,nan,0
shared,83,"('Dp1Yey', 'LCTB92')",50.0,nan,nan,nan,0
shared,83,"('Dp1Yey', 'LCTB92')",95.0,nan,nan,nan,0
shared,83,"('Dp1Yey', 'LCTB92')",99.0,nan,nan,nan,0
shared,83,"('Dp1Yey', 'VEH')",1.0,0.28606868505477906,0.27848929166793823,0.29406199157238005,148
shared,83,"('Dp1Yey', 'VEH')",5.0,0.2979746490716934,0.2892267107963562,0.3033580780029297,148
shared,83,"('Dp1Yey', 'VEH')",50.0,0.38989323377609253,0.37503098249435424,0.40809106826782227,148
shared,83,"('Dp1Yey', 'VEH')",95.0,0.5238834396004677,0.5007180571556091,0.5330932326614857,148
shared,83,"('Dp1Yey', 'VEH')",99.0,0.534984957575798,0.527132773399353,0.5513758361339569,148
shared,83,"('WT', 'LCTB92')",1.0,nan,nan,nan,0
shared,83,"('WT', 'LCTB92')",5.0,nan,nan,nan,0
shared,83,"('WT', 'LCTB92')",50.0,nan,nan,nan,0
shared,83,"('WT', 'LCTB92')",95.0,nan,nan,nan,0
shared,83,"('WT', 'LCTB92')",99.0,nan,nan,nan,0
shared,83,"('WT', 'VEH')",1.0,0.2724559015035629,0.26777851581573486,0.2845694422721863,148
shared,83,"('WT', 'VEH')",5.0,0.28797303736209867,0.2794767677783966,0.2940235070139169,148
shared,83,"('WT', 'VEH')",50.0,0.4036078155040741,0.39204710721969604,0.42493759617209426,148
shared,83,"('WT', 'VEH')",95.0,0.5126683294773102,0.4947308301925659,0.5235928684473038,148
shared,83,"('WT', 'VEH')",99.0,0.5294305816292763,0.5147678610682488,0.5398103296756744,148
shared,83,"('Dp1Yey', 'LCTB92')",1.0,0.25411491096019745,0.24518823623657227,0.2579673163741827,2728
shared,83,"('Dp1Yey', 'LCTB92')",5.0,0.2752705216407776,0.2723548401147127,0.278429271876812,2728
shared,83,"('Dp1Yey', 'LCTB92')",50.0,0.3671278655529022,0.36388453394174575,0.37134623527526855,2728
shared,83,"('Dp1Yey', 'LCTB92')",95.0,0.6174028784036637,0.581414520740509,0.6262294352054596,2728
shared,83,"('Dp1Yey', 'LCTB92')",99.0,0.7161832439899445,0.7085591554641724,0.7216494357585908,2728
shared,83,"('Dp1Yey', 'VEH')",1.0,0.20525351643562317,0.1750464928150177,0.21105607390403747,2728
shared,83,"('Dp1Yey', 'VEH')",5.0,0.2358621895313263,0.23001939058303833,0.24084184765815736,2728
shared,83,"('Dp1Yey', 'VEH')",50.0,0.37016239762306213,0.36674255430698394,0.3727436065673828,2728
shared,83,"('Dp1Yey', 'VEH')",95.0,0.5036239698529243,0.5000331655144692,0.5080443322658539,2728
shared,83,"('Dp1Yey', 'VEH')",99.0,0.536707208454609,0.5309010744094849,0.5465496346354485,2728
shared,83,"('WT', 'LCTB92')",1.0,0.11188183903694153,0.10838094770908356,0.1155896782875061,3472
shared,83,"('WT', 'LCTB92')",5.0,0.14319113194942476,0.1368553638458252,0.14800968766212463,3472
shared,83,"('WT', 'LCTB92')",50.0,0.37136217951774597,0.36343586444854736,0.3792341761291027,3472
shared,83,"('WT', 'LCTB92')",95.0,0.5523674890398979,0.5484409764409064,0.5561758279800415,3472
shared,83,"('WT', 'LCTB92')",99.0,0.5995867708325385,0.5896980580985545,0.6166739469766617,3472
shared,83,"('WT', 'VEH')",1.0,0.18676692247390747,0.18113034963607788,0.19067376852035522,2976
shared,83,"('WT', 'VEH')",5.0,0.21903058886528015,0.21408863477408885,0.22667443752288818,2976
shared,83,"('WT', 'VEH')",50.0,0.436752051115036,0.4302339553833008,0.4422338269650936,2976
shared,83,"('WT', 'VEH')",95.0,0.6134039610624313,0.6082220440730453,0.6196962594985962,2976
shared,83,"('WT', 'VEH')",99.0,0.6908923089504242,0.6827516406774521,0.6946192681789398,2976
shared,84,"('Dp1Yey', 'LCTB92')",1.0,nan,nan,nan,0
shared,84,"('Dp1Yey', 'LCTB92')",5.0,nan,nan,nan,0
shared,84,"('Dp1Yey', 'LCTB92')",50.0,nan,nan,nan,0
shared,84,"('Dp1Yey', 'LCTB92')",95.0,nan,nan,nan,0
shared,84,"('Dp1Yey', 'LCTB92')",99.0,nan,nan,nan,0
shared,84,"('Dp1Yey', 'VEH')",1.0,0.27616492748260496,0.26939815282821655,0.2923246669769287,145
shared,84,"('Dp1Yey', 'VEH')",5.0,0.29899355173110964,0.2819779396057129,0.30428293496370296,145
shared,84,"('Dp1Yey', 'VEH')",50.0,0.38550519943237305,0.3761633634567261,0.42452991008758545,145
shared,84,"('Dp1Yey', 'VEH')",95.0,0.5175340890884399,0.5030429005622863,0.5251891016960144,145
shared,84,"('Dp1Yey', 'VEH')",99.0,0.5291357612609864,0.5204047000408173,0.5369504690170288,145
shared,84,"('WT', 'LCTB92')",1.0,nan,nan,nan,0
shared,84,"('WT', 'LCTB92')",5.0,nan,nan,nan,0
shared,84,"('WT', 'LCTB92')",50.0,nan,nan,nan,0
shared,84,"('WT', 'LCTB92')",95.0,nan,nan,nan,0
shared,84,"('WT', 'LCTB92')",99.0,nan,nan,nan,0
shared,84,"('WT', 'VEH')",1.0,0.26862292766571044,0.2654651403427124,0.2809215688705444,145
shared,84,"('WT', 'VEH')",5.0,0.28709256649017334,0.2746936559677124,0.2926172137260437,145
shared,84,"('WT', 'VEH')",50.0,0.4002000689506531,0.39093441516160965,0.42703014612197876,145
shared,84,"('WT', 'VEH')",95.0,0.5055763125419617,0.49275487661361694,0.5189046339690684,145
shared,84,"('WT', 'VEH')",99.0,0.5235564744472504,0.5141632759571075,0.5299249291419983,145
shared,84,"('Dp1Yey', 'LCTB92')",1.0,0.25006001353263857,0.24353663444519044,0.25608158826828004,2695
shared,84,"('Dp1Yey', 'LCTB92')",5.0,0.2760152041912079,0.273773729801178,0.27832536280155185,2695
shared,84,"('Dp1Yey', 'LCTB92')",50.0,0.3650341033935547,0.36056458950042725,0.3686423897743225,2695
shared,84,"('Dp1Yey', 'LCTB92')",95.0,0.6153020590543745,0.583339880555868,0.6272829578071832,2695
shared,84,"('Dp1Yey', 'LCTB92')",99.0,0.7171632945537567,0.7053122520446777,0.7241185009479523,2695
shared,84,"('Dp1Yey', 'VEH')",1.0,0.20449512124061583,0.17325782775878906,0.20939406898617743,2695
shared,84,"('Dp1Yey', 'VEH')",5.0,0.2321014106273651,0.22812128067016602,0.23806416988372803,2695
shared,84,"('Dp1Yey', 'VEH')",50.0,0.3674389719963074,0.36410588026046753,0.3703882694244385,2695
shared,84,"('Dp1Yey', 'VEH')",95.0,0.5028315603733062,0.49687412381172175,0.5071959182620047,2695
shared,84,"('Dp1Yey', 'VEH')",99.0,0.5379336637258529,0.5283503723144529,0.541895717382431,2695
shared,84,"('WT', 'LCTB92')",1.0,0.10995439410209655,0.10685044527053833,0.11585098992288112,3430
shared,84,"('WT', 'LCTB92')",5.0,0.14393258094787598,0.13874645836651325,0.14782605171203614,3430
shared,84,"('WT', 'LCTB92')",50.0,0.3672151565551758,0.35997915267944336,0.3768768906593323,3430
shared,84,"('WT', 'LCTB92')",95.0,0.5505999311804771,0.5463138222694397,0.555237638168037,3430
shared,84,"('WT', 'LCTB92')",99.0,0.6025819647312165,0.5893564820289612,0.6101465001702309,3430
shared,84,"('WT', 'VEH')",1.0,0.18382447957992554,0.17655859053134917,0.18956279754638672,2940
shared,84,"('WT', 'VEH')",5.0,0.21694867610931395,0.21130311489105225,0.2235251098871231,2940
shared,84,"('WT', 'VEH')",50.0,0.4334242641925812,0.42758937552571297,0.4390379644930363,2940
shared,84,"('WT', 'VEH')",95.0,0.6104940474033356,0.6063111141324043,0.6165881752967834,2940
shared,84,"('WT', 'VEH')",99.0,0.6880783700942994,0.681102125942707,0.6926950514316559,2940
shared,85,"('Dp1Yey', 'LCTB92')",1.0,nan,nan,nan,0
shared,85,"('Dp1Yey', 'LCTB92')",5.0,nan,nan,nan,0
shared,85,"('Dp1Yey', 'LCTB92')",50.0,nan,nan,nan,0
shared,85,"('Dp1Yey', 'LCTB92')",95.0,nan,nan,nan,0
shared,85,"('Dp1Yey', 'LCTB92')",99.0,nan,nan,nan,0
shared,85,"('Dp1Yey', 'VEH')",1.0,0.2743253123760223,0.26869529485702515,0.2934514153003693,142
shared,85,"('Dp1Yey', 'VEH')",5.0,0.29781903624534606,0.2808259129524231,0.30738019943237305,142
shared,85,"('Dp1Yey', 'VEH')",50.0,0.3837583661079407,0.3756309151649475,0.42093801498413086,142
shared,85,"('Dp1Yey', 'VEH')",95.0,0.5087339296936989,0.4982633650302887,0.5193226635456085,142
shared,85,"('Dp1Yey', 'VEH')",99.0,0.5240896579623222,0.5128112477064133,0.5300335884094238,142
shared,85,"('WT', 'LCTB92')",1.0,nan,nan,nan,0
shared,85,"('WT', 'LCTB92')",5.0,nan,nan,nan,0
shared,85,"('WT', 'LCTB92')",50.0,nan,nan,nan,0
shared,85,"('WT', 'LCTB92')",95.0,nan,nan,nan,0
shared,85,"('WT', 'LCTB92')",99.0,nan,nan,nan,0
shared,85,"('WT', 'VEH')",1.0,0.27501328647136686,0.27361130714416504,0.2784003746509552,142
shared,85,"('WT', 'VEH')",5.0,0.2806794434785843,0.2753097116947174,0.2900463031977415,142
shared,85,"('WT', 'VEH')",50.0,0.398095041513443,0.3902860604226589,0.4236050844192505,142
shared,85,"('WT', 'VEH')",95.0,0.5037736281752585,0.4923293650150299,0.511063252389431,142
shared,85,"('WT', 'VEH')",99.0,0.5230958330631257,0.5051895219087601,0.533066064119339,142
shared,85,"('Dp1Yey', 'LCTB92')",1.0,0.24904952585697174,0.24318769906461238,0.253390908241272,2662
shared,85,"('Dp1Yey', 'LCTB92')",5.0,0.277035191655159,0.27460628747940063,0.27957603633403777,2662
shared,85,"('Dp1Yey', 'LCTB92')",50.0,0.362894743680954,0.35841548442840576,0.3663044713437557,2662
shared,85,"('Dp1Yey', 'LCTB92')",95.0,0.6138688370585441,0.5818899437785149,0.624586953446269,2662
shared,85,"('Dp1Yey', 'LCTB92')",99.0,0.7158162075281141,0.7032340669631958,0.7234918102622031,2662
shared,85,"('Dp1Yey', 'VEH')",1.0,0.201760436296463,0.17347171127796174,0.20881891250610352,2662
shared,85,"('Dp1Yey', 'VEH')",5.0,0.23010135293006898,0.2275851011276245,0.23568492829799653,2662
shared,85,"('Dp1Yey', 'VEH')",50.0,0.36426669359207153,0.36080339550971985,0.3668043911457062,2662
shared,85,"('Dp1Yey', 'VEH')",95.0,0.5006496757268906,0.49580329358577724,0.50383999299258,2662
shared,85,"('Dp1Yey', 'VEH')",99.0,0.5319275957345962,0.5264406338334082,0.5438225269317627,2662
shared,85,"('WT', 'LCTB92')",1.0,0.1128157114982605,0.10770440936088561,0.11519771695137024,3388
shared,85,"('WT', 'LCTB92')",5.0,0.14345594644546508,0.1385509839653969,0.14700588285923005,3388
shared,85,"('WT', 'LCTB92')",50.0,0.36481165885925293,0.3585622891783714,0.3745931088924408,3388
shared,85,"('WT', 'LCTB92')",95.0,0.5502993777394295,0.5461896456778047,0.5542422000691295,3388
shared,85,"('WT', 'LCTB92')",99.0,0.6020365110039712,0.586458131670952,0.60788294672966,3388
shared,85,"('WT', 'VEH')",1.0,0.18209289848804475,0.17582724690437318,0.18913614749908447,2904
shared,85,"('WT', 'VEH')",5.0,0.21374667286872864,0.20866146981716155,0.22107040882110596,2904
shared,85,"('WT', 'VEH')",50.0,0.42911088466644287,0.42280104756355286,0.43512449860572816,2904
shared,85,"('WT', 'VEH')",95.0,0.6096811920404434,0.6045312593504786,0.6151459432393312,2904
shared,85,"('WT', 'VEH')",99.0,0.6895645079016686,0.6804824769496918,0.694332121312618,2904
shared,86,"('Dp1Yey', 'LCTB92')",1.0,nan,nan,nan,0
shared,86,"('Dp1Yey', 'LCTB92')",5.0,nan,nan,nan,0
shared,86,"('Dp1Yey', 'LCTB92')",50.0,nan,nan,nan,0
shared,86,"('Dp1Yey', 'LCTB92')",95.0,nan,nan,nan,0
shared,86,"('Dp1Yey', 'LCTB92')",99.0,nan,nan,nan,0
shared,86,"('Dp1Yey', 'VEH')",1.0,0.27497211217880246,0.2670596241950989,0.2893428492546082,139
shared,86,"('Dp1Yey', 'VEH')",5.0,0.2932975232601166,0.27898961305618286,0.30468944311141966,139
shared,86,"('Dp1Yey', 'VEH')",50.0,0.38944411277770996,0.37454861402511597,0.40983569622039795,139
shared,86,"('Dp1Yey', 'VEH')",95.0,0.5047240793704987,0.5008501760661602,0.5093040555715561,139
shared,86,"('Dp1Yey', 'VEH')",99.0,0.5153500270843506,0.5073576241731644,0.5227185785770416,139
shared,86,"('WT', 'LCTB92')",1.0,nan,nan,nan,0
shared,86,"('WT', 'LCTB92')",5.0,nan,nan,nan,0
shared,86,"('WT', 'LCTB92')",50.0,nan,nan,nan,0
shared,86,"('WT', 'LCTB92')",95.0,nan,nan,nan,0
shared,86,"('WT', 'LCTB92')",99.0,nan,nan,nan,0
shared,86,"('WT', 'VEH')",1.0,0.2765275990962982,0.27082163095474243,0.2804969823360443,139
shared,86,"('WT', 'VEH')",5.0,0.28177872896194456,0.2791196286678314,0.2909104585647583,139
shared,86,"('WT', 'VEH')",50.0,0.4049980640411377,0.3933824300765991,0.4224396347999573,139
shared,86,"('WT', 'VEH')",95.0,0.4962760090827942,0.4870138676464557,0.5069262325763702,139
shared,86,"('WT', 'VEH')",99.0,0.5256690847873688,0.49959278166294097,0.5277945101261139,139
shared,86,"('Dp1Yey', 'LCTB92')",1.0,0.24946576356887817,0.24403363466262817,0.2548191022872925,2629
shared,86,"('Dp1Yey', 'LCTB92')",5.0,0.27653270959854126,0.2722017335891723,0.2796495079994202,2629
shared,86,"('Dp1Yey', 'LCTB92')",50.0,0.3608132004737854,0.3564319610595703,0.36426037549972534,2629
shared,86,"('Dp1Yey', 'LCTB92')",95.0,0.6093985676765442,0.5853242892026901,0.6208494782447815,2629
shared,86,"('Dp1Yey', 'LCTB92')",99.0,0.713046268224716,0.7030187582969664,0.7237629365921019,2629
shared,86,"('Dp1Yey', 'VEH')",1.0,0.20091275930404665,0.171015202999115,0.20542180520296097,2629
shared,86,"('Dp1Yey', 'VEH')",5.0,0.23030630350112916,0.22667678236961364,0.2349973702430725,2629
shared,86,"('Dp1Yey', 'VEH')",50.0,0.3599781394004822,0.3563082814216614,0.3642624035477638,2629
shared,86,"('Dp1Yey', 'VEH')",95.0,0.4939574241638183,0.4897501564025878,0.5012404859066009,2629
shared,86,"('Dp1Yey', 'VEH')",99.0,0.5293445992469786,0.525048096179962,0.5391268634796132,2629
shared,86,"('WT', 'LCTB92')",1.0,0.11006084680557252,0.10535044074058533,0.11529367566108703,3346
shared,86,"('WT', 'LCTB92')",5.0,0.14252664148807526,0.13821880668401718,0.14646464996039868,3346
shared,86,"('WT', 'LCTB92')",50.0,0.3633121848106384,0.3576684780418873,0.37264313027262685,3346
shared,86,"('WT', 'LCTB92')",95.0,0.5508865863084793,0.545084867440164,0.5539331585168839,3346
shared,86,"('WT', 'LCTB92')",99.0,0.5968374297022822,0.5861933707818395,0.6056565046310425,3346
shared,86,"('WT', 'VEH')",1.0,0.18345987617969514,0.17680577535927297,0.1889006495475769,2868
shared,86,"('WT', 'VEH')",5.0,0.21139703094959258,0.20650630228221417,0.2165562940388918,2868
shared,86,"('WT', 'VEH')",50.0,0.4248000383377075,0.41965243220329285,0.43055324032902714,2868
shared,86,"('WT', 'VEH')",95.0,0.6088383615016937,0.6021003501117229,0.6129041314125061,2868
shared,86,"('WT', 'VEH')",99.0,0.6884662416577338,0.6782148778438568,0.6929428328573702,2868
shared,87,"('Dp1Yey', 'LCTB92')",1.0,nan,nan,nan,0
shared,87,"('Dp1Yey', 'LCTB92')",5.0,nan,nan,nan,0
shared,87,"('Dp1Yey', 'LCTB92')",50.0,nan,nan,nan,0
shared,87,"('Dp1Yey', 'LCTB92')",95.0,nan,nan,nan,0
shared,87,"('Dp1Yey', 'LCTB92')",99.0,nan,nan,nan,0
shared,87,"('Dp1Yey', 'VEH')",1.0,0.2711437165737152,0.25980550050735474,0.2866260915994644,136
shared,87,"('Dp1Yey', 'VEH')",5.0,0.2894091308116913,0.2781006097793579,0.29764899611473083,136
shared,87,"('Dp1Yey', 'VEH')",50.0,0.3990989029407501,0.3759661316871643,0.4075790047645569,136
shared,87,"('Dp1Yey', 'VEH')",95.0,0.5012780800461769,0.49642878770828247,0.504558376967907,136
shared,87,"('Dp1Yey', 'VEH')",99.0,0.5069488108158111,0.5024868071079254,0.5126309990882874,136
shared,87,"('WT', 'LCTB92')",1.0,nan,nan,nan,0
shared,87,"('WT', 'LCTB92')",5.0,nan,nan,nan,0
shared,87,"('WT', 'LCTB92')",50.0,nan,nan,nan,0
shared,87,"('WT', 'LCTB92')",95.0,nan,nan,nan,0
shared,87,"('WT', 'LCTB92')",99.0,nan,nan,nan,0
shared,87,"('WT', 'VEH')",1.0,0.2683780163526535,0.26512306928634644,0.281735897064209,136
shared,87,"('WT', 'VEH')",5.0,0.2852924317121506,0.27088862657546997,0.2913969282060861,136
shared,87,"('WT', 'VEH')",50.0,0.40737655758857727,0.3931001119315624,0.4211825504899025,136
shared,87,"('WT', 'VEH')",95.0,0.5022507831454277,0.48825621604919434,0.5073573440313339,136
shared,87,"('WT', 'VEH')",99.0,0.5126999452710151,0.503013476729393,0.5161847174167633,136
shared,87,"('Dp1Yey', 'LCTB92')",1.0,0.25056696534156797,0.24588852375745773,0.2538735866546631,2596
shared,87,"('Dp1Yey', 'LCTB92')",5.0,0.2745067924261093,0.27065437063574793,0.2785595297813415,2596
shared,87,"('Dp1Yey', 'LCTB92')",50.0,0.3572540879249573,0.3530825927853584,0.3612557053565979,2596
shared,87,"('Dp1Yey', 'LCTB92')",95.0,0.607766717672348,0.5884818136692047,0.6219328247010708,2596
shared,87,"('Dp1Yey', 'LCTB92')",99.0,0.7154547035694127,0.7033559709787369,0.7251457571983337,2596
shared,87,"('Dp1Yey', 'VEH')",1.0,0.19943456947803498,0.17043988704681395,0.20524781942367554,2596
shared,87,"('Dp1Yey', 'VEH')",5.0,0.22926130890846252,0.2227044701576233,0.2341773808002472,2596
shared,87,"('Dp1Yey', 'VEH')",50.0,0.35688072443008423,0.3539530776441097,0.36077195405960083,2596
shared,87,"('Dp1Yey', 'VEH')",95.0,0.4923860877752304,0.4873907268047333,0.49707938730716705,2596
shared,87,"('Dp1Yey', 'VEH')",99.0,0.5312230587005615,0.5255723300203682,0.5406915247440338,2596
shared,87,"('WT', 'LCTB92')",1.0,0.10794062077999116,0.106326265335083,0.113846595287323,3304
shared,87,"('WT', 'LCTB92')",5.0,0.14110353887081145,0.1384940356016159,0.14463192224502563,3304
shared,87,"('WT', 'LCTB92')",50.0,0.3619624674320221,0.3558855652809143,0.3684574320912361,3304
shared,87,"('WT', 'LCTB92')",95.0,0.5464942187070847,0.5410332413762807,0.5519589200615883,3304
shared,87,"('WT', 'LCTB92')",99.0,0.5978380340337749,0.5875957485809922,0.6049264803528785,3304
shared,87,"('WT', 'VEH')",1.0,0.18272691130638122,0.17855313658714295,0.18754802465438844,2832
shared,87,"('WT', 'VEH')",5.0,0.2077482283115387,0.20520284473896028,0.21352498531341552,2832
shared,87,"('WT', 'VEH')",50.0,0.4223688542842865,0.4165182687342167,0.42648841440677643,2832
shared,87,"('WT', 'VEH')",95.0,0.60553729981184,0.601498420536518,0.6103076636791229,2832
shared,87,"('WT', 'VEH')",99.0,0.6817022088170052,0.6762866285443306,0.6898597380518914,2832
shared,88,"('Dp1Yey', 'LCTB92')",1.0,nan,nan,nan,0
shared,88,"('Dp1Yey', 'LCTB92')",5.0,nan,nan,nan,0
shared,88,"('Dp1Yey', 'LCTB92')",50.0,nan,nan,nan,0
shared,88,"('Dp1Yey', 'LCTB92')",95.0,nan,nan,nan,0
shared,88,"('Dp1Yey', 'LCTB92')",99.0,nan,nan,nan,0
shared,88,"('Dp1Yey', 'VEH')",1.0,0.26998674869537354,0.2546268105506897,0.27719189763069146,133
shared,88,"('Dp1Yey', 'VEH')",5.0,0.27955399751663207,0.27544617652893066,0.29444724321365356,133
shared,88,"('Dp1Yey', 'VEH')",50.0,0.39239662885665894,0.3759205937385559,0.42002594470977783,133
shared,88,"('Dp1Yey', 'VEH')",95.0,0.4928839087486267,0.48813992738723755,0.4987596869468689,133
shared,88,"('Dp1Yey', 'VEH')",99.0,0.5080156564712526,0.4942873311042786,0.5168952941894531,133
shared,88,"('WT', 'LCTB92')",1.0,nan,nan,nan,0
shared,88,"('WT', 'LCTB92')",5.0,nan,nan,nan,0
shared,88,"('WT', 'LCTB92')",50.0,nan,nan,nan,0
shared,88,"('WT', 'LCTB92')",95.0,nan,nan,nan,0
shared,88,"('WT', 'LCTB92')",99.0,nan,nan,nan,0
shared,88,"('WT', 'VEH')",1.0,0.26848759651184084,0.26579219102859497,0.28032622575759886,133
shared,88,"('WT', 'VEH')",5.0,0.2822259426116943,0.26955058574676516,0.2911751425266266,133
shared,88,"('WT', 'VEH')",50.0,0.4013010263442993,0.3917696475982666,0.4228612780570984,133
shared,88,"('WT', 'VEH')",95.0,0.5013595640659332,0.4858001589775085,0.5045910835266113,133
shared,88,"('WT', 'VEH')",99.0,0.5178606951236726,0.5018398308753967,0.5274694561958313,133
shared,88,"('Dp1Yey', 'LCTB92')",1.0,0.24852988958358765,0.24409338355064392,0.2524037730693817,2563
shared,88,"('Dp1Yey', 'LCTB92')",5.0,0.27283695936203,0.26935267448425293,0.27641623124480247,2563
shared,88,"('Dp1Yey', 'LCTB92')",50.0,0.35449308156967163,0.35059666633605957,0.3574301600456238,2563
shared,88,"('Dp1Yey', 'LCTB92')",95.0,0.6106800287961961,0.58681920170784,0.6214276804775,2563
shared,88,"('Dp1Yey', 'LCTB92')",99.0,0.7172797900438314,0.7016523826122284,0.7255737781524658,2563
shared,88,"('Dp1Yey', 'VEH')",1.0,0.19903975129127502,0.16747325658798218,0.2051399745941162,2563
shared,88,"('Dp1Yey', 'VEH')",5.0,0.2273431599140167,0.21954386234283446,0.2330246925354004,2563
shared,88,"('Dp1Yey', 'VEH')",50.0,0.3547965884208679,0.3519209995865822,0.3580721616744995,2563
shared,88,"('Dp1Yey', 'VEH')",95.0,0.49014424681663515,0.4849737107753754,0.49598073959350586,2563
shared,88,"('Dp1Yey', 'VEH')",99.0,0.5342804390192033,0.5266835224628449,0.5412292474508286,2563
shared,88,"('WT', 'LCTB92')",1.0,0.10771560788154602,0.10354073107242584,0.11166445791721344,3262
shared,88,"('WT', 'LCTB92')",5.0,0.14032604098320006,0.13716255128383636,0.14285367727279663,3262
shared,88,"('WT', 'LCTB92')",50.0,0.36060479283332825,0.35516709089279175,0.36631911993026733,3262
shared,88,"('WT', 'LCTB92')",95.0,0.5445020809769631,0.5396956634521485,0.5492614537477493,3262
shared,88,"('WT', 'LCTB92')",99.0,0.6040726700425146,0.5884098669886586,0.6106728315353394,3262
shared,88,"('WT', 'VEH')",1.0,0.18151340782642364,0.17860443890094757,0.18633159399032592,2796
shared,88,"('WT', 'VEH')",5.0,0.20605136454105377,0.20218127965927124,0.2101527340710163,2796
shared,88,"('WT', 'VEH')",50.0,0.418366938829422,0.41485648825764654,0.42216497883200643,2796
shared,88,"('WT', 'VEH')",95.0,0.6035930439829826,0.5994774401187897,0.6082218885421753,2796
shared,88,"('WT', 'VEH')",99.0,0.6812070533633232,0.6753799915313721,0.6862815558910371,2796
shared,89,"('Dp1Yey', 'LCTB92')",1.0,nan,nan,nan,0
shared,89,"('Dp1Yey', 'LCTB92')",5.0,nan,nan,nan,0
shared,89,"('Dp1Yey', 'LCTB92')",50.0,nan,nan,nan,0
shared,89,"('Dp1Yey', 'LCTB92')",95.0,nan,nan,nan,0
shared,89,"('Dp1Yey', 'LCTB92')",99.0,nan,nan,nan,0
shared,89,"('Dp1Yey', 'VEH')",1.0,0.2648800367116928,0.2560470700263977,0.2756888407468796,130
shared,89,"('Dp1Yey', 'VEH')",5.0,0.27972050607204435,0.2686271995306015,0.2909306943416595,130
shared,89,"('Dp1Yey', 'VEH')",50.0,0.39685580134391785,0.37655794620513916,0.42295604944229126,130
shared,89,"('Dp1Yey', 'VEH')",95.0,0.4890278488397598,0.4806906580924988,0.4959911108016968,130
shared,89,"('Dp1Yey', 'VEH')",99.0,0.49756861865520474,0.49242327868938446,0.5036524534225464,130
shared,89,"('WT', 'LCTB92')",1.0,nan,nan,nan,0
shared,89,"('WT', 'LCTB92')",5.0,nan,nan,nan,0
shared,89,"('WT', 'LCTB92')",50.0,nan,nan,nan,0
shared,89,"('WT', 'LCTB92')",95.0,nan,nan,nan,0
shared,89,"('WT', 'LCTB92')",99.0,nan,nan,nan,0
shared,89,"('WT', 'VEH')",1.0,0.2706807780265808,0.268332839012146,0.27670078933238984,130
shared,89,"('WT', 'VEH')",5.0,0.2784861445426941,0.27166956663131714,0.2871159669756888,130
shared,89,"('WT', 'VEH')",50.0,0.40066128969192505,0.3928375244140625,0.4177161455154419,130
shared,89,"('WT', 'VEH')",95.0,0.4932384341955185,0.4809709459543228,0.5146911472082139,130
shared,89,"('WT', 'VEH')",99.0,0.5200381380319595,0.49632092475891115,0.5267719030380249,130
shared,89,"('Dp1Yey', 'LCTB92')",1.0,0.2465621191263199,0.24298522412776946,0.2494327425956726,2530
shared,89,"('Dp1Yey', 'LCTB92')",5.0,0.27229577898979185,0.268548406586051,0.2764136016368866,2530
shared,89,"('Dp1Yey', 'LCTB92')",50.0,0.35185444355010986,0.34828734397888184,0.3544926941394806,2530
shared,89,"('Dp1Yey', 'LCTB92')",95.0,0.6099997326731681,0.5873116537928578,0.6217329323291778,2530
shared,89,"('Dp1Yey', 'LCTB92')",99.0,0.7134150716662407,0.7019237368032336,0.723910001963377,2530
shared,89,"('Dp1Yey', 'VEH')",1.0,0.19914447128772736,0.1663045883178711,0.20319895029067994,2530
shared,89,"('Dp1Yey', 'VEH')",5.0,0.22516046464443207,0.22014623880386353,0.23074411772191522,2530
shared,89,"('Dp1Yey', 'VEH')",50.0,0.3522379398345947,0.34959246814250944,0.3560419790446758,2530
shared,89,"('Dp1Yey', 'VEH')",95.0,0.4882847160100936,0.48184633255004883,0.4947291612625122,2530
shared,89,"('Dp1Yey', 'VEH')",99.0,0.5308172312378884,0.5232332646846771,0.5445902645587921,2530
shared,89,"('WT', 'LCTB92')",1.0,0.10626126110553741,0.10221514463424683,0.10852396786212921,3220
shared,89,"('WT', 'LCTB92')",5.0,0.13928064405918122,0.13602362483739852,0.1417658269405365,3220
shared,89,"('WT', 'LCTB92')",50.0,0.35913559794425964,0.3539561629295349,0.36479198932647705,3220
shared,89,"('WT', 'LCTB92')",95.0,0.5426091507077216,0.53692157715559,0.5471750563755632,3220
shared,89,"('WT', 'LCTB92')",99.0,0.6039102205634117,0.5868978229388593,0.6093742951750756,3220
shared,89,"('WT', 'VEH')",1.0,0.18205844223499298,0.179207706451416,0.18534767876565456,2760
shared,89,"('WT', 'VEH')",5.0,0.20433768928050994,0.20086586475372314,0.20759749330580235,2760
shared,89,"('WT', 'VEH')",50.0,0.4160534739494324,0.412061233073473,0.4198307991027832,2760
shared,89,"('WT', 'VEH')",95.0,0.6039198234677314,0.5977683365345001,0.6082678839564323,2760
shared,89,"('WT', 'VEH')",99.0,0.6790482199192046,0.6721665134057401,0.6850519517064094,2760
shared,8,"('Dp1Yey', 'LCTB92')",1.0,nan,nan,nan,0
shared,8,"('Dp1Yey', 'LCTB92')",5.0,nan,nan,nan,0
shared,8,"('Dp1Yey', 'LCTB92')",50.0,nan,nan,nan,0
shared,8,"('Dp1Yey', 'LCTB92')",95.0,nan,nan,nan,0
shared,8,"('Dp1Yey', 'LCTB92')",99.0,nan,nan,nan,0
shared,8,"('Dp1Yey', 'VEH')",1.0,0.5429279363155365,0.5074471235275269,0.5590352416038513,373
shared,8,"('Dp1Yey', 'VEH')",5.0,0.6293707966804505,0.5679377913475037,0.6547581553459167,373
shared,8,"('Dp1Yey', 'VEH')",50.0,0.8814472556114197,0.8623210936784744,0.8984862342476845,373
shared,8,"('Dp1Yey', 'VEH')",95.0,1.121475538611412,1.090979753434658,1.1478719770908354,373
shared,8,"('Dp1Yey', 'VEH')",99.0,1.193748449683189,1.1642679423093796,1.2964162230491638,373
shared,8,"('WT', 'LCTB92')",1.0,nan,nan,nan,0
shared,8,"('WT', 'LCTB92')",5.0,nan,nan,nan,0
shared,8,"('WT', 'LCTB92')",50.0,nan,nan,nan,0
shared,8,"('WT', 'LCTB92')",95.0,nan,nan,nan,0
shared,8,"('WT', 'LCTB92')",99.0,nan,nan,nan,0
shared,8,"('WT', 'VEH')",1.0,0.49066351652145385,0.4450352191925049,0.5385494041442871,373
shared,8,"('WT', 'VEH')",5.0,0.5974697709083557,0.5472370982170105,0.6378224055469036,373
shared,8,"('WT', 'VEH')",50.0,0.9106569737195969,0.8898221626877785,0.9267697852104902,373
shared,8,"('WT', 'VEH')",95.0,1.1062440201640127,1.0901774168014526,1.1322312355041504,373
shared,8,"('WT', 'VEH')",99.0,1.2117487865686416,1.1519517749547958,1.22869749188423,373
shared,8,"('Dp1Yey', 'LCTB92')",1.0,0.49547496914863587,0.46757107734680176,0.5103464424610138,5203
shared,8,"('Dp1Yey', 'LCTB92')",5.0,0.625693428516388,0.6171801090240479,0.6347571154683828,5203
shared,8,"('Dp1Yey', 'LCTB92')",50.0,0.8549463450908661,0.8511360418051481,0.8591521680355072,5203
shared,8,"('Dp1Yey', 'LCTB92')",95.0,0.9939647336956112,0.9903045874275265,0.9982123457361012,5203
shared,8,"('Dp1Yey', 'LCTB92')",99.0,1.034143443033099,1.0303245198726654,1.0396916418522595,5203
shared,8,"('Dp1Yey', 'VEH')",1.0,0.4944490146636963,0.47364827871322635,0.5158196091651917,5203
shared,8,"('Dp1Yey', 'VEH')",5.0,0.6356456756591797,0.6255498349666596,0.64788216650486,5203
shared,8,"('Dp1Yey', 'VEH')",50.0,0.86445552110672,0.8611040823161602,0.8672721982002258,5203
shared,8,"('Dp1Yey', 'VEH')",95.0,0.9871134267188607,0.9840299116028473,0.9916170850722119,5203
shared,8,"('Dp1Yey', 'VEH')",99.0,1.0252319198474287,1.021343000307679,1.0311846670201048,5203
shared,8,"('WT', 'LCTB92')",1.0,0.448795006275177,0.43362200260162354,0.4728823220729828,6622
shared,8,"('WT', 'LCTB92')",5.0,0.6044224947690964,0.5952114030718804,0.6120602920651436,6622
shared,8,"('WT', 'LCTB92')",50.0,0.8699712678790092,0.8666180223226547,0.8737577944993973,6622
shared,8,"('WT', 'LCTB92')",95.0,1.001983866369119,1.0000845871237833,1.0055540134198964,6622
shared,8,"('WT', 'LCTB92')",99.0,1.0423177340626717,1.0369508858397603,1.045635662713088,6622
shared,8,"('WT', 'VEH')",1.0,0.5621522814035416,0.5490010976791382,0.5777917817234993,5676
shared,8,"('WT', 'VEH')",5.0,0.6861279532313347,0.6774127030745148,0.6953266346827149,5676
shared,8,"('WT', 'VEH')",50.0,0.8963245488703251,0.8929914302192629,0.899729681853205,5676
shared,8,"('WT', 'VEH')",95.0,1.0114246828015894,1.0088059767149389,1.0151687050238252,5676
shared,8,"('WT', 'VEH')",99.0,1.0464078579097986,1.0418373765423894,1.049664224497974,5676
shared,90,"('Dp1Yey', 'LCTB92')",1.0,nan,nan,nan,0
shared,90,"('Dp1Yey', 'LCTB92')",5.0,nan,nan,nan,0
shared,90,"('Dp1Yey', 'LCTB92')",50.0,nan,nan,nan,0
shared,90,"('Dp1Yey', 'LCTB92')",95.0,nan,nan,nan,0
shared,90,"('Dp1Yey', 'LCTB92')",99.0,nan,nan,nan,0
shared,90,"('Dp1Yey', 'VEH')",1.0,0.2580103039741516,0.2494465708732605,0.2789114105701447,127
shared,90,"('Dp1Yey', 'VEH')",5.0,0.2798925220966339,0.26160234287381173,0.29136502534151076,127
shared,90,"('Dp1Yey', 'VEH')",50.0,0.39860999584198,0.37333977222442627,0.43139714002609253,127
shared,90,"('Dp1Yey', 'VEH')",95.0,0.48601651191711426,0.4786293518543243,0.49182286858558655,127
shared,90,"('Dp1Yey', 'VEH')",99.0,0.4935568964481354,0.48671979069709775,0.49655264616012573,127
shared,90,"('WT', 'LCTB92')",1.0,nan,nan,nan,0
shared,90,"('WT', 'LCTB92')",5.0,nan,nan,nan,0
shared,90,"('WT', 'LCTB92')",50.0,nan,nan,nan,0
shared,90,"('WT', 'LCTB92')",95.0,nan,nan,nan,0
shared,90,"('WT', 'LCTB92')",99.0,nan,nan,nan,0
shared,90,"('WT', 'VEH')",1.0,0.2689081394672394,0.2622712254524231,0.2806326174736023,127
shared,90,"('WT', 'VEH')",5.0,0.28096491694450376,0.274324768781662,0.28868794441223145,127
shared,90,"('WT', 'VEH')",50.0,0.4020230770111084,0.3907186985015869,0.42016303539276123,127
shared,90,"('WT', 'VEH')",95.0,0.4937197387218475,0.4775564670562744,0.5102023482322693,127
shared,90,"('WT', 'VEH')",99.0,0.514460362792015,0.49950759351253504,0.5161206126213074,127
shared,90,"('Dp1Yey', 'LCTB92')",1.0,0.24446896314620972,0.2433977667093277,0.2476479658484459,2497
shared,90,"('Dp1Yey', 'LCTB92')",5.0,0.27129279375076293,0.2680214524269104,0.27433035522699356,2497
shared,90,"('Dp1Yey', 'LCTB92')",50.0,0.3484231233596802,0.3460228443145752,0.35182303190231323,2497
shared,90,"('Dp1Yey', 'LCTB92')",95.0,0.6060201585292815,0.5866663753986359,0.6203620663285255,2497
shared,90,"('Dp1Yey', 'LCTB92')",99.0,0.7098415327072144,0.6997855615615844,0.7217451953887939,2497
shared,90,"('Dp1Yey', 'VEH')",1.0,0.1966344976425171,0.16863715648651123,0.20333965426683423,2497
shared,90,"('Dp1Yey', 'VEH')",5.0,0.2252585768699646,0.21949376195669176,0.22993803024291992,2497
shared,90,"('Dp1Yey', 'VEH')",50.0,0.35011541843414307,0.3471662998199463,0.3530210018157959,2497
shared,90,"('Dp1Yey', 'VEH')",95.0,0.48409616947174067,0.47863087385892866,0.4907756447792053,2497
shared,90,"('Dp1Yey', 'VEH')",99.0,0.5304467737674712,0.5241106450557709,0.5503172278404236,2497
shared,90,"('WT', 'LCTB92')",1.0,0.10618077516555786,0.10314939439296722,0.10771220386028289,3178
shared,90,"('WT', 'LCTB92')",5.0,0.13892555832862855,0.13508648574352267,0.14107306003570558,3178
shared,90,"('WT', 'LCTB92')",50.0,0.3578166365623474,0.35114991664886475,0.36244610175490377,3178
shared,90,"('WT', 'LCTB92')",95.0,0.542555010318756,0.5358602106571198,0.5459637597203254,3178
shared,90,"('WT', 'LCTB92')",99.0,0.603858659863472,0.5867616360411048,0.6107320785522461,3178
shared,90,"('WT', 'VEH')",1.0,0.1821485912799835,0.17988348007202148,0.18425111532211302,2724
shared,90,"('WT', 'VEH')",5.0,0.20254381895065307,0.19984639815986158,0.20587694644927979,2724
shared,90,"('WT', 'VEH')",50.0,0.4129350483417511,0.4087152868509293,0.4174030512571335,2724
shared,90,"('WT', 'VEH')",95.0,0.6010185971856117,0.5964032113552094,0.6068728193640709,2724
shared,90,"('WT', 'VEH')",99.0,0.6775506538152695,0.6718117594718933,0.6839320424199105,2724
shared,91,"('Dp1Yey', 'LCTB92')",1.0,nan,nan,nan,0
shared,91,"('Dp1Yey', 'LCTB92')",5.0,nan,nan,nan,0
shared,91,"('Dp1Yey', 'LCTB92')",50.0,nan,nan,nan,0
shared,91,"('Dp1Yey', 'LCTB92')",95.0,nan,nan,nan,0
shared,91,"('Dp1Yey', 'LCTB92')",99.0,nan,nan,nan,0
shared,91,"('Dp1Yey', 'VEH')",1.0,0.2631093603372574,0.2498583197593689,0.27335784733295443,124
shared,91,"('Dp1Yey', 'VEH')",5.0,0.2783497929573059,0.26515401624143126,0.29186344146728516,124
shared,91,"('Dp1Yey', 'VEH')",50.0,0.4008597433567047,0.3737971782684326,0.43187543749809265,124
shared,91,"('Dp1Yey', 'VEH')",95.0,0.48435676395893096,0.47091940343379973,0.48755280673503876,124
shared,91,"('Dp1Yey', 'VEH')",99.0,0.4889242267608643,0.4849104881286621,0.4903796315193176,124
shared,91,"('WT', 'LCTB92')",1.0,nan,nan,nan,0
shared,91,"('WT', 'LCTB92')",5.0,nan,nan,nan,0
shared,91,"('WT', 'LCTB92')",50.0,nan,nan,nan,0
shared,91,"('WT', 'LCTB92')",95.0,nan,nan,nan,0
shared,91,"('WT', 'LCTB92')",99.0,nan,nan,nan,0
shared,91,"('WT', 'VEH')",1.0,0.2733042174577713,0.26135361194610596,0.28101277351379395,124
shared,91,"('WT', 'VEH')",5.0,0.2826263576745987,0.2753602057695389,0.29273004829883575,124
shared,91,"('WT', 'VEH')",50.0,0.4004780352115631,0.3883252739906311,0.4176556468009949,124
shared,91,"('WT', 'VEH')",95.0,0.49110204875469204,0.4737394452095032,0.5015541717410087,124
shared,91,"('WT', 'VEH')",99.0,0.5057345494627953,0.49180731892585755,0.5086856186389923,124
shared,91,"('Dp1Yey', 'LCTB92')",1.0,0.2427300828695297,0.23877427220344544,0.24650697614252565,2464
shared,91,"('Dp1Yey', 'LCTB92')",5.0,0.26846749484539034,0.2661829196661711,0.2721374338120222,2464
shared,91,"('Dp1Yey', 'LCTB92')",50.0,0.34651967883110046,0.34447468295693395,0.349032998085022,2464
shared,91,"('Dp1Yey', 'LCTB92')",95.0,0.60641530752182,0.5870746970176697,0.6226238603517412,2464
shared,91,"('Dp1Yey', 'LCTB92')",99.0,0.7037575921416283,0.6989813488721847,0.7139650493264186,2464
shared,91,"('Dp1Yey', 'VEH')",1.0,0.1915310615301132,0.17461055517196655,0.2011932655274868,2464
shared,91,"('Dp1Yey', 'VEH')",5.0,0.22330062091350555,0.21975034475326538,0.2283358283340931,2464
shared,91,"('Dp1Yey', 'VEH')",50.0,0.34688085317611694,0.3443775177001953,0.3503620527684689,2464
shared,91,"('Dp1Yey', 'VEH')",95.0,0.4793671309947967,0.47463422276079653,0.488309383392334,2464
shared,91,"('Dp1Yey', 'VEH')",99.0,0.5414626875519751,0.5287459868192671,0.5505890521407125,2464
shared,91,"('WT', 'LCTB92')",1.0,0.10583609342575073,0.10181316435337066,0.10955846309661865,3136
shared,91,"('WT', 'LCTB92')",5.0,0.13708873093128204,0.1328985471278429,0.14099197722971438,3136
shared,91,"('WT', 'LCTB92')",50.0,0.35657793283462524,0.3499120771884918,0.3616508312523365,3136
shared,91,"('WT', 'LCTB92')",95.0,0.5401135012507439,0.5351840607821942,0.5431983724236489,3136
shared,91,"('WT', 'LCTB92')",99.0,0.5982786387205126,0.5818749368190765,0.6058944386616348,3136
shared,91,"('WT', 'VEH')",1.0,0.18061651349067687,0.1775813102722168,0.1840912103652954,2688
shared,91,"('WT', 'VEH')",5.0,0.20105230808258057,0.19769269227981567,0.20380255877971648,2688
shared,91,"('WT', 'VEH')",50.0,0.4103996753692627,0.40639408826828005,0.414533406496048,2688
shared,91,"('WT', 'VEH')",95.0,0.6009595856070519,0.5964479744434357,0.6057289056479932,2688
shared,91,"('WT', 'VEH')",99.0,0.6766020458936691,0.6671958790570498,0.6807660976052284,2688
shared,92,"('Dp1Yey', 'LCTB92')",1.0,nan,nan,nan,0
shared,92,"('Dp1Yey', 'LCTB92')",5.0,nan,nan,nan,0
shared,92,"('Dp1Yey', 'LCTB92')",50.0,nan,nan,nan,0
shared,92,"('Dp1Yey', 'LCTB92')",95.0,nan,nan,nan,0
shared,92,"('Dp1Yey', 'LCTB92')",99.0,nan,nan,nan,0
shared,92,"('Dp1Yey', 'VEH')",1.0,0.26296565532684324,0.2598676085472107,0.274705171585083,121
shared,92,"('Dp1Yey', 'VEH')",5.0,0.2756927013397217,0.2631632089614868,0.29129528999328613,121
shared,92,"('Dp1Yey', 'VEH')",50.0,0.40594226121902466,0.3688715100288391,0.43095600605010986,121
shared,92,"('Dp1Yey', 'VEH')",95.0,0.4777905344963074,0.4671337604522705,0.4851897358894348,121
shared,92,"('Dp1Yey', 'VEH')",99.0,0.48628326654434206,0.48080874681472774,0.488979697227478,121
shared,92,"('WT', 'LCTB92')",1.0,nan,nan,nan,0
shared,92,"('WT', 'LCTB92')",5.0,nan,nan,nan,0
shared,92,"('WT', 'LCTB92')",50.0,nan,nan,nan,0
shared,92,"('WT', 'LCTB92')",95.0,nan,nan,nan,0
shared,92,"('WT', 'LCTB92')",99.0,nan,nan,nan,0
shared,92,"('WT', 'VEH')",1.0,0.2738884687423706,0.27171075344085693,0.2790271401405334,121
shared,92,"('WT', 'VEH')",5.0,0.2799564003944397,0.2742241621017456,0.3103771209716797,121
shared,92,"('WT', 'VEH')",50.0,0.40036457777023315,0.38941556215286255,0.4181786775588989,121
shared,92,"('WT', 'VEH')",95.0,0.48382753133773804,0.4721488952636719,0.49016058444976807,121
shared,92,"('WT', 'VEH')",99.0,0.49035522937774656,0.48500951528549197,0.4961669445037842,121
shared,92,"('Dp1Yey', 'LCTB92')",1.0,0.2402075409889221,0.2368791699409485,0.24337419211864472,2431
shared,92,"('Dp1Yey', 'LCTB92')",5.0,0.266798734664917,0.2633898608386517,0.27057806104421617,2431
shared,92,"('Dp1Yey', 'LCTB92')",50.0,0.3440508246421814,0.34104931354522705,0.34688377380371094,2431
shared,92,"('Dp1Yey', 'LCTB92')",95.0,0.6087137758731842,0.5856281518936157,0.622768372297287,2431
shared,92,"('Dp1Yey', 'LCTB92')",99.0,0.7038527101278303,0.6993464767932891,0.7113604575395581,2431
shared,92,"('Dp1Yey', 'VEH')",1.0,0.18557901978492736,0.1740068793296814,0.2003674864768982,2431
shared,92,"('Dp1Yey', 'VEH')",5.0,0.22265738248825073,0.21924474835395813,0.2256772816181183,2431
shared,92,"('Dp1Yey', 'VEH')",50.0,0.34388816356658936,0.3403050899505615,0.34678536653518677,2431
shared,92,"('Dp1Yey', 'VEH')",95.0,0.47737744450569153,0.47185527011752126,0.48431316018104553,2431
shared,92,"('Dp1Yey', 'VEH')",99.0,0.544594958424567,0.5292897105216979,0.5560837984085083,2431
shared,92,"('WT', 'LCTB92')",1.0,0.10845733523368835,0.10348248481750488,0.11133213341236115,3094
shared,92,"('WT', 'LCTB92')",5.0,0.13527608215808867,0.1313552141189575,0.13942903578281401,3094
shared,92,"('WT', 'LCTB92')",50.0,0.35485246777534485,0.34810689091682434,0.3605251520872116,3094
shared,92,"('WT', 'LCTB92')",95.0,0.5374080523848533,0.531344085931778,0.5415137890726328,3094
shared,92,"('WT', 'LCTB92')",99.0,0.5898989957571036,0.5801558573096991,0.6072889268398285,3094
shared,92,"('WT', 'VEH')",1.0,0.17993394434452056,0.17691391706466675,0.18331319093704224,2652
shared,92,"('WT', 'VEH')",5.0,0.19888947606086732,0.1961994171142578,0.20209914743900298,2652
shared,92,"('WT', 'VEH')",50.0,0.4074119031429291,0.40215352848172187,0.4113909602165222,2652
shared,92,"('WT', 'VEH')",95.0,0.600753964483738,0.5946204289793968,0.6065754175186155,2652
shared,92,"('WT', 'VEH')",99.0,0.6713003849983213,0.6665396768301726,0.6781023916602131,2652
shared,93,"('Dp1Yey', 'LCTB92')",1.0,nan,nan,nan,0
shared,93,"('Dp1Yey', 'LCTB92')",5.0,nan,nan,nan,0
shared,93,"('Dp1Yey', 'LCTB92')",50.0,nan,nan,nan,0
shared,93,"('Dp1Yey', 'LCTB92')",95.0,nan,nan,nan,0
shared,93,"('Dp1Yey', 'LCTB92')",99.0,nan,nan,nan,0
shared,93,"('Dp1Yey', 'VEH')",1.0,0.26193570137023925,0.2596700191497803,0.2746575331687927,118
shared,93,"('Dp1Yey', 'VEH')",5.0,0.27508829832077025,0.267700782418251,0.2910989373922348,118
shared,93,"('Dp1Yey', 'VEH')",50.0,0.4140295088291168,0.3756271004676819,0.4292546212673187,118
shared,93,"('Dp1Yey', 'VEH')",95.0,0.47106088995933526,0.46194302402436727,0.4775845408439636,118
shared,93,"('Dp1Yey', 'VEH')",99.0,0.47796967923641204,0.4748992717266083,0.4854689836502075,118
shared,93,"('WT', 'LCTB92')",1.0,nan,nan,nan,0
shared,93,"('WT', 'LCTB92')",5.0,nan,nan,nan,0
shared,93,"('WT', 'LCTB92')",50.0,nan,nan,nan,0
shared,93,"('WT', 'LCTB92')",95.0,nan,nan,nan,0
shared,93,"('WT', 'LCTB92')",99.0,nan,nan,nan,0
shared,93,"('WT', 'VEH')",1.0,0.26824879348278047,0.2675895094871521,0.28084761679172515,118
shared,93,"('WT', 'VEH')",5.0,0.28170222640037534,0.27129799127578735,0.31726786598563184,118
shared,93,"('WT', 'VEH')",50.0,0.40276214480400085,0.3885495066642761,0.41484880447387695,118
shared,93,"('WT', 'VEH')",95.0,0.47952153682708737,0.4731635987758636,0.4869126081466675,118
shared,93,"('WT', 'VEH')",99.0,0.49015444934368135,0.47989190995693204,0.4927457571029663,118
shared,93,"('Dp1Yey', 'LCTB92')",1.0,0.23697019636631012,0.2347614973783493,0.24099576473236084,2398
shared,93,"('Dp1Yey', 'LCTB92')",5.0,0.2648992657661438,0.2620139017701149,0.26864297278225424,2398
shared,93,"('Dp1Yey', 'LCTB92')",50.0,0.3422968089580536,0.3391727484762669,0.3445761501789093,2398
shared,93,"('Dp1Yey', 'LCTB92')",95.0,0.6111570030450821,0.5837279449030759,0.6240637581050398,2398
shared,93,"('Dp1Yey', 'LCTB92')",99.0,0.7040642151236535,0.6988002697452904,0.7102337658405312,2398
shared,93,"('Dp1Yey', 'VEH')",1.0,0.18003152728080749,0.17478663027286528,0.20027403473854063,2398
shared,93,"('Dp1Yey', 'VEH')",5.0,0.22186774015426636,0.21718907356262207,0.22614546649158002,2398
shared,93,"('Dp1Yey', 'VEH')",50.0,0.3403918743133545,0.3377169370651245,0.3432828769087791,2398
shared,93,"('Dp1Yey', 'VEH')",95.0,0.4754344612360001,0.46976679861545567,0.48295533657073975,2398
shared,93,"('Dp1Yey', 'VEH')",99.0,0.5495528131723404,0.525993674993515,0.5555470904707911,2398
shared,93,"('WT', 'LCTB92')",1.0,0.10943385779857635,0.10431488573551179,0.1128140151500702,3052
shared,93,"('WT', 'LCTB92')",5.0,0.1350170284509659,0.12894590497016906,0.1383275503665209,3052
shared,93,"('WT', 'LCTB92')",50.0,0.3540169596672058,0.34559572488069534,0.3600010871887207,3052
shared,93,"('WT', 'LCTB92')",95.0,0.5354041516780853,0.5303689256310462,0.5398381635546684,3052
shared,93,"('WT', 'LCTB92')",99.0,0.5909001171588893,0.5824430642500519,0.5994890956729646,3052
shared,93,"('WT', 'VEH')",1.0,0.17874046564102172,0.17642416059970856,0.18129417896270753,2616
shared,93,"('WT', 'VEH')",5.0,0.1978958696126938,0.19429859854280948,0.20096051692962646,2616
shared,93,"('WT', 'VEH')",50.0,0.40297460556030273,0.39833128452301025,0.4081933684647083,2616
shared,93,"('WT', 'VEH')",95.0,0.601090095937252,0.5943240523338318,0.6062457658350467,2616
shared,93,"('WT', 'VEH')",99.0,0.6689002990722656,0.6633905440568924,0.6774338394403456,2616
shared,94,"('Dp1Yey', 'LCTB92')",1.0,nan,nan,nan,0
shared,94,"('Dp1Yey', 'LCTB92')",5.0,nan,nan,nan,0
shared,94,"('Dp1Yey', 'LCTB92')",50.0,nan,nan,nan,0
shared,94,"('Dp1Yey', 'LCTB92')",95.0,nan,nan,nan,0
shared,94,"('Dp1Yey', 'LCTB92')",99.0,nan,nan,nan,0
shared,94,"('Dp1Yey', 'VEH')",1.0,0.2620156157016754,0.25841838121414185,0.27820658922195435,115
shared,94,"('Dp1Yey', 'VEH')",5.0,0.2796113610267639,0.26326876878738403,0.2965524673461914,115
shared,94,"('Dp1Yey', 'VEH')",50.0,0.417198121547699,0.37127363681793213,0.4281994700431824,115
shared,94,"('Dp1Yey', 'VEH')",95.0,0.4677224099636078,0.4585321545600891,0.47666728496551514,115
shared,94,"('Dp1Yey', 'VEH')",99.0,0.4798957931995392,0.4678954828083515,0.48142117261886597,115
shared,94,"('WT', 'LCTB92')",1.0,nan,nan,nan,0
shared,94,"('WT', 'LCTB92')",5.0,nan,nan,nan,0
shared,94,"('WT', 'LCTB92')",50.0,nan,nan,nan,0
shared,94,"('WT', 'LCTB92')",95.0,nan,nan,nan,0
shared,94,"('WT', 'LCTB92')",99.0,nan,nan,nan,0
shared,94,"('WT', 'VEH')",1.0,0.27146151304245,0.2630242705345154,0.2831553816795349,115
shared,94,"('WT', 'VEH')",5.0,0.2842860400676727,0.27471375465393066,0.3243681788444519,115
shared,94,"('WT', 'VEH')",50.0,0.4032348394393921,0.39076632261276245,0.41578155755996704,115
shared,94,"('WT', 'VEH')",95.0,0.47747769951820374,0.46940667629241944,0.4857224225997925,115
shared,94,"('WT', 'VEH')",99.0,0.48983603715896606,0.4780763447284698,0.4951886534690857,115
shared,94,"('Dp1Yey', 'LCTB92')",1.0,0.23659579515457155,0.22995394468307495,0.24070531129837036,2365
shared,94,"('Dp1Yey', 'LCTB92')",5.0,0.2629577279090881,0.2584915149211884,0.266837877035141,2365
shared,94,"('Dp1Yey', 'LCTB92')",50.0,0.3384082317352295,0.3361815810203552,0.34119194746017456,2365
shared,94,"('Dp1Yey', 'LCTB92')",95.0,0.6102604508399962,0.5870708227157593,0.6276499927043915,2365
shared,94,"('Dp1Yey', 'LCTB92')",99.0,0.7026501393318179,0.697134256362915,0.7095556259155273,2365
shared,94,"('Dp1Yey', 'VEH')",1.0,0.1820780849456787,0.1746189045906067,0.2003372359275818,2365
shared,94,"('Dp1Yey', 'VEH')",5.0,0.22010778188705443,0.216057288646698,0.22489023208618164,2365
shared,94,"('Dp1Yey', 'VEH')",50.0,0.33712607622146606,0.33418568074703214,0.340182363986969,2365
shared,94,"('Dp1Yey', 'VEH')",95.0,0.4747673034667967,0.4693126678466797,0.4811145058274267,2365
shared,94,"('Dp1Yey', 'VEH')",99.0,0.5555164313316348,0.5269023537635803,0.560185581445694,2365
shared,94,"('WT', 'LCTB92')",1.0,0.10961830794811249,0.10571873188018799,0.11251550674438476,3010
shared,94,"('WT', 'LCTB92')",5.0,0.13369209170341492,0.1287325918674469,0.13720667362213135,3010
shared,94,"('WT', 'LCTB92')",50.0,0.3519348204135895,0.34403183981776236,0.35904989838600154,3010
shared,94,"('WT', 'LCTB92')",95.0,0.5344255432486533,0.5288130044937134,0.5387504175305365,3010
shared,94,"('WT', 'LCTB92')",99.0,0.5942900091409681,0.5829714834690094,0.6020957303047173,3010
shared,94,"('WT', 'VEH')",1.0,0.17720843672752382,0.17661648988723755,0.18035230815410613,2580
shared,94,"('WT', 'VEH')",5.0,0.19459468126296997,0.1919967144727707,0.19888973988592626,2580
shared,94,"('WT', 'VEH')",50.0,0.39933305978775024,0.39396258220076563,0.40354547649621964,2580
shared,94,"('WT', 'VEH')",95.0,0.6012798592448234,0.5943311393260954,0.6073314157500863,2580
shared,94,"('WT', 'VEH')",99.0,0.6664925760030747,0.662482500076294,0.6739616683125497,2580
shared,95,"('Dp1Yey', 'LCTB92')",1.0,nan,nan,nan,0
shared,95,"('Dp1Yey', 'LCTB92')",5.0,nan,nan,nan,0
shared,95,"('Dp1Yey', 'LCTB92')",50.0,nan,nan,nan,0
shared,95,"('Dp1Yey', 'LCTB92')",95.0,nan,nan,nan,0
shared,95,"('Dp1Yey', 'LCTB92')",99.0,nan,nan,nan,0
shared,95,"('Dp1Yey', 'VEH')",1.0,0.26614329099655154,0.2500889301300049,0.28313761472702026,112
shared,95,"('Dp1Yey', 'VEH')",5.0,0.2845425963401794,0.26706463098526,0.2995010018348694,112
shared,95,"('Dp1Yey', 'VEH')",50.0,0.4169922173023224,0.378471314907074,0.4251631706953048,112
shared,95,"('Dp1Yey', 'VEH')",95.0,0.4648231118917465,0.4528557389974594,0.47790706157684326,112
shared,95,"('Dp1Yey', 'VEH')",99.0,0.4815161913633347,0.46496008813381196,0.48349452018737793,112
shared,95,"('WT', 'LCTB92')",1.0,nan,nan,nan,0
shared,95,"('WT', 'LCTB92')",5.0,nan,nan,nan,0
shared,95,"('WT', 'LCTB92')",50.0,nan,nan,nan,0
shared,95,"('WT', 'LCTB92')",95.0,nan,nan,nan,0
shared,95,"('WT', 'LCTB92')",99.0,nan,nan,nan,0
shared,95,"('WT', 'VEH')",1.0,0.2741599899530411,0.27311211824417114,0.29181095600128176,112
shared,95,"('WT', 'VEH')",5.0,0.29188973903656007,0.27819520235061646,0.33025993406772614,112
shared,95,"('WT', 'VEH')",50.0,0.40115290880203247,0.39026638865470886,0.41426846385002136,112
shared,95,"('WT', 'VEH')",95.0,0.4831177771091461,0.4706794023513794,0.49133098125457764,112
shared,95,"('WT', 'VEH')",99.0,0.4945729649066925,0.48362430691719055,0.5010420978069305,112
shared,95,"('Dp1Yey', 'LCTB92')",1.0,0.23396476209163666,0.22833253622055052,0.24012989819049835,2332
shared,95,"('Dp1Yey', 'LCTB92')",5.0,0.2595700353384018,0.2563878978788853,0.26704517006874084,2332
shared,95,"('Dp1Yey', 'LCTB92')",50.0,0.3359293043613434,0.33309412002563477,0.3386679857969284,2332
shared,95,"('Dp1Yey', 'LCTB92')",95.0,0.6104866489768027,0.5872854396700857,0.6233942151069639,2332
shared,95,"('Dp1Yey', 'LCTB92')",99.0,0.7036699825525284,0.6971566864848138,0.7100594529509545,2332
shared,95,"('Dp1Yey', 'VEH')",1.0,0.17989446520805358,0.17285168170928955,0.20119129478931427,2332
shared,95,"('Dp1Yey', 'VEH')",5.0,0.21897490918636323,0.2148945540189743,0.2238060662150383,2332
shared,95,"('Dp1Yey', 'VEH')",50.0,0.33372199535369873,0.33040034770965576,0.3370945006608963,2332
shared,95,"('Dp1Yey', 'VEH')",95.0,0.4719716489315033,0.46644902683794487,0.47782071530818937,2332
shared,95,"('Dp1Yey', 'VEH')",99.0,0.5507687994837762,0.5292270597815517,0.5644349530339241,2332
shared,95,"('WT', 'LCTB92')",1.0,0.10785145163536072,0.10425870299339295,0.11187773942947388,2968
shared,95,"('WT', 'LCTB92')",5.0,0.13291297256946563,0.12883885972201825,0.136638343334198,2968
shared,95,"('WT', 'LCTB92')",50.0,0.3498042821884155,0.3414155840873718,0.3575812369585037,2968
shared,95,"('WT', 'LCTB92')",95.0,0.5334642961621284,0.5268417794629932,0.537723958492279,2968
shared,95,"('WT', 'LCTB92')",99.0,0.5951681578159332,0.5804782974720001,0.6016094589233398,2968
shared,95,"('WT', 'VEH')",1.0,0.1775643742084503,0.1762329339981079,0.17954152345657348,2544
shared,95,"('WT', 'VEH')",5.0,0.19221746325492858,0.1904601961374283,0.19563837051391603,2544
shared,95,"('WT', 'VEH')",50.0,0.39593058824539185,0.3923202157020569,0.40110307931900024,2544
shared,95,"('WT', 'VEH')",95.0,0.6023861810564994,0.5949112634733319,0.6076956689357758,2544
shared,95,"('WT', 'VEH')",99.0,0.6644674530625344,0.6597742192670702,0.672834038734436,2544
shared,96,"('Dp1Yey', 'LCTB92')",1.0,nan,nan,nan,0
shared,96,"('Dp1Yey', 'LCTB92')",5.0,nan,nan,nan,0
shared,96,"('Dp1Yey', 'LCTB92')",50.0,nan,nan,nan,0
shared,96,"('Dp1Yey', 'LCTB92')",95.0,nan,nan,nan,0
shared,96,"('Dp1Yey', 'LCTB92')",99.0,nan,nan,nan,0
shared,96,"('Dp1Yey', 'VEH')",1.0,0.2610246801376343,0.25715065002441406,0.29946033000946043,109
shared,96,"('Dp1Yey', 'VEH')",5.0,0.29988057613372804,0.2771269679069519,0.3078901767730713,109
shared,96,"('Dp1Yey', 'VEH')",50.0,0.4169958829879761,0.3865162134170532,0.4245431423187256,109
shared,96,"('Dp1Yey', 'VEH')",95.0,0.4615845441818237,0.4495865821838379,0.47626185417175293,109
shared,96,"('Dp1Yey', 'VEH')",99.0,0.4775965690612793,0.4625213575363159,0.48384249210357666,109
shared,96,"('WT', 'LCTB92')",1.0,nan,nan,nan,0
shared,96,"('WT', 'LCTB92')",5.0,nan,nan,nan,0
shared,96,"('WT', 'LCTB92')",50.0,nan,nan,nan,0
shared,96,"('WT', 'LCTB92')",95.0,nan,nan,nan,0
shared,96,"('WT', 'LCTB92')",99.0,nan,nan,nan,0
shared,96,"('WT', 'VEH')",1.0,0.2892775630950928,0.2879107594490051,0.3067850732803345,109
shared,96,"('WT', 'VEH')",5.0,0.3071807146072388,0.2962624430656433,0.3316446542739868,109
shared,96,"('WT', 'VEH')",50.0,0.4046328067779541,0.39554452896118164,0.41256409883499146,109
shared,96,"('WT', 'VEH')",95.0,0.4808104753494263,0.46890206336975093,0.5033619999885559,109
shared,96,"('WT', 'VEH')",99.0,0.5051037096977234,0.48156620502471925,0.517410010099411,109
shared,96,"('Dp1Yey', 'LCTB92')",1.0,0.23106377959251403,0.223918616771698,0.23480552339553834,2299
shared,96,"('Dp1Yey', 'LCTB92')",5.0,0.2578366160392761,0.25349454283714296,0.2648352563381195,2299
shared,96,"('Dp1Yey', 'LCTB92')",50.0,0.33380788564682007,0.3312652111053467,0.33720290660858154,2299
shared,96,"('Dp1Yey', 'LCTB92')",95.0,0.6116037786006927,0.5871443906426425,0.6289476543664932,2299
shared,96,"('Dp1Yey', 'LCTB92')",99.0,0.7036541330814362,0.6962358951568604,0.7092234534025192,2299
shared,96,"('Dp1Yey', 'VEH')",1.0,0.1866573190689087,0.1688456976413727,0.19962808856368064,2299
shared,96,"('Dp1Yey', 'VEH')",5.0,0.21880763173103332,0.21385270357131958,0.22186340689659118,2299
shared,96,"('Dp1Yey', 'VEH')",50.0,0.330552339553833,0.3279092311859131,0.33370262384414673,2299
shared,96,"('Dp1Yey', 'VEH')",95.0,0.47065597176551816,0.4641964554786682,0.47427505254745483,2299
shared,96,"('Dp1Yey', 'VEH')",99.0,0.5549600952863692,0.5270515497773886,0.5687869769334792,2299
shared,96,"('WT', 'LCTB92')",1.0,0.10735516250133514,0.10282891988754272,0.11222141981124878,2926
shared,96,"('WT', 'LCTB92')",5.0,0.13238880038261414,0.12855878993868827,0.1367592066526413,2926
shared,96,"('WT', 'LCTB92')",50.0,0.34608346223831177,0.33834011405706405,0.3543334901332855,2926
shared,96,"('WT', 'LCTB92')",95.0,0.5324020609259605,0.5248643457889557,0.5390196964144707,2926
shared,96,"('WT', 'LCTB92')",99.0,0.5896928235888481,0.5812840238213539,0.6002442762255669,2926
shared,96,"('WT', 'VEH')",1.0,0.17715355694293977,0.17519673883914946,0.17941690921783449,2508
shared,96,"('WT', 'VEH')",5.0,0.19088183641433715,0.18824316382408143,0.19292051285505293,2508
shared,96,"('WT', 'VEH')",50.0,0.3931289613246918,0.3895420730113983,0.3977580077946186,2508
shared,96,"('WT', 'VEH')",95.0,0.6032876625657082,0.5944408175349235,0.607964962720871,2508
shared,96,"('WT', 'VEH')",99.0,0.6608932191133499,0.6583210906386372,0.6673459228873251,2508
shared,97,"('Dp1Yey', 'LCTB92')",1.0,nan,nan,nan,0
shared,97,"('Dp1Yey', 'LCTB92')",5.0,nan,nan,nan,0
shared,97,"('Dp1Yey', 'LCTB92')",50.0,nan,nan,nan,0
shared,97,"('Dp1Yey', 'LCTB92')",95.0,nan,nan,nan,0
shared,97,"('Dp1Yey', 'LCTB92')",99.0,nan,nan,nan,0
shared,97,"('Dp1Yey', 'VEH')",1.0,0.25978378057479856,0.2539084553718567,0.30304972529411317,106
shared,97,"('Dp1Yey', 'VEH')",5.0,0.30404312908649445,0.28672975301742554,0.331390380859375,106
shared,97,"('Dp1Yey', 'VEH')",50.0,0.4075970947742462,0.3911936283111572,0.4201265573501587,106
shared,97,"('Dp1Yey', 'VEH')",95.0,0.45896871387958527,0.44617946445941925,0.470578670501709,106
shared,97,"('Dp1Yey', 'VEH')",99.0,0.47291199266910555,0.4592617183923721,0.47860920429229736,106
shared,97,"('WT', 'LCTB92')",1.0,nan,nan,nan,0
shared,97,"('WT', 'LCTB92')",5.0,nan,nan,nan,0
shared,97,"('WT', 'LCTB92')",50.0,nan,nan,nan,0
shared,97,"('WT', 'LCTB92')",95.0,nan,nan,nan,0
shared,97,"('WT', 'LCTB92')",99.0,nan,nan,nan,0
shared,97,"('WT', 'VEH')",1.0,0.30600103437900544,0.3053175210952759,0.3135019391775131,106
shared,97,"('WT', 'VEH')",5.0,0.3137612044811249,0.31082141399383545,0.3343877956271171,106
shared,97,"('WT', 'VEH')",50.0,0.40105772018432617,0.3922613859176636,0.4096761643886566,106
shared,97,"('WT', 'VEH')",95.0,0.48725034296512604,0.47326064109802246,0.5106025338172913,106
shared,97,"('WT', 'VEH')",99.0,0.5113927274942398,0.4874482936412096,0.5115713477134705,106
shared,97,"('Dp1Yey', 'LCTB92')",1.0,0.2288608133792877,0.22290140986442566,0.23233294486999512,2266
shared,97,"('Dp1Yey', 'LCTB92')",5.0,0.2570063918828964,0.2523640148341656,0.26112687587738037,2266
shared,97,"('Dp1Yey', 'LCTB92')",50.0,0.3324406147003174,0.329267530888319,0.3355163216590881,2266
shared,97,"('Dp1Yey', 'LCTB92')",95.0,0.6128083616495132,0.5956318601965904,0.6283236986026168,2266
shared,97,"('Dp1Yey', 'LCTB92')",99.0,0.7038494437932968,0.6961321234703064,0.7063983678817749,2266
shared,97,"('Dp1Yey', 'VEH')",1.0,0.1849447339773178,0.16896252930164338,0.19827807545661927,2266
shared,97,"('Dp1Yey', 'VEH')",5.0,0.2175857275724411,0.21329238042235374,0.22073188424110413,2266
shared,97,"('Dp1Yey', 'VEH')",50.0,0.3274752199649811,0.32503509521484375,0.3308713525533676,2266
shared,97,"('Dp1Yey', 'VEH')",95.0,0.46922461688518524,0.46411988139152527,0.47361143194139005,2266
shared,97,"('Dp1Yey', 'VEH')",99.0,0.5466545224189757,0.521265983581543,0.5712470307946205,2266
shared,97,"('WT', 'LCTB92')",1.0,0.10596716642379761,0.10159198105335236,0.11134743690490723,2884
shared,97,"('WT', 'LCTB92')",5.0,0.13101744055747985,0.12784230709075928,0.13553690910339355,2884
shared,97,"('WT', 'LCTB92')",50.0,0.34351828694343567,0.33595895767211914,0.35312130898237226,2884
shared,97,"('WT', 'LCTB92')",95.0,0.5308468878269196,0.524897839128971,0.5376213192939758,2884
shared,97,"('WT', 'LCTB92')",99.0,0.5876291900873185,0.5820189416408539,0.5957678976655006,2884
shared,97,"('WT', 'VEH')",1.0,0.1753887963294983,0.1729467511177063,0.1780920754224062,2472
shared,97,"('WT', 'VEH')",5.0,0.18842173516750335,0.18564802408218384,0.19121798641979695,2472
shared,97,"('WT', 'VEH')",50.0,0.39071768522262573,0.38533586263656616,0.3962007164955139,2472
shared,97,"('WT', 'VEH')",95.0,0.6017209157347678,0.5922866463661194,0.6096348166465759,2472
shared,97,"('WT', 'VEH')",99.0,0.6593991369009018,0.6564972996711731,0.6654351949691772,2472
shared,98,"('Dp1Yey', 'LCTB92')",1.0,nan,nan,nan,0
shared,98,"('Dp1Yey', 'LCTB92')",5.0,nan,nan,nan,0
shared,98,"('Dp1Yey', 'LCTB92')",50.0,nan,nan,nan,0
shared,98,"('Dp1Yey', 'LCTB92')",95.0,nan,nan,nan,0
shared,98,"('Dp1Yey', 'LCTB92')",99.0,nan,nan,nan,0
shared,98,"('Dp1Yey', 'VEH')",1.0,0.259697197675705,0.2544490098953247,0.31566551327705383,103
shared,98,"('Dp1Yey', 'VEH')",5.0,0.3158482611179352,0.2840726971626282,0.3367203056812286,103
shared,98,"('Dp1Yey', 'VEH')",50.0,0.40656590461730957,0.3907911777496338,0.4193904995918274,103
shared,98,"('Dp1Yey', 'VEH')",95.0,0.45498910546302795,0.44196808338165283,0.462521904706955,103
shared,98,"('Dp1Yey', 'VEH')",99.0,0.4625743103027344,0.45500266551971436,0.46695202589035034,103
shared,98,"('WT', 'LCTB92')",1.0,nan,nan,nan,0
shared,98,"('WT', 'LCTB92')",5.0,nan,nan,nan,0
shared,98,"('WT', 'LCTB92')",50.0,nan,nan,nan,0
shared,98,"('WT', 'LCTB92')",95.0,nan,nan,nan,0
shared,98,"('WT', 'LCTB92')",99.0,nan,nan,nan,0
shared,98,"('WT', 'VEH')",1.0,0.3176707923412323,0.31181061267852783,0.3339171552658081,103
shared,98,"('WT', 'VEH')",5.0,0.3341200351715088,0.3230023980140686,0.3421243070065975,103
shared,98,"('WT', 'VEH')",50.0,0.4004417061805725,0.38822615146636963,0.40994495153427124,103
shared,98,"('WT', 'VEH')",95.0,0.4929687976837158,0.48364633321762085,0.4975394606590271,103
shared,98,"('WT', 'VEH')",99.0,0.5009896564483642,0.4930661678314209,0.5051513016223907,103
shared,98,"('Dp1Yey', 'LCTB92')",1.0,0.22480714559555054,0.22143542766571045,0.23103240251541138,2233
shared,98,"('Dp1Yey', 'LCTB92')",5.0,0.2552831768989563,0.2526227593421936,0.2579491204023361,2233
shared,98,"('Dp1Yey', 'LCTB92')",50.0,0.3298937678337097,0.32690173387527466,0.333371639251709,2233
shared,98,"('Dp1Yey', 'LCTB92')",95.0,0.6147947192192079,0.5983246222138411,0.6379531443119051,2233
shared,98,"('Dp1Yey', 'LCTB92')",99.0,0.702392234802246,0.6929089329242706,0.7077361571788787,2233
shared,98,"('Dp1Yey', 'VEH')",1.0,0.18694721460342406,0.1702896785736084,0.1986787176132202,2233
shared,98,"('Dp1Yey', 'VEH')",5.0,0.21587878465652466,0.21215200424194336,0.21991286098957064,2233
shared,98,"('Dp1Yey', 'VEH')",50.0,0.3252090811729431,0.32316315174102783,0.328161358833313,2233
shared,98,"('Dp1Yey', 'VEH')",95.0,0.46867721080780034,0.4618163824081421,0.4724887013435364,2233
shared,98,"('Dp1Yey', 'VEH')",99.0,0.548547540903091,0.5258880079984659,0.5706836509704586,2233
shared,98,"('WT', 'LCTB92')",1.0,0.1054434210062027,0.10125642061233521,0.10993303418159485,2842
shared,98,"('WT', 'LCTB92')",5.0,0.12967667281627654,0.12654926478862763,0.13534802198410034,2842
shared,98,"('WT', 'LCTB92')",50.0,0.3407226800918579,0.3334963917732239,0.35015982389450073,2842
shared,98,"('WT', 'LCTB92')",95.0,0.5297804161906242,0.5234405517578125,0.536480002105236,2842
shared,98,"('WT', 'LCTB92')",99.0,0.5860981377959251,0.5820639050006867,0.5916285181045535,2842
shared,98,"('WT', 'VEH')",1.0,0.17329046726226807,0.17110294103622437,0.17543686628341676,2436
shared,98,"('WT', 'VEH')",5.0,0.18589766323566437,0.18428805731236936,0.18776121474802493,2436
shared,98,"('WT', 'VEH')",50.0,0.38806575536727905,0.38207685947418213,0.393082270771265,2436
shared,98,"('WT', 'VEH')",95.0,0.6004179939627647,0.5900503730401396,0.6087874924764037,2436
shared,98,"('WT', 'VEH')",99.0,0.6574181765317917,0.6542525127530098,0.661093533039093,2436
shared,99,"('Dp1Yey', 'LCTB92')",1.0,nan,nan,nan,0
shared,99,"('Dp1Yey', 'LCTB92')",5.0,nan,nan,nan,0
shared,99,"('Dp1Yey', 'LCTB92')",50.0,nan,nan,nan,0
shared,99,"('Dp1Yey', 'LCTB92')",95.0,nan,nan,nan,0
shared,99,"('Dp1Yey', 'LCTB92')",99.0,nan,nan,nan,0
shared,99,"('Dp1Yey', 'VEH')",1.0,0.2675528335571289,0.25674647092819214,0.32362821221351623,100
shared,99,"('Dp1Yey', 'VEH')",5.0,0.3235462963581085,0.3115288645029068,0.33683612644672395,100
shared,99,"('Dp1Yey', 'VEH')",50.0,0.4042896330356598,0.39206305146217346,0.4113115668296814,100
shared,99,"('Dp1Yey', 'VEH')",95.0,0.4516959547996521,0.44323118925094607,0.4611651748418808,100
shared,99,"('Dp1Yey', 'VEH')",99.0,0.4630854445695877,0.4516893935203552,0.46497684717178345,100
shared,99,"('WT', 'LCTB92')",1.0,nan,nan,nan,0
shared,99,"('WT', 'LCTB92')",5.0,nan,nan,nan,0
shared,99,"('WT', 'LCTB92')",50.0,nan,nan,nan,0
shared,99,"('WT', 'LCTB92')",95.0,nan,nan,nan,0
shared,99,"('WT', 'LCTB92')",99.0,nan,nan,nan,0
shared,99,"('WT', 'VEH')",1.0,0.33103862166404724,0.3236062526702881,0.3382903438806534,100
shared,99,"('WT', 'VEH')",5.0,0.33826894760131837,0.33366377651691437,0.3428895562887192,100
shared,99,"('WT', 'VEH')",50.0,0.3981757164001465,0.3826839327812195,0.40910911560058594,100
shared,99,"('WT', 'VEH')",95.0,0.49586503505706786,0.47874044477939603,0.5047838032245636,100
shared,99,"('WT', 'VEH')",99.0,0.506378841996193,0.4955892267003656,0.5137266516685486,100
shared,99,"('Dp1Yey', 'LCTB92')",1.0,0.22340404212474824,0.21760793136060239,0.22847630500793456,2200
shared,99,"('Dp1Yey', 'LCTB92')",5.0,0.2536611884832382,0.24941449165344237,0.25560803711414337,2200
shared,99,"('Dp1Yey', 'LCTB92')",50.0,0.32703474164009094,0.3243103988468647,0.33014416694641113,2200
shared,99,"('Dp1Yey', 'LCTB92')",95.0,0.6175020471215243,0.5964024558663367,0.6390342548489567,2200
shared,99,"('Dp1Yey', 'LCTB92')",99.0,0.7049285417795181,0.6930575184002509,0.7067984640598297,2200
shared,99,"('Dp1Yey', 'VEH')",1.0,0.18332871317863464,0.17014074683189392,0.19814889132976532,2200
shared,99,"('Dp1Yey', 'VEH')",5.0,0.2153213530778885,0.21083378791809082,0.2190293401479721,2200
shared,99,"('Dp1Yey', 'VEH')",50.0,0.3229118287563324,0.3199895605444908,0.3267788290977478,2200
shared,99,"('Dp1Yey', 'VEH')",95.0,0.4645543843507766,0.45696836709976196,0.47286585666239256,2200
shared,99,"('Dp1Yey', 'VEH')",99.0,0.5492066982388492,0.5268241465091705,0.5786882936954498,2200
shared,99,"('WT', 'LCTB92')",1.0,0.10567750811576844,0.1017034649848938,0.10840708017349243,2800
shared,99,"('WT', 'LCTB92')",5.0,0.12948406338691712,0.1261615127325058,0.13413787364959714,2800
shared,99,"('WT', 'LCTB92')",50.0,0.3391074538230896,0.3309660881757736,0.3484758734703064,2800
shared,99,"('WT', 'LCTB92')",95.0,0.5316985040903092,0.5210629925131793,0.5380138963460921,2800
shared,99,"('WT', 'LCTB92')",99.0,0.583452340364456,0.5784569203853605,0.5915099382400513,2800
shared,99,"('WT', 'VEH')",1.0,0.17159133076667785,0.17009437441825867,0.17395424127578735,2400
shared,99,"('WT', 'VEH')",5.0,0.18434405624866484,0.18252471193671227,0.18721803411841392,2400
shared,99,"('WT', 'VEH')",50.0,0.3836365044116974,0.3794545531272888,0.3886331632733345,2400
shared,99,"('WT', 'VEH')",95.0,0.601020693778991,0.591865122281015,0.6129027009010315,2400
shared,99,"('WT', 'VEH')",99.0,0.6556869480013846,0.6519890451431274,0.6580301821231842,2400
shared,9,"('Dp1Yey', 'LCTB92')",1.0,nan,nan,nan,0
shared,9,"('Dp1Yey', 'LCTB92')",5.0,nan,nan,nan,0
shared,9,"('Dp1Yey', 'LCTB92')",50.0,nan,nan,nan,0
shared,9,"('Dp1Yey', 'LCTB92')",95.0,nan,nan,nan,0
shared,9,"('Dp1Yey', 'LCTB92')",99.0,nan,nan,nan,0
shared,9,"('Dp1Yey', 'VEH')",1.0,0.5194674015045166,0.4645788073539734,0.570127874314785,370
shared,9,"('Dp1Yey', 'VEH')",5.0,0.6033653050661087,0.586843392252922,0.631652244925499,370
shared,9,"('Dp1Yey', 'VEH')",50.0,0.8539004474878311,0.8365343436598778,0.8773146644234657,370
shared,9,"('Dp1Yey', 'VEH')",95.0,1.0864156916737557,1.0583435505628587,1.1355088592320681,370
shared,9,"('Dp1Yey', 'VEH')",99.0,1.196448154449463,1.1615193457901478,1.230683296918869,370
shared,9,"('WT', 'LCTB92')",1.0,nan,nan,nan,0
shared,9,"('WT', 'LCTB92')",5.0,nan,nan,nan,0
shared,9,"('WT', 'LCTB92')",50.0,nan,nan,nan,0
shared,9,"('WT', 'LCTB92')",95.0,nan,nan,nan,0
shared,9,"('WT', 'LCTB92')",99.0,nan,nan,nan,0
shared,9,"('WT', 'VEH')",1.0,0.5288196849822998,0.478257954120636,0.5518721610307693,370
shared,9,"('WT', 'VEH')",5.0,0.5731810867786408,0.5612944662570953,0.6223661195859312,370
shared,9,"('WT', 'VEH')",50.0,0.8956148214638233,0.8774500600993633,0.9123331718146801,370
shared,9,"('WT', 'VEH')",95.0,1.074147803708911,1.0549712034780532,1.0931194256991148,370
shared,9,"('WT', 'VEH')",99.0,1.1291412736475468,1.1001420614868402,1.1732213348150253,370
shared,9,"('Dp1Yey', 'LCTB92')",1.0,0.46617417216300966,0.4475557208061218,0.4894191505312919,5170
shared,9,"('Dp1Yey', 'LCTB92')",5.0,0.6015044569969177,0.5897673666477203,0.6104680240154267,5170
shared,9,"('Dp1Yey', 'LCTB92')",50.0,0.8336395099759102,0.8296640675514937,0.83765609562397,5170
shared,9,"('Dp1Yey', 'LCTB92')",95.0,0.9823592468164862,0.9781841412186623,0.9858592676464468,5170
shared,9,"('Dp1Yey', 'LCTB92')",99.0,1.0275054222159092,1.0224644597619772,1.034981421388686,5170
shared,9,"('Dp1Yey', 'VEH')",1.0,0.4717466527223587,0.4597054123878479,0.4864662029743195,5170
shared,9,"('Dp1Yey', 'VEH')",5.0,0.6104909330606461,0.5959981352090835,0.6225113443657756,5170
shared,9,"('Dp1Yey', 'VEH')",50.0,0.8435695692896843,0.840377651154995,0.8465355783700943,5170
shared,9,"('Dp1Yey', 'VEH')",95.0,0.9748127551749349,0.9710896185785532,0.9780764646804893,5170
shared,9,"('Dp1Yey', 'VEH')",99.0,1.0114220556709919,1.0049688734102533,1.0197882521897554,5170
shared,9,"('WT', 'LCTB92')",1.0,0.4288124704360962,0.41602300107479095,0.44169713647663594,6580
shared,9,"('WT', 'LCTB92')",5.0,0.5687956228852272,0.5528498909249903,0.5773882706463338,6580
shared,9,"('WT', 'LCTB92')",50.0,0.8499659448862076,0.8462530672550201,0.8536512956023217,6580
shared,9,"('WT', 'LCTB92')",95.0,0.991161986393854,0.9882500382140278,0.9939511367463274,6580
shared,9,"('WT', 'LCTB92')",99.0,1.0342211181670427,1.029465151950717,1.0384470522403717,6580
shared,9,"('WT', 'VEH')",1.0,0.5413391172885895,0.5280618622899056,0.5569586032629013,5640
shared,9,"('WT', 'VEH')",5.0,0.657105053961277,0.6429140046238899,0.6718309922143817,5640
shared,9,"('WT', 'VEH')",50.0,0.8807510398328304,0.8773298412561417,0.8845476107671857,5640
shared,9,"('WT', 'VEH')",95.0,1.0012571579485665,0.9988915342779364,1.0047728833975271,5640
shared,9,"('WT', 'VEH')",99.0,1.0389693896472452,1.033455983698368,1.0449589595198623,5640
