region,window,A,B,q,diff,lo,hi,significant,n_a,n_b
dmn_within,100,"('Dp1Yey', 'VEH')","('Dp1Yey', 'LCTB92')",1.0,0.05737607479095458,0.02958288677036762,0.06770951022207733,True,388,388
dmn_within,100,"('Dp1Yey', 'VEH')","('Dp1Yey', 'LCTB92')",5.0,0.05768848657608028,0.053430252224206935,0.06648869510740045,True,388,388
dmn_within,100,"('Dp1Yey', 'VEH')","('Dp1Yey', 'LCTB92')",50.0,0.05449482798576355,0.04784693457186222,0.058449183404445645,True,388,388
dmn_within,100,"('Dp1Yey', 'VEH')","('Dp1Yey', 'LCTB92')",95.0,0.06948560327291486,0.05107104144990442,0.0921030554175376,True,388,388
dmn_within,100,"('Dp1Yey', 'VEH')","('Dp1Yey', 'LCTB92')",99.0,0.09486591339111328,0.0883912334665656,0.10154845923185352,True,388,388
dmn_within,100,"('Dp1Yey', 'VEH')","('Dp1Yey', 'LCTB92')",1.0,0.15541647970676423,0.15301847848296166,0.1574382302612066,True,788,788
dmn_within,100,"('Dp1Yey', 'VEH')","('Dp1Yey', 'LCTB92')",5.0,0.16368506848812103,0.15549980126321317,0.17593454502522948,True,788,788
dmn_within,100,"('Dp1Yey', 'VEH')","('Dp1Yey', 'LCTB92')",50.0,0.16582241654396057,0.14494272843003272,0.17283315286040307,True,788,788
dmn_within,100,"('Dp1Yey', 'VEH')","('Dp1Yey', 'LCTB92')",95.0,0.16916239857673648,0.1557310028374195,0.1787110086902976,True,788,788
dmn_within,100,"('Dp1Yey', 'VEH')","('Dp1Yey', 'LCTB92')",99.0,0.16877252548933036,0.16556014948338266,0.1722814073562622,True,788,788
dmn_within,10,"('Dp1Yey', 'VEH')","('Dp1Yey', 'LCTB92')",1.0,0.04576831907033929,0.02639446097612377,0.07367856689542526,True,1468,1468
dmn_within,10,"('Dp1Yey', 'VEH')","('Dp1Yey', 'LCTB92')",5.0,0.06208891570568087,0.04654201924800873,0.07481994453817609,True,1468,1468
dmn_within,10,"('Dp1Yey', 'VEH')","('Dp1Yey', 'LCTB92')",50.0,0.06982067227363586,0.06447940897196532,0.07582813054323195,True,1468,1468
dmn_within,10,"('Dp1Yey', 'VEH')","('Dp1Yey', 'LCTB92')",95.0,0.019747758563607998,0.013741567149409332,0.02640065517742182,True,1468,1468
dmn_within,10,"('Dp1Yey', 'VEH')","('Dp1Yey', 'LCTB92')",99.0,0.011090695057064393,0.002607371528633656,0.026751451449003132,True,1468,1468
dmn_within,10,"('Dp1Yey', 'VEH')","('Dp1Yey', 'LCTB92')",1.0,0.17750623047351838,0.16036409592628478,0.19315156315267082,True,1868,1868
dmn_within,10,"('Dp1Yey', 'VEH')","('Dp1Yey', 'LCTB92')",5.0,0.24799851328134537,0.21560159523040057,0.2787030290812254,True,1868,1868
dmn_within,10,"('Dp1Yey', 'VEH')","('Dp1Yey', 'LCTB92')",50.0,0.09689689800143242,0.08790049562230706,0.1068215612322092,True,1868,1868
dmn_within,10,"('Dp1Yey', 'VEH')","('Dp1Yey', 'LCTB92')",95.0,0.0456474539823829,0.03863929873565221,0.052691187183372665,True,1868,1868
dmn_within,10,"('Dp1Yey', 'VEH')","('Dp1Yey', 'LCTB92')",99.0,0.0373125718277878,0.025694997821003197,0.04716982553544224,True,1868,1868
dmn_within,11,"('Dp1Yey', 'VEH')","('Dp1Yey', 'LCTB92')",1.0,0.06327037513256073,0.009123526029288745,0.07723462477326387,True,1456,1456
dmn_within,11,"('Dp1Yey', 'VEH')","('Dp1Yey', 'LCTB92')",5.0,0.0542190745472908,0.035924073215574025,0.07128683319315313,True,1456,1456
dmn_within,11,"('Dp1Yey', 'VEH')","('Dp1Yey', 'LCTB92')",50.0,0.08166325464844704,0.07507612062618137,0.08831625981256365,True,1456,1456
dmn_within,11,"('Dp1Yey', 'VEH')","('Dp1Yey', 'LCTB92')",95.0,0.01171341713052243,0.0053143302450735065,0.01824122989637544,True,1456,1456
dmn_within,11,"('Dp1Yey', 'VEH')","('Dp1Yey', 'LCTB92')",99.0,-0.00534104835242033,-0.015885030669160187,0.01094262740341914,False,1456,1456
dmn_within,11,"('Dp1Yey', 'VEH')","('Dp1Yey', 'LCTB92')",1.0,0.2034549310803413,0.17754517816007137,0.2305534221231937,True,1856,1856
dmn_within,11,"('Dp1Yey', 'VEH')","('Dp1Yey', 'LCTB92')",5.0,0.25894440710544586,0.2226188277825713,0.2826021214947104,True,1856,1856
dmn_within,11,"('Dp1Yey', 'VEH')","('Dp1Yey', 'LCTB92')",50.0,0.09737084805965424,0.08714172691106796,0.10841545211151242,True,1856,1856
dmn_within,11,"('Dp1Yey', 'VEH')","('Dp1Yey', 'LCTB92')",95.0,0.052046835771761835,0.044401820632629097,0.06127654658921528,True,1856,1856
dmn_within,11,"('Dp1Yey', 'VEH')","('Dp1Yey', 'LCTB92')",99.0,0.0307358840946107,0.02126913827960375,0.0448367298184894,True,1856,1856
dmn_within,12,"('Dp1Yey', 'VEH')","('Dp1Yey', 'LCTB92')",1.0,0.0379162529110908,0.015052187487482998,0.058289022661745495,True,1444,1444
dmn_within,12,"('Dp1Yey', 'VEH')","('Dp1Yey', 'LCTB92')",5.0,0.045629119873046964,0.025348947606980823,0.06234648117795581,True,1444,1444
dmn_within,12,"('Dp1Yey', 'VEH')","('Dp1Yey', 'LCTB92')",50.0,0.08174844831228256,0.0759857714176178,0.08853661445900797,True,1444,1444
dmn_within,12,"('Dp1Yey', 'VEH')","('Dp1Yey', 'LCTB92')",95.0,0.01382127708056935,0.0026161553946440984,0.02302320028422402,True,1444,1444
dmn_within,12,"('Dp1Yey', 'VEH')","('Dp1Yey', 'LCTB92')",99.0,0.002294415403157446,-0.006048977375030518,0.01184901850717154,False,1444,1444
dmn_within,12,"('Dp1Yey', 'VEH')","('Dp1Yey', 'LCTB92')",1.0,0.26512290179729464,0.23307900906354187,0.30090172378718855,True,1844,1844
dmn_within,12,"('Dp1Yey', 'VEH')","('Dp1Yey', 'LCTB92')",5.0,0.2658056348562241,0.24397472344338894,0.2836664607748389,True,1844,1844
dmn_within,12,"('Dp1Yey', 'VEH')","('Dp1Yey', 'LCTB92')",50.0,0.10114730894565582,0.0908816996961832,0.11196337603032586,True,1844,1844
dmn_within,12,"('Dp1Yey', 'VEH')","('Dp1Yey', 'LCTB92')",95.0,0.06025420837104323,0.050356377272401026,0.06764305480290209,True,1844,1844
dmn_within,12,"('Dp1Yey', 'VEH')","('Dp1Yey', 'LCTB92')",99.0,0.03436326798051614,0.02089258584869102,0.042463920898037036,True,1844,1844
dmn_within,13,"('Dp1Yey', 'VEH')","('Dp1Yey', 'LCTB92')",1.0,0.04247774928808212,0.023631834857165843,0.0890515148565173,True,1432,1432
dmn_within,13,"('Dp1Yey', 'VEH')","('Dp1Yey', 'LCTB92')",5.0,0.047780902683734916,0.027557700015604453,0.06663174074143174,True,1432,1432
dmn_within,13,"('Dp1Yey', 'VEH')","('Dp1Yey', 'LCTB92')",50.0,0.08166602998971939,0.07508403612300754,0.09110507490113376,True,1432,1432
dmn_within,13,"('Dp1Yey', 'VEH')","('Dp1Yey', 'LCTB92')",95.0,0.023352776083629623,0.01534208088531161,0.03367994976877534,True,1432,1432
dmn_within,13,"('Dp1Yey', 'VEH')","('Dp1Yey', 'LCTB92')",99.0,0.016543823187239237,0.0068675657671412645,0.02952581380994521,True,1432,1432
dmn_within,13,"('Dp1Yey', 'VEH')","('Dp1Yey', 'LCTB92')",1.0,0.3281560173630715,0.30148302288353446,0.3423294255137444,True,1832,1832
dmn_within,13,"('Dp1Yey', 'VEH')","('Dp1Yey', 'LCTB92')",5.0,0.27799427360296247,0.26145741730928423,0.2948808008804917,True,1832,1832
dmn_within,13,"('Dp1Yey', 'VEH')","('Dp1Yey', 'LCTB92')",50.0,0.10527513176202774,0.09438509363681077,0.1145598044618964,True,1832,1832
dmn_within,13,"('Dp1Yey', 'VEH')","('Dp1Yey', 'LCTB92')",95.0,0.06176356142386796,0.05495803075842553,0.0684783043479546,True,1832,1832
dmn_within,13,"('Dp1Yey', 'VEH')","('Dp1Yey', 'LCTB92')",99.0,0.024685673890635362,0.015506447462597875,0.04983291611552704,True,1832,1832
dmn_within,14,"('Dp1Yey', 'VEH')","('Dp1Yey', 'LCTB92')",1.0,0.09906054824590682,0.05086404879391197,0.11857475579530002,True,1420,1420
dmn_within,14,"('Dp1Yey', 'VEH')","('Dp1Yey', 'LCTB92')",5.0,0.0467482194304466,0.01665356010198593,0.07165813237428661,True,1420,1420
dmn_within,14,"('Dp1Yey', 'VEH')","('Dp1Yey', 'LCTB92')",50.0,0.07775725424289703,0.07111641466617584,0.08695175852626562,True,1420,1420
dmn_within,14,"('Dp1Yey', 'VEH')","('Dp1Yey', 'LCTB92')",95.0,0.038714473601430766,0.02956098814844152,0.049633882943744656,True,1420,1420
dmn_within,14,"('Dp1Yey', 'VEH')","('Dp1Yey', 'LCTB92')",99.0,0.04003996510989971,0.031005037212977204,0.04766073170257734,True,1420,1420
dmn_within,14,"('Dp1Yey', 'VEH')","('Dp1Yey', 'LCTB92')",1.0,0.31398370265960696,0.28892950899153946,0.3361427904814482,True,1820,1820
dmn_within,14,"('Dp1Yey', 'VEH')","('Dp1Yey', 'LCTB92')",5.0,0.28462061136960987,0.2648664534464479,0.30882884141057726,True,1820,1820
dmn_within,14,"('Dp1Yey', 'VEH')","('Dp1Yey', 'LCTB92')",50.0,0.10741091519594193,0.09431596510112286,0.11653812527656554,True,1820,1820
dmn_within,14,"('Dp1Yey', 'VEH')","('Dp1Yey', 'LCTB92')",95.0,0.060188973881304286,0.05295738373417407,0.06553899567108598,True,1820,1820
dmn_within,14,"('Dp1Yey', 'VEH')","('Dp1Yey', 'LCTB92')",99.0,0.052185047026723774,0.03766997171007112,0.06390053295716641,True,1820,1820
dmn_within,15,"('Dp1Yey', 'VEH')","('Dp1Yey', 'LCTB92')",1.0,0.08793106824159624,0.04995934724807738,0.10431710974872105,True,1408,1408
dmn_within,15,"('Dp1Yey', 'VEH')","('Dp1Yey', 'LCTB92')",5.0,0.06862330436706543,0.036127528436481884,0.09958001054823398,True,1408,1408
dmn_within,15,"('Dp1Yey', 'VEH')","('Dp1Yey', 'LCTB92')",50.0,0.0724371038377285,0.06511578476056457,0.08159736832603812,True,1408,1408
dmn_within,15,"('Dp1Yey', 'VEH')","('Dp1Yey', 'LCTB92')",95.0,0.04844011934474102,0.04085543569526624,0.055738040517899316,True,1408,1408
dmn_within,15,"('Dp1Yey', 'VEH')","('Dp1Yey', 'LCTB92')",99.0,0.04324451273307206,0.03374473345885044,0.06086617074208375,True,1408,1408
dmn_within,15,"('Dp1Yey', 'VEH')","('Dp1Yey', 'LCTB92')",1.0,0.2866478529572487,0.27073001651465894,0.32182983389496805,True,1808,1808
dmn_within,15,"('Dp1Yey', 'VEH')","('Dp1Yey', 'LCTB92')",5.0,0.2849823176860809,0.25746127422899007,0.30672226481139664,True,1808,1808
dmn_within,15,"('Dp1Yey', 'VEH')","('Dp1Yey', 'LCTB92')",50.0,0.10814007371664047,0.0983949963003397,0.12040798570960759,True,1808,1808
dmn_within,15,"('Dp1Yey', 'VEH')","('Dp1Yey', 'LCTB92')",95.0,0.055401718616485573,0.049763358980417276,0.06417012915946517,True,1808,1808
dmn_within,15,"('Dp1Yey', 'VEH')","('Dp1Yey', 'LCTB92')",99.0,0.042472657226026,0.034225421115756036,0.05420195770263677,True,1808,1808
dmn_within,16,"('Dp1Yey', 'VEH')","('Dp1Yey', 'LCTB92')",1.0,0.09098062813282015,0.06188609480857845,0.10961626265197993,True,1396,1396
dmn_within,16,"('Dp1Yey', 'VEH')","('Dp1Yey', 'LCTB92')",5.0,0.09135892987251282,0.07124904729425907,0.12351480610668657,True,1396,1396
dmn_within,16,"('Dp1Yey', 'VEH')","('Dp1Yey', 'LCTB92')",50.0,0.06932526081800461,0.06271357219666243,0.07611786918714643,True,1396,1396
dmn_within,16,"('Dp1Yey', 'VEH')","('Dp1Yey', 'LCTB92')",95.0,0.051588127855211496,0.04071487137116492,0.058400983188766985,True,1396,1396
dmn_within,16,"('Dp1Yey', 'VEH')","('Dp1Yey', 'LCTB92')",99.0,0.046618798794224814,0.03294082650339996,0.06255042944103484,True,1396,1396
dmn_within,16,"('Dp1Yey', 'VEH')","('Dp1Yey', 'LCTB92')",1.0,0.2724852278828621,0.25033416520804164,0.3045427118614316,True,1796,1796
dmn_within,16,"('Dp1Yey', 'VEH')","('Dp1Yey', 'LCTB92')",5.0,0.2621569484472275,0.2357319336384535,0.28878362476825714,True,1796,1796
dmn_within,16,"('Dp1Yey', 'VEH')","('Dp1Yey', 'LCTB92')",50.0,0.11214487254619598,0.10119221713393926,0.1253820037469268,True,1796,1796
dmn_within,16,"('Dp1Yey', 'VEH')","('Dp1Yey', 'LCTB92')",95.0,0.06220158375799656,0.055407489137724045,0.06923935138620436,True,1796,1796
dmn_within,16,"('Dp1Yey', 'VEH')","('Dp1Yey', 'LCTB92')",99.0,0.04063753150403493,0.03147200741339475,0.059014564952812924,True,1796,1796
dmn_within,17,"('Dp1Yey', 'VEH')","('Dp1Yey', 'LCTB92')",1.0,0.08243885666131978,0.07081292576342821,0.10182292822003366,True,1384,1384
dmn_within,17,"('Dp1Yey', 'VEH')","('Dp1Yey', 'LCTB92')",5.0,0.11375919133424761,0.09064814835786819,0.1426613683998585,True,1384,1384
dmn_within,17,"('Dp1Yey', 'VEH')","('Dp1Yey', 'LCTB92')",50.0,0.07445869594812393,0.06650523822754621,0.08330806558951735,True,1384,1384
dmn_within,17,"('Dp1Yey', 'VEH')","('Dp1Yey', 'LCTB92')",95.0,0.036721821315586656,0.028298088205046996,0.05129740841686722,True,1384,1384
dmn_within,17,"('Dp1Yey', 'VEH')","('Dp1Yey', 'LCTB92')",99.0,0.050089513934217456,0.040958970031024236,0.06233624444622541,True,1384,1384
dmn_within,17,"('Dp1Yey', 'VEH')","('Dp1Yey', 'LCTB92')",1.0,0.2309125941991806,0.21818960542976854,0.26206505063176155,True,1784,1784
dmn_within,17,"('Dp1Yey', 'VEH')","('Dp1Yey', 'LCTB92')",5.0,0.24130789488554,0.21455161467194556,0.26345010090619325,True,1784,1784
dmn_within,17,"('Dp1Yey', 'VEH')","('Dp1Yey', 'LCTB92')",50.0,0.12411735206842422,0.11102612167596818,0.13453038427978753,True,1784,1784
dmn_within,17,"('Dp1Yey', 'VEH')","('Dp1Yey', 'LCTB92')",95.0,0.07703028507530685,0.06852532099001099,0.08322993583045886,True,1784,1784
dmn_within,17,"('Dp1Yey', 'VEH')","('Dp1Yey', 'LCTB92')",99.0,0.06506435137242061,0.049195496611297206,0.07659186724573373,True,1784,1784
dmn_within,18,"('Dp1Yey', 'VEH')","('Dp1Yey', 'LCTB92')",1.0,0.09699017196893689,0.07207538874447349,0.12257640239596365,True,1372,1372
dmn_within,18,"('Dp1Yey', 'VEH')","('Dp1Yey', 'LCTB92')",5.0,0.1367890402674674,0.12390747271478177,0.1475909774005413,True,1372,1372
dmn_within,18,"('Dp1Yey', 'VEH')","('Dp1Yey', 'LCTB92')",50.0,0.07611101865768433,0.06587557550519704,0.08340874295681715,True,1372,1372
dmn_within,18,"('Dp1Yey', 'VEH')","('Dp1Yey', 'LCTB92')",95.0,0.034906573593616486,0.02559122170787309,0.052771208048797945,True,1372,1372
dmn_within,18,"('Dp1Yey', 'VEH')","('Dp1Yey', 'LCTB92')",99.0,0.054375638198107534,0.0476088478295715,0.06102537993097207,True,1372,1372
dmn_within,18,"('Dp1Yey', 'VEH')","('Dp1Yey', 'LCTB92')",1.0,0.2255684840679169,0.1881933556050062,0.2405545115023851,True,1772,1772
dmn_within,18,"('Dp1Yey', 'VEH')","('Dp1Yey', 'LCTB92')",5.0,0.22296120077371595,0.20860571477562193,0.23945928923785686,True,1772,1772
dmn_within,18,"('Dp1Yey', 'VEH')","('Dp1Yey', 'LCTB92')",50.0,0.13123159110546112,0.12036066688597202,0.14154649376869202,True,1772,1772
dmn_within,18,"('Dp1Yey', 'VEH')","('Dp1Yey', 'LCTB92')",95.0,0.09286433719098564,0.08449144078418602,0.09805423421785242,True,1772,1772
dmn_within,18,"('Dp1Yey', 'VEH')","('Dp1Yey', 'LCTB92')",99.0,0.08094363156706097,0.07073835302144289,0.09012742937356223,True,1772,1772
dmn_within,19,"('Dp1Yey', 'VEH')","('Dp1Yey', 'LCTB92')",1.0,0.1181282103061676,0.08537866281718014,0.14902963207662098,True,1360,1360
dmn_within,19,"('Dp1Yey', 'VEH')","('Dp1Yey', 'LCTB92')",5.0,0.13948810696601865,0.13225063636898995,0.15199902269989254,True,1360,1360
dmn_within,19,"('Dp1Yey', 'VEH')","('Dp1Yey', 'LCTB92')",50.0,0.0640266165137291,0.05683937668800354,0.07303597256541253,True,1360,1360
dmn_within,19,"('Dp1Yey', 'VEH')","('Dp1Yey', 'LCTB92')",95.0,0.048045854456722825,0.03855618228204553,0.05648028301540762,True,1360,1360
dmn_within,19,"('Dp1Yey', 'VEH')","('Dp1Yey', 'LCTB92')",99.0,0.05358239824883648,0.04807930457888878,0.060608010813998824,True,1360,1360
dmn_within,19,"('Dp1Yey', 'VEH')","('Dp1Yey', 'LCTB92')",1.0,0.21943142950534816,0.17282888466119764,0.2386250506043434,True,1760,1760
dmn_within,19,"('Dp1Yey', 'VEH')","('Dp1Yey', 'LCTB92')",5.0,0.2040185034275055,0.184713097885251,0.2247280155867338,True,1760,1760
dmn_within,19,"('Dp1Yey', 'VEH')","('Dp1Yey', 'LCTB92')",50.0,0.13312584906816483,0.12231671903282404,0.14586687404662368,True,1760,1760
dmn_within,19,"('Dp1Yey', 'VEH')","('Dp1Yey', 'LCTB92')",95.0,0.09649586752057071,0.08787721137516201,0.10574865003116428,True,1760,1760
dmn_within,19,"('Dp1Yey', 'VEH')","('Dp1Yey', 'LCTB92')",99.0,0.09109510965645318,0.08404687416553504,0.10095034885406481,True,1760,1760
dmn_within,20,"('Dp1Yey', 'VEH')","('Dp1Yey', 'LCTB92')",1.0,0.13696557402610776,0.11062973737716675,0.16629799450188873,True,1348,1348
dmn_within,20,"('Dp1Yey', 'VEH')","('Dp1Yey', 'LCTB92')",5.0,0.15027797073125837,0.13994167823344467,0.15907945223152636,True,1348,1348
dmn_within,20,"('Dp1Yey', 'VEH')","('Dp1Yey', 'LCTB92')",50.0,0.05822762846946716,0.05030724667012691,0.06818406358361244,True,1348,1348
dmn_within,20,"('Dp1Yey', 'VEH')","('Dp1Yey', 'LCTB92')",95.0,0.05264598876237869,0.04327482311986376,0.06114681371022007,True,1348,1348
dmn_within,20,"('Dp1Yey', 'VEH')","('Dp1Yey', 'LCTB92')",99.0,0.06507662371732292,0.05397152714431286,0.07487437064014377,True,1348,1348
dmn_within,20,"('Dp1Yey', 'VEH')","('Dp1Yey', 'LCTB92')",1.0,0.21693494558334347,0.1954045295715332,0.23505627404153345,True,1748,1748
dmn_within,20,"('Dp1Yey', 'VEH')","('Dp1Yey', 'LCTB92')",5.0,0.17920036464929584,0.16286574624478814,0.21135796304792165,True,1748,1748
dmn_within,20,"('Dp1Yey', 'VEH')","('Dp1Yey', 'LCTB92')",50.0,0.13596761226654053,0.12499881591647863,0.14693785216659308,True,1748,1748
dmn_within,20,"('Dp1Yey', 'VEH')","('Dp1Yey', 'LCTB92')",95.0,0.10114840418100357,0.09316203679889432,0.10876615023240449,True,1748,1748
dmn_within,20,"('Dp1Yey', 'VEH')","('Dp1Yey', 'LCTB92')",99.0,0.08744501844048502,0.08216186119243503,0.09375852361693977,True,1748,1748
dmn_within,21,"('Dp1Yey', 'VEH')","('Dp1Yey', 'LCTB92')",1.0,0.16896234154701228,0.1572260520979762,0.189543662071228,True,1336,1336
dmn_within,21,"('Dp1Yey', 'VEH')","('Dp1Yey', 'LCTB92')",5.0,0.16081206500530243,0.14367666617035865,0.17285781558603047,True,1336,1336
dmn_within,21,"('Dp1Yey', 'VEH')","('Dp1Yey', 'LCTB92')",50.0,0.053543731570243835,0.04498836155980825,0.06164486669003963,True,1336,1336
dmn_within,21,"('Dp1Yey', 'VEH')","('Dp1Yey', 'LCTB92')",95.0,0.05931508354842663,0.052902776119299236,0.06552147562615573,True,1336,1336
dmn_within,21,"('Dp1Yey', 'VEH')","('Dp1Yey', 'LCTB92')",99.0,0.07181718531064685,0.059909282624721505,0.08259410790107724,True,1336,1336
dmn_within,21,"('Dp1Yey', 'VEH')","('Dp1Yey', 'LCTB92')",1.0,0.2149811416864395,0.19684248857200146,0.23424029938876637,True,1736,1736
dmn_within,21,"('Dp1Yey', 'VEH')","('Dp1Yey', 'LCTB92')",5.0,0.18122686445713043,0.15486292876303195,0.20961834117770195,True,1736,1736
dmn_within,21,"('Dp1Yey', 'VEH')","('Dp1Yey', 'LCTB92')",50.0,0.13860823959112167,0.13036815077066422,0.14716675616800784,True,1736,1736
dmn_within,21,"('Dp1Yey', 'VEH')","('Dp1Yey', 'LCTB92')",95.0,0.099425433203578,0.08989390209317208,0.11100189005956053,True,1736,1736
dmn_within,21,"('Dp1Yey', 'VEH')","('Dp1Yey', 'LCTB92')",99.0,0.0904239133000374,0.08064789596013718,0.09838163438253102,True,1736,1736
dmn_within,22,"('Dp1Yey', 'VEH')","('Dp1Yey', 'LCTB92')",1.0,0.2262140727043152,0.1906852399632335,0.23849658648669717,True,1324,1324
dmn_within,22,"('Dp1Yey', 'VEH')","('Dp1Yey', 'LCTB92')",5.0,0.16494344323873522,0.1530216616764665,0.17631186351180075,True,1324,1324
dmn_within,22,"('Dp1Yey', 'VEH')","('Dp1Yey', 'LCTB92')",50.0,0.04535253345966339,0.03829817809164524,0.05385464075952768,True,1324,1324
dmn_within,22,"('Dp1Yey', 'VEH')","('Dp1Yey', 'LCTB92')",95.0,0.06832024995237596,0.060799353197216986,0.07544509550090875,True,1324,1324
dmn_within,22,"('Dp1Yey', 'VEH')","('Dp1Yey', 'LCTB92')",99.0,0.07681915994733579,0.06647476971149446,0.08443590639764444,True,1324,1324
dmn_within,22,"('Dp1Yey', 'VEH')","('Dp1Yey', 'LCTB92')",1.0,0.19856839478015897,0.182072468534112,0.22101019638776778,True,1724,1724
dmn_within,22,"('Dp1Yey', 'VEH')","('Dp1Yey', 'LCTB92')",5.0,0.17803236842155462,0.1559610778093338,0.20421674255281683,True,1724,1724
dmn_within,22,"('Dp1Yey', 'VEH')","('Dp1Yey', 'LCTB92')",50.0,0.1377917230129242,0.1283262064680457,0.1459795197471976,True,1724,1724
dmn_within,22,"('Dp1Yey', 'VEH')","('Dp1Yey', 'LCTB92')",95.0,0.10151653215289136,0.08385229894891388,0.11408181834965934,True,1724,1724
dmn_within,22,"('Dp1Yey', 'VEH')","('Dp1Yey', 'LCTB92')",99.0,0.09588667325675493,0.08777452578768123,0.10509556910209358,True,1724,1724
dmn_within,23,"('Dp1Yey', 'VEH')","('Dp1Yey', 'LCTB92')",1.0,0.24149143427610392,0.2241166559830308,0.25656412545591595,True,1312,1312
dmn_within,23,"('Dp1Yey', 'VEH')","('Dp1Yey', 'LCTB92')",5.0,0.1641872227191925,0.156081513762474,0.1795896960422397,True,1312,1312
dmn_within,23,"('Dp1Yey', 'VEH')","('Dp1Yey', 'LCTB92')",50.0,0.040422193706035614,0.03387933373451233,0.04912648648023605,True,1312,1312
dmn_within,23,"('Dp1Yey', 'VEH')","('Dp1Yey', 'LCTB92')",95.0,0.07409621328115468,0.06462420113384726,0.08477721412200474,True,1312,1312
dmn_within,23,"('Dp1Yey', 'VEH')","('Dp1Yey', 'LCTB92')",99.0,0.06623677507042824,0.05781620987784101,0.08295982414856584,True,1312,1312
dmn_within,23,"('Dp1Yey', 'VEH')","('Dp1Yey', 'LCTB92')",1.0,0.20290121316909793,0.1826279903501272,0.22250653125345707,True,1712,1712
dmn_within,23,"('Dp1Yey', 'VEH')","('Dp1Yey', 'LCTB92')",5.0,0.1650980263948441,0.147579217068851,0.17941552747040984,True,1712,1712
dmn_within,23,"('Dp1Yey', 'VEH')","('Dp1Yey', 'LCTB92')",50.0,0.13932956010103226,0.1310808803886175,0.15047392733395099,True,1712,1712
dmn_within,23,"('Dp1Yey', 'VEH')","('Dp1Yey', 'LCTB92')",95.0,0.10763966739177744,0.09503118254244328,0.11803057554177955,True,1712,1712
dmn_within,23,"('Dp1Yey', 'VEH')","('Dp1Yey', 'LCTB92')",99.0,0.09767361685633669,0.08654558788798743,0.10673680862039328,True,1712,1712
dmn_within,24,"('Dp1Yey', 'VEH')","('Dp1Yey', 'LCTB92')",1.0,0.24395701646804813,0.22416402174532418,0.25086718759685755,True,1300,1300
dmn_within,24,"('Dp1Yey', 'VEH')","('Dp1Yey', 'LCTB92')",5.0,0.1620754063129426,0.15098872583359482,0.17086979206651445,True,1300,1300
dmn_within,24,"('Dp1Yey', 'VEH')","('Dp1Yey', 'LCTB92')",50.0,0.04001273959875107,0.03373675346374512,0.04993151314556598,True,1300,1300
dmn_within,24,"('Dp1Yey', 'VEH')","('Dp1Yey', 'LCTB92')",95.0,0.07924342900514603,0.07019006561487916,0.08658049266785378,True,1300,1300
dmn_within,24,"('Dp1Yey', 'VEH')","('Dp1Yey', 'LCTB92')",99.0,0.060339747704565516,0.05261881347093736,0.07610397338867192,True,1300,1300
dmn_within,24,"('Dp1Yey', 'VEH')","('Dp1Yey', 'LCTB92')",1.0,0.187271386384964,0.17795278792083263,0.21914391200244426,True,1700,1700
dmn_within,24,"('Dp1Yey', 'VEH')","('Dp1Yey', 'LCTB92')",5.0,0.15448988974094385,0.13614365734159947,0.17816568683832879,True,1700,1700
dmn_within,24,"('Dp1Yey', 'VEH')","('Dp1Yey', 'LCTB92')",50.0,0.14624764025211334,0.1367983642965555,0.1523948132991791,True,1700,1700
dmn_within,24,"('Dp1Yey', 'VEH')","('Dp1Yey', 'LCTB92')",95.0,0.12150827422738075,0.10674948519095785,0.1301317544467747,True,1700,1700
dmn_within,24,"('Dp1Yey', 'VEH')","('Dp1Yey', 'LCTB92')",99.0,0.09951077356934546,0.08486449198797343,0.1072949395217001,True,1700,1700
dmn_within,25,"('Dp1Yey', 'VEH')","('Dp1Yey', 'LCTB92')",1.0,0.2260631310939789,0.21185158018022773,0.23450749560445552,True,1288,1288
dmn_within,25,"('Dp1Yey', 'VEH')","('Dp1Yey', 'LCTB92')",5.0,0.15112450271844868,0.14225257262587548,0.15917072046548125,True,1288,1288
dmn_within,25,"('Dp1Yey', 'VEH')","('Dp1Yey', 'LCTB92')",50.0,0.042985983192920685,0.035567298904061316,0.052407100610435006,True,1288,1288
dmn_within,25,"('Dp1Yey', 'VEH')","('Dp1Yey', 'LCTB92')",95.0,0.07858967669308192,0.06955286934971794,0.08660193193703891,True,1288,1288
dmn_within,25,"('Dp1Yey', 'VEH')","('Dp1Yey', 'LCTB92')",99.0,0.0619132819771776,0.042408378458581766,0.0824486463330686,True,1288,1288
dmn_within,25,"('Dp1Yey', 'VEH')","('Dp1Yey', 'LCTB92')",1.0,0.2098203611373901,0.18011567184329033,0.2329422502815723,True,1688,1688
dmn_within,25,"('Dp1Yey', 'VEH')","('Dp1Yey', 'LCTB92')",5.0,0.1548305600881577,0.1368397973477841,0.17936846580356353,True,1688,1688
dmn_within,25,"('Dp1Yey', 'VEH')","('Dp1Yey', 'LCTB92')",50.0,0.14441068470478058,0.13620027974247934,0.15236329175531865,True,1688,1688
dmn_within,25,"('Dp1Yey', 'VEH')","('Dp1Yey', 'LCTB92')",95.0,0.12688851356506348,0.11720677439123396,0.13807131435722125,True,1688,1688
dmn_within,25,"('Dp1Yey', 'VEH')","('Dp1Yey', 'LCTB92')",99.0,0.10061867550015446,0.09294240829721087,0.11119409955665474,True,1688,1688
dmn_within,26,"('Dp1Yey', 'VEH')","('Dp1Yey', 'LCTB92')",1.0,0.21089962124824524,0.1968091068789363,0.21720857918262482,True,1276,1276
dmn_within,26,"('Dp1Yey', 'VEH')","('Dp1Yey', 'LCTB92')",5.0,0.1459112912416458,0.138224739395082,0.16119005288928748,True,1276,1276
dmn_within,26,"('Dp1Yey', 'VEH')","('Dp1Yey', 'LCTB92')",50.0,0.046938374638557434,0.03904791940003634,0.05674478951841589,True,1276,1276
dmn_within,26,"('Dp1Yey', 'VEH')","('Dp1Yey', 'LCTB92')",95.0,0.08533655852079391,0.07581955650821329,0.09301357930526137,True,1276,1276
dmn_within,26,"('Dp1Yey', 'VEH')","('Dp1Yey', 'LCTB92')",99.0,0.07505350466817617,0.05318520637229085,0.08374171731993554,True,1276,1276
dmn_within,26,"('Dp1Yey', 'VEH')","('Dp1Yey', 'LCTB92')",1.0,0.2222621589899063,0.1787462268024683,0.23749360851943493,True,1676,1676
dmn_within,26,"('Dp1Yey', 'VEH')","('Dp1Yey', 'LCTB92')",5.0,0.16049247980117798,0.1444685420021415,0.17763820365071298,True,1676,1676
dmn_within,26,"('Dp1Yey', 'VEH')","('Dp1Yey', 'LCTB92')",50.0,0.14405253529548645,0.1346100766211748,0.15472810342907906,True,1676,1676
dmn_within,26,"('Dp1Yey', 'VEH')","('Dp1Yey', 'LCTB92')",95.0,0.13046983256936073,0.1224930439144373,0.14126220420002933,True,1676,1676
dmn_within,26,"('Dp1Yey', 'VEH')","('Dp1Yey', 'LCTB92')",99.0,0.11070812307298183,0.10192305101081729,0.12072800821624696,True,1676,1676
dmn_within,27,"('Dp1Yey', 'VEH')","('Dp1Yey', 'LCTB92')",1.0,0.18216853678226474,0.17056594612449408,0.18946434257924558,True,1264,1264
dmn_within,27,"('Dp1Yey', 'VEH')","('Dp1Yey', 'LCTB92')",5.0,0.15104125291109083,0.1409857397153974,0.16420556321740148,True,1264,1264
dmn_within,27,"('Dp1Yey', 'VEH')","('Dp1Yey', 'LCTB92')",50.0,0.05115925520658493,0.04319865610450506,0.060088226757943626,True,1264,1264
dmn_within,27,"('Dp1Yey', 'VEH')","('Dp1Yey', 'LCTB92')",95.0,0.09137811735272405,0.07877424110658465,0.09932933526113634,True,1264,1264
dmn_within,27,"('Dp1Yey', 'VEH')","('Dp1Yey', 'LCTB92')",99.0,0.07940040461719033,0.07290193413384259,0.09102981325238947,True,1264,1264
dmn_within,27,"('Dp1Yey', 'VEH')","('Dp1Yey', 'LCTB92')",1.0,0.21577320098876954,0.18253471590578557,0.23993896789848804,True,1664,1664
dmn_within,27,"('Dp1Yey', 'VEH')","('Dp1Yey', 'LCTB92')",5.0,0.1566771104931831,0.1478067207336426,0.1713197430595755,True,1664,1664
dmn_within,27,"('Dp1Yey', 'VEH')","('Dp1Yey', 'LCTB92')",50.0,0.1535159796476364,0.14134462215006352,0.16306635290384291,True,1664,1664
dmn_within,27,"('Dp1Yey', 'VEH')","('Dp1Yey', 'LCTB92')",95.0,0.12778565138578424,0.11872773120179775,0.13798008829355232,True,1664,1664
dmn_within,27,"('Dp1Yey', 'VEH')","('Dp1Yey', 'LCTB92')",99.0,0.11513536565005789,0.10561668119952082,0.12534528926014898,True,1664,1664
dmn_within,28,"('Dp1Yey', 'VEH')","('Dp1Yey', 'LCTB92')",1.0,0.17017619162797926,0.15812115667760376,0.18071645382046694,True,1252,1252
dmn_within,28,"('Dp1Yey', 'VEH')","('Dp1Yey', 'LCTB92')",5.0,0.153518682718277,0.1424359554797411,0.16334475260227918,True,1252,1252
dmn_within,28,"('Dp1Yey', 'VEH')","('Dp1Yey', 'LCTB92')",50.0,0.055807121098041534,0.04839246608316898,0.06537694912403821,True,1252,1252
dmn_within,28,"('Dp1Yey', 'VEH')","('Dp1Yey', 'LCTB92')",95.0,0.09006656035780902,0.08161244486458613,0.0976035007089376,True,1252,1252
dmn_within,28,"('Dp1Yey', 'VEH')","('Dp1Yey', 'LCTB92')",99.0,0.09468357883393763,0.0830183728542178,0.10063016476668411,True,1252,1252
dmn_within,28,"('Dp1Yey', 'VEH')","('Dp1Yey', 'LCTB92')",1.0,0.2047278171777725,0.18086038278043265,0.23661417303979398,True,1652,1652
dmn_within,28,"('Dp1Yey', 'VEH')","('Dp1Yey', 'LCTB92')",5.0,0.15471888780593868,0.14385951973497865,0.16194915018975736,True,1652,1652
dmn_within,28,"('Dp1Yey', 'VEH')","('Dp1Yey', 'LCTB92')",50.0,0.15301695466041565,0.14347256049513818,0.16339698508381842,True,1652,1652
dmn_within,28,"('Dp1Yey', 'VEH')","('Dp1Yey', 'LCTB92')",95.0,0.12355572581291208,0.11503263434395211,0.1353846514411271,True,1652,1652
dmn_within,28,"('Dp1Yey', 'VEH')","('Dp1Yey', 'LCTB92')",99.0,0.11269486159086228,0.10459610590711227,0.12261652389168735,True,1652,1652
dmn_within,29,"('Dp1Yey', 'VEH')","('Dp1Yey', 'LCTB92')",1.0,0.16501849144697195,0.1368064246848226,0.18035279893130068,True,1240,1240
dmn_within,29,"('Dp1Yey', 'VEH')","('Dp1Yey', 'LCTB92')",5.0,0.15412814468145375,0.14121429920196538,0.1635090680792928,True,1240,1240
dmn_within,29,"('Dp1Yey', 'VEH')","('Dp1Yey', 'LCTB92')",50.0,0.058667175471782684,0.05168478190898895,0.06746512968093156,True,1240,1240
dmn_within,29,"('Dp1Yey', 'VEH')","('Dp1Yey', 'LCTB92')",95.0,0.09382599554955973,0.08543645555153494,0.10574509754776956,True,1240,1240
dmn_within,29,"('Dp1Yey', 'VEH')","('Dp1Yey', 'LCTB92')",99.0,0.1003750482201573,0.08893509551882761,0.11114705282263462,True,1240,1240
dmn_within,29,"('Dp1Yey', 'VEH')","('Dp1Yey', 'LCTB92')",1.0,0.2124207043647766,0.19224049405753613,0.2256913149356842,True,1640,1640
dmn_within,29,"('Dp1Yey', 'VEH')","('Dp1Yey', 'LCTB92')",5.0,0.1521527543663978,0.14142639666795728,0.16172956749796868,True,1640,1640
dmn_within,29,"('Dp1Yey', 'VEH')","('Dp1Yey', 'LCTB92')",50.0,0.15321043133735657,0.1418806802481413,0.16337392777204512,True,1640,1640
dmn_within,29,"('Dp1Yey', 'VEH')","('Dp1Yey', 'LCTB92')",95.0,0.1297867119312287,0.12041521484032289,0.13584742609411476,True,1640,1640
dmn_within,29,"('Dp1Yey', 'VEH')","('Dp1Yey', 'LCTB92')",99.0,0.11559448421001428,0.10650506018102197,0.12301841412484653,True,1640,1640
dmn_within,30,"('Dp1Yey', 'VEH')","('Dp1Yey', 'LCTB92')",1.0,0.15040377289056772,0.1361265469044447,0.16639214485883713,True,1228,1228
dmn_within,30,"('Dp1Yey', 'VEH')","('Dp1Yey', 'LCTB92')",5.0,0.14280271679162976,0.1341111396998167,0.15192895222455263,True,1228,1228
dmn_within,30,"('Dp1Yey', 'VEH')","('Dp1Yey', 'LCTB92')",50.0,0.06560398638248444,0.059192045219242574,0.07551339510828256,True,1228,1228
dmn_within,30,"('Dp1Yey', 'VEH')","('Dp1Yey', 'LCTB92')",95.0,0.1079118777066469,0.09989886328577993,0.11760124060325333,True,1228,1228
dmn_within,30,"('Dp1Yey', 'VEH')","('Dp1Yey', 'LCTB92')",99.0,0.09546988502144815,0.08852048614621162,0.10960280075669282,True,1228,1228
dmn_within,30,"('Dp1Yey', 'VEH')","('Dp1Yey', 'LCTB92')",1.0,0.21009614109992983,0.19979745973646637,0.2207575225830078,True,1628,1628
dmn_within,30,"('Dp1Yey', 'VEH')","('Dp1Yey', 'LCTB92')",5.0,0.14799074828624725,0.13987514548003674,0.1621301285177469,True,1628,1628
dmn_within,30,"('Dp1Yey', 'VEH')","('Dp1Yey', 'LCTB92')",50.0,0.1485225260257721,0.14053137488663198,0.16104319468140602,True,1628,1628
dmn_within,30,"('Dp1Yey', 'VEH')","('Dp1Yey', 'LCTB92')",95.0,0.12940049320459368,0.12051725275814532,0.13348737467080363,True,1628,1628
dmn_within,30,"('Dp1Yey', 'VEH')","('Dp1Yey', 'LCTB92')",99.0,0.11653824448585515,0.104803411513567,0.12123439142853024,True,1628,1628
dmn_within,31,"('Dp1Yey', 'VEH')","('Dp1Yey', 'LCTB92')",1.0,0.13995779752731324,0.13367766439914702,0.1519330318272114,True,1216,1216
dmn_within,31,"('Dp1Yey', 'VEH')","('Dp1Yey', 'LCTB92')",5.0,0.13184423744678497,0.12172697857022285,0.1410571463406086,True,1216,1216
dmn_within,31,"('Dp1Yey', 'VEH')","('Dp1Yey', 'LCTB92')",50.0,0.0798826739192009,0.06913528703153134,0.08731853496283293,True,1216,1216
dmn_within,31,"('Dp1Yey', 'VEH')","('Dp1Yey', 'LCTB92')",95.0,0.11625693738460541,0.10695557948201895,0.12312505217269062,True,1216,1216
dmn_within,31,"('Dp1Yey', 'VEH')","('Dp1Yey', 'LCTB92')",99.0,0.09192126132547862,0.0855436826497318,0.10587907500565023,True,1216,1216
dmn_within,31,"('Dp1Yey', 'VEH')","('Dp1Yey', 'LCTB92')",1.0,0.201433590054512,0.18813508115708827,0.21219692692160605,True,1616,1616
dmn_within,31,"('Dp1Yey', 'VEH')","('Dp1Yey', 'LCTB92')",5.0,0.16050252318382263,0.1409799188375473,0.17423503436148166,True,1616,1616
dmn_within,31,"('Dp1Yey', 'VEH')","('Dp1Yey', 'LCTB92')",50.0,0.14516867697238922,0.13665797449648381,0.1558542177081108,True,1616,1616
dmn_within,31,"('Dp1Yey', 'VEH')","('Dp1Yey', 'LCTB92')",95.0,0.1239086352288723,0.11524749742820858,0.1323669153265655,True,1616,1616
dmn_within,31,"('Dp1Yey', 'VEH')","('Dp1Yey', 'LCTB92')",99.0,0.1143880285322666,0.10617003023624451,0.12335879903286696,True,1616,1616
dmn_within,32,"('Dp1Yey', 'VEH')","('Dp1Yey', 'LCTB92')",1.0,0.12076068431138992,0.11261849029362203,0.12791517032682895,True,1204,1204
dmn_within,32,"('Dp1Yey', 'VEH')","('Dp1Yey', 'LCTB92')",5.0,0.12648008316755294,0.11903121639043092,0.1311868205666542,True,1204,1204
dmn_within,32,"('Dp1Yey', 'VEH')","('Dp1Yey', 'LCTB92')",50.0,0.08446217328310013,0.0720866808667779,0.09506568294018505,True,1204,1204
dmn_within,32,"('Dp1Yey', 'VEH')","('Dp1Yey', 'LCTB92')",95.0,0.10928229764103903,0.10111342565156517,0.11857055396772904,True,1204,1204
dmn_within,32,"('Dp1Yey', 'VEH')","('Dp1Yey', 'LCTB92')",99.0,0.09653892189264301,0.08713432401418686,0.10218200661614533,True,1204,1204
dmn_within,32,"('Dp1Yey', 'VEH')","('Dp1Yey', 'LCTB92')",1.0,0.1890436625480652,0.17770858198404316,0.20018491999804972,True,1604,1604
dmn_within,32,"('Dp1Yey', 'VEH')","('Dp1Yey', 'LCTB92')",5.0,0.17318335473537444,0.15141236931085586,0.18919107712805266,True,1604,1604
dmn_within,32,"('Dp1Yey', 'VEH')","('Dp1Yey', 'LCTB92')",50.0,0.14378578960895538,0.13521971590816975,0.15140680521726607,True,1604,1604
dmn_within,32,"('Dp1Yey', 'VEH')","('Dp1Yey', 'LCTB92')",95.0,0.11725018993020064,0.10770165758207431,0.1290257898345591,True,1604,1604
dmn_within,32,"('Dp1Yey', 'VEH')","('Dp1Yey', 'LCTB92')",99.0,0.11514230430126193,0.10880968451499937,0.12320875367894776,True,1604,1604
dmn_within,33,"('Dp1Yey', 'VEH')","('Dp1Yey', 'LCTB92')",1.0,0.10681103974580758,0.10004754511266944,0.11191042801737791,True,1192,1192
dmn_within,33,"('Dp1Yey', 'VEH')","('Dp1Yey', 'LCTB92')",5.0,0.11182448714971549,0.10541444160044196,0.12000734694302077,True,1192,1192
dmn_within,33,"('Dp1Yey', 'VEH')","('Dp1Yey', 'LCTB92')",50.0,0.09277288615703583,0.08089771065860987,0.10403186306357384,True,1192,1192
dmn_within,33,"('Dp1Yey', 'VEH')","('Dp1Yey', 'LCTB92')",95.0,0.10285835079848771,0.0908750471565872,0.1130756054073573,True,1192,1192
dmn_within,33,"('Dp1Yey', 'VEH')","('Dp1Yey', 'LCTB92')",99.0,0.0930821350216865,0.08560112596675745,0.09966927318274972,True,1192,1192
dmn_within,33,"('Dp1Yey', 'VEH')","('Dp1Yey', 'LCTB92')",1.0,0.1745361340045929,0.1631058174371719,0.19163188394904135,True,1592,1592
dmn_within,33,"('Dp1Yey', 'VEH')","('Dp1Yey', 'LCTB92')",5.0,0.1791924327611923,0.15620457679033278,0.1977509068697691,True,1592,1592
dmn_within,33,"('Dp1Yey', 'VEH')","('Dp1Yey', 'LCTB92')",50.0,0.1376161128282547,0.12977319918572902,0.14757330715656278,True,1592,1592
dmn_within,33,"('Dp1Yey', 'VEH')","('Dp1Yey', 'LCTB92')",95.0,0.11061235293745997,0.10414502151310467,0.12137981748208411,True,1592,1592
dmn_within,33,"('Dp1Yey', 'VEH')","('Dp1Yey', 'LCTB92')",99.0,0.11902578249573703,0.11033252120390509,0.12538301941752436,True,1592,1592
dmn_within,34,"('Dp1Yey', 'VEH')","('Dp1Yey', 'LCTB92')",1.0,0.107777187526226,0.1024962427392602,0.11625213562697172,True,1180,1180
dmn_within,34,"('Dp1Yey', 'VEH')","('Dp1Yey', 'LCTB92')",5.0,0.09930509775876994,0.09010659374296665,0.11032752916216845,True,1180,1180
dmn_within,34,"('Dp1Yey', 'VEH')","('Dp1Yey', 'LCTB92')",50.0,0.09617066383361816,0.08544268775731326,0.10688311755657195,True,1180,1180
dmn_within,34,"('Dp1Yey', 'VEH')","('Dp1Yey', 'LCTB92')",95.0,0.0968457978218793,0.08095122328959406,0.10525008679367606,True,1180,1180
dmn_within,34,"('Dp1Yey', 'VEH')","('Dp1Yey', 'LCTB92')",99.0,0.09034264110028745,0.08338140124082574,0.10097281802259382,True,1180,1180
dmn_within,34,"('Dp1Yey', 'VEH')","('Dp1Yey', 'LCTB92')",1.0,0.15307445883750914,0.14246192537248134,0.16469113670289517,True,1580,1580
dmn_within,34,"('Dp1Yey', 'VEH')","('Dp1Yey', 'LCTB92')",5.0,0.18281560242176054,0.16272586636245254,0.20283204082399603,True,1580,1580
dmn_within,34,"('Dp1Yey', 'VEH')","('Dp1Yey', 'LCTB92')",50.0,0.1337088644504547,0.1260693095624447,0.14132906794548034,True,1580,1580
dmn_within,34,"('Dp1Yey', 'VEH')","('Dp1Yey', 'LCTB92')",95.0,0.10763206556439397,0.09857630008831625,0.11604600129649048,True,1580,1580
dmn_within,34,"('Dp1Yey', 'VEH')","('Dp1Yey', 'LCTB92')",99.0,0.10907281741499908,0.09872077594324946,0.12061722448468208,True,1580,1580
dmn_within,35,"('Dp1Yey', 'VEH')","('Dp1Yey', 'LCTB92')",1.0,0.106476503610611,0.10139886130392552,0.11260968007892373,True,1168,1168
dmn_within,35,"('Dp1Yey', 'VEH')","('Dp1Yey', 'LCTB92')",5.0,0.0906607195734978,0.0814494721964002,0.10428788512945175,True,1168,1168
dmn_within,35,"('Dp1Yey', 'VEH')","('Dp1Yey', 'LCTB92')",50.0,0.09640175104141235,0.08476158864796161,0.10991394352167845,True,1168,1168
dmn_within,35,"('Dp1Yey', 'VEH')","('Dp1Yey', 'LCTB92')",95.0,0.08760598748922332,0.08002297667786482,0.09347336411476122,True,1168,1168
dmn_within,35,"('Dp1Yey', 'VEH')","('Dp1Yey', 'LCTB92')",99.0,0.08560663402080526,0.07909383575618274,0.09741818740963937,True,1168,1168
dmn_within,35,"('Dp1Yey', 'VEH')","('Dp1Yey', 'LCTB92')",1.0,0.1369372510910034,0.12716770589351656,0.15058570295572282,True,1568,1568
dmn_within,35,"('Dp1Yey', 'VEH')","('Dp1Yey', 'LCTB92')",5.0,0.18425984084606173,0.1675992592424154,0.20624803740531206,True,1568,1568
dmn_within,35,"('Dp1Yey', 'VEH')","('Dp1Yey', 'LCTB92')",50.0,0.13155581057071686,0.12359661348164082,0.13837286420166492,True,1568,1568
dmn_within,35,"('Dp1Yey', 'VEH')","('Dp1Yey', 'LCTB92')",95.0,0.10286455750465395,0.09747802956029779,0.11493129275739188,True,1568,1568
dmn_within,35,"('Dp1Yey', 'VEH')","('Dp1Yey', 'LCTB92')",99.0,0.10477821975946444,0.06619529187679292,0.11840589755028505,True,1568,1568
dmn_within,36,"('Dp1Yey', 'VEH')","('Dp1Yey', 'LCTB92')",1.0,0.09434795379638666,0.08962069071829323,0.09930719528347248,True,1156,1156
dmn_within,36,"('Dp1Yey', 'VEH')","('Dp1Yey', 'LCTB92')",5.0,0.09407295286655426,0.08381154611706734,0.10185703746974467,True,1156,1156
dmn_within,36,"('Dp1Yey', 'VEH')","('Dp1Yey', 'LCTB92')",50.0,0.09904363751411438,0.0898604553192854,0.10660234056413173,True,1156,1156
dmn_within,36,"('Dp1Yey', 'VEH')","('Dp1Yey', 'LCTB92')",95.0,0.08328932151198387,0.07747602257877588,0.09477820377796889,True,1156,1156
dmn_within,36,"('Dp1Yey', 'VEH')","('Dp1Yey', 'LCTB92')",99.0,0.07806275039911281,0.06818665564060211,0.09211351936683058,True,1156,1156
dmn_within,36,"('Dp1Yey', 'VEH')","('Dp1Yey', 'LCTB92')",1.0,0.13377904891967773,0.11935509443283082,0.1645981253683566,True,1556,1556
dmn_within,36,"('Dp1Yey', 'VEH')","('Dp1Yey', 'LCTB92')",5.0,0.18426969647407532,0.1676143392920494,0.20740978028625248,True,1556,1556
dmn_within,36,"('Dp1Yey', 'VEH')","('Dp1Yey', 'LCTB92')",50.0,0.1338704377412796,0.12590531967580318,0.14110342115163804,True,1556,1556
dmn_within,36,"('Dp1Yey', 'VEH')","('Dp1Yey', 'LCTB92')",95.0,0.10517687723040581,0.0970000933855772,0.11423657201230526,True,1556,1556
dmn_within,36,"('Dp1Yey', 'VEH')","('Dp1Yey', 'LCTB92')",99.0,0.09412952512502648,0.02895298095419906,0.10913128599524488,True,1556,1556
dmn_within,37,"('Dp1Yey', 'VEH')","('Dp1Yey', 'LCTB92')",1.0,0.09444052398204805,0.07954130959510802,0.10245275321602826,True,1144,1144
dmn_within,37,"('Dp1Yey', 'VEH')","('Dp1Yey', 'LCTB92')",5.0,0.09137241542339325,0.08390085484832525,0.09738030962646008,True,1144,1144
dmn_within,37,"('Dp1Yey', 'VEH')","('Dp1Yey', 'LCTB92')",50.0,0.09880770742893219,0.0904591552913189,0.10913077518343925,True,1144,1144
dmn_within,37,"('Dp1Yey', 'VEH')","('Dp1Yey', 'LCTB92')",95.0,0.08468049541115763,0.07610965251922601,0.09320893377065653,True,1144,1144
dmn_within,37,"('Dp1Yey', 'VEH')","('Dp1Yey', 'LCTB92')",99.0,0.07332346394658085,0.0656381248086691,0.08423736031167153,True,1144,1144
dmn_within,37,"('Dp1Yey', 'VEH')","('Dp1Yey', 'LCTB92')",1.0,0.15555371284484865,0.1252753600627184,0.17559872838854787,True,1544,1544
dmn_within,37,"('Dp1Yey', 'VEH')","('Dp1Yey', 'LCTB92')",5.0,0.1969078525900841,0.17449677564203736,0.21929740894585847,True,1544,1544
dmn_within,37,"('Dp1Yey', 'VEH')","('Dp1Yey', 'LCTB92')",50.0,0.13585467636585236,0.12714244648814202,0.14714867547154425,True,1544,1544
dmn_within,37,"('Dp1Yey', 'VEH')","('Dp1Yey', 'LCTB92')",95.0,0.11031184718012821,0.09979166610166434,0.11736023588106041,True,1544,1544
dmn_within,37,"('Dp1Yey', 'VEH')","('Dp1Yey', 'LCTB92')",99.0,0.046220722198486275,0.010216648455709215,0.08075199982896472,True,1544,1544
dmn_within,38,"('Dp1Yey', 'VEH')","('Dp1Yey', 'LCTB92')",1.0,0.09691878914833069,0.08543168869614602,0.10527183640003207,True,1132,1132
dmn_within,38,"('Dp1Yey', 'VEH')","('Dp1Yey', 'LCTB92')",5.0,0.08795667588710787,0.08200596950948237,0.09667713642120362,True,1132,1132
dmn_within,38,"('Dp1Yey', 'VEH')","('Dp1Yey', 'LCTB92')",50.0,0.10472872853279114,0.09527619853615761,0.11387037336826324,True,1132,1132
dmn_within,38,"('Dp1Yey', 'VEH')","('Dp1Yey', 'LCTB92')",95.0,0.07921401709318165,0.06720652617514133,0.08771121531724922,True,1132,1132
dmn_within,38,"('Dp1Yey', 'VEH')","('Dp1Yey', 'LCTB92')",99.0,0.0734551128745079,0.0682188125923276,0.07911137048527604,True,1132,1132
dmn_within,38,"('Dp1Yey', 'VEH')","('Dp1Yey', 'LCTB92')",1.0,0.15511534929275514,0.11636368393898011,0.1815008521080017,True,1532,1532
dmn_within,38,"('Dp1Yey', 'VEH')","('Dp1Yey', 'LCTB92')",5.0,0.21115937381982797,0.18816334508359434,0.2286673634126782,True,1532,1532
dmn_within,38,"('Dp1Yey', 'VEH')","('Dp1Yey', 'LCTB92')",50.0,0.14139385521411896,0.13022165670990943,0.15080135725438595,True,1532,1532
dmn_within,38,"('Dp1Yey', 'VEH')","('Dp1Yey', 'LCTB92')",95.0,0.11266129389405244,0.10694155953824516,0.11788609381765125,True,1532,1532
dmn_within,38,"('Dp1Yey', 'VEH')","('Dp1Yey', 'LCTB92')",99.0,0.023340749442577247,0.009741322364658203,0.05831930989399523,True,1532,1532
dmn_within,39,"('Dp1Yey', 'VEH')","('Dp1Yey', 'LCTB92')",1.0,0.0964225327968597,0.08955478273332117,0.10301194399595259,True,1120,1120
dmn_within,39,"('Dp1Yey', 'VEH')","('Dp1Yey', 'LCTB92')",5.0,0.08731553852558138,0.07520563669502736,0.1038194990903139,True,1120,1120
dmn_within,39,"('Dp1Yey', 'VEH')","('Dp1Yey', 'LCTB92')",50.0,0.1151835173368454,0.10243752859532833,0.12301283106207847,True,1120,1120
dmn_within,39,"('Dp1Yey', 'VEH')","('Dp1Yey', 'LCTB92')",95.0,0.07647289112210276,0.0713509729318321,0.08329569816589344,True,1120,1120
dmn_within,39,"('Dp1Yey', 'VEH')","('Dp1Yey', 'LCTB92')",99.0,0.07189222738146783,0.06520893114432683,0.08030594469979405,True,1120,1120
dmn_within,39,"('Dp1Yey', 'VEH')","('Dp1Yey', 'LCTB92')",1.0,0.11872074007987976,0.09866049748659136,0.14853017172217373,True,1520,1520
dmn_within,39,"('Dp1Yey', 'VEH')","('Dp1Yey', 'LCTB92')",5.0,0.22168191522359842,0.20683276478201149,0.2377820231765509,True,1520,1520
dmn_within,39,"('Dp1Yey', 'VEH')","('Dp1Yey', 'LCTB92')",50.0,0.1419089436531067,0.13292987495660782,0.15069904029369355,True,1520,1520
dmn_within,39,"('Dp1Yey', 'VEH')","('Dp1Yey', 'LCTB92')",95.0,0.11615558192133901,0.10555797513574362,0.12239049792289729,True,1520,1520
dmn_within,39,"('Dp1Yey', 'VEH')","('Dp1Yey', 'LCTB92')",99.0,0.016249842792749325,-0.002310414373874542,0.04535350519046232,False,1520,1520
dmn_within,40,"('Dp1Yey', 'VEH')","('Dp1Yey', 'LCTB92')",1.0,0.0926009088754654,0.07883290989696981,0.09780446608364583,True,1108,1108
dmn_within,40,"('Dp1Yey', 'VEH')","('Dp1Yey', 'LCTB92')",5.0,0.10087225884199141,0.08547493726015086,0.11168550219386815,True,1108,1108
dmn_within,40,"('Dp1Yey', 'VEH')","('Dp1Yey', 'LCTB92')",50.0,0.11964266002178192,0.10974473990499974,0.12858980745077134,True,1108,1108
dmn_within,40,"('Dp1Yey', 'VEH')","('Dp1Yey', 'LCTB92')",95.0,0.08020203560590755,0.07191339941695353,0.08864667665213354,True,1108,1108
dmn_within,40,"('Dp1Yey', 'VEH')","('Dp1Yey', 'LCTB92')",99.0,0.07217538580298422,0.06359260232746602,0.08330184375122202,True,1108,1108
dmn_within,40,"('Dp1Yey', 'VEH')","('Dp1Yey', 'LCTB92')",1.0,0.11153580069541935,0.09270331141352653,0.15040285110473628,True,1508,1508
dmn_within,40,"('Dp1Yey', 'VEH')","('Dp1Yey', 'LCTB92')",5.0,0.22985172122716907,0.2180055622011423,0.24456346105784177,True,1508,1508
dmn_within,40,"('Dp1Yey', 'VEH')","('Dp1Yey', 'LCTB92')",50.0,0.14399300515651703,0.1371857337653637,0.15191609151661395,True,1508,1508
dmn_within,40,"('Dp1Yey', 'VEH')","('Dp1Yey', 'LCTB92')",95.0,0.12079605162143703,0.10747414434328692,0.1294303543120624,True,1508,1508
dmn_within,40,"('Dp1Yey', 'VEH')","('Dp1Yey', 'LCTB92')",99.0,0.002923083454370423,-0.007326137214899065,0.04521411299705402,False,1508,1508
dmn_within,41,"('Dp1Yey', 'VEH')","('Dp1Yey', 'LCTB92')",1.0,0.07898237705230715,0.06500422291457653,0.0892570636421442,True,1096,1096
dmn_within,41,"('Dp1Yey', 'VEH')","('Dp1Yey', 'LCTB92')",5.0,0.09982752799987793,0.08566097915172577,0.10898525938391684,True,1096,1096
dmn_within,41,"('Dp1Yey', 'VEH')","('Dp1Yey', 'LCTB92')",50.0,0.1283588856458664,0.11861975453794002,0.13649394698441028,True,1096,1096
dmn_within,41,"('Dp1Yey', 'VEH')","('Dp1Yey', 'LCTB92')",95.0,0.08671540766954422,0.06809799196198582,0.10022361390292642,True,1096,1096
dmn_within,41,"('Dp1Yey', 'VEH')","('Dp1Yey', 'LCTB92')",99.0,0.06957579702138894,0.06144567023962734,0.07704517763108015,True,1096,1096
dmn_within,41,"('Dp1Yey', 'VEH')","('Dp1Yey', 'LCTB92')",1.0,0.14813896417617795,0.10639032199978829,0.15831017792224886,True,1496,1496
dmn_within,41,"('Dp1Yey', 'VEH')","('Dp1Yey', 'LCTB92')",5.0,0.23381976783275604,0.22542281746864318,0.24691641796380281,True,1496,1496
dmn_within,41,"('Dp1Yey', 'VEH')","('Dp1Yey', 'LCTB92')",50.0,0.14326992630958557,0.1370772708207369,0.15148527286946772,True,1496,1496
dmn_within,41,"('Dp1Yey', 'VEH')","('Dp1Yey', 'LCTB92')",95.0,0.12623629719018936,0.1057571392506361,0.13600922785699368,True,1496,1496
dmn_within,41,"('Dp1Yey', 'VEH')","('Dp1Yey', 'LCTB92')",99.0,-0.004354999959468864,-0.01884688176214699,0.05686650590971197,False,1496,1496
dmn_within,42,"('Dp1Yey', 'VEH')","('Dp1Yey', 'LCTB92')",1.0,0.059344157576560974,0.051692559689283386,0.08208454251289367,True,1084,1084
dmn_within,42,"('Dp1Yey', 'VEH')","('Dp1Yey', 'LCTB92')",5.0,0.09285129606723791,0.07611416161060333,0.10719310753047466,True,1084,1084
dmn_within,42,"('Dp1Yey', 'VEH')","('Dp1Yey', 'LCTB92')",50.0,0.13268721103668213,0.1247957106679678,0.13996373116970062,True,1084,1084
dmn_within,42,"('Dp1Yey', 'VEH')","('Dp1Yey', 'LCTB92')",95.0,0.09924286603927635,0.0718769781105221,0.11147257240489153,True,1084,1084
dmn_within,42,"('Dp1Yey', 'VEH')","('Dp1Yey', 'LCTB92')",99.0,0.06363649502396584,0.05216409459710123,0.07251894244924181,True,1084,1084
dmn_within,42,"('Dp1Yey', 'VEH')","('Dp1Yey', 'LCTB92')",1.0,0.15095646619796754,0.14474922521412376,0.1701261698752642,True,1484,1484
dmn_within,42,"('Dp1Yey', 'VEH')","('Dp1Yey', 'LCTB92')",5.0,0.2376800417900085,0.22683277603238824,0.2505442035570741,True,1484,1484
dmn_within,42,"('Dp1Yey', 'VEH')","('Dp1Yey', 'LCTB92')",50.0,0.14337025582790375,0.1378427091985941,0.1507570005953312,True,1484,1484
dmn_within,42,"('Dp1Yey', 'VEH')","('Dp1Yey', 'LCTB92')",95.0,0.11938346624374385,0.11004387002438322,0.13170212183147664,True,1484,1484
dmn_within,42,"('Dp1Yey', 'VEH')","('Dp1Yey', 'LCTB92')",99.0,0.0070449830591677864,-0.02373017743975018,0.05581770608946685,False,1484,1484
dmn_within,43,"('Dp1Yey', 'VEH')","('Dp1Yey', 'LCTB92')",1.0,0.05862533032894135,0.05107911944389343,0.07149844934046266,True,1072,1072
dmn_within,43,"('Dp1Yey', 'VEH')","('Dp1Yey', 'LCTB92')",5.0,0.08134495019912719,0.05308762550354007,0.10023504383862017,True,1072,1072
dmn_within,43,"('Dp1Yey', 'VEH')","('Dp1Yey', 'LCTB92')",50.0,0.1287163496017456,0.11927632838487626,0.1420136198401451,True,1072,1072
dmn_within,43,"('Dp1Yey', 'VEH')","('Dp1Yey', 'LCTB92')",95.0,0.09917377308011055,0.07494741553440697,0.11556309606879964,True,1072,1072
dmn_within,43,"('Dp1Yey', 'VEH')","('Dp1Yey', 'LCTB92')",99.0,0.05863981395959861,0.047367370106279776,0.06553213445097228,True,1072,1072
dmn_within,43,"('Dp1Yey', 'VEH')","('Dp1Yey', 'LCTB92')",1.0,0.15858749330043792,0.1457689991891384,0.192993850171566,True,1472,1472
dmn_within,43,"('Dp1Yey', 'VEH')","('Dp1Yey', 'LCTB92')",5.0,0.249927145242691,0.23578822553157802,0.25788213387131687,True,1472,1472
dmn_within,43,"('Dp1Yey', 'VEH')","('Dp1Yey', 'LCTB92')",50.0,0.147761270403862,0.1428834106773138,0.15287313647568226,True,1472,1472
dmn_within,43,"('Dp1Yey', 'VEH')","('Dp1Yey', 'LCTB92')",95.0,0.11762877404689787,0.10604614902287722,0.12791208691895006,True,1472,1472
dmn_within,43,"('Dp1Yey', 'VEH')","('Dp1Yey', 'LCTB92')",99.0,0.02087032034993197,-0.005335335712879896,0.07870504000783002,False,1472,1472
dmn_within,44,"('Dp1Yey', 'VEH')","('Dp1Yey', 'LCTB92')",1.0,0.06526577115058901,0.05675399158895018,0.07346700742840764,True,1060,1060
dmn_within,44,"('Dp1Yey', 'VEH')","('Dp1Yey', 'LCTB92')",5.0,0.05822772979736329,0.043699226304888726,0.09557707063853736,True,1060,1060
dmn_within,44,"('Dp1Yey', 'VEH')","('Dp1Yey', 'LCTB92')",50.0,0.1257629692554474,0.11455007120966912,0.13648088723421095,True,1060,1060
dmn_within,44,"('Dp1Yey', 'VEH')","('Dp1Yey', 'LCTB92')",95.0,0.08762254640460021,0.057642958294600186,0.11012882355600591,True,1060,1060
dmn_within,44,"('Dp1Yey', 'VEH')","('Dp1Yey', 'LCTB92')",99.0,0.05545778736472129,0.04968945021182305,0.06914766091853379,True,1060,1060
dmn_within,44,"('Dp1Yey', 'VEH')","('Dp1Yey', 'LCTB92')",1.0,0.18362038254737856,0.16083750334382058,0.2235286493897438,True,1460,1460
dmn_within,44,"('Dp1Yey', 'VEH')","('Dp1Yey', 'LCTB92')",5.0,0.2573681518435479,0.24580931596457958,0.26680088292807336,True,1460,1460
dmn_within,44,"('Dp1Yey', 'VEH')","('Dp1Yey', 'LCTB92')",50.0,0.14995481073856354,0.14508879147469997,0.15517578050494193,True,1460,1460
dmn_within,44,"('Dp1Yey', 'VEH')","('Dp1Yey', 'LCTB92')",95.0,0.1160853862762452,0.10373862635344266,0.12326060671359299,True,1460,1460
dmn_within,44,"('Dp1Yey', 'VEH')","('Dp1Yey', 'LCTB92')",99.0,0.05025144562125172,0.0016116743162273462,0.0748172215074304,True,1460,1460
dmn_within,45,"('Dp1Yey', 'VEH')","('Dp1Yey', 'LCTB92')",1.0,0.07887726366519926,0.063329262599349,0.0895262449979782,True,1048,1048
dmn_within,45,"('Dp1Yey', 'VEH')","('Dp1Yey', 'LCTB92')",5.0,0.05338879823684689,0.03972493417561055,0.07512709520757194,True,1048,1048
dmn_within,45,"('Dp1Yey', 'VEH')","('Dp1Yey', 'LCTB92')",50.0,0.12379302084445953,0.11207359060645103,0.13404240533709524,True,1048,1048
dmn_within,45,"('Dp1Yey', 'VEH')","('Dp1Yey', 'LCTB92')",95.0,0.07055961713194858,0.04401153035461903,0.0982166291028262,True,1048,1048
dmn_within,45,"('Dp1Yey', 'VEH')","('Dp1Yey', 'LCTB92')",99.0,0.061768247783184016,0.052446044415235725,0.07320968374237426,True,1048,1048
dmn_within,45,"('Dp1Yey', 'VEH')","('Dp1Yey', 'LCTB92')",1.0,0.22367365837097164,0.21008360795676706,0.23454571133852,True,1448,1448
dmn_within,45,"('Dp1Yey', 'VEH')","('Dp1Yey', 'LCTB92')",5.0,0.2614727720618248,0.24976115919649602,0.2692947754263878,True,1448,1448
dmn_within,45,"('Dp1Yey', 'VEH')","('Dp1Yey', 'LCTB92')",50.0,0.15467098355293274,0.1475206084549427,0.15965363048017026,True,1448,1448
dmn_within,45,"('Dp1Yey', 'VEH')","('Dp1Yey', 'LCTB92')",95.0,0.1062376901507378,0.09826016597449783,0.1156493452191352,True,1448,1448
dmn_within,45,"('Dp1Yey', 'VEH')","('Dp1Yey', 'LCTB92')",99.0,0.05358570337295543,0.03285548885911721,0.06835903747379789,True,1448,1448
dmn_within,46,"('Dp1Yey', 'VEH')","('Dp1Yey', 'LCTB92')",1.0,0.08838047087192535,0.0787509760260582,0.10253994770348072,True,1036,1036
dmn_within,46,"('Dp1Yey', 'VEH')","('Dp1Yey', 'LCTB92')",5.0,0.04924234747886658,0.03037360794842243,0.07354654744267461,True,1036,1036
dmn_within,46,"('Dp1Yey', 'VEH')","('Dp1Yey', 'LCTB92')",50.0,0.12008483707904816,0.10240900702774525,0.1301364954560995,True,1036,1036
dmn_within,46,"('Dp1Yey', 'VEH')","('Dp1Yey', 'LCTB92')",95.0,0.055396173149347305,0.039526776783168314,0.09448011377826325,True,1036,1036
dmn_within,46,"('Dp1Yey', 'VEH')","('Dp1Yey', 'LCTB92')",99.0,0.06117635518312414,0.05324291072785869,0.0834359696134925,True,1036,1036
dmn_within,46,"('Dp1Yey', 'VEH')","('Dp1Yey', 'LCTB92')",1.0,0.24116784632205962,0.23174797050654886,0.24814891189336777,True,1436,1436
dmn_within,46,"('Dp1Yey', 'VEH')","('Dp1Yey', 'LCTB92')",5.0,0.2583898976445198,0.24908663984388113,0.2667211689054966,True,1436,1436
dmn_within,46,"('Dp1Yey', 'VEH')","('Dp1Yey', 'LCTB92')",50.0,0.1568179428577423,0.14940938651561736,0.1644227359443903,True,1436,1436
dmn_within,46,"('Dp1Yey', 'VEH')","('Dp1Yey', 'LCTB92')",95.0,0.10194264352321625,0.0851169427856803,0.11161349285393952,True,1436,1436
dmn_within,46,"('Dp1Yey', 'VEH')","('Dp1Yey', 'LCTB92')",99.0,0.04534056633710859,0.034408458136022085,0.06640164833515864,True,1436,1436
dmn_within,47,"('Dp1Yey', 'VEH')","('Dp1Yey', 'LCTB92')",1.0,0.10475787341594694,0.08624375687539577,0.11382158280909058,True,1024,1024
dmn_within,47,"('Dp1Yey', 'VEH')","('Dp1Yey', 'LCTB92')",5.0,0.04979083836078646,0.03483634263277055,0.07924068652093408,True,1024,1024
dmn_within,47,"('Dp1Yey', 'VEH')","('Dp1Yey', 'LCTB92')",50.0,0.10442197322845459,0.09058597199618816,0.12465911731123924,True,1024,1024
dmn_within,47,"('Dp1Yey', 'VEH')","('Dp1Yey', 'LCTB92')",95.0,0.05608735457062697,0.04112599508836863,0.0936898271739482,True,1024,1024
dmn_within,47,"('Dp1Yey', 'VEH')","('Dp1Yey', 'LCTB92')",99.0,0.07749713554978377,0.067610918968916,0.08962107407674186,True,1024,1024
dmn_within,47,"('Dp1Yey', 'VEH')","('Dp1Yey', 'LCTB92')",1.0,0.2492659717798233,0.24249317782372234,0.2559933793544769,True,1424,1424
dmn_within,47,"('Dp1Yey', 'VEH')","('Dp1Yey', 'LCTB92')",5.0,0.255129063129425,0.24733376026153564,0.26512064039707184,True,1424,1424
dmn_within,47,"('Dp1Yey', 'VEH')","('Dp1Yey', 'LCTB92')",50.0,0.16062723100185394,0.15444167889654636,0.1674654647707939,True,1424,1424
dmn_within,47,"('Dp1Yey', 'VEH')","('Dp1Yey', 'LCTB92')",95.0,0.10192763060331345,0.08259001486003394,0.11056593433022499,True,1424,1424
dmn_within,47,"('Dp1Yey', 'VEH')","('Dp1Yey', 'LCTB92')",99.0,0.04299752771854404,0.03144491557031874,0.06322691808640957,True,1424,1424
dmn_within,48,"('Dp1Yey', 'VEH')","('Dp1Yey', 'LCTB92')",1.0,0.10634022831916806,0.09533194674551485,0.11549005414545534,True,1012,1012
dmn_within,48,"('Dp1Yey', 'VEH')","('Dp1Yey', 'LCTB92')",5.0,0.0683395892381668,0.045278245508670795,0.08679282665252686,True,1012,1012
dmn_within,48,"('Dp1Yey', 'VEH')","('Dp1Yey', 'LCTB92')",50.0,0.09583820402622223,0.08478212729096413,0.11203893125057221,True,1012,1012
dmn_within,48,"('Dp1Yey', 'VEH')","('Dp1Yey', 'LCTB92')",95.0,0.07001626491546642,0.04560252876952306,0.09130089536309235,True,1012,1012
dmn_within,48,"('Dp1Yey', 'VEH')","('Dp1Yey', 'LCTB92')",99.0,0.0813961097598076,0.06942353851720691,0.09063080687448385,True,1012,1012
dmn_within,48,"('Dp1Yey', 'VEH')","('Dp1Yey', 'LCTB92')",1.0,0.2501073744893074,0.24102608532458544,0.2577518397718668,True,1412,1412
dmn_within,48,"('Dp1Yey', 'VEH')","('Dp1Yey', 'LCTB92')",5.0,0.2554265931248665,0.24895913369953632,0.2645825301110744,True,1412,1412
dmn_within,48,"('Dp1Yey', 'VEH')","('Dp1Yey', 'LCTB92')",50.0,0.1635647565126419,0.157367804646492,0.17033553309738636,True,1412,1412
dmn_within,48,"('Dp1Yey', 'VEH')","('Dp1Yey', 'LCTB92')",95.0,0.10226690024137486,0.07557113163173194,0.11523301865905505,True,1412,1412
dmn_within,48,"('Dp1Yey', 'VEH')","('Dp1Yey', 'LCTB92')",99.0,0.05122212141752225,0.03915477663278499,0.05976217271387589,True,1412,1412
dmn_within,49,"('Dp1Yey', 'VEH')","('Dp1Yey', 'LCTB92')",1.0,0.10543755531311039,0.09266913984715942,0.13312082991003987,True,1000,1000
dmn_within,49,"('Dp1Yey', 'VEH')","('Dp1Yey', 'LCTB92')",5.0,0.07309492230415343,0.060206980779767036,0.10016272395849228,True,1000,1000
dmn_within,49,"('Dp1Yey', 'VEH')","('Dp1Yey', 'LCTB92')",50.0,0.08965423703193665,0.07960282042622566,0.10414582565426823,True,1000,1000
dmn_within,49,"('Dp1Yey', 'VEH')","('Dp1Yey', 'LCTB92')",95.0,0.07165542691946036,0.05718581683933728,0.08452050171792506,True,1000,1000
dmn_within,49,"('Dp1Yey', 'VEH')","('Dp1Yey', 'LCTB92')",99.0,0.08893726840615268,0.06823862249031658,0.09899733540415773,True,1000,1000
dmn_within,49,"('Dp1Yey', 'VEH')","('Dp1Yey', 'LCTB92')",1.0,0.24457332551479338,0.23759966681897637,0.25719143526256083,True,1400,1400
dmn_within,49,"('Dp1Yey', 'VEH')","('Dp1Yey', 'LCTB92')",5.0,0.2572411835193634,0.2514470301941037,0.26212800309062,True,1400,1400
dmn_within,49,"('Dp1Yey', 'VEH')","('Dp1Yey', 'LCTB92')",50.0,0.16394969820976257,0.1587767791002989,0.17057531587779523,True,1400,1400
dmn_within,49,"('Dp1Yey', 'VEH')","('Dp1Yey', 'LCTB92')",95.0,0.10276914983987806,0.07050653606653214,0.11976524628698822,True,1400,1400
dmn_within,49,"('Dp1Yey', 'VEH')","('Dp1Yey', 'LCTB92')",99.0,0.051003120839595795,0.04392472147941584,0.06052474903315303,True,1400,1400
dmn_within,50,"('Dp1Yey', 'VEH')","('Dp1Yey', 'LCTB92')",1.0,0.10483868300914762,0.08877288103103637,0.13392741580307485,True,988,988
dmn_within,50,"('Dp1Yey', 'VEH')","('Dp1Yey', 'LCTB92')",5.0,0.08732086420059204,0.07080494321882726,0.10595612183213231,True,988,988
dmn_within,50,"('Dp1Yey', 'VEH')","('Dp1Yey', 'LCTB92')",50.0,0.08410888910293579,0.0743059828877449,0.1017370719462633,True,988,988
dmn_within,50,"('Dp1Yey', 'VEH')","('Dp1Yey', 'LCTB92')",95.0,0.07810158878564843,0.0665764433518052,0.08931257668882611,True,988,988
dmn_within,50,"('Dp1Yey', 'VEH')","('Dp1Yey', 'LCTB92')",99.0,0.08650375455617909,0.06924752324819561,0.09706586980447174,True,988,988
dmn_within,50,"('Dp1Yey', 'VEH')","('Dp1Yey', 'LCTB92')",1.0,0.25083476305007935,0.24457970263063905,0.25799701797962193,True,1388,1388
dmn_within,50,"('Dp1Yey', 'VEH')","('Dp1Yey', 'LCTB92')",5.0,0.25505512505769734,0.2502283695340157,0.25857689820230007,True,1388,1388
dmn_within,50,"('Dp1Yey', 'VEH')","('Dp1Yey', 'LCTB92')",50.0,0.16591134667396545,0.15827029421925545,0.17286967039108275,True,1388,1388
dmn_within,50,"('Dp1Yey', 'VEH')","('Dp1Yey', 'LCTB92')",95.0,0.10558130443096159,0.0755834574997426,0.12584461536258462,True,1388,1388
dmn_within,50,"('Dp1Yey', 'VEH')","('Dp1Yey', 'LCTB92')",99.0,0.055588586628437575,0.040217888407409266,0.06411618310958157,True,1388,1388
dmn_within,51,"('Dp1Yey', 'VEH')","('Dp1Yey', 'LCTB92')",1.0,0.12119363248348236,0.10702672600746155,0.1365729611366987,True,976,976
dmn_within,51,"('Dp1Yey', 'VEH')","('Dp1Yey', 'LCTB92')",5.0,0.08648273348808289,0.08201212957501411,0.10201172474771737,True,976,976
dmn_within,51,"('Dp1Yey', 'VEH')","('Dp1Yey', 'LCTB92')",50.0,0.08129195868968964,0.07190111428499221,0.0983849812299013,True,976,976
dmn_within,51,"('Dp1Yey', 'VEH')","('Dp1Yey', 'LCTB92')",95.0,0.0790877602994442,0.0659403057768941,0.09103615712374448,True,976,976
dmn_within,51,"('Dp1Yey', 'VEH')","('Dp1Yey', 'LCTB92')",99.0,0.08749491348862648,0.0746243947185576,0.0983794973231852,True,976,976
dmn_within,51,"('Dp1Yey', 'VEH')","('Dp1Yey', 'LCTB92')",1.0,0.2520875260233879,0.24550778642296792,0.25906163454055786,True,1376,1376
dmn_within,51,"('Dp1Yey', 'VEH')","('Dp1Yey', 'LCTB92')",5.0,0.25264017283916473,0.24770479835569859,0.2559696512296796,True,1376,1376
dmn_within,51,"('Dp1Yey', 'VEH')","('Dp1Yey', 'LCTB92')",50.0,0.16710658371448517,0.1604173295199871,0.17286323271691797,True,1376,1376
dmn_within,51,"('Dp1Yey', 'VEH')","('Dp1Yey', 'LCTB92')",95.0,0.11177941411733627,0.09247704334557057,0.12540256958454848,True,1376,1376
dmn_within,51,"('Dp1Yey', 'VEH')","('Dp1Yey', 'LCTB92')",99.0,0.07170286774635315,0.04939480852335691,0.07981636151671408,True,1376,1376
dmn_within,52,"('Dp1Yey', 'VEH')","('Dp1Yey', 'LCTB92')",1.0,0.1394410878419876,0.1328049919456243,0.14694190502166748,True,964,964
dmn_within,52,"('Dp1Yey', 'VEH')","('Dp1Yey', 'LCTB92')",5.0,0.09934172928333279,0.09060109421610836,0.10880064833909271,True,964,964
dmn_within,52,"('Dp1Yey', 'VEH')","('Dp1Yey', 'LCTB92')",50.0,0.07804763317108154,0.06555192731320858,0.0938818834722042,True,964,964
dmn_within,52,"('Dp1Yey', 'VEH')","('Dp1Yey', 'LCTB92')",95.0,0.07789625152945523,0.06960302326828244,0.09140748634934436,True,964,964
dmn_within,52,"('Dp1Yey', 'VEH')","('Dp1Yey', 'LCTB92')",99.0,0.08397885814309114,0.07323546290397642,0.09472419874370101,True,964,964
dmn_within,52,"('Dp1Yey', 'VEH')","('Dp1Yey', 'LCTB92')",1.0,0.2528332966566086,0.24530273601412775,0.2587310506775976,True,1364,1364
dmn_within,52,"('Dp1Yey', 'VEH')","('Dp1Yey', 'LCTB92')",5.0,0.25057142972946167,0.24145846221595998,0.25645501699298623,True,1364,1364
dmn_within,52,"('Dp1Yey', 'VEH')","('Dp1Yey', 'LCTB92')",50.0,0.1695069670677185,0.16218315996229649,0.17683418057858943,True,1364,1364
dmn_within,52,"('Dp1Yey', 'VEH')","('Dp1Yey', 'LCTB92')",95.0,0.11154107004404068,0.09696161150932311,0.12488167591392997,True,1364,1364
dmn_within,52,"('Dp1Yey', 'VEH')","('Dp1Yey', 'LCTB92')",99.0,0.0894036981463433,0.08296862684935324,0.09784370987117276,True,1364,1364
dmn_within,53,"('Dp1Yey', 'VEH')","('Dp1Yey', 'LCTB92')",1.0,0.14039975821971895,0.12612962742149827,0.14588155499845742,True,952,952
dmn_within,53,"('Dp1Yey', 'VEH')","('Dp1Yey', 'LCTB92')",5.0,0.11262955069541924,0.1071868075430393,0.11912176709622145,True,952,952
dmn_within,53,"('Dp1Yey', 'VEH')","('Dp1Yey', 'LCTB92')",50.0,0.0764269232749939,0.06394152007997037,0.0888276308774948,True,952,952
dmn_within,53,"('Dp1Yey', 'VEH')","('Dp1Yey', 'LCTB92')",95.0,0.08152831047773368,0.07033760759979482,0.10263954743742938,True,952,952
dmn_within,53,"('Dp1Yey', 'VEH')","('Dp1Yey', 'LCTB92')",99.0,0.08717299103736875,0.07293042412027713,0.09404734862223263,True,952,952
dmn_within,53,"('Dp1Yey', 'VEH')","('Dp1Yey', 'LCTB92')",1.0,0.24257937014102932,0.23962112455070023,0.24892647229135034,True,1352,1352
dmn_within,53,"('Dp1Yey', 'VEH')","('Dp1Yey', 'LCTB92')",5.0,0.2464384615421295,0.22888970896601676,0.25341723911464215,True,1352,1352
dmn_within,53,"('Dp1Yey', 'VEH')","('Dp1Yey', 'LCTB92')",50.0,0.17747151851654053,0.16783678084611892,0.18640240505337713,True,1352,1352
dmn_within,53,"('Dp1Yey', 'VEH')","('Dp1Yey', 'LCTB92')",95.0,0.11013604700565327,0.09664863221347329,0.12178581759333611,True,1352,1352
dmn_within,53,"('Dp1Yey', 'VEH')","('Dp1Yey', 'LCTB92')",99.0,0.0945550948381424,0.08811230082809936,0.10194715857505798,True,1352,1352
dmn_within,54,"('Dp1Yey', 'VEH')","('Dp1Yey', 'LCTB92')",1.0,0.14332596898078914,0.13021104156970975,0.14773074471950534,True,940,940
dmn_within,54,"('Dp1Yey', 'VEH')","('Dp1Yey', 'LCTB92')",5.0,0.12084728330373762,0.11457067321985963,0.13128167226910592,True,940,940
dmn_within,54,"('Dp1Yey', 'VEH')","('Dp1Yey', 'LCTB92')",50.0,0.07449346780776978,0.0667525738477707,0.08927742242813108,True,940,940
dmn_within,54,"('Dp1Yey', 'VEH')","('Dp1Yey', 'LCTB92')",95.0,0.097997459769249,0.0736603145115078,0.11070662926882506,True,940,940
dmn_within,54,"('Dp1Yey', 'VEH')","('Dp1Yey', 'LCTB92')",99.0,0.08556200429797178,0.07044077154248952,0.0941578671336174,True,940,940
dmn_within,54,"('Dp1Yey', 'VEH')","('Dp1Yey', 'LCTB92')",1.0,0.23483404278755188,0.2314299909621477,0.24193115699291232,True,1340,1340
dmn_within,54,"('Dp1Yey', 'VEH')","('Dp1Yey', 'LCTB92')",5.0,0.23846490532159803,0.2174683898687363,0.24846893828362226,True,1340,1340
dmn_within,54,"('Dp1Yey', 'VEH')","('Dp1Yey', 'LCTB92')",50.0,0.18524199724197388,0.17667485252022744,0.19115640334784983,True,1340,1340
dmn_within,54,"('Dp1Yey', 'VEH')","('Dp1Yey', 'LCTB92')",95.0,0.10831433683633807,0.09092345472425223,0.12176853507757186,True,1340,1340
dmn_within,54,"('Dp1Yey', 'VEH')","('Dp1Yey', 'LCTB92')",99.0,0.08811724215745942,0.07761927106976502,0.09434854964166861,True,1340,1340
dmn_within,55,"('Dp1Yey', 'VEH')","('Dp1Yey', 'LCTB92')",1.0,0.15208125114440918,0.14044838908314708,0.1620977278649807,True,928,928
dmn_within,55,"('Dp1Yey', 'VEH')","('Dp1Yey', 'LCTB92')",5.0,0.12739436328411102,0.11897113054990767,0.1381088326126337,True,928,928
dmn_within,55,"('Dp1Yey', 'VEH')","('Dp1Yey', 'LCTB92')",50.0,0.078311026096344,0.06776873022317886,0.09310508742928504,True,928,928
dmn_within,55,"('Dp1Yey', 'VEH')","('Dp1Yey', 'LCTB92')",95.0,0.09701367244124415,0.08587274435907609,0.11438271891325714,True,928,928
dmn_within,55,"('Dp1Yey', 'VEH')","('Dp1Yey', 'LCTB92')",99.0,0.08383343979716296,0.07183091932907697,0.0925976732932031,True,928,928
dmn_within,55,"('Dp1Yey', 'VEH')","('Dp1Yey', 'LCTB92')",1.0,0.23696366429328922,0.2328975458443165,0.24099098549783227,True,1328,1328
dmn_within,55,"('Dp1Yey', 'VEH')","('Dp1Yey', 'LCTB92')",5.0,0.22262779921293263,0.20663781855255364,0.23827445797622207,True,1328,1328
dmn_within,55,"('Dp1Yey', 'VEH')","('Dp1Yey', 'LCTB92')",50.0,0.1890181452035904,0.18265166841447353,0.19392839223146438,True,1328,1328
dmn_within,55,"('Dp1Yey', 'VEH')","('Dp1Yey', 'LCTB92')",95.0,0.10453342199325577,0.0838888001814486,0.11673432465642714,True,1328,1328
dmn_within,55,"('Dp1Yey', 'VEH')","('Dp1Yey', 'LCTB92')",99.0,0.07603701919317252,0.06805096839368337,0.08724414408206942,True,1328,1328
dmn_within,56,"('Dp1Yey', 'VEH')","('Dp1Yey', 'LCTB92')",1.0,0.16418066322803493,0.14673459365963934,0.16855926636606458,True,916,916
dmn_within,56,"('Dp1Yey', 'VEH')","('Dp1Yey', 'LCTB92')",5.0,0.13150562345981598,0.11869593504816293,0.14388667680323122,True,916,916
dmn_within,56,"('Dp1Yey', 'VEH')","('Dp1Yey', 'LCTB92')",50.0,0.07949145138263702,0.0680100966244936,0.09623730145394802,True,916,916
dmn_within,56,"('Dp1Yey', 'VEH')","('Dp1Yey', 'LCTB92')",95.0,0.10157617181539536,0.08873820621520281,0.11100345319136977,True,916,916
dmn_within,56,"('Dp1Yey', 'VEH')","('Dp1Yey', 'LCTB92')",99.0,0.09182056486606593,0.07994109988212583,0.09838231801986694,True,916,916
dmn_within,56,"('Dp1Yey', 'VEH')","('Dp1Yey', 'LCTB92')",1.0,0.22772323787212373,0.22006572388112544,0.23253790825605394,True,1316,1316
dmn_within,56,"('Dp1Yey', 'VEH')","('Dp1Yey', 'LCTB92')",5.0,0.20845139026641846,0.19675487987697124,0.2227683801203966,True,1316,1316
dmn_within,56,"('Dp1Yey', 'VEH')","('Dp1Yey', 'LCTB92')",50.0,0.18991975486278534,0.18387713320553303,0.19602330327033995,True,1316,1316
dmn_within,56,"('Dp1Yey', 'VEH')","('Dp1Yey', 'LCTB92')",95.0,0.10009890794754028,0.09104767255485058,0.12279138267040252,True,1316,1316
dmn_within,56,"('Dp1Yey', 'VEH')","('Dp1Yey', 'LCTB92')",99.0,0.06389887928962712,0.05504893284291025,0.07411295212805262,True,1316,1316
dmn_within,57,"('Dp1Yey', 'VEH')","('Dp1Yey', 'LCTB92')",1.0,0.154104768037796,0.1478943693637848,0.1667511401847005,True,904,904
dmn_within,57,"('Dp1Yey', 'VEH')","('Dp1Yey', 'LCTB92')",5.0,0.12880834192037588,0.11800111357122657,0.13976726461201905,True,904,904
dmn_within,57,"('Dp1Yey', 'VEH')","('Dp1Yey', 'LCTB92')",50.0,0.0825311690568924,0.06816528216004372,0.09764100164175032,True,904,904
dmn_within,57,"('Dp1Yey', 'VEH')","('Dp1Yey', 'LCTB92')",95.0,0.08892355859279644,0.07960082646459328,0.109825065396726,True,904,904
dmn_within,57,"('Dp1Yey', 'VEH')","('Dp1Yey', 'LCTB92')",99.0,0.09099295705556865,0.08518596023321157,0.0978115451335907,True,904,904
dmn_within,57,"('Dp1Yey', 'VEH')","('Dp1Yey', 'LCTB92')",1.0,0.21317874968051914,0.20971781280636786,0.21822223362326623,True,1304,1304
dmn_within,57,"('Dp1Yey', 'VEH')","('Dp1Yey', 'LCTB92')",5.0,0.20184255838394166,0.1668364538997412,0.20787428766489033,True,1304,1304
dmn_within,57,"('Dp1Yey', 'VEH')","('Dp1Yey', 'LCTB92')",50.0,0.19285932183265686,0.18599984794855118,0.20043765753507614,True,1304,1304
dmn_within,57,"('Dp1Yey', 'VEH')","('Dp1Yey', 'LCTB92')",95.0,0.10015940815210356,0.08824344690889128,0.1219680595397949,True,1304,1304
dmn_within,57,"('Dp1Yey', 'VEH')","('Dp1Yey', 'LCTB92')",99.0,0.060369764864444786,0.04764440531283615,0.07434361270815136,True,1304,1304
dmn_within,58,"('Dp1Yey', 'VEH')","('Dp1Yey', 'LCTB92')",1.0,0.15180961608886717,0.14214201602339743,0.16052133219689133,True,892,892
dmn_within,58,"('Dp1Yey', 'VEH')","('Dp1Yey', 'LCTB92')",5.0,0.1298893734812736,0.11996490508317947,0.13619378011673688,True,892,892
dmn_within,58,"('Dp1Yey', 'VEH')","('Dp1Yey', 'LCTB92')",50.0,0.08058308064937592,0.06936479546129704,0.09955702908337116,True,892,892
dmn_within,58,"('Dp1Yey', 'VEH')","('Dp1Yey', 'LCTB92')",95.0,0.0875711932778358,0.07746877942234281,0.10029523748904477,True,892,892
dmn_within,58,"('Dp1Yey', 'VEH')","('Dp1Yey', 'LCTB92')",99.0,0.09800069212913509,0.08286538213491457,0.10715014830231662,True,892,892
dmn_within,58,"('Dp1Yey', 'VEH')","('Dp1Yey', 'LCTB92')",1.0,0.20715672910213473,0.20235557593405246,0.2096637320667505,True,1292,1292
dmn_within,58,"('Dp1Yey', 'VEH')","('Dp1Yey', 'LCTB92')",5.0,0.18910802900791168,0.16429357409477233,0.2024185647815466,True,1292,1292
dmn_within,58,"('Dp1Yey', 'VEH')","('Dp1Yey', 'LCTB92')",50.0,0.1931305229663849,0.18506835475564004,0.19967793636023998,True,1292,1292
dmn_within,58,"('Dp1Yey', 'VEH')","('Dp1Yey', 'LCTB92')",95.0,0.09673875421285627,0.08424304544925694,0.11628388505429037,True,1292,1292
dmn_within,58,"('Dp1Yey', 'VEH')","('Dp1Yey', 'LCTB92')",99.0,0.06876364290714265,0.05904721025377529,0.08194297217577806,True,1292,1292
dmn_within,59,"('Dp1Yey', 'VEH')","('Dp1Yey', 'LCTB92')",1.0,0.14147480070590973,0.1314191920310259,0.1508514454215765,True,880,880
dmn_within,59,"('Dp1Yey', 'VEH')","('Dp1Yey', 'LCTB92')",5.0,0.13068084865808488,0.11908777654170986,0.13797573924064635,True,880,880
dmn_within,59,"('Dp1Yey', 'VEH')","('Dp1Yey', 'LCTB92')",50.0,0.08427411317825317,0.07337834611535073,0.09730815775692463,True,880,880
dmn_within,59,"('Dp1Yey', 'VEH')","('Dp1Yey', 'LCTB92')",95.0,0.08513980358839035,0.07856462433934211,0.09195205889642243,True,880,880
dmn_within,59,"('Dp1Yey', 'VEH')","('Dp1Yey', 'LCTB92')",99.0,0.09837788999080654,0.0919409030079841,0.10407402336597438,True,880,880
dmn_within,59,"('Dp1Yey', 'VEH')","('Dp1Yey', 'LCTB92')",1.0,0.20006583631038666,0.18832029056549074,0.2039009544700384,True,1280,1280
dmn_within,59,"('Dp1Yey', 'VEH')","('Dp1Yey', 'LCTB92')",5.0,0.16860831677913668,0.15831022791564467,0.18689740151166914,True,1280,1280
dmn_within,59,"('Dp1Yey', 'VEH')","('Dp1Yey', 'LCTB92')",50.0,0.19299715757369995,0.18629036359488965,0.1989910915493965,True,1280,1280
dmn_within,59,"('Dp1Yey', 'VEH')","('Dp1Yey', 'LCTB92')",95.0,0.10141375958919518,0.08042642135173089,0.11342268437147139,True,1280,1280
dmn_within,59,"('Dp1Yey', 'VEH')","('Dp1Yey', 'LCTB92')",99.0,0.07755140006542205,0.06355707134306429,0.08245234642922881,True,1280,1280
dmn_within,5,"('Dp1Yey', 'VEH')","('Dp1Yey', 'LCTB92')",1.0,0.016021592766046533,-0.020509612783789665,0.046591767508536545,False,1528,1528
dmn_within,5,"('Dp1Yey', 'VEH')","('Dp1Yey', 'LCTB92')",5.0,0.04159385189414022,0.02592489177361131,0.05485871635377411,True,1528,1528
dmn_within,5,"('Dp1Yey', 'VEH')","('Dp1Yey', 'LCTB92')",50.0,0.019970119930803776,0.014414659747853876,0.02510547605343163,True,1528,1528
dmn_within,5,"('Dp1Yey', 'VEH')","('Dp1Yey', 'LCTB92')",95.0,0.007441430352628009,0.0018858605762943625,0.012331259460188348,True,1528,1528
dmn_within,5,"('Dp1Yey', 'VEH')","('Dp1Yey', 'LCTB92')",99.0,0.0008820037171244355,-0.008984836310148103,0.008256190505810085,False,1528,1528
dmn_within,5,"('Dp1Yey', 'VEH')","('Dp1Yey', 'LCTB92')",1.0,0.21901927053928383,0.1673618135377765,0.25307203638181086,True,1928,1928
dmn_within,5,"('Dp1Yey', 'VEH')","('Dp1Yey', 'LCTB92')",5.0,0.18395828232169154,0.16657532706856729,0.2066119532845913,True,1928,1928
dmn_within,5,"('Dp1Yey', 'VEH')","('Dp1Yey', 'LCTB92')",50.0,0.060073367320001125,0.05334155773743987,0.06591910102870314,True,1928,1928
dmn_within,5,"('Dp1Yey', 'VEH')","('Dp1Yey', 'LCTB92')",95.0,0.02524661775678383,0.020181899112649303,0.03099640266038473,True,1928,1928
dmn_within,5,"('Dp1Yey', 'VEH')","('Dp1Yey', 'LCTB92')",99.0,0.018579502552747762,0.013549962360411883,0.02524473066441705,True,1928,1928
dmn_within,60,"('Dp1Yey', 'VEH')","('Dp1Yey', 'LCTB92')",1.0,0.1417929676175117,0.1288550937473774,0.15460333460569378,True,868,868
dmn_within,60,"('Dp1Yey', 'VEH')","('Dp1Yey', 'LCTB92')",5.0,0.12303987294435503,0.11480690117925406,0.13295080028474332,True,868,868
dmn_within,60,"('Dp1Yey', 'VEH')","('Dp1Yey', 'LCTB92')",50.0,0.08647525310516357,0.07553190141916274,0.09455094076693057,True,868,868
dmn_within,60,"('Dp1Yey', 'VEH')","('Dp1Yey', 'LCTB92')",95.0,0.08613597899675363,0.07736176084727049,0.09487712755799287,True,868,868
dmn_within,60,"('Dp1Yey', 'VEH')","('Dp1Yey', 'LCTB92')",99.0,0.10369077831506734,0.09419134700298301,0.10845774471759795,True,868,868
dmn_within,60,"('Dp1Yey', 'VEH')","('Dp1Yey', 'LCTB92')",1.0,0.1898330825567246,0.17044172200560567,0.20004785929620267,True,1268,1268
dmn_within,60,"('Dp1Yey', 'VEH')","('Dp1Yey', 'LCTB92')",5.0,0.1622312277555466,0.15791912510991093,0.16822715900838375,True,1268,1268
dmn_within,60,"('Dp1Yey', 'VEH')","('Dp1Yey', 'LCTB92')",50.0,0.19030211865901947,0.1835249226540327,0.19673243314027786,True,1268,1268
dmn_within,60,"('Dp1Yey', 'VEH')","('Dp1Yey', 'LCTB92')",95.0,0.10024859458208091,0.08875639040023106,0.11023139987140894,True,1268,1268
dmn_within,60,"('Dp1Yey', 'VEH')","('Dp1Yey', 'LCTB92')",99.0,0.07732202112674713,0.07016795364767323,0.0834402690008284,True,1268,1268
dmn_within,61,"('Dp1Yey', 'VEH')","('Dp1Yey', 'LCTB92')",1.0,0.13648874908685682,0.13124823935329918,0.140957883708179,True,856,856
dmn_within,61,"('Dp1Yey', 'VEH')","('Dp1Yey', 'LCTB92')",5.0,0.12046435475349426,0.11356419399380684,0.1275071892887354,True,856,856
dmn_within,61,"('Dp1Yey', 'VEH')","('Dp1Yey', 'LCTB92')",50.0,0.08641624450683594,0.07731144987046719,0.09458789192140102,True,856,856
dmn_within,61,"('Dp1Yey', 'VEH')","('Dp1Yey', 'LCTB92')",95.0,0.08812481164932251,0.0812528993934393,0.09591556992381811,True,856,856
dmn_within,61,"('Dp1Yey', 'VEH')","('Dp1Yey', 'LCTB92')",99.0,0.10032368451356899,0.09362726435065269,0.10809660125523805,True,856,856
dmn_within,61,"('Dp1Yey', 'VEH')","('Dp1Yey', 'LCTB92')",1.0,0.17410020530223846,0.1646451338380575,0.18107700578868388,True,1256,1256
dmn_within,61,"('Dp1Yey', 'VEH')","('Dp1Yey', 'LCTB92')",5.0,0.16408932209014893,0.16139135211706163,0.16756083406507968,True,1256,1256
dmn_within,61,"('Dp1Yey', 'VEH')","('Dp1Yey', 'LCTB92')",50.0,0.18795675039291382,0.18285163789987563,0.19383542388677596,True,1256,1256
dmn_within,61,"('Dp1Yey', 'VEH')","('Dp1Yey', 'LCTB92')",95.0,0.09706927090883255,0.08617125041782855,0.11312245223671198,True,1256,1256
dmn_within,61,"('Dp1Yey', 'VEH')","('Dp1Yey', 'LCTB92')",99.0,0.07665626555681226,0.06881278909742823,0.08735399253666386,True,1256,1256
dmn_within,62,"('Dp1Yey', 'VEH')","('Dp1Yey', 'LCTB92')",1.0,0.13547630250453946,0.12915006665140388,0.13946718752384185,True,844,844
dmn_within,62,"('Dp1Yey', 'VEH')","('Dp1Yey', 'LCTB92')",5.0,0.12184235900640483,0.11402568314224482,0.13220349784940486,True,844,844
dmn_within,62,"('Dp1Yey', 'VEH')","('Dp1Yey', 'LCTB92')",50.0,0.08929473161697388,0.08006769008934497,0.09867315776646138,True,844,844
dmn_within,62,"('Dp1Yey', 'VEH')","('Dp1Yey', 'LCTB92')",95.0,0.09008345156908037,0.08539985928684474,0.0953938405588269,True,844,844
dmn_within,62,"('Dp1Yey', 'VEH')","('Dp1Yey', 'LCTB92')",99.0,0.10268792867660503,0.09430076364427811,0.10747969751805064,True,844,844
dmn_within,62,"('Dp1Yey', 'VEH')","('Dp1Yey', 'LCTB92')",1.0,0.1697870647907257,0.16705934210121637,0.17306457194685934,True,1244,1244
dmn_within,62,"('Dp1Yey', 'VEH')","('Dp1Yey', 'LCTB92')",5.0,0.1660470455884933,0.1619987989217043,0.17148980379104617,True,1244,1244
dmn_within,62,"('Dp1Yey', 'VEH')","('Dp1Yey', 'LCTB92')",50.0,0.1869526505470276,0.18134320974349977,0.19296127408742905,True,1244,1244
dmn_within,62,"('Dp1Yey', 'VEH')","('Dp1Yey', 'LCTB92')",95.0,0.09519742131233222,0.08703130144625905,0.11353237010538579,True,1244,1244
dmn_within,62,"('Dp1Yey', 'VEH')","('Dp1Yey', 'LCTB92')",99.0,0.07521179348230389,0.06449856277555212,0.08691417515277866,True,1244,1244
dmn_within,63,"('Dp1Yey', 'VEH')","('Dp1Yey', 'LCTB92')",1.0,0.1312836530804634,0.12600726127624512,0.13599780791252855,True,832,832
dmn_within,63,"('Dp1Yey', 'VEH')","('Dp1Yey', 'LCTB92')",5.0,0.11829422265291212,0.11299171172082424,0.12378024391829966,True,832,832
dmn_within,63,"('Dp1Yey', 'VEH')","('Dp1Yey', 'LCTB92')",50.0,0.09220719337463379,0.07865205332636833,0.10335889011621474,True,832,832
dmn_within,63,"('Dp1Yey', 'VEH')","('Dp1Yey', 'LCTB92')",95.0,0.08719216138124464,0.08186219930648804,0.09326838105916972,True,832,832
dmn_within,63,"('Dp1Yey', 'VEH')","('Dp1Yey', 'LCTB92')",99.0,0.09672371029853821,0.08443952023983003,0.10612449437379823,True,832,832
dmn_within,63,"('Dp1Yey', 'VEH')","('Dp1Yey', 'LCTB92')",1.0,0.1746356070041657,0.17113277490437034,0.17800778336822984,True,1232,1232
dmn_within,63,"('Dp1Yey', 'VEH')","('Dp1Yey', 'LCTB92')",5.0,0.1719781965017319,0.16727041862905026,0.17879515402019025,True,1232,1232
dmn_within,63,"('Dp1Yey', 'VEH')","('Dp1Yey', 'LCTB92')",50.0,0.18881459534168243,0.1819073289632797,0.19380234144628047,True,1232,1232
dmn_within,63,"('Dp1Yey', 'VEH')","('Dp1Yey', 'LCTB92')",95.0,0.10023660063743578,0.0891430196166038,0.1089443909004331,True,1232,1232
dmn_within,63,"('Dp1Yey', 'VEH')","('Dp1Yey', 'LCTB92')",99.0,0.0776472997665405,0.06128136812895532,0.08623496653884657,True,1232,1232
dmn_within,64,"('Dp1Yey', 'VEH')","('Dp1Yey', 'LCTB92')",1.0,0.11363745987415313,0.10511410272121428,0.11988170504570006,True,820,820
dmn_within,64,"('Dp1Yey', 'VEH')","('Dp1Yey', 'LCTB92')",5.0,0.11159772127866746,0.10732238087803128,0.1163475225120783,True,820,820
dmn_within,64,"('Dp1Yey', 'VEH')","('Dp1Yey', 'LCTB92')",50.0,0.09530065953731537,0.07878537997603416,0.10742424353957175,True,820,820
dmn_within,64,"('Dp1Yey', 'VEH')","('Dp1Yey', 'LCTB92')",95.0,0.08123614639043808,0.07535164237022393,0.08619964327663185,True,820,820
dmn_within,64,"('Dp1Yey', 'VEH')","('Dp1Yey', 'LCTB92')",99.0,0.07937472641468057,0.07436773165315391,0.09577020436525346,True,820,820
dmn_within,64,"('Dp1Yey', 'VEH')","('Dp1Yey', 'LCTB92')",1.0,0.17937603771686556,0.17472394853830336,0.18599278213083742,True,1220,1220
dmn_within,64,"('Dp1Yey', 'VEH')","('Dp1Yey', 'LCTB92')",5.0,0.1766440957784653,0.17029451802372933,0.1822460884600878,True,1220,1220
dmn_within,64,"('Dp1Yey', 'VEH')","('Dp1Yey', 'LCTB92')",50.0,0.18516147136688232,0.17860482186079024,0.19102858677506446,True,1220,1220
dmn_within,64,"('Dp1Yey', 'VEH')","('Dp1Yey', 'LCTB92')",95.0,0.09609780162572856,0.08707851435989147,0.10307371281087399,True,1220,1220
dmn_within,64,"('Dp1Yey', 'VEH')","('Dp1Yey', 'LCTB92')",99.0,0.07922625720500964,0.06567029912024738,0.089124117538333,True,1220,1220
dmn_within,65,"('Dp1Yey', 'VEH')","('Dp1Yey', 'LCTB92')",1.0,0.09648877859115601,0.09166718542575836,0.10003907734155654,True,808,808
dmn_within,65,"('Dp1Yey', 'VEH')","('Dp1Yey', 'LCTB92')",5.0,0.10068084895610813,0.09488344334065914,0.10615146182477476,True,808,808
dmn_within,65,"('Dp1Yey', 'VEH')","('Dp1Yey', 'LCTB92')",50.0,0.09776245057582855,0.07455910071730613,0.11372804753482338,True,808,808
dmn_within,65,"('Dp1Yey', 'VEH')","('Dp1Yey', 'LCTB92')",95.0,0.076419560611248,0.07279772568494082,0.08042674526572234,True,808,808
dmn_within,65,"('Dp1Yey', 'VEH')","('Dp1Yey', 'LCTB92')",99.0,0.06960790842771514,0.06039522209763522,0.08485952771455049,True,808,808
dmn_within,65,"('Dp1Yey', 'VEH')","('Dp1Yey', 'LCTB92')",1.0,0.18969253897666932,0.1791566592603922,0.19432575106620786,True,1208,1208
dmn_within,65,"('Dp1Yey', 'VEH')","('Dp1Yey', 'LCTB92')",5.0,0.18179104626178744,0.17603111438453195,0.18613990619778634,True,1208,1208
dmn_within,65,"('Dp1Yey', 'VEH')","('Dp1Yey', 'LCTB92')",50.0,0.18247003853321075,0.17622227743268012,0.18831006661057473,True,1208,1208
dmn_within,65,"('Dp1Yey', 'VEH')","('Dp1Yey', 'LCTB92')",95.0,0.09400558024644856,0.08862433757632973,0.09822704534977676,True,1208,1208
dmn_within,65,"('Dp1Yey', 'VEH')","('Dp1Yey', 'LCTB92')",99.0,0.08445843547582621,0.07403098950535032,0.08920098606497051,True,1208,1208
dmn_within,66,"('Dp1Yey', 'VEH')","('Dp1Yey', 'LCTB92')",1.0,0.08153635263442993,0.07687253646552561,0.08944127567112448,True,796,796
dmn_within,66,"('Dp1Yey', 'VEH')","('Dp1Yey', 'LCTB92')",5.0,0.09283760190010071,0.0851422294974327,0.1001495562493801,True,796,796
dmn_within,66,"('Dp1Yey', 'VEH')","('Dp1Yey', 'LCTB92')",50.0,0.09223741292953491,0.07278134003281593,0.11433381065726277,True,796,796
dmn_within,66,"('Dp1Yey', 'VEH')","('Dp1Yey', 'LCTB92')",95.0,0.07555900514125824,0.06843253970146179,0.08183827530592679,True,796,796
dmn_within,66,"('Dp1Yey', 'VEH')","('Dp1Yey', 'LCTB92')",99.0,0.06159512996673577,0.05481958869844675,0.07411272946745157,True,796,796
dmn_within,66,"('Dp1Yey', 'VEH')","('Dp1Yey', 'LCTB92')",1.0,0.18931250870227812,0.1825643229484558,0.19369570471346376,True,1196,1196
dmn_within,66,"('Dp1Yey', 'VEH')","('Dp1Yey', 'LCTB92')",5.0,0.18766368925571442,0.18257337883114816,0.1902999769896269,True,1196,1196
dmn_within,66,"('Dp1Yey', 'VEH')","('Dp1Yey', 'LCTB92')",50.0,0.1777963787317276,0.1726575955748558,0.18407550305128098,True,1196,1196
dmn_within,66,"('Dp1Yey', 'VEH')","('Dp1Yey', 'LCTB92')",95.0,0.09518474340438843,0.08928480930626392,0.10220572538673878,True,1196,1196
dmn_within,66,"('Dp1Yey', 'VEH')","('Dp1Yey', 'LCTB92')",99.0,0.08379005938768391,0.08033898919820792,0.0878758540004492,True,1196,1196
dmn_within,67,"('Dp1Yey', 'VEH')","('Dp1Yey', 'LCTB92')",1.0,0.059358800053596505,0.05304376333951951,0.07117304146289827,True,784,784
dmn_within,67,"('Dp1Yey', 'VEH')","('Dp1Yey', 'LCTB92')",5.0,0.0865787833929062,0.07702447474002838,0.0948461277782917,True,784,784
dmn_within,67,"('Dp1Yey', 'VEH')","('Dp1Yey', 'LCTB92')",50.0,0.09317055344581604,0.07382073141634464,0.10888672471046447,True,784,784
dmn_within,67,"('Dp1Yey', 'VEH')","('Dp1Yey', 'LCTB92')",95.0,0.069676810503006,0.06461625467985864,0.0785947999358177,True,784,784
dmn_within,67,"('Dp1Yey', 'VEH')","('Dp1Yey', 'LCTB92')",99.0,0.06339324593544005,0.05702519296109674,0.07013644963502885,True,784,784
dmn_within,67,"('Dp1Yey', 'VEH')","('Dp1Yey', 'LCTB92')",1.0,0.18432254672050474,0.17989496833086013,0.19006312769651412,True,1184,1184
dmn_within,67,"('Dp1Yey', 'VEH')","('Dp1Yey', 'LCTB92')",5.0,0.18606870472431186,0.1821077227592468,0.19009667418897153,True,1184,1184
dmn_within,67,"('Dp1Yey', 'VEH')","('Dp1Yey', 'LCTB92')",50.0,0.17295986413955688,0.16743071079254152,0.1785578530281782,True,1184,1184
dmn_within,67,"('Dp1Yey', 'VEH')","('Dp1Yey', 'LCTB92')",95.0,0.09630666524171827,0.08936504121869798,0.1012986185401678,True,1184,1184
dmn_within,67,"('Dp1Yey', 'VEH')","('Dp1Yey', 'LCTB92')",99.0,0.08603868305683138,0.08196026980876922,0.09389538620412363,True,1184,1184
dmn_within,68,"('Dp1Yey', 'VEH')","('Dp1Yey', 'LCTB92')",1.0,0.054433537721633896,0.042342962577939014,0.06316322796046735,True,772,772
dmn_within,68,"('Dp1Yey', 'VEH')","('Dp1Yey', 'LCTB92')",5.0,0.0748226374387741,0.06172058165073395,0.09210476092994216,True,772,772
dmn_within,68,"('Dp1Yey', 'VEH')","('Dp1Yey', 'LCTB92')",50.0,0.09066413342952728,0.07412173189222812,0.10850021839141845,True,772,772
dmn_within,68,"('Dp1Yey', 'VEH')","('Dp1Yey', 'LCTB92')",95.0,0.06433506608009343,0.05871331285685309,0.07198148760944616,True,772,772
dmn_within,68,"('Dp1Yey', 'VEH')","('Dp1Yey', 'LCTB92')",99.0,0.06363286674022672,0.05759278674423692,0.07080148729681973,True,772,772
dmn_within,68,"('Dp1Yey', 'VEH')","('Dp1Yey', 'LCTB92')",1.0,0.18162891983985902,0.17946464416384694,0.18402614949643611,True,1172,1172
dmn_within,68,"('Dp1Yey', 'VEH')","('Dp1Yey', 'LCTB92')",5.0,0.1874526023864746,0.18248959764838218,0.19148914255201815,True,1172,1172
dmn_within,68,"('Dp1Yey', 'VEH')","('Dp1Yey', 'LCTB92')",50.0,0.16917337477207184,0.16279159635305404,0.17520475015044212,True,1172,1172
dmn_within,68,"('Dp1Yey', 'VEH')","('Dp1Yey', 'LCTB92')",95.0,0.09844345450401304,0.09185703087598084,0.10593047823756926,True,1172,1172
dmn_within,68,"('Dp1Yey', 'VEH')","('Dp1Yey', 'LCTB92')",99.0,0.09326420783996592,0.08883063743263486,0.09881198434531688,True,1172,1172
dmn_within,69,"('Dp1Yey', 'VEH')","('Dp1Yey', 'LCTB92')",1.0,0.04707854986190796,0.04123375958204272,0.05857966454327106,True,760,760
dmn_within,69,"('Dp1Yey', 'VEH')","('Dp1Yey', 'LCTB92')",5.0,0.06657944917678832,0.051124369353055914,0.08098304726183415,True,760,760
dmn_within,69,"('Dp1Yey', 'VEH')","('Dp1Yey', 'LCTB92')",50.0,0.09015192091464996,0.07609163857996463,0.11245251931250093,True,760,760
dmn_within,69,"('Dp1Yey', 'VEH')","('Dp1Yey', 'LCTB92')",95.0,0.062004858255386375,0.05788057066500176,0.06817067887634046,True,760,760
dmn_within,69,"('Dp1Yey', 'VEH')","('Dp1Yey', 'LCTB92')",99.0,0.07312624067068096,0.061950800836086145,0.07712564665079115,True,760,760
dmn_within,69,"('Dp1Yey', 'VEH')","('Dp1Yey', 'LCTB92')",1.0,0.18283655405044552,0.1792806798219681,0.1858464372307062,True,1160,1160
dmn_within,69,"('Dp1Yey', 'VEH')","('Dp1Yey', 'LCTB92')",5.0,0.1886214226484299,0.18134449526667593,0.19153782792389398,True,1160,1160
dmn_within,69,"('Dp1Yey', 'VEH')","('Dp1Yey', 'LCTB92')",50.0,0.16459091007709503,0.15901866033673287,0.17128278389573098,True,1160,1160
dmn_within,69,"('Dp1Yey', 'VEH')","('Dp1Yey', 'LCTB92')",95.0,0.10253003984689713,0.09564533211290834,0.10920571912080047,True,1160,1160
dmn_within,69,"('Dp1Yey', 'VEH')","('Dp1Yey', 'LCTB92')",99.0,0.09420400172471999,0.09238264152407653,0.09753136713802808,True,1160,1160
dmn_within,6,"('Dp1Yey', 'VEH')","('Dp1Yey', 'LCTB92')",1.0,-0.010408559441566378,-0.052282517813146155,0.015662089288234753,False,1516,1516
dmn_within,6,"('Dp1Yey', 'VEH')","('Dp1Yey', 'LCTB92')",5.0,0.026307445019483566,0.007001000922173262,0.046040370408445594,True,1516,1516
dmn_within,6,"('Dp1Yey', 'VEH')","('Dp1Yey', 'LCTB92')",50.0,0.024084268137812614,0.018581534503027797,0.029470394458621738,True,1516,1516
dmn_within,6,"('Dp1Yey', 'VEH')","('Dp1Yey', 'LCTB92')",95.0,0.02012307569384575,0.015054257516749204,0.023075803369283672,True,1516,1516
dmn_within,6,"('Dp1Yey', 'VEH')","('Dp1Yey', 'LCTB92')",99.0,0.012871713377535343,0.0005082691088318381,0.023992691342719117,True,1516,1516
dmn_within,6,"('Dp1Yey', 'VEH')","('Dp1Yey', 'LCTB92')",1.0,0.20848834365606306,0.15826998315751564,0.26538043864071365,True,1916,1916
dmn_within,6,"('Dp1Yey', 'VEH')","('Dp1Yey', 'LCTB92')",5.0,0.18967628851532936,0.16574365366250277,0.22021628087386488,True,1916,1916
dmn_within,6,"('Dp1Yey', 'VEH')","('Dp1Yey', 'LCTB92')",50.0,0.06904895044863224,0.06302785412408411,0.0757642276585102,True,1916,1916
dmn_within,6,"('Dp1Yey', 'VEH')","('Dp1Yey', 'LCTB92')",95.0,0.024308132473379374,0.0185859753342811,0.03434967960056383,True,1916,1916
dmn_within,6,"('Dp1Yey', 'VEH')","('Dp1Yey', 'LCTB92')",99.0,0.02873085588216795,0.01635858472436701,0.03729042212478799,True,1916,1916
dmn_within,70,"('Dp1Yey', 'VEH')","('Dp1Yey', 'LCTB92')",1.0,0.045603231191635174,0.038172851562500026,0.051176820501685115,True,748,748
dmn_within,70,"('Dp1Yey', 'VEH')","('Dp1Yey', 'LCTB92')",5.0,0.054675334692001365,0.04291641592979429,0.0688538122177124,True,748,748
dmn_within,70,"('Dp1Yey', 'VEH')","('Dp1Yey', 'LCTB92')",50.0,0.09163042902946472,0.07679706513881683,0.11818355433642863,True,748,748
dmn_within,70,"('Dp1Yey', 'VEH')","('Dp1Yey', 'LCTB92')",95.0,0.06936419308185582,0.06539801269769673,0.07231311302632086,True,748,748
dmn_within,70,"('Dp1Yey', 'VEH')","('Dp1Yey', 'LCTB92')",99.0,0.07024046182632449,0.06057164362072945,0.0832618432939052,True,748,748
dmn_within,70,"('Dp1Yey', 'VEH')","('Dp1Yey', 'LCTB92')",1.0,0.18317294061183928,0.17948320627212525,0.1866686006039381,True,1148,1148
dmn_within,70,"('Dp1Yey', 'VEH')","('Dp1Yey', 'LCTB92')",5.0,0.1864086240530014,0.1827372846752405,0.19002414621412753,True,1148,1148
dmn_within,70,"('Dp1Yey', 'VEH')","('Dp1Yey', 'LCTB92')",50.0,0.16247770190238953,0.15778570771217346,0.1689997471868992,True,1148,1148
dmn_within,70,"('Dp1Yey', 'VEH')","('Dp1Yey', 'LCTB92')",95.0,0.10195811688900003,0.09414198640733958,0.10941385645419352,True,1148,1148
dmn_within,70,"('Dp1Yey', 'VEH')","('Dp1Yey', 'LCTB92')",99.0,0.09422345161437984,0.08914005579799411,0.10041772768646483,True,1148,1148
dmn_within,71,"('Dp1Yey', 'VEH')","('Dp1Yey', 'LCTB92')",1.0,0.0491812527179718,0.041024509221315404,0.05389865763485433,True,736,736
dmn_within,71,"('Dp1Yey', 'VEH')","('Dp1Yey', 'LCTB92')",5.0,0.04373779892921448,0.036920932680368425,0.058747824281454086,True,736,736
dmn_within,71,"('Dp1Yey', 'VEH')","('Dp1Yey', 'LCTB92')",50.0,0.09023167192935944,0.07826069891452789,0.1220243491232395,True,736,736
dmn_within,71,"('Dp1Yey', 'VEH')","('Dp1Yey', 'LCTB92')",95.0,0.07525016367435455,0.0704258119687438,0.07967706136405468,True,736,736
dmn_within,71,"('Dp1Yey', 'VEH')","('Dp1Yey', 'LCTB92')",99.0,0.070009072124958,0.06259781420230862,0.08337533500045533,True,736,736
dmn_within,71,"('Dp1Yey', 'VEH')","('Dp1Yey', 'LCTB92')",1.0,0.18175850212574007,0.1782555727660656,0.18434518255293372,True,1136,1136
dmn_within,71,"('Dp1Yey', 'VEH')","('Dp1Yey', 'LCTB92')",5.0,0.18443723022937775,0.1804906103760004,0.18966664969921113,True,1136,1136
dmn_within,71,"('Dp1Yey', 'VEH')","('Dp1Yey', 'LCTB92')",50.0,0.1602751910686493,0.15392408072948455,0.16694590710103513,True,1136,1136
dmn_within,71,"('Dp1Yey', 'VEH')","('Dp1Yey', 'LCTB92')",95.0,0.10051030665636063,0.0911733066663146,0.1074030052870512,True,1136,1136
dmn_within,71,"('Dp1Yey', 'VEH')","('Dp1Yey', 'LCTB92')",99.0,0.09788779020309435,0.09420468211174016,0.10341810990124975,True,1136,1136
dmn_within,72,"('Dp1Yey', 'VEH')","('Dp1Yey', 'LCTB92')",1.0,0.051295286417007424,0.047570428311824745,0.05596072435379029,True,724,724
dmn_within,72,"('Dp1Yey', 'VEH')","('Dp1Yey', 'LCTB92')",5.0,0.04131160080432894,0.03595838509500025,0.05159746415913105,True,724,724
dmn_within,72,"('Dp1Yey', 'VEH')","('Dp1Yey', 'LCTB92')",50.0,0.09026196599006653,0.07994005344808101,0.11882766932249067,True,724,724
dmn_within,72,"('Dp1Yey', 'VEH')","('Dp1Yey', 'LCTB92')",95.0,0.08053986281156533,0.07492415968328714,0.084708712734282,True,724,724
dmn_within,72,"('Dp1Yey', 'VEH')","('Dp1Yey', 'LCTB92')",99.0,0.08083215117454523,0.07277792900800695,0.08839763563871383,True,724,724
dmn_within,72,"('Dp1Yey', 'VEH')","('Dp1Yey', 'LCTB92')",1.0,0.18047648608684538,0.17867779825627805,0.18283417277038097,True,1124,1124
dmn_within,72,"('Dp1Yey', 'VEH')","('Dp1Yey', 'LCTB92')",5.0,0.17996445894241336,0.17606099806725983,0.1848726150393486,True,1124,1124
dmn_within,72,"('Dp1Yey', 'VEH')","('Dp1Yey', 'LCTB92')",50.0,0.1579541116952896,0.153917783126235,0.16564536057412624,True,1124,1124
dmn_within,72,"('Dp1Yey', 'VEH')","('Dp1Yey', 'LCTB92')",95.0,0.10219574421644206,0.09577847592532635,0.10816413164138794,True,1124,1124
dmn_within,72,"('Dp1Yey', 'VEH')","('Dp1Yey', 'LCTB92')",99.0,0.10242841482162479,0.09499802890419964,0.11056987718492739,True,1124,1124
dmn_within,73,"('Dp1Yey', 'VEH')","('Dp1Yey', 'LCTB92')",1.0,0.05251963853836061,0.04677797487378117,0.05829769173264504,True,712,712
dmn_within,73,"('Dp1Yey', 'VEH')","('Dp1Yey', 'LCTB92')",5.0,0.04293079674243927,0.03986185930669308,0.051515884920954734,True,712,712
dmn_within,73,"('Dp1Yey', 'VEH')","('Dp1Yey', 'LCTB92')",50.0,0.09410011768341064,0.08434305377304555,0.11975894793868065,True,712,712
dmn_within,73,"('Dp1Yey', 'VEH')","('Dp1Yey', 'LCTB92')",95.0,0.08613206595182421,0.08066140927374374,0.09041873760521404,True,712,712
dmn_within,73,"('Dp1Yey', 'VEH')","('Dp1Yey', 'LCTB92')",99.0,0.08849018901586536,0.08170480742305515,0.09386767677962775,True,712,712
dmn_within,73,"('Dp1Yey', 'VEH')","('Dp1Yey', 'LCTB92')",1.0,0.1781087201833725,0.17430154910683632,0.1803505377918482,True,1112,1112
dmn_within,73,"('Dp1Yey', 'VEH')","('Dp1Yey', 'LCTB92')",5.0,0.1784995049238205,0.17508577033877373,0.18228721968829634,True,1112,1112
dmn_within,73,"('Dp1Yey', 'VEH')","('Dp1Yey', 'LCTB92')",50.0,0.16288556158542633,0.15592584908008575,0.16941146217286587,True,1112,1112
dmn_within,73,"('Dp1Yey', 'VEH')","('Dp1Yey', 'LCTB92')",95.0,0.103555078804493,0.09833778884261851,0.11183394338935618,True,1112,1112
dmn_within,73,"('Dp1Yey', 'VEH')","('Dp1Yey', 'LCTB92')",99.0,0.10360826492309572,0.0971501536667347,0.11311784608662129,True,1112,1112
dmn_within,74,"('Dp1Yey', 'VEH')","('Dp1Yey', 'LCTB92')",1.0,0.05185067772865298,0.04344314600527289,0.05691279123723504,True,700,700
dmn_within,74,"('Dp1Yey', 'VEH')","('Dp1Yey', 'LCTB92')",5.0,0.04368115961551666,0.038614665046334276,0.04933171808719634,True,700,700
dmn_within,74,"('Dp1Yey', 'VEH')","('Dp1Yey', 'LCTB92')",50.0,0.09582391381263733,0.08507512994110585,0.12045150585472583,True,700,700
dmn_within,74,"('Dp1Yey', 'VEH')","('Dp1Yey', 'LCTB92')",95.0,0.08979459553956981,0.08381882149726144,0.09626394599676139,True,700,700
dmn_within,74,"('Dp1Yey', 'VEH')","('Dp1Yey', 'LCTB92')",99.0,0.09387448191642767,0.08429647240787737,0.09831869602203369,True,700,700
dmn_within,74,"('Dp1Yey', 'VEH')","('Dp1Yey', 'LCTB92')",1.0,0.16939707994461062,0.1664537391960621,0.17776919527351856,True,1100,1100
dmn_within,74,"('Dp1Yey', 'VEH')","('Dp1Yey', 'LCTB92')",5.0,0.17767581343650818,0.17532733857631683,0.18088726386427878,True,1100,1100
dmn_within,74,"('Dp1Yey', 'VEH')","('Dp1Yey', 'LCTB92')",50.0,0.16243237257003784,0.1574315033853054,0.1680166833102703,True,1100,1100
dmn_within,74,"('Dp1Yey', 'VEH')","('Dp1Yey', 'LCTB92')",95.0,0.11012584716081625,0.10086653925478459,0.11825373269617552,True,1100,1100
dmn_within,74,"('Dp1Yey', 'VEH')","('Dp1Yey', 'LCTB92')",99.0,0.10140483766794206,0.09526562678813935,0.10632666279375548,True,1100,1100
dmn_within,75,"('Dp1Yey', 'VEH')","('Dp1Yey', 'LCTB92')",1.0,0.05104550421237947,0.04641941419243812,0.05470809745788575,True,688,688
dmn_within,75,"('Dp1Yey', 'VEH')","('Dp1Yey', 'LCTB92')",5.0,0.04518977701663973,0.04022749103605748,0.052883322909474374,True,688,688
dmn_within,75,"('Dp1Yey', 'VEH')","('Dp1Yey', 'LCTB92')",50.0,0.09784145653247833,0.08529993444681168,0.11733126565814019,True,688,688
dmn_within,75,"('Dp1Yey', 'VEH')","('Dp1Yey', 'LCTB92')",95.0,0.09697760939598077,0.09098311662673945,0.10205695439130065,True,688,688
dmn_within,75,"('Dp1Yey', 'VEH')","('Dp1Yey', 'LCTB92')",99.0,0.08893368005752567,0.0825393299162388,0.100032069683075,True,688,688
dmn_within,75,"('Dp1Yey', 'VEH')","('Dp1Yey', 'LCTB92')",1.0,0.17157463073730467,0.16896647214889526,0.17493443109095094,True,1088,1088
dmn_within,75,"('Dp1Yey', 'VEH')","('Dp1Yey', 'LCTB92')",5.0,0.17782604098320007,0.1731303460150957,0.18094538621604442,True,1088,1088
dmn_within,75,"('Dp1Yey', 'VEH')","('Dp1Yey', 'LCTB92')",50.0,0.1591968685388565,0.15494633093476295,0.16411899663507937,True,1088,1088
dmn_within,75,"('Dp1Yey', 'VEH')","('Dp1Yey', 'LCTB92')",95.0,0.11293072104454033,0.10531763430684819,0.11715403202921128,True,1088,1088
dmn_within,75,"('Dp1Yey', 'VEH')","('Dp1Yey', 'LCTB92')",99.0,0.09742678493261325,0.09232119849324233,0.10086710231751209,True,1088,1088
dmn_within,76,"('Dp1Yey', 'VEH')","('Dp1Yey', 'LCTB92')",1.0,0.04978621006011963,0.04500011131167412,0.055112642422318454,True,676,676
dmn_within,76,"('Dp1Yey', 'VEH')","('Dp1Yey', 'LCTB92')",5.0,0.04858560860157013,0.03787720613181591,0.056104722619056704,True,676,676
dmn_within,76,"('Dp1Yey', 'VEH')","('Dp1Yey', 'LCTB92')",50.0,0.10228656232357025,0.08541236259043217,0.1214464023709297,True,676,676
dmn_within,76,"('Dp1Yey', 'VEH')","('Dp1Yey', 'LCTB92')",95.0,0.10014108568429947,0.09545719008892775,0.10404472015798091,True,676,676
dmn_within,76,"('Dp1Yey', 'VEH')","('Dp1Yey', 'LCTB92')",99.0,0.0887538492679596,0.08302731905132532,0.09791398607194424,True,676,676
dmn_within,76,"('Dp1Yey', 'VEH')","('Dp1Yey', 'LCTB92')",1.0,0.1723535656929016,0.1700480878353119,0.1739112176001072,True,1076,1076
dmn_within,76,"('Dp1Yey', 'VEH')","('Dp1Yey', 'LCTB92')",5.0,0.17672483623027802,0.17124737240374088,0.18002388030290603,True,1076,1076
dmn_within,76,"('Dp1Yey', 'VEH')","('Dp1Yey', 'LCTB92')",50.0,0.15736731886863708,0.1515214242041111,0.16287878938019273,True,1076,1076
dmn_within,76,"('Dp1Yey', 'VEH')","('Dp1Yey', 'LCTB92')",95.0,0.11011413484811783,0.10667348597198725,0.11858694348484276,True,1076,1076
dmn_within,76,"('Dp1Yey', 'VEH')","('Dp1Yey', 'LCTB92')",99.0,0.09355749934911728,0.0914325525984168,0.10157952178269625,True,1076,1076
dmn_within,77,"('Dp1Yey', 'VEH')","('Dp1Yey', 'LCTB92')",1.0,0.045893327593803435,0.04195931755006312,0.05358944833278656,True,664,664
dmn_within,77,"('Dp1Yey', 'VEH')","('Dp1Yey', 'LCTB92')",5.0,0.045193126797676064,0.035275461971759806,0.0573731356114149,True,664,664
dmn_within,77,"('Dp1Yey', 'VEH')","('Dp1Yey', 'LCTB92')",50.0,0.1063193529844284,0.08620185106992721,0.12129818499088287,True,664,664
dmn_within,77,"('Dp1Yey', 'VEH')","('Dp1Yey', 'LCTB92')",95.0,0.09729312062263484,0.09379506524652247,0.10119372423738239,True,664,664
dmn_within,77,"('Dp1Yey', 'VEH')","('Dp1Yey', 'LCTB92')",99.0,0.09505761921405786,0.09142431616783142,0.09802416843175892,True,664,664
dmn_within,77,"('Dp1Yey', 'VEH')","('Dp1Yey', 'LCTB92')",1.0,0.16895640492439268,0.16727644714713097,0.17162570065259933,True,1064,1064
dmn_within,77,"('Dp1Yey', 'VEH')","('Dp1Yey', 'LCTB92')",5.0,0.17421942055225373,0.16846913300454616,0.17980206109583377,True,1064,1064
dmn_within,77,"('Dp1Yey', 'VEH')","('Dp1Yey', 'LCTB92')",50.0,0.15455779433250427,0.1482258103787899,0.16449620202183723,True,1064,1064
dmn_within,77,"('Dp1Yey', 'VEH')","('Dp1Yey', 'LCTB92')",95.0,0.11288170516490942,0.10711210954934365,0.11940244495868677,True,1064,1064
dmn_within,77,"('Dp1Yey', 'VEH')","('Dp1Yey', 'LCTB92')",99.0,0.09933036178350452,0.09208312932401887,0.10983345512300727,True,1064,1064
dmn_within,78,"('Dp1Yey', 'VEH')","('Dp1Yey', 'LCTB92')",1.0,0.051547169089317335,0.04100742195546624,0.06388072252273558,True,652,652
dmn_within,78,"('Dp1Yey', 'VEH')","('Dp1Yey', 'LCTB92')",5.0,0.03609483242034911,0.02658822223544123,0.04685726389288896,True,652,652
dmn_within,78,"('Dp1Yey', 'VEH')","('Dp1Yey', 'LCTB92')",50.0,0.10332265496253967,0.08748307675123215,0.11791308932006359,True,652,652
dmn_within,78,"('Dp1Yey', 'VEH')","('Dp1Yey', 'LCTB92')",95.0,0.09827238619327539,0.0951557871326804,0.1029643876850605,True,652,652
dmn_within,78,"('Dp1Yey', 'VEH')","('Dp1Yey', 'LCTB92')",99.0,0.09503784060478204,0.09151686701923602,0.09945907860994341,True,652,652
dmn_within,78,"('Dp1Yey', 'VEH')","('Dp1Yey', 'LCTB92')",1.0,0.16733500838279722,0.1625407532155514,0.1715787058621645,True,1052,1052
dmn_within,78,"('Dp1Yey', 'VEH')","('Dp1Yey', 'LCTB92')",5.0,0.17445776462554932,0.1689563716948032,0.17760366335511207,True,1052,1052
dmn_within,78,"('Dp1Yey', 'VEH')","('Dp1Yey', 'LCTB92')",50.0,0.1557348668575287,0.14800216630101204,0.1642857536673546,True,1052,1052
dmn_within,78,"('Dp1Yey', 'VEH')","('Dp1Yey', 'LCTB92')",95.0,0.1105153039097786,0.10501607380807391,0.11732658460736277,True,1052,1052
dmn_within,78,"('Dp1Yey', 'VEH')","('Dp1Yey', 'LCTB92')",99.0,0.10447331458330156,0.09683719427883629,0.11404046750813727,True,1052,1052
dmn_within,79,"('Dp1Yey', 'VEH')","('Dp1Yey', 'LCTB92')",1.0,0.06048090517520904,0.04168273270130157,0.06889963150024414,True,640,640
dmn_within,79,"('Dp1Yey', 'VEH')","('Dp1Yey', 'LCTB92')",5.0,0.028323248028755188,0.01923218905925752,0.03837790243327613,True,640,640
dmn_within,79,"('Dp1Yey', 'VEH')","('Dp1Yey', 'LCTB92')",50.0,0.10779641568660736,0.08877186365425586,0.11863450482487677,True,640,640
dmn_within,79,"('Dp1Yey', 'VEH')","('Dp1Yey', 'LCTB92')",95.0,0.09907128512859342,0.09446815807372334,0.10352772001177071,True,640,640
dmn_within,79,"('Dp1Yey', 'VEH')","('Dp1Yey', 'LCTB92')",99.0,0.09475106954574586,0.08991387434303758,0.09834449912607676,True,640,640
dmn_within,79,"('Dp1Yey', 'VEH')","('Dp1Yey', 'LCTB92')",1.0,0.16482559800148008,0.16011367510259153,0.1714959740638733,True,1040,1040
dmn_within,79,"('Dp1Yey', 'VEH')","('Dp1Yey', 'LCTB92')",5.0,0.1763307839632034,0.17100485906004909,0.17944342382252218,True,1040,1040
dmn_within,79,"('Dp1Yey', 'VEH')","('Dp1Yey', 'LCTB92')",50.0,0.15493053197860718,0.1488803043961525,0.16339109241962432,True,1040,1040
dmn_within,79,"('Dp1Yey', 'VEH')","('Dp1Yey', 'LCTB92')",95.0,0.11158556491136562,0.10376625359058378,0.11684876699000601,True,1040,1040
dmn_within,79,"('Dp1Yey', 'VEH')","('Dp1Yey', 'LCTB92')",99.0,0.10578785955905945,0.09646300524473261,0.11173219919204713,True,1040,1040
dmn_within,7,"('Dp1Yey', 'VEH')","('Dp1Yey', 'LCTB92')",1.0,-0.005398994088172904,-0.03548028937727214,0.01958660335838799,False,1504,1504
dmn_within,7,"('Dp1Yey', 'VEH')","('Dp1Yey', 'LCTB92')",5.0,0.03539430722594261,0.012432747762650295,0.047117800228297695,True,1504,1504
dmn_within,7,"('Dp1Yey', 'VEH')","('Dp1Yey', 'LCTB92')",50.0,0.029414283111691475,0.02140611531212926,0.03556470116600394,True,1504,1504
dmn_within,7,"('Dp1Yey', 'VEH')","('Dp1Yey', 'LCTB92')",95.0,0.027687174687161864,0.021099310365971048,0.03452869704226022,True,1504,1504
dmn_within,7,"('Dp1Yey', 'VEH')","('Dp1Yey', 'LCTB92')",99.0,0.027671069316566044,0.017471155379898684,0.03556186519563198,True,1504,1504
dmn_within,7,"('Dp1Yey', 'VEH')","('Dp1Yey', 'LCTB92')",1.0,0.21117923170328146,0.1809079874306917,0.2489682988002896,True,1904,1904
dmn_within,7,"('Dp1Yey', 'VEH')","('Dp1Yey', 'LCTB92')",5.0,0.21124422624707218,0.18511713247746228,0.2290421677939593,True,1904,1904
dmn_within,7,"('Dp1Yey', 'VEH')","('Dp1Yey', 'LCTB92')",50.0,0.08388936705887318,0.07464677523821592,0.09099079854786395,True,1904,1904
dmn_within,7,"('Dp1Yey', 'VEH')","('Dp1Yey', 'LCTB92')",95.0,0.026691855816170618,0.01797625267587145,0.0363459327199962,True,1904,1904
dmn_within,7,"('Dp1Yey', 'VEH')","('Dp1Yey', 'LCTB92')",99.0,0.024267007671296748,0.013227620637044385,0.04031131380703308,True,1904,1904
dmn_within,80,"('Dp1Yey', 'VEH')","('Dp1Yey', 'LCTB92')",1.0,0.04854537963867189,0.039995217397809035,0.06222614692151547,True,628,628
dmn_within,80,"('Dp1Yey', 'VEH')","('Dp1Yey', 'LCTB92')",5.0,0.024755251407623247,0.01488818995654585,0.03504202321171763,True,628,628
dmn_within,80,"('Dp1Yey', 'VEH')","('Dp1Yey', 'LCTB92')",50.0,0.10771463811397552,0.08678504303097725,0.11915880292654037,True,628,628
dmn_within,80,"('Dp1Yey', 'VEH')","('Dp1Yey', 'LCTB92')",95.0,0.10107939541339883,0.09293798267841344,0.10735829368233676,True,628,628
dmn_within,80,"('Dp1Yey', 'VEH')","('Dp1Yey', 'LCTB92')",99.0,0.09333685725927354,0.09032241927087312,0.09941379629820586,True,628,628
dmn_within,80,"('Dp1Yey', 'VEH')","('Dp1Yey', 'LCTB92')",1.0,0.16383036673069,0.16126479789614678,0.1681276040673256,True,1028,1028
dmn_within,80,"('Dp1Yey', 'VEH')","('Dp1Yey', 'LCTB92')",5.0,0.17679272294044493,0.17284961834549906,0.1801341138035059,True,1028,1028
dmn_within,80,"('Dp1Yey', 'VEH')","('Dp1Yey', 'LCTB92')",50.0,0.15487292408943176,0.15052948668599128,0.16265479922294618,True,1028,1028
dmn_within,80,"('Dp1Yey', 'VEH')","('Dp1Yey', 'LCTB92')",95.0,0.11059330105781551,0.10477571159601207,0.11950123909860849,True,1028,1028
dmn_within,80,"('Dp1Yey', 'VEH')","('Dp1Yey', 'LCTB92')",99.0,0.10631039172410961,0.10047704492509366,0.11142804060876363,True,1028,1028
dmn_within,81,"('Dp1Yey', 'VEH')","('Dp1Yey', 'LCTB92')",1.0,0.03084546625614165,0.024392712116241444,0.040551546216011036,True,616,616
dmn_within,81,"('Dp1Yey', 'VEH')","('Dp1Yey', 'LCTB92')",5.0,0.01681862771511078,0.011487556621432304,0.029047831892967224,True,616,616
dmn_within,81,"('Dp1Yey', 'VEH')","('Dp1Yey', 'LCTB92')",50.0,0.10565362870693207,0.08282695896923542,0.118001813814044,True,616,616
dmn_within,81,"('Dp1Yey', 'VEH')","('Dp1Yey', 'LCTB92')",95.0,0.1026301309466362,0.09784253779798746,0.1092523694038391,True,616,616
dmn_within,81,"('Dp1Yey', 'VEH')","('Dp1Yey', 'LCTB92')",99.0,0.09713749438524244,0.09220151077955954,0.10363242387771598,True,616,616
dmn_within,81,"('Dp1Yey', 'VEH')","('Dp1Yey', 'LCTB92')",1.0,0.16841745376586914,0.16416359052062038,0.17282142877578732,True,1016,1016
dmn_within,81,"('Dp1Yey', 'VEH')","('Dp1Yey', 'LCTB92')",5.0,0.17531533539295197,0.16989786140620708,0.17879128009080886,True,1016,1016
dmn_within,81,"('Dp1Yey', 'VEH')","('Dp1Yey', 'LCTB92')",50.0,0.1557571291923523,0.15075113251805305,0.16053891628980635,True,1016,1016
dmn_within,81,"('Dp1Yey', 'VEH')","('Dp1Yey', 'LCTB92')",95.0,0.11596190929412842,0.10890417918562889,0.12163629457354545,True,1016,1016
dmn_within,81,"('Dp1Yey', 'VEH')","('Dp1Yey', 'LCTB92')",99.0,0.10716610848903657,0.10218990113586185,0.11114764809608468,True,1016,1016
dmn_within,82,"('Dp1Yey', 'VEH')","('Dp1Yey', 'LCTB92')",1.0,0.014506409168243362,0.006375098288059261,0.019181965097785,True,604,604
dmn_within,82,"('Dp1Yey', 'VEH')","('Dp1Yey', 'LCTB92')",5.0,0.013198885321617115,0.008860404714941967,0.01811520420014857,True,604,604
dmn_within,82,"('Dp1Yey', 'VEH')","('Dp1Yey', 'LCTB92')",50.0,0.09934739768505096,0.07763321995735169,0.11572508849203586,True,604,604
dmn_within,82,"('Dp1Yey', 'VEH')","('Dp1Yey', 'LCTB92')",95.0,0.10581922233104712,0.09777012854814536,0.11374032441526646,True,604,604
dmn_within,82,"('Dp1Yey', 'VEH')","('Dp1Yey', 'LCTB92')",99.0,0.1074713855981827,0.10067318460345262,0.11438479256629953,True,604,604
dmn_within,82,"('Dp1Yey', 'VEH')","('Dp1Yey', 'LCTB92')",1.0,0.17102346658706669,0.16766826766729354,0.1729682098329067,True,1004,1004
dmn_within,82,"('Dp1Yey', 'VEH')","('Dp1Yey', 'LCTB92')",5.0,0.17656262516975404,0.1707087515294552,0.18063880525529386,True,1004,1004
dmn_within,82,"('Dp1Yey', 'VEH')","('Dp1Yey', 'LCTB92')",50.0,0.15701842308044434,0.15199194476008415,0.16126807257533074,True,1004,1004
dmn_within,82,"('Dp1Yey', 'VEH')","('Dp1Yey', 'LCTB92')",95.0,0.11688373386859902,0.10979726359248163,0.12458691291511058,True,1004,1004
dmn_within,82,"('Dp1Yey', 'VEH')","('Dp1Yey', 'LCTB92')",99.0,0.10763357251882544,0.1052684485912323,0.11202898699790237,True,1004,1004
dmn_within,83,"('Dp1Yey', 'VEH')","('Dp1Yey', 'LCTB92')",1.0,0.002848973870277438,-0.0010463940203189969,0.00784084258973595,False,592,592
dmn_within,83,"('Dp1Yey', 'VEH')","('Dp1Yey', 'LCTB92')",5.0,0.009700030088424683,0.0046950785815716226,0.01360379271209241,True,592,592
dmn_within,83,"('Dp1Yey', 'VEH')","('Dp1Yey', 'LCTB92')",50.0,0.09154975414276123,0.07343959659337998,0.10555261448025703,True,592,592
dmn_within,83,"('Dp1Yey', 'VEH')","('Dp1Yey', 'LCTB92')",95.0,0.10990604162216189,0.10407262627035381,0.11516856085509068,True,592,592
dmn_within,83,"('Dp1Yey', 'VEH')","('Dp1Yey', 'LCTB92')",99.0,0.11486942678689971,0.11004738838970661,0.12066204423457384,True,592,592
dmn_within,83,"('Dp1Yey', 'VEH')","('Dp1Yey', 'LCTB92')",1.0,0.16774345934391022,0.16180272436141968,0.17627602815628052,True,992,992
dmn_within,83,"('Dp1Yey', 'VEH')","('Dp1Yey', 'LCTB92')",5.0,0.18046786785125732,0.17328227154910564,0.1844229493290186,True,992,992
dmn_within,83,"('Dp1Yey', 'VEH')","('Dp1Yey', 'LCTB92')",50.0,0.1578350067138672,0.15285774543881417,0.1627548612654209,True,992,992
dmn_within,83,"('Dp1Yey', 'VEH')","('Dp1Yey', 'LCTB92')",95.0,0.11861157268285749,0.11233078129589567,0.12456598319113255,True,992,992
dmn_within,83,"('Dp1Yey', 'VEH')","('Dp1Yey', 'LCTB92')",99.0,0.11249957978725433,0.10820070388168102,0.12112335071712729,True,992,992
dmn_within,84,"('Dp1Yey', 'VEH')","('Dp1Yey', 'LCTB92')",1.0,-0.002375809550285324,-0.00583705413341523,0.004276393055915817,False,580,580
dmn_within,84,"('Dp1Yey', 'VEH')","('Dp1Yey', 'LCTB92')",5.0,0.003817924857139554,-0.0028442185372114072,0.009063973724842082,False,580,580
dmn_within,84,"('Dp1Yey', 'VEH')","('Dp1Yey', 'LCTB92')",50.0,0.08314326405525208,0.0734006192535162,0.09383669719099998,True,580,580
dmn_within,84,"('Dp1Yey', 'VEH')","('Dp1Yey', 'LCTB92')",95.0,0.11740050762891774,0.10878508582711234,0.12163732361048464,True,580,580
dmn_within,84,"('Dp1Yey', 'VEH')","('Dp1Yey', 'LCTB92')",99.0,0.11480420410633085,0.11230892179161314,0.11853773711621758,True,580,580
dmn_within,84,"('Dp1Yey', 'VEH')","('Dp1Yey', 'LCTB92')",1.0,0.17265864312648774,0.16601255244016647,0.1782084667086601,True,980,980
dmn_within,84,"('Dp1Yey', 'VEH')","('Dp1Yey', 'LCTB92')",5.0,0.17950143814086914,0.17405054241418838,0.18339237451553345,True,980,980
dmn_within,84,"('Dp1Yey', 'VEH')","('Dp1Yey', 'LCTB92')",50.0,0.15807923674583435,0.15320409536361695,0.16479563489556312,True,980,980
dmn_within,84,"('Dp1Yey', 'VEH')","('Dp1Yey', 'LCTB92')",95.0,0.12087371498346322,0.11622043557465073,0.1264270693063736,True,980,980
dmn_within,84,"('Dp1Yey', 'VEH')","('Dp1Yey', 'LCTB92')",99.0,0.11671111196279516,0.10991525512933732,0.12504642784595488,True,980,980
dmn_within,85,"('Dp1Yey', 'VEH')","('Dp1Yey', 'LCTB92')",1.0,-0.0012179982662200994,-0.004765772432088864,0.0021059157699346758,False,568,568
dmn_within,85,"('Dp1Yey', 'VEH')","('Dp1Yey', 'LCTB92')",5.0,-0.004356685280799855,-0.008451408147811923,3.277905285356115e-05,False,568,568
dmn_within,85,"('Dp1Yey', 'VEH')","('Dp1Yey', 'LCTB92')",50.0,0.0826478898525238,0.07284779362380504,0.09086570069193839,True,568,568
dmn_within,85,"('Dp1Yey', 'VEH')","('Dp1Yey', 'LCTB92')",95.0,0.11864148974418642,0.11381419014185669,0.1217561393976212,True,568,568
dmn_within,85,"('Dp1Yey', 'VEH')","('Dp1Yey', 'LCTB92')",99.0,0.11821238398551948,0.11503015369176861,0.1239454185962677,True,568,568
dmn_within,85,"('Dp1Yey', 'VEH')","('Dp1Yey', 'LCTB92')",1.0,0.17747009336948397,0.17437995493412017,0.18186565381288525,True,968,968
dmn_within,85,"('Dp1Yey', 'VEH')","('Dp1Yey', 'LCTB92')",5.0,0.1754782736301422,0.1711295872926712,0.18269092895090577,True,968,968
dmn_within,85,"('Dp1Yey', 'VEH')","('Dp1Yey', 'LCTB92')",50.0,0.15773701667785645,0.1523987628519535,0.1674982391297817,True,968,968
dmn_within,85,"('Dp1Yey', 'VEH')","('Dp1Yey', 'LCTB92')",95.0,0.12403758466243742,0.11627981670200821,0.12910279408097264,True,968,968
dmn_within,85,"('Dp1Yey', 'VEH')","('Dp1Yey', 'LCTB92')",99.0,0.11962132930755603,0.11331951703131199,0.12482524041831496,True,968,968
dmn_within,86,"('Dp1Yey', 'VEH')","('Dp1Yey', 'LCTB92')",1.0,-0.007096874713897694,-0.01502941623330114,0.0002924142777919531,False,556,556
dmn_within,86,"('Dp1Yey', 'VEH')","('Dp1Yey', 'LCTB92')",5.0,-0.004059970378875732,-0.010015670582652092,-0.0012343913316726737,True,556,556
dmn_within,86,"('Dp1Yey', 'VEH')","('Dp1Yey', 'LCTB92')",50.0,0.0815797746181488,0.07157460674643516,0.0929629024118185,True,556,556
dmn_within,86,"('Dp1Yey', 'VEH')","('Dp1Yey', 'LCTB92')",95.0,0.11631059646606445,0.11304242815822363,0.12027021627873183,True,556,556
dmn_within,86,"('Dp1Yey', 'VEH')","('Dp1Yey', 'LCTB92')",99.0,0.12043606489896774,0.11703351140022278,0.12271092116832728,True,556,556
dmn_within,86,"('Dp1Yey', 'VEH')","('Dp1Yey', 'LCTB92')",1.0,0.18645395040512086,0.17933617085218428,0.19070677168667316,True,956,956
dmn_within,86,"('Dp1Yey', 'VEH')","('Dp1Yey', 'LCTB92')",5.0,0.17748838663101196,0.17229428365826607,0.1859024751931429,True,956,956
dmn_within,86,"('Dp1Yey', 'VEH')","('Dp1Yey', 'LCTB92')",50.0,0.16099539399147034,0.15212951526045798,0.17180631980299949,True,956,956
dmn_within,86,"('Dp1Yey', 'VEH')","('Dp1Yey', 'LCTB92')",95.0,0.12335993349552155,0.11829074658453465,0.12893920205533504,True,956,956
dmn_within,86,"('Dp1Yey', 'VEH')","('Dp1Yey', 'LCTB92')",99.0,0.11638918668031695,0.11392926517873998,0.12141548693180082,True,956,956
dmn_within,87,"('Dp1Yey', 'VEH')","('Dp1Yey', 'LCTB92')",1.0,-0.015289389491081218,-0.024348898455500596,-0.0098052614927292,True,544,544
dmn_within,87,"('Dp1Yey', 'VEH')","('Dp1Yey', 'LCTB92')",5.0,-0.004833650588989269,-0.00966907076537608,-0.002020806595683094,True,544,544
dmn_within,87,"('Dp1Yey', 'VEH')","('Dp1Yey', 'LCTB92')",50.0,0.0798557847738266,0.06958997994661331,0.09194711223244664,True,544,544
dmn_within,87,"('Dp1Yey', 'VEH')","('Dp1Yey', 'LCTB92')",95.0,0.11923070549964909,0.11499148607254028,0.12116437360644332,True,544,544
dmn_within,87,"('Dp1Yey', 'VEH')","('Dp1Yey', 'LCTB92')",99.0,0.11884554982185369,0.11489766676723961,0.1235392371043563,True,544,544
dmn_within,87,"('Dp1Yey', 'VEH')","('Dp1Yey', 'LCTB92')",1.0,0.18884907782077787,0.18596619291603564,0.19157305060327054,True,944,944
dmn_within,87,"('Dp1Yey', 'VEH')","('Dp1Yey', 'LCTB92')",5.0,0.18424257338047026,0.17899833865463732,0.18837591037154197,True,944,944
dmn_within,87,"('Dp1Yey', 'VEH')","('Dp1Yey', 'LCTB92')",50.0,0.16139355301856995,0.15420855358242988,0.1735375568270683,True,944,944
dmn_within,87,"('Dp1Yey', 'VEH')","('Dp1Yey', 'LCTB92')",95.0,0.1194613754749298,0.1125396391376853,0.12790060449391605,True,944,944
dmn_within,87,"('Dp1Yey', 'VEH')","('Dp1Yey', 'LCTB92')",99.0,0.11741897761821751,0.11128870386630302,0.12220787053555254,True,944,944
dmn_within,88,"('Dp1Yey', 'VEH')","('Dp1Yey', 'LCTB92')",1.0,-0.013538616895675648,-0.020827114582061768,-0.009395528957247734,True,532,532
dmn_within,88,"('Dp1Yey', 'VEH')","('Dp1Yey', 'LCTB92')",5.0,-0.006030818819999673,-0.01295459270477295,-0.0026302829384803896,True,532,532
dmn_within,88,"('Dp1Yey', 'VEH')","('Dp1Yey', 'LCTB92')",50.0,0.07449382543563843,0.06281200945377349,0.0881300926208496,True,532,532
dmn_within,88,"('Dp1Yey', 'VEH')","('Dp1Yey', 'LCTB92')",95.0,0.11731110811233525,0.11497268188744783,0.12006231747567658,True,532,532
dmn_within,88,"('Dp1Yey', 'VEH')","('Dp1Yey', 'LCTB92')",99.0,0.11758087396621708,0.1137318701222539,0.11991911503672596,True,532,532
dmn_within,88,"('Dp1Yey', 'VEH')","('Dp1Yey', 'LCTB92')",1.0,0.1892611485719681,0.1871599063575268,0.19119995944201945,True,932,932
dmn_within,88,"('Dp1Yey', 'VEH')","('Dp1Yey', 'LCTB92')",5.0,0.18554590046405792,0.18021116964519024,0.1919786849617958,True,932,932
dmn_within,88,"('Dp1Yey', 'VEH')","('Dp1Yey', 'LCTB92')",50.0,0.16304895281791687,0.1557163879275322,0.18061007782816887,True,932,932
dmn_within,88,"('Dp1Yey', 'VEH')","('Dp1Yey', 'LCTB92')",95.0,0.1134807020425797,0.10960577961057419,0.12543264459818584,True,932,932
dmn_within,88,"('Dp1Yey', 'VEH')","('Dp1Yey', 'LCTB92')",99.0,0.11511091947555552,0.11062579046189794,0.12339759466052087,True,932,932
dmn_within,89,"('Dp1Yey', 'VEH')","('Dp1Yey', 'LCTB92')",1.0,-0.009652631282806412,-0.017493138313293466,-0.007574500471353522,True,520,520
dmn_within,89,"('Dp1Yey', 'VEH')","('Dp1Yey', 'LCTB92')",5.0,-0.005446076393127441,-0.013679007440805423,-0.0017354793846607332,True,520,520
dmn_within,89,"('Dp1Yey', 'VEH')","('Dp1Yey', 'LCTB92')",50.0,0.0704449862241745,0.05898177847266197,0.08143657594919203,True,520,520
dmn_within,89,"('Dp1Yey', 'VEH')","('Dp1Yey', 'LCTB92')",95.0,0.11264594346284873,0.10853069406002758,0.11583905335515726,True,520,520
dmn_within,89,"('Dp1Yey', 'VEH')","('Dp1Yey', 'LCTB92')",99.0,0.11312838405370718,0.10936302029341455,0.11895599254965787,True,520,520
dmn_within,89,"('Dp1Yey', 'VEH')","('Dp1Yey', 'LCTB92')",1.0,0.184624457359314,0.18281096847355363,0.187919828414917,True,920,920
dmn_within,89,"('Dp1Yey', 'VEH')","('Dp1Yey', 'LCTB92')",5.0,0.18891073167324063,0.18221483372151853,0.1939236121624708,True,920,920
dmn_within,89,"('Dp1Yey', 'VEH')","('Dp1Yey', 'LCTB92')",50.0,0.16604596376419067,0.15873675495386125,0.18678813725709914,True,920,920
dmn_within,89,"('Dp1Yey', 'VEH')","('Dp1Yey', 'LCTB92')",95.0,0.11724480688571937,0.11116273574531071,0.12871198080480095,True,920,920
dmn_within,89,"('Dp1Yey', 'VEH')","('Dp1Yey', 'LCTB92')",99.0,0.11683584779500972,0.11120358882844442,0.12550593515485525,True,920,920
dmn_within,8,"('Dp1Yey', 'VEH')","('Dp1Yey', 'LCTB92')",1.0,0.04240278959274291,0.020673052959144067,0.06486748933792119,True,1492,1492
dmn_within,8,"('Dp1Yey', 'VEH')","('Dp1Yey', 'LCTB92')",5.0,0.05970466658473006,0.0429827480018138,0.070425974112004,True,1492,1492
dmn_within,8,"('Dp1Yey', 'VEH')","('Dp1Yey', 'LCTB92')",50.0,0.04080956242978573,0.03306804895401001,0.04745059488341212,True,1492,1492
dmn_within,8,"('Dp1Yey', 'VEH')","('Dp1Yey', 'LCTB92')",95.0,0.026765807624906213,0.020517134650726847,0.03537729406671128,True,1492,1492
dmn_within,8,"('Dp1Yey', 'VEH')","('Dp1Yey', 'LCTB92')",99.0,0.0318564762175082,0.02201009208057052,0.03806173484772457,True,1492,1492
dmn_within,8,"('Dp1Yey', 'VEH')","('Dp1Yey', 'LCTB92')",1.0,0.18137786179780957,0.16299749204516412,0.22893940889835357,True,1892,1892
dmn_within,8,"('Dp1Yey', 'VEH')","('Dp1Yey', 'LCTB92')",5.0,0.2177804104983807,0.19729224096983677,0.24280697425827374,True,1892,1892
dmn_within,8,"('Dp1Yey', 'VEH')","('Dp1Yey', 'LCTB92')",50.0,0.09356220439076424,0.08505817260593176,0.10326858423650265,True,1892,1892
dmn_within,8,"('Dp1Yey', 'VEH')","('Dp1Yey', 'LCTB92')",95.0,0.03543222164735216,0.0260123919259062,0.041304792051669086,True,1892,1892
dmn_within,8,"('Dp1Yey', 'VEH')","('Dp1Yey', 'LCTB92')",99.0,0.015531798936426755,0.0029870738293974633,0.05051452821865676,True,1892,1892
dmn_within,90,"('Dp1Yey', 'VEH')","('Dp1Yey', 'LCTB92')",1.0,-0.010492826700210567,-0.015187808826565745,-0.006067278385162356,True,508,508
dmn_within,90,"('Dp1Yey', 'VEH')","('Dp1Yey', 'LCTB92')",5.0,-0.006797370314598095,-0.013520896956324555,-0.0006091833114624245,True,508,508
dmn_within,90,"('Dp1Yey', 'VEH')","('Dp1Yey', 'LCTB92')",50.0,0.07239578664302826,0.06092574968934059,0.081289941444993,True,508,508
dmn_within,90,"('Dp1Yey', 'VEH')","('Dp1Yey', 'LCTB92')",95.0,0.104392197728157,0.0979000211507082,0.1107317977398635,True,508,508
dmn_within,90,"('Dp1Yey', 'VEH')","('Dp1Yey', 'LCTB92')",99.0,0.10439245074987402,0.09805194616317747,0.11127928070724007,True,508,508
dmn_within,90,"('Dp1Yey', 'VEH')","('Dp1Yey', 'LCTB92')",1.0,0.17654454588890076,0.17213101525604727,0.1830362214297056,True,908,908
dmn_within,90,"('Dp1Yey', 'VEH')","('Dp1Yey', 'LCTB92')",5.0,0.19176166355609892,0.18697075091302398,0.1959145752340555,True,908,908
dmn_within,90,"('Dp1Yey', 'VEH')","('Dp1Yey', 'LCTB92')",50.0,0.1701756715774536,0.16049006655812265,0.19593306109309197,True,908,908
dmn_within,90,"('Dp1Yey', 'VEH')","('Dp1Yey', 'LCTB92')",95.0,0.12002886086702347,0.11277836803346872,0.13103259183466437,True,908,908
dmn_within,90,"('Dp1Yey', 'VEH')","('Dp1Yey', 'LCTB92')",99.0,0.11992452919483182,0.11404476304352286,0.12491738863289356,True,908,908
dmn_within,91,"('Dp1Yey', 'VEH')","('Dp1Yey', 'LCTB92')",1.0,-0.007253798842430159,-0.01173132263123987,-0.00402599573135376,True,496,496
dmn_within,91,"('Dp1Yey', 'VEH')","('Dp1Yey', 'LCTB92')",5.0,-0.006824925541877747,-0.012342945858836173,0.0006477043032646177,False,496,496
dmn_within,91,"('Dp1Yey', 'VEH')","('Dp1Yey', 'LCTB92')",50.0,0.07002796232700348,0.05856361612677574,0.08064337298274041,True,496,496
dmn_within,91,"('Dp1Yey', 'VEH')","('Dp1Yey', 'LCTB92')",95.0,0.09204386919736862,0.08622724059969186,0.10016882605850695,True,496,496
dmn_within,91,"('Dp1Yey', 'VEH')","('Dp1Yey', 'LCTB92')",99.0,0.09277743995189658,0.086253197491169,0.09754533439874645,True,496,496
dmn_within,91,"('Dp1Yey', 'VEH')","('Dp1Yey', 'LCTB92')",1.0,0.1750147670507431,0.16211585432291034,0.18340392291545865,True,896,896
dmn_within,91,"('Dp1Yey', 'VEH')","('Dp1Yey', 'LCTB92')",5.0,0.19136565923690796,0.18633311800658703,0.19491994380950928,True,896,896
dmn_within,91,"('Dp1Yey', 'VEH')","('Dp1Yey', 'LCTB92')",50.0,0.17645570635795593,0.16184730604290962,0.19301409870386124,True,896,896
dmn_within,91,"('Dp1Yey', 'VEH')","('Dp1Yey', 'LCTB92')",95.0,0.12241771072149277,0.11128283999860286,0.13758182004094105,True,896,896
dmn_within,91,"('Dp1Yey', 'VEH')","('Dp1Yey', 'LCTB92')",99.0,0.12287908196449276,0.11769673090428108,0.12547426290810113,True,896,896
dmn_within,92,"('Dp1Yey', 'VEH')","('Dp1Yey', 'LCTB92')",1.0,-0.00481170952320098,-0.00923926328122614,-0.000474408298730835,True,484,484
dmn_within,92,"('Dp1Yey', 'VEH')","('Dp1Yey', 'LCTB92')",5.0,-0.0038912057876587247,-0.0086374459415674,0.0012795696407556614,False,484,484
dmn_within,92,"('Dp1Yey', 'VEH')","('Dp1Yey', 'LCTB92')",50.0,0.06288988888263702,0.05487849973142147,0.07393331974744796,True,484,484
dmn_within,92,"('Dp1Yey', 'VEH')","('Dp1Yey', 'LCTB92')",95.0,0.0874894887208938,0.08104615278542039,0.09599611587822439,True,484,484
dmn_within,92,"('Dp1Yey', 'VEH')","('Dp1Yey', 'LCTB92')",99.0,0.08468371570110322,0.08238964392989873,0.08750999738276,True,484,484
dmn_within,92,"('Dp1Yey', 'VEH')","('Dp1Yey', 'LCTB92')",1.0,0.1726306027173996,0.16408664107322693,0.1826058373302221,True,884,884
dmn_within,92,"('Dp1Yey', 'VEH')","('Dp1Yey', 'LCTB92')",5.0,0.18857446014881132,0.18618552550673484,0.19163355156779288,True,884,884
dmn_within,92,"('Dp1Yey', 'VEH')","('Dp1Yey', 'LCTB92')",50.0,0.1800248622894287,0.1632916085422039,0.19375672787427903,True,884,884
dmn_within,92,"('Dp1Yey', 'VEH')","('Dp1Yey', 'LCTB92')",95.0,0.13096274882555015,0.11710686832666398,0.15143580373376625,True,884,884
dmn_within,92,"('Dp1Yey', 'VEH')","('Dp1Yey', 'LCTB92')",99.0,0.12415685951709754,0.12062417501956219,0.12889801058173173,True,884,884
dmn_within,93,"('Dp1Yey', 'VEH')","('Dp1Yey', 'LCTB92')",1.0,-0.0010368788242339777,-0.004976054921746254,0.0048063522577285744,False,472,472
dmn_within,93,"('Dp1Yey', 'VEH')","('Dp1Yey', 'LCTB92')",5.0,-0.0008939325809478316,-0.006254189983010314,0.004331708401441581,False,472,472
dmn_within,93,"('Dp1Yey', 'VEH')","('Dp1Yey', 'LCTB92')",50.0,0.05837632715702057,0.052498430013656616,0.06673733219504356,True,472,472
dmn_within,93,"('Dp1Yey', 'VEH')","('Dp1Yey', 'LCTB92')",95.0,0.08697360157966605,0.07755173437297347,0.09837058655917648,True,472,472
dmn_within,93,"('Dp1Yey', 'VEH')","('Dp1Yey', 'LCTB92')",99.0,0.08533831626176835,0.0810188919305802,0.08987250151485204,True,472,472
dmn_within,93,"('Dp1Yey', 'VEH')","('Dp1Yey', 'LCTB92')",1.0,0.17453003466129302,0.17218044102191926,0.18095601712167264,True,872,872
dmn_within,93,"('Dp1Yey', 'VEH')","('Dp1Yey', 'LCTB92')",5.0,0.18674715161323546,0.18368774510920047,0.19005268909037112,True,872,872
dmn_within,93,"('Dp1Yey', 'VEH')","('Dp1Yey', 'LCTB92')",50.0,0.17902782559394836,0.16536928564310074,0.19464062973856927,True,872,872
dmn_within,93,"('Dp1Yey', 'VEH')","('Dp1Yey', 'LCTB92')",95.0,0.13751529306173327,0.12870874382555486,0.16008256267756232,True,872,872
dmn_within,93,"('Dp1Yey', 'VEH')","('Dp1Yey', 'LCTB92')",99.0,0.1307120153307914,0.1261789748221636,0.1340952825546265,True,872,872
dmn_within,94,"('Dp1Yey', 'VEH')","('Dp1Yey', 'LCTB92')",1.0,0.0033781772851943503,-0.00041873157024380214,0.005940427720546715,False,460,460
dmn_within,94,"('Dp1Yey', 'VEH')","('Dp1Yey', 'LCTB92')",5.0,0.004527366161346413,-0.0038591751456260575,0.010355011224746693,False,460,460
dmn_within,94,"('Dp1Yey', 'VEH')","('Dp1Yey', 'LCTB92')",50.0,0.056423529982566833,0.050547216832637784,0.06310084462165833,True,460,460
dmn_within,94,"('Dp1Yey', 'VEH')","('Dp1Yey', 'LCTB92')",95.0,0.09281342774629586,0.08488977525383225,0.0975882820039988,True,460,460
dmn_within,94,"('Dp1Yey', 'VEH')","('Dp1Yey', 'LCTB92')",99.0,0.0934776389598847,0.08384672552347194,0.09819618286192414,True,460,460
dmn_within,94,"('Dp1Yey', 'VEH')","('Dp1Yey', 'LCTB92')",1.0,0.17519037246704103,0.17232854452729227,0.17820388118922711,True,860,860
dmn_within,94,"('Dp1Yey', 'VEH')","('Dp1Yey', 'LCTB92')",5.0,0.18656567335128782,0.18421715319156648,0.18889618262648583,True,860,860
dmn_within,94,"('Dp1Yey', 'VEH')","('Dp1Yey', 'LCTB92')",50.0,0.18060430884361267,0.17212774530053138,0.1933539055287838,True,860,860
dmn_within,94,"('Dp1Yey', 'VEH')","('Dp1Yey', 'LCTB92')",95.0,0.141208729147911,0.1358592430502176,0.16491744376718995,True,860,860
dmn_within,94,"('Dp1Yey', 'VEH')","('Dp1Yey', 'LCTB92')",99.0,0.12960527479648581,0.12326740343868733,0.1388600598722696,True,860,860
dmn_within,95,"('Dp1Yey', 'VEH')","('Dp1Yey', 'LCTB92')",1.0,0.005445324778556804,1.604869961711941e-06,0.009908335655927645,True,448,448
dmn_within,95,"('Dp1Yey', 'VEH')","('Dp1Yey', 'LCTB92')",5.0,0.006363835930824291,-0.0026852490007877455,0.011424497961997964,False,448,448
dmn_within,95,"('Dp1Yey', 'VEH')","('Dp1Yey', 'LCTB92')",50.0,0.052331551909446716,0.04649255275726318,0.060854745656251895,True,448,448
dmn_within,95,"('Dp1Yey', 'VEH')","('Dp1Yey', 'LCTB92')",95.0,0.09294745177030561,0.08753142494708302,0.0984677059203386,True,448,448
dmn_within,95,"('Dp1Yey', 'VEH')","('Dp1Yey', 'LCTB92')",99.0,0.09414571434259411,0.08957159987092016,0.09847212575376033,True,448,448
dmn_within,95,"('Dp1Yey', 'VEH')","('Dp1Yey', 'LCTB92')",1.0,0.1737656635046005,0.16863075840473174,0.17731553316116333,True,848,848
dmn_within,95,"('Dp1Yey', 'VEH')","('Dp1Yey', 'LCTB92')",5.0,0.18452323377132415,0.17909054458141327,0.18752412155270576,True,848,848
dmn_within,95,"('Dp1Yey', 'VEH')","('Dp1Yey', 'LCTB92')",50.0,0.18000787496566772,0.1730835221707821,0.18862128406763076,True,848,848
dmn_within,95,"('Dp1Yey', 'VEH')","('Dp1Yey', 'LCTB92')",95.0,0.15465911775827418,0.14239891193807128,0.16665431302040817,True,848,848
dmn_within,95,"('Dp1Yey', 'VEH')","('Dp1Yey', 'LCTB92')",99.0,0.13659000188112264,0.12573203741759073,0.14611981749534608,True,848,848
dmn_within,96,"('Dp1Yey', 'VEH')","('Dp1Yey', 'LCTB92')",1.0,0.0054081499576568715,0.0017537118494510868,0.009640508890152,True,436,436
dmn_within,96,"('Dp1Yey', 'VEH')","('Dp1Yey', 'LCTB92')",5.0,0.0034416019916534424,-0.0027530789375305176,0.014601279795169819,False,436,436
dmn_within,96,"('Dp1Yey', 'VEH')","('Dp1Yey', 'LCTB92')",50.0,0.04973125457763672,0.04485529363155365,0.05701559223234653,True,436,436
dmn_within,96,"('Dp1Yey', 'VEH')","('Dp1Yey', 'LCTB92')",95.0,0.09543652087450027,0.07833590544760227,0.10015030205249786,True,436,436
dmn_within,96,"('Dp1Yey', 'VEH')","('Dp1Yey', 'LCTB92')",99.0,0.09397966265678404,0.08808872565627097,0.09940220609307282,True,436,436
dmn_within,96,"('Dp1Yey', 'VEH')","('Dp1Yey', 'LCTB92')",1.0,0.16888459026813504,0.16313656277954577,0.17718710608780386,True,836,836
dmn_within,96,"('Dp1Yey', 'VEH')","('Dp1Yey', 'LCTB92')",5.0,0.1797657459974289,0.1751411721110344,0.1840001031756401,True,836,836
dmn_within,96,"('Dp1Yey', 'VEH')","('Dp1Yey', 'LCTB92')",50.0,0.17741692066192627,0.17047725319862367,0.18396361768245698,True,836,836
dmn_within,96,"('Dp1Yey', 'VEH')","('Dp1Yey', 'LCTB92')",95.0,0.16115620732307434,0.15297347605228423,0.16779486294835805,True,836,836
dmn_within,96,"('Dp1Yey', 'VEH')","('Dp1Yey', 'LCTB92')",99.0,0.1412541806697845,0.13717536855489015,0.14701312631368635,True,836,836
dmn_within,97,"('Dp1Yey', 'VEH')","('Dp1Yey', 'LCTB92')",1.0,0.003070642948150626,-0.0028524272292852313,0.010010974481701844,False,424,424
dmn_within,97,"('Dp1Yey', 'VEH')","('Dp1Yey', 'LCTB92')",5.0,0.007995522022247292,0.0034915193170309182,0.03699116975069045,True,424,424
dmn_within,97,"('Dp1Yey', 'VEH')","('Dp1Yey', 'LCTB92')",50.0,0.04962627589702606,0.04577712006866932,0.05543198995292187,True,424,424
dmn_within,97,"('Dp1Yey', 'VEH')","('Dp1Yey', 'LCTB92')",95.0,0.09368743598461149,0.07337716970592728,0.10299281075596807,True,424,424
dmn_within,97,"('Dp1Yey', 'VEH')","('Dp1Yey', 'LCTB92')",99.0,0.09648477524518972,0.0919663225337863,0.09958738505840303,True,424,424
dmn_within,97,"('Dp1Yey', 'VEH')","('Dp1Yey', 'LCTB92')",1.0,0.16265192508697507,0.1578942364603281,0.17168561969697474,True,824,824
dmn_within,97,"('Dp1Yey', 'VEH')","('Dp1Yey', 'LCTB92')",5.0,0.17671644389629365,0.1725806240737438,0.18034086488187315,True,824,824
dmn_within,97,"('Dp1Yey', 'VEH')","('Dp1Yey', 'LCTB92')",50.0,0.1756676733493805,0.16674685403704642,0.18218805342912672,True,824,824
dmn_within,97,"('Dp1Yey', 'VEH')","('Dp1Yey', 'LCTB92')",95.0,0.1610838368535042,0.1531845872104168,0.17204944226890792,True,824,824
dmn_within,97,"('Dp1Yey', 'VEH')","('Dp1Yey', 'LCTB92')",99.0,0.15165447980165486,0.14640438973903658,0.1578654148727656,True,824,824
dmn_within,98,"('Dp1Yey', 'VEH')","('Dp1Yey', 'LCTB92')",1.0,0.010041128993034332,0.0023484912961721422,0.018366327419877045,True,412,412
dmn_within,98,"('Dp1Yey', 'VEH')","('Dp1Yey', 'LCTB92')",5.0,0.02924797832965853,0.01195217899978162,0.046036729291081414,True,412,412
dmn_within,98,"('Dp1Yey', 'VEH')","('Dp1Yey', 'LCTB92')",50.0,0.050693631172180176,0.046872228011488916,0.054014063253998754,True,412,412
dmn_within,98,"('Dp1Yey', 'VEH')","('Dp1Yey', 'LCTB92')",95.0,0.09717700332403179,0.06939530067145823,0.10268150515854363,True,412,412
dmn_within,98,"('Dp1Yey', 'VEH')","('Dp1Yey', 'LCTB92')",99.0,0.09580429524183276,0.09278777012974024,0.10041696161031732,True,412,412
dmn_within,98,"('Dp1Yey', 'VEH')","('Dp1Yey', 'LCTB92')",1.0,0.158103609085083,0.1538125067949295,0.1640747550278902,True,812,812
dmn_within,98,"('Dp1Yey', 'VEH')","('Dp1Yey', 'LCTB92')",5.0,0.17104342281818388,0.16796700268983844,0.1783156295865774,True,812,812
dmn_within,98,"('Dp1Yey', 'VEH')","('Dp1Yey', 'LCTB92')",50.0,0.17297911643981934,0.16129117459058762,0.17959472462534903,True,812,812
dmn_within,98,"('Dp1Yey', 'VEH')","('Dp1Yey', 'LCTB92')",95.0,0.16450216472148904,0.1528653771430254,0.17487893700599672,True,812,812
dmn_within,98,"('Dp1Yey', 'VEH')","('Dp1Yey', 'LCTB92')",99.0,0.16438285082578663,0.15664782962948087,0.16896708928793672,True,812,812
dmn_within,99,"('Dp1Yey', 'VEH')","('Dp1Yey', 'LCTB92')",1.0,0.025044565796852103,0.017735682025551786,0.039902755975723285,True,400,400
dmn_within,99,"('Dp1Yey', 'VEH')","('Dp1Yey', 'LCTB92')",5.0,0.044964924454689026,0.04012209445238114,0.05494119927287099,True,400,400
dmn_within,99,"('Dp1Yey', 'VEH')","('Dp1Yey', 'LCTB92')",50.0,0.05293121933937073,0.047429128736257556,0.057096851617097856,True,400,400
dmn_within,99,"('Dp1Yey', 'VEH')","('Dp1Yey', 'LCTB92')",95.0,0.08857677131891228,0.06474966291338205,0.10404087401926519,True,400,400
dmn_within,99,"('Dp1Yey', 'VEH')","('Dp1Yey', 'LCTB92')",99.0,0.09213406860828399,0.08841359745711089,0.09974160480499267,True,400,400
dmn_within,99,"('Dp1Yey', 'VEH')","('Dp1Yey', 'LCTB92')",1.0,0.1554586911201477,0.15376053571701054,0.15948631896078586,True,800,800
dmn_within,99,"('Dp1Yey', 'VEH')","('Dp1Yey', 'LCTB92')",5.0,0.1681580096483231,0.16289917685091496,0.1742682586610317,True,800,800
dmn_within,99,"('Dp1Yey', 'VEH')","('Dp1Yey', 'LCTB92')",50.0,0.17045381665229797,0.1533517450094223,0.17812499478459357,True,800,800
dmn_within,99,"('Dp1Yey', 'VEH')","('Dp1Yey', 'LCTB92')",95.0,0.16865156292915362,0.15541446093469857,0.17617951437830928,True,800,800
dmn_within,99,"('Dp1Yey', 'VEH')","('Dp1Yey', 'LCTB92')",99.0,0.17375409781932832,0.1618707463219762,0.1775317013412714,True,800,800
dmn_within,9,"('Dp1Yey', 'VEH')","('Dp1Yey', 'LCTB92')",1.0,0.05326318293809895,0.028569078750908333,0.07691022169589998,True,1480,1480
dmn_within,9,"('Dp1Yey', 'VEH')","('Dp1Yey', 'LCTB92')",5.0,0.06124862730503078,0.04561042308807373,0.07682354632765057,True,1480,1480
dmn_within,9,"('Dp1Yey', 'VEH')","('Dp1Yey', 'LCTB92')",50.0,0.054918624460697174,0.04808152262121439,0.061613537790253754,True,1480,1480
dmn_within,9,"('Dp1Yey', 'VEH')","('Dp1Yey', 'LCTB92')",95.0,0.024842602491844334,0.017800750525493726,0.032897546465974176,True,1480,1480
dmn_within,9,"('Dp1Yey', 'VEH')","('Dp1Yey', 'LCTB92')",99.0,0.03406023262068647,0.017520118406508155,0.04182575156074016,True,1480,1480
dmn_within,9,"('Dp1Yey', 'VEH')","('Dp1Yey', 'LCTB92')",1.0,0.15717417418956753,0.14120182006806137,0.1807162583619356,True,1880,1880
dmn_within,9,"('Dp1Yey', 'VEH')","('Dp1Yey', 'LCTB92')",5.0,0.2392068490386009,0.2127783913165331,0.2575292237102985,True,1880,1880
dmn_within,9,"('Dp1Yey', 'VEH')","('Dp1Yey', 'LCTB92')",50.0,0.09448650479316711,0.08644184982404113,0.10209642834961413,True,1880,1880
dmn_within,9,"('Dp1Yey', 'VEH')","('Dp1Yey', 'LCTB92')",95.0,0.0376832834444939,0.030122306296834593,0.04619146793847904,True,1880,1880
dmn_within,9,"('Dp1Yey', 'VEH')","('Dp1Yey', 'LCTB92')",99.0,0.028419350814074207,0.01491965777287263,0.04409643844561653,True,1880,1880
dmn_within,short,"('Dp1Yey', 'VEH')","('Dp1Yey', 'LCTB92')",1.0,0.20177382230758667,0.19920843176543715,0.20436160355806351,True,158016,158016
dmn_within,short,"('Dp1Yey', 'VEH')","('Dp1Yey', 'LCTB92')",5.0,0.21294015645980835,0.21006500981748105,0.21524572744965553,True,158016,158016
dmn_within,short,"('Dp1Yey', 'VEH')","('Dp1Yey', 'LCTB92')",50.0,0.14840225875377655,0.14715264290571212,0.14985930733382702,True,158016,158016
dmn_within,short,"('Dp1Yey', 'VEH')","('Dp1Yey', 'LCTB92')",95.0,0.05899070203304291,0.05743312572594732,0.06067468598484993,True,158016,158016
dmn_within,short,"('Dp1Yey', 'VEH')","('Dp1Yey', 'LCTB92')",99.0,0.032806738279759884,0.030943389646708966,0.035048739827470546,True,158016,158016
dmn_within,long,"('Dp1Yey', 'VEH')","('Dp1Yey', 'LCTB92')",1.0,0.18240613102912903,0.1814579964876175,0.18342723914980885,True,102720,102720
dmn_within,long,"('Dp1Yey', 'VEH')","('Dp1Yey', 'LCTB92')",5.0,0.1837442755699158,0.18293638043105603,0.18444289050996304,True,102720,102720
dmn_within,long,"('Dp1Yey', 'VEH')","('Dp1Yey', 'LCTB92')",50.0,0.1698620617389679,0.1690024383366108,0.17065190561115742,True,102720,102720
dmn_within,long,"('Dp1Yey', 'VEH')","('Dp1Yey', 'LCTB92')",95.0,0.119164502620697,0.11814962666481721,0.1203773443028331,True,102720,102720
dmn_within,long,"('Dp1Yey', 'VEH')","('Dp1Yey', 'LCTB92')",99.0,0.09458482593297957,0.09155976194143302,0.09689126387238503,True,102720,102720
