region,window,group,q,point,lo,hi,n
dmn_within,100,"('Dp1Yey', 'LCTB92')",1.0,0.42660404205322267,0.4235115051269531,0.43190259474515913,388
dmn_within,100,"('Dp1Yey', 'LCTB92')",5.0,0.4424657613039017,0.43448686599731445,0.44558091163635255,388
dmn_within,100,"('Dp1Yey', 'LCTB92')",50.0,0.48917055130004883,0.48660725355148315,0.4910290241241455,388
dmn_within,100,"('Dp1Yey', 'LCTB92')",95.0,0.520496666431427,0.5105743110179901,0.5245268046855927,388
dmn_within,100,"('Dp1Yey', 'LCTB92')",99.0,0.5267779007554054,0.5253955049067736,0.5281472206115723,388
dmn_within,100,"('Dp1Yey', 'VEH')",1.0,0.48398011684417724,0.45995640754699707,0.4927924871444702,388
dmn_within,100,"('Dp1Yey', 'VEH')",5.0,0.500154247879982,0.4971693158149719,0.5034691158682107,388
dmn_within,100,"('Dp1Yey', 'VEH')",50.0,0.5436653792858124,0.5371518272906541,0.5463253706693649,388
dmn_within,100,"('Dp1Yey', 'VEH')",95.0,0.5899822697043419,0.5732588514685629,0.6127568989992142,388
dmn_within,100,"('Dp1Yey', 'VEH')",99.0,0.6216438141465187,0.6155452895164489,0.6282814741134644,388
dmn_within,100,"('Dp1Yey', 'LCTB92')",1.0,0.19931215167045593,0.19780696988105773,0.20055976152420044,788
dmn_within,100,"('Dp1Yey', 'LCTB92')",5.0,0.20391681492328645,0.20259355008602142,0.20518147945404053,788
dmn_within,100,"('Dp1Yey', 'LCTB92')",50.0,0.27255579829216003,0.2655932165682316,0.29245263114571574,788
dmn_within,100,"('Dp1Yey', 'LCTB92')",95.0,0.36000413596630093,0.35194245278835296,0.3715989589691162,788
dmn_within,100,"('Dp1Yey', 'LCTB92')",99.0,0.3788896286487579,0.3784145712852478,0.38107202887535097,788
dmn_within,100,"('Dp1Yey', 'VEH')",1.0,0.35472863137722016,0.35311113953590395,0.3562558889389038,788
dmn_within,100,"('Dp1Yey', 'VEH')",5.0,0.3676018834114075,0.35952030718326566,0.38006707429885866,788
dmn_within,100,"('Dp1Yey', 'VEH')",50.0,0.4383782148361206,0.43488265872001647,0.4414944350719452,788
dmn_within,100,"('Dp1Yey', 'VEH')",95.0,0.5291665345430374,0.5212282001972198,0.5337180659174918,788
dmn_within,100,"('Dp1Yey', 'VEH')",99.0,0.5476621541380883,0.545928418636322,0.5510888355970383,788
dmn_within,10,"('Dp1Yey', 'LCTB92')",1.0,0.677059362232685,0.6510642468929291,0.6853406131267548,1468
dmn_within,10,"('Dp1Yey', 'LCTB92')",5.0,0.7343596428632736,0.7232615053653717,0.7421784996986389,1468
dmn_within,10,"('Dp1Yey', 'LCTB92')",50.0,0.863354817032814,0.8585244491696358,0.8669972192496062,1468
dmn_within,10,"('Dp1Yey', 'LCTB92')",95.0,0.9904844844248145,0.9856284485198556,0.9962930543115361,1468
dmn_within,10,"('Dp1Yey', 'LCTB92')",99.0,1.0232320316322148,1.0147973466664553,1.0288727724738418,1468
dmn_within,10,"('Dp1Yey', 'VEH')",1.0,0.7228276813030243,0.7070545044541359,0.739376160800457,1468
dmn_within,10,"('Dp1Yey', 'VEH')",5.0,0.7964485585689545,0.782783464230597,0.8042874485254288,1468
dmn_within,10,"('Dp1Yey', 'VEH')",50.0,0.9331754893064499,0.9296370222233236,0.9369628053158522,1468
dmn_within,10,"('Dp1Yey', 'VEH')",95.0,1.0102322429884225,1.0078654224053025,1.0151822986081243,1468
dmn_within,10,"('Dp1Yey', 'VEH')",99.0,1.0343227266892792,1.0282362572476267,1.045763239637017,1468
dmn_within,10,"('Dp1Yey', 'LCTB92')",1.0,0.39777544379234314,0.3921771627664566,0.40576799631118776,1868
dmn_within,10,"('Dp1Yey', 'LCTB92')",5.0,0.4699211061000824,0.4456620216369629,0.49833074033260344,1868
dmn_within,10,"('Dp1Yey', 'LCTB92')",50.0,0.7931420803070068,0.785133495926857,0.8021644210442901,1868
dmn_within,10,"('Dp1Yey', 'LCTB92')",95.0,0.9617921127006411,0.9571355182677507,0.967937672138214,1868
dmn_within,10,"('Dp1Yey', 'LCTB92')",99.0,1.0021297756838612,0.9961490020784549,1.0110805509146301,1868
dmn_within,10,"('Dp1Yey', 'VEH')",1.0,0.5752816742658615,0.5598951876163483,0.5878467619419098,1868
dmn_within,10,"('Dp1Yey', 'VEH')",5.0,0.7179196193814278,0.7005397608876229,0.7339743539690972,1868
dmn_within,10,"('Dp1Yey', 'VEH')",50.0,0.8900389783084393,0.8856105282902718,0.8947288727387785,1868
dmn_within,10,"('Dp1Yey', 'VEH')",95.0,1.007439566683024,1.0026740971795516,1.0120512287598102,1868
dmn_within,10,"('Dp1Yey', 'VEH')",99.0,1.039442347511649,1.029891850426793,1.0450267019495367,1868
dmn_within,11,"('Dp1Yey', 'LCTB92')",1.0,0.6232474997639657,0.6178074434399605,0.6735721826553345,1456
dmn_within,11,"('Dp1Yey', 'LCTB92')",5.0,0.7170694917440414,0.7092228010296822,0.728278903849423,1456
dmn_within,11,"('Dp1Yey', 'LCTB92')",50.0,0.8427803441882133,0.837540789693594,0.8483511656522751,1456
dmn_within,11,"('Dp1Yey', 'LCTB92')",95.0,0.9897652498912066,0.9857837136369199,0.9943938204087317,1456
dmn_within,11,"('Dp1Yey', 'LCTB92')",99.0,1.030398832913488,1.0156655381433666,1.0354718627640978,1456
dmn_within,11,"('Dp1Yey', 'VEH')",1.0,0.6865178748965264,0.6671397015452385,0.7039101719856262,1456
dmn_within,11,"('Dp1Yey', 'VEH')",5.0,0.7712885662913322,0.7568310648202896,0.7885388542897999,1456
dmn_within,11,"('Dp1Yey', 'VEH')",50.0,0.9244435988366604,0.9198365409858524,0.9278015941381454,1456
dmn_within,11,"('Dp1Yey', 'VEH')",95.0,1.001478667021729,0.9968958711251616,1.0053562237881124,1456
dmn_within,11,"('Dp1Yey', 'VEH')",99.0,1.0250577845610678,1.0156900193542242,1.0320557726547122,1456
dmn_within,11,"('Dp1Yey', 'LCTB92')",1.0,0.3728347808122635,0.3624957323074341,0.38414061069488525,1856
dmn_within,11,"('Dp1Yey', 'LCTB92')",5.0,0.44426625967025757,0.424362450838089,0.47769945040345185,1856
dmn_within,11,"('Dp1Yey', 'LCTB92')",50.0,0.7749990671873093,0.7647269070148468,0.7842370213940739,1856
dmn_within,11,"('Dp1Yey', 'LCTB92')",95.0,0.9439510824158788,0.9347217096947134,0.9502679042518138,1856
dmn_within,11,"('Dp1Yey', 'LCTB92')",99.0,0.992420692043379,0.9798939411528409,0.9995470696303528,1856
dmn_within,11,"('Dp1Yey', 'VEH')",1.0,0.5762897118926048,0.5559157684445382,0.602748429775238,1856
dmn_within,11,"('Dp1Yey', 'VEH')",5.0,0.7032106667757034,0.6845308020710945,0.7178066000342369,1856
dmn_within,11,"('Dp1Yey', 'VEH')",50.0,0.8723699152469635,0.8683167695999146,0.8787726520560681,1856
dmn_within,11,"('Dp1Yey', 'VEH')",95.0,0.9959979181876406,0.9915511307772249,0.999905631186266,1856
dmn_within,11,"('Dp1Yey', 'VEH')",99.0,1.0231565761379897,1.0185203347355127,1.028837551176548,1856
dmn_within,12,"('Dp1Yey', 'LCTB92')",1.0,0.6220202466845512,0.6085890209674836,0.6422704339027405,1444
dmn_within,12,"('Dp1Yey', 'LCTB92')",5.0,0.7033539533615112,0.6987424790859222,0.7120035886764526,1444
dmn_within,12,"('Dp1Yey', 'LCTB92')",50.0,0.832120418548584,0.8267176449298859,0.8371763378381729,1444
dmn_within,12,"('Dp1Yey', 'LCTB92')",95.0,0.9827440751716494,0.9742981251329184,0.9925247222883626,1444
dmn_within,12,"('Dp1Yey', 'LCTB92')",99.0,1.0207354363799095,1.0139819408301263,1.0283589691109953,1444
dmn_within,12,"('Dp1Yey', 'VEH')",1.0,0.659936499595642,0.6474592512845994,0.677072966851294,1444
dmn_within,12,"('Dp1Yey', 'VEH')",5.0,0.7489830732345581,0.7310810823366046,0.7643825598061085,1444
dmn_within,12,"('Dp1Yey', 'VEH')",50.0,0.9138688668608665,0.9097994055598975,0.917721189558506,1444
dmn_within,12,"('Dp1Yey', 'VEH')",95.0,0.9965653522522188,0.9916085321456194,1.001092107151635,1444
dmn_within,12,"('Dp1Yey', 'VEH')",99.0,1.023029851783067,1.0202401522547007,1.0292092319577932,1444
dmn_within,12,"('Dp1Yey', 'LCTB92')",1.0,0.33866904854774477,0.3149976134300232,0.35526237189769744,1844
dmn_within,12,"('Dp1Yey', 'LCTB92')",5.0,0.4246601313352585,0.4124042928218842,0.4425191879272461,1844
dmn_within,12,"('Dp1Yey', 'LCTB92')",50.0,0.75919009745121,0.7500946223735809,0.7673387601971626,1844
dmn_within,12,"('Dp1Yey', 'LCTB92')",95.0,0.9254310339689255,0.9188765347003935,0.9329963475465775,1844
dmn_within,12,"('Dp1Yey', 'LCTB92')",99.0,0.9712872688844798,0.9657063592225312,0.9838051495701075,1844
dmn_within,12,"('Dp1Yey', 'VEH')",1.0,0.6037919503450394,0.5784324109554291,0.6342079341411591,1844
dmn_within,12,"('Dp1Yey', 'VEH')",5.0,0.6904657661914826,0.6785102635622025,0.7035402327775955,1844
dmn_within,12,"('Dp1Yey', 'VEH')",50.0,0.8603374063968658,0.8544601202011108,0.865752249956131,1844
dmn_within,12,"('Dp1Yey', 'VEH')",95.0,0.9856852423399687,0.979780748579651,0.9885407920891884,1844
dmn_within,12,"('Dp1Yey', 'VEH')",99.0,1.005650536864996,1.002101402641274,1.0097361432854086,1844
dmn_within,13,"('Dp1Yey', 'LCTB92')",1.0,0.6000090047717095,0.559097409248352,0.6188600888848305,1432
dmn_within,13,"('Dp1Yey', 'LCTB92')",5.0,0.6857148081064224,0.671401570737362,0.6945038262382149,1432
dmn_within,13,"('Dp1Yey', 'LCTB92')",50.0,0.8259736150503159,0.8177365496754646,0.8307626608759164,1432
dmn_within,13,"('Dp1Yey', 'LCTB92')",95.0,0.9728900450281799,0.9654990620911121,0.9788422491401434,1432
dmn_within,13,"('Dp1Yey', 'LCTB92')",99.0,1.0081468692375348,0.9961476230528206,1.0130439841002226,1432
dmn_within,13,"('Dp1Yey', 'VEH')",1.0,0.6424867540597916,0.6370161080360413,0.6596313118934631,1432
dmn_within,13,"('Dp1Yey', 'VEH')",5.0,0.7334957107901573,0.7157911956310272,0.7466484442353248,1432
dmn_within,13,"('Dp1Yey', 'VEH')",50.0,0.9076396450400352,0.9038130753673613,0.911558736115694,1432
dmn_within,13,"('Dp1Yey', 'VEH')",95.0,0.9962428211118095,0.9917614441120531,1.0024472893215717,1432
dmn_within,13,"('Dp1Yey', 'VEH')",99.0,1.024690692424774,1.01778426066041,1.0324081599339843,1432
dmn_within,13,"('Dp1Yey', 'LCTB92')",1.0,0.30565754890441893,0.2918682098388672,0.32400296986103055,1832
dmn_within,13,"('Dp1Yey', 'LCTB92')",5.0,0.40903967022895815,0.3956569015979767,0.4222092539072037,1832
dmn_within,13,"('Dp1Yey', 'LCTB92')",50.0,0.7440770417451859,0.7350186370313168,0.7531356489285826,1832
dmn_within,13,"('Dp1Yey', 'LCTB92')",95.0,0.9076383538544178,0.9033549796789885,0.9131854176521301,1832
dmn_within,13,"('Dp1Yey', 'LCTB92')",99.0,0.9697802011668682,0.9471532814204693,0.9773284532129765,1832
dmn_within,13,"('Dp1Yey', 'VEH')",1.0,0.6338135662674904,0.6202673962712288,0.6427391704916954,1832
dmn_within,13,"('Dp1Yey', 'VEH')",5.0,0.6870339438319206,0.677005368769169,0.6982552409172058,1832
dmn_within,13,"('Dp1Yey', 'VEH')",50.0,0.8493521735072136,0.8433065634220839,0.8538470715284348,1832
dmn_within,13,"('Dp1Yey', 'VEH')",95.0,0.9694019152782858,0.965269185914658,0.9744045630795879,1832
dmn_within,13,"('Dp1Yey', 'VEH')",99.0,0.9944658750575036,0.9904807852581143,0.9971198288490996,1832
dmn_within,14,"('Dp1Yey', 'LCTB92')",1.0,0.5337764954566956,0.5151008665561676,0.579742819070816,1420
dmn_within,14,"('Dp1Yey', 'LCTB92')",5.0,0.661076495051384,0.6459731459617615,0.673844912648201,1420
dmn_within,14,"('Dp1Yey', 'LCTB92')",50.0,0.8193094357848167,0.8118410483002663,0.8239033222198486,1420
dmn_within,14,"('Dp1Yey', 'LCTB92')",95.0,0.9547666247934102,0.9480163156986237,0.9623622467461973,1420
dmn_within,14,"('Dp1Yey', 'LCTB92')",99.0,0.9877535307686776,0.9824655503034592,0.9952197032980621,1420
dmn_within,14,"('Dp1Yey', 'VEH')",1.0,0.6328370437026024,0.6222585365176201,0.6395843944326043,1420
dmn_within,14,"('Dp1Yey', 'VEH')",5.0,0.7078247144818306,0.6859793088212609,0.7294765412807465,1420
dmn_within,14,"('Dp1Yey', 'VEH')",50.0,0.8970666900277138,0.8913372891023755,0.9016747772693634,1420
dmn_within,14,"('Dp1Yey', 'VEH')",95.0,0.993481098394841,0.9886137465015054,1.0019783962052315,1420
dmn_within,14,"('Dp1Yey', 'VEH')",99.0,1.0277934958785773,1.0213317573070526,1.0314662192761899,1420
dmn_within,14,"('Dp1Yey', 'LCTB92')",1.0,0.28750000953674315,0.2806827771663666,0.3023579037189484,1820
dmn_within,14,"('Dp1Yey', 'LCTB92')",5.0,0.3976698100566864,0.3798554092645645,0.41462830536067485,1820
dmn_within,14,"('Dp1Yey', 'LCTB92')",50.0,0.7320643216371536,0.7240817844867706,0.7438824336975813,1820
dmn_within,14,"('Dp1Yey', 'LCTB92')",95.0,0.8932214584201574,0.8886447805911302,0.8967194558400661,1820
dmn_within,14,"('Dp1Yey', 'LCTB92')",99.0,0.9295124924927949,0.9181825629621743,0.9431760822981595,1820
dmn_within,14,"('Dp1Yey', 'VEH')",1.0,0.6014837121963501,0.5818423074483872,0.6217094659805298,1820
dmn_within,14,"('Dp1Yey', 'VEH')",5.0,0.6822904214262963,0.6712222695350647,0.6965022385120392,1820
dmn_within,14,"('Dp1Yey', 'VEH')",50.0,0.8394752368330956,0.8344613257795572,0.8442563083022833,1820
dmn_within,14,"('Dp1Yey', 'VEH')",95.0,0.9534104323014617,0.9474542874842882,0.9565011048689485,1820
dmn_within,14,"('Dp1Yey', 'VEH')",99.0,0.9816975395195187,0.9756943044997751,0.9855986637808383,1820
dmn_within,15,"('Dp1Yey', 'LCTB92')",1.0,0.5311110216379166,0.5198576298356056,0.546192487180233,1408
dmn_within,15,"('Dp1Yey', 'LCTB92')",5.0,0.6341917380690575,0.6091944575309753,0.6463629189133644,1408
dmn_within,15,"('Dp1Yey', 'LCTB92')",50.0,0.815087616443634,0.8083509190008045,0.8207841049879789,1408
dmn_within,15,"('Dp1Yey', 'LCTB92')",95.0,0.9388593738898635,0.9354994234070181,0.9435925904661416,1408
dmn_within,15,"('Dp1Yey', 'LCTB92')",99.0,0.976621454525739,0.9708368606865407,0.9835680247657002,1408
dmn_within,15,"('Dp1Yey', 'VEH')",1.0,0.6190420898795128,0.5812919208407402,0.6336083521097898,1408
dmn_within,15,"('Dp1Yey', 'VEH')",5.0,0.7028150424361229,0.6728313758969308,0.7211274084821343,1408
dmn_within,15,"('Dp1Yey', 'VEH')",50.0,0.8875247202813625,0.8834020420908928,0.8938321210443974,1408
dmn_within,15,"('Dp1Yey', 'VEH')",95.0,0.9872994932346045,0.9819618286564946,0.9932209271704777,1408
dmn_within,15,"('Dp1Yey', 'VEH')",99.0,1.019865967258811,1.0136735048145056,1.0357595280557872,1408
dmn_within,15,"('Dp1Yey', 'LCTB92')",1.0,0.2729556202888489,0.26972913861274717,0.285892128944397,1808
dmn_within,15,"('Dp1Yey', 'LCTB92')",5.0,0.3902035176753998,0.3702093504369259,0.4150149613618851,1808
dmn_within,15,"('Dp1Yey', 'LCTB92')",50.0,0.7219340801239014,0.7102832205593586,0.730384349822998,1808
dmn_within,15,"('Dp1Yey', 'LCTB92')",95.0,0.8827637959271669,0.8752084448933601,0.887487607076764,1808
dmn_within,15,"('Dp1Yey', 'LCTB92')",99.0,0.9180740176886321,0.9094037413597107,0.925639426484704,1808
dmn_within,15,"('Dp1Yey', 'VEH')",1.0,0.5596034732460976,0.545957101881504,0.5928442769199608,1808
dmn_within,15,"('Dp1Yey', 'VEH')",5.0,0.6751858353614807,0.6642739146947861,0.6845640957355499,1808
dmn_within,15,"('Dp1Yey', 'VEH')",50.0,0.8300741538405418,0.8249966204166412,0.8347230711951852,1808
dmn_within,15,"('Dp1Yey', 'VEH')",95.0,0.9381655145436525,0.9343519732356071,0.9436167024075985,1808
dmn_within,15,"('Dp1Yey', 'VEH')",99.0,0.9605466749146581,0.9566732391715049,0.9645639955997467,1808
dmn_within,16,"('Dp1Yey', 'LCTB92')",1.0,0.5324622690677643,0.5187099158763886,0.5609356924891472,1396
dmn_within,16,"('Dp1Yey', 'LCTB92')",5.0,0.6094375848770142,0.5994260683655739,0.620188295841217,1396
dmn_within,16,"('Dp1Yey', 'LCTB92')",50.0,0.8073749095201492,0.8025177419185638,0.8131736367940903,1396
dmn_within,16,"('Dp1Yey', 'LCTB92')",95.0,0.9280343726277351,0.9225136172026396,0.9359799977391958,1396
dmn_within,16,"('Dp1Yey', 'LCTB92')",99.0,0.968061196245253,0.9555659271776674,0.9741930460557341,1396
dmn_within,16,"('Dp1Yey', 'VEH')",1.0,0.6234428972005844,0.6179089993238449,0.6370182499289513,1396
dmn_within,16,"('Dp1Yey', 'VEH')",5.0,0.700796514749527,0.6871506795287132,0.7321061939001083,1396
dmn_within,16,"('Dp1Yey', 'VEH')",50.0,0.8767001703381538,0.8736785830929875,0.8815133459866047,1396
dmn_within,16,"('Dp1Yey', 'VEH')",95.0,0.9796225004829466,0.9739245548844337,0.9832303561270237,1396
dmn_within,16,"('Dp1Yey', 'VEH')",99.0,1.0146799950394778,1.004397944221273,1.02785358261317,1396
dmn_within,16,"('Dp1Yey', 'LCTB92')",1.0,0.2695936501026154,0.2649330884218216,0.2744842261075974,1796
dmn_within,16,"('Dp1Yey', 'LCTB92')",5.0,0.39635296165943146,0.37383347749710083,0.4191533327102661,1796
dmn_within,16,"('Dp1Yey', 'LCTB92')",50.0,0.7067899256944656,0.6944250300526619,0.7171032305806875,1796
dmn_within,16,"('Dp1Yey', 'LCTB92')",95.0,0.8652444072067738,0.8585856594145298,0.8693901020102203,1796
dmn_within,16,"('Dp1Yey', 'LCTB92')",99.0,0.9106439527124166,0.8933292798697947,0.91798837184906,1796
dmn_within,16,"('Dp1Yey', 'VEH')",1.0,0.5420788779854775,0.5217152237892151,0.5745898976922035,1796
dmn_within,16,"('Dp1Yey', 'VEH')",5.0,0.6585099101066589,0.6468439102172852,0.6718568503856659,1796
dmn_within,16,"('Dp1Yey', 'VEH')",50.0,0.8189347982406616,0.8150038123130798,0.8241695910692215,1796
dmn_within,16,"('Dp1Yey', 'VEH')",95.0,0.9274459909647703,0.9230128363240511,0.9308437779545784,1796
dmn_within,16,"('Dp1Yey', 'VEH')",99.0,0.9512814842164515,0.9467272887006402,0.9581949282437563,1796
dmn_within,17,"('Dp1Yey', 'LCTB92')",1.0,0.5446961262822151,0.5302041471004486,0.5532854450941086,1384
dmn_within,17,"('Dp1Yey', 'LCTB92')",5.0,0.6018665477633476,0.5896079785004258,0.6094686653465032,1384
dmn_within,17,"('Dp1Yey', 'LCTB92')",50.0,0.795624852180481,0.7891292572021484,0.8015001565217972,1384
dmn_within,17,"('Dp1Yey', 'LCTB92')",95.0,0.929920021817088,0.9211013812571764,0.9347561299800873,1384
dmn_within,17,"('Dp1Yey', 'LCTB92')",99.0,0.9559501057490707,0.9505719286948443,0.9632544942572713,1384
dmn_within,17,"('Dp1Yey', 'VEH')",1.0,0.6271349829435349,0.6193008261919022,0.6407992950081826,1384
dmn_within,17,"('Dp1Yey', 'VEH')",5.0,0.7156257390975952,0.6913665533065796,0.7390859127044678,1384
dmn_within,17,"('Dp1Yey', 'VEH')",50.0,0.8700835481286049,0.865597128868103,0.8752881996333599,1384
dmn_within,17,"('Dp1Yey', 'VEH')",95.0,0.9666418431326746,0.9611297802440822,0.976294901035726,1384
dmn_within,17,"('Dp1Yey', 'VEH')",99.0,1.0060396196832881,1.0000662988243203,1.0178345429897309,1384
dmn_within,17,"('Dp1Yey', 'LCTB92')",1.0,0.270510972738266,0.26618034780025485,0.2793492478132248,1784
dmn_within,17,"('Dp1Yey', 'LCTB92')",5.0,0.4022239625453949,0.3925301432609558,0.41840513050556183,1784
dmn_within,17,"('Dp1Yey', 'LCTB92')",50.0,0.6864290535449982,0.6768455281853676,0.6990763247013092,1784
dmn_within,17,"('Dp1Yey', 'LCTB92')",95.0,0.8429558701813221,0.8394206620752811,0.8491810178942979,1784
dmn_within,17,"('Dp1Yey', 'LCTB92')",99.0,0.884612285345793,0.8735523402690888,0.897638061568141,1784
dmn_within,17,"('Dp1Yey', 'VEH')",1.0,0.5014235669374466,0.49404224336147307,0.5333500853180886,1784
dmn_within,17,"('Dp1Yey', 'VEH')",5.0,0.6435318574309349,0.6233107009902596,0.6632399865239859,1784
dmn_within,17,"('Dp1Yey', 'VEH')",50.0,0.8105464056134224,0.8046649768948555,0.8147445470094681,1784
dmn_within,17,"('Dp1Yey', 'VEH')",95.0,0.919986155256629,0.914952728152275,0.9243346739560365,1784
dmn_within,17,"('Dp1Yey', 'VEH')",99.0,0.9496766367182136,0.9410446013137699,0.9533562924712897,1784
dmn_within,18,"('Dp1Yey', 'LCTB92')",1.0,0.5363157767057419,0.5109433323144913,0.5539574498310685,1372
dmn_within,18,"('Dp1Yey', 'LCTB92')",5.0,0.5873208522796631,0.5804913623631001,0.5955470847338438,1372
dmn_within,18,"('Dp1Yey', 'LCTB92')",50.0,0.7858954146504402,0.7811135053634644,0.7937730858102441,1372
dmn_within,18,"('Dp1Yey', 'LCTB92')",95.0,0.9275630503892899,0.9155609864741564,0.9329428479075432,1372
dmn_within,18,"('Dp1Yey', 'LCTB92')",99.0,0.952624253667891,0.9475118964910507,0.9557292226329446,1372
dmn_within,18,"('Dp1Yey', 'VEH')",1.0,0.6333059486746788,0.6168175673484803,0.6439264416694641,1372
dmn_within,18,"('Dp1Yey', 'VEH')",5.0,0.7241098925471305,0.7158180728554726,0.7324290156364441,1372
dmn_within,18,"('Dp1Yey', 'VEH')",50.0,0.8620064333081245,0.855355066806078,0.8670801520347595,1372
dmn_within,18,"('Dp1Yey', 'VEH')",95.0,0.9624696239829064,0.9562754199653863,0.9754812805913389,1372
dmn_within,18,"('Dp1Yey', 'VEH')",99.0,1.0069998918659986,1.000993904929008,1.0130724158883095,1372
dmn_within,18,"('Dp1Yey', 'LCTB92')",1.0,0.2687677204608917,0.26456205546855927,0.2773934426754713,1772
dmn_within,18,"('Dp1Yey', 'LCTB92')",5.0,0.40693193674087524,0.3962792158126831,0.41620898246765137,1772
dmn_within,18,"('Dp1Yey', 'LCTB92')",50.0,0.6697504967451096,0.6607953615486621,0.6794320337474345,1772
dmn_within,18,"('Dp1Yey', 'LCTB92')",95.0,0.8217237412929534,0.8189344502985477,0.8270137012004852,1772
dmn_within,18,"('Dp1Yey', 'LCTB92')",99.0,0.859458877891302,0.8529554456472397,0.86685004517436,1772
dmn_within,18,"('Dp1Yey', 'VEH')",1.0,0.4943362045288086,0.46009373664855957,0.508410110771656,1772
dmn_within,18,"('Dp1Yey', 'VEH')",5.0,0.6298931375145912,0.6200504869222642,0.6413291761651636,1772
dmn_within,18,"('Dp1Yey', 'VEH')",50.0,0.8009820878505707,0.7964220643043518,0.8056477084755898,1772
dmn_within,18,"('Dp1Yey', 'VEH')",95.0,0.9145880784839391,0.9088795587420463,0.918837338713929,1772
dmn_within,18,"('Dp1Yey', 'VEH')",99.0,0.940402509458363,0.9353680469095706,0.9452086466923355,1772
dmn_within,19,"('Dp1Yey', 'LCTB92')",1.0,0.5096400916576386,0.49058987021446226,0.5374513566493988,1360
dmn_within,19,"('Dp1Yey', 'LCTB92')",5.0,0.5811188831925392,0.5713471472263336,0.5867090329527855,1360
dmn_within,19,"('Dp1Yey', 'LCTB92')",50.0,0.7796774134039879,0.774355098605156,0.7840415626764298,1360
dmn_within,19,"('Dp1Yey', 'LCTB92')",95.0,0.9156145595014095,0.9104238380957395,0.9216109663248062,1360
dmn_within,19,"('Dp1Yey', 'LCTB92')",99.0,0.9472583920136094,0.9411221144720913,0.9506640817970038,1360
dmn_within,19,"('Dp1Yey', 'VEH')",1.0,0.6277683019638062,0.6081028831005096,0.6512031853199005,1360
dmn_within,19,"('Dp1Yey', 'VEH')",5.0,0.7206069901585579,0.7152792260050773,0.7253972798585892,1360
dmn_within,19,"('Dp1Yey', 'VEH')",50.0,0.843704029917717,0.8372990787029266,0.8510693535208702,1360
dmn_within,19,"('Dp1Yey', 'VEH')",95.0,0.9636604139581323,0.9569295691326261,0.9706261679530144,1360
dmn_within,19,"('Dp1Yey', 'VEH')",99.0,1.0008407902624459,0.997482454017736,1.0048454947932626,1360
dmn_within,19,"('Dp1Yey', 'LCTB92')",1.0,0.27590649485588076,0.27095335721969604,0.2838803672194481,1760
dmn_within,19,"('Dp1Yey', 'LCTB92')",5.0,0.407986781001091,0.39894333481788635,0.4207395592331887,1760
dmn_within,19,"('Dp1Yey', 'LCTB92')",50.0,0.6561323255300522,0.6443258821964264,0.666910707950592,1760
dmn_within,19,"('Dp1Yey', 'LCTB92')",95.0,0.8132437244057655,0.8059961147606373,0.8187885304354131,1760
dmn_within,19,"('Dp1Yey', 'LCTB92')",99.0,0.8442815504968166,0.8350787396728993,0.8486643028259278,1760
dmn_within,19,"('Dp1Yey', 'VEH')",1.0,0.4953379243612289,0.44811524868011476,0.512657011449337,1760
dmn_within,19,"('Dp1Yey', 'VEH')",5.0,0.6120052844285965,0.5987537369132042,0.6326902415603399,1760
dmn_within,19,"('Dp1Yey', 'VEH')",50.0,0.789258174598217,0.7853862529620528,0.7939373329281807,1760
dmn_within,19,"('Dp1Yey', 'VEH')",95.0,0.9097395919263362,0.9029509206861257,0.915217074751854,1760
dmn_within,19,"('Dp1Yey', 'VEH')",99.0,0.9353766601532698,0.9302221143990757,0.9396284259855747,1760
dmn_within,20,"('Dp1Yey', 'LCTB92')",1.0,0.5079809328913689,0.49950880140066145,0.5186458370089531,1348
dmn_within,20,"('Dp1Yey', 'LCTB92')",5.0,0.5639868512749672,0.5598894044756889,0.570275966823101,1348
dmn_within,20,"('Dp1Yey', 'LCTB92')",50.0,0.7687646150588989,0.7637687608599663,0.7747926935553551,1348
dmn_within,20,"('Dp1Yey', 'LCTB92')",95.0,0.907208051905036,0.9015805788338184,0.9117977436631918,1348
dmn_within,20,"('Dp1Yey', 'LCTB92')",99.0,0.9314525174349546,0.9249553307890892,0.9366870690882205,1348
dmn_within,20,"('Dp1Yey', 'VEH')",1.0,0.6449465069174767,0.6194675695896149,0.6714097857475281,1348
dmn_within,20,"('Dp1Yey', 'VEH')",5.0,0.7142648220062255,0.706412672996521,0.7215010225772858,1348
dmn_within,20,"('Dp1Yey', 'VEH')",50.0,0.8269922435283661,0.8220557421445847,0.8348966166377068,1348
dmn_within,20,"('Dp1Yey', 'VEH')",95.0,0.9598540406674146,0.9522901665233072,0.965564101934433,1348
dmn_within,20,"('Dp1Yey', 'VEH')",99.0,0.9965291411522775,0.9878454487770796,1.0035790083068423,1348
dmn_within,20,"('Dp1Yey', 'LCTB92')",1.0,0.282291796207428,0.2783668041229248,0.28982918149232867,1748
dmn_within,20,"('Dp1Yey', 'LCTB92')",5.0,0.41240317821502687,0.3933830916881563,0.4219711422920227,1748
dmn_within,20,"('Dp1Yey', 'LCTB92')",50.0,0.6433460563421249,0.6333831250667572,0.6527306735515594,1748
dmn_within,20,"('Dp1Yey', 'LCTB92')",95.0,0.8026685014367103,0.7958910703659057,0.8101577162370085,1748
dmn_within,20,"('Dp1Yey', 'LCTB92')",99.0,0.8389185652136802,0.8343521803617477,0.8433258686959743,1748
dmn_within,20,"('Dp1Yey', 'VEH')",1.0,0.4992267417907715,0.4802606150060892,0.5159042045474053,1748
dmn_within,20,"('Dp1Yey', 'VEH')",5.0,0.5916035428643227,0.5772219948098064,0.612238696925342,1748
dmn_within,20,"('Dp1Yey', 'VEH')",50.0,0.7793136686086655,0.7744676388800145,0.7844854133203626,1748
dmn_within,20,"('Dp1Yey', 'VEH')",95.0,0.9038169056177139,0.8991219401359558,0.9067652225494385,1748
dmn_within,20,"('Dp1Yey', 'VEH')",99.0,0.9263635836541653,0.9229415495488792,0.9293662161380053,1748
dmn_within,21,"('Dp1Yey', 'LCTB92')",1.0,0.4912347048521042,0.47623460590839384,0.5024060010910034,1336
dmn_within,21,"('Dp1Yey', 'LCTB92')",5.0,0.5466569438576698,0.536708339303732,0.5594052374362946,1336
dmn_within,21,"('Dp1Yey', 'LCTB92')",50.0,0.7614525258541107,0.7560588642954826,0.7654635906219482,1336
dmn_within,21,"('Dp1Yey', 'LCTB92')",95.0,0.8942526374012232,0.8902991283684969,0.8984122481197119,1336
dmn_within,21,"('Dp1Yey', 'LCTB92')",99.0,0.9187712147831918,0.9118468210101128,0.9233382515609264,1336
dmn_within,21,"('Dp1Yey', 'VEH')",1.0,0.6601970463991165,0.6539385780692101,0.6718815630301833,1336
dmn_within,21,"('Dp1Yey', 'VEH')",5.0,0.7074690088629723,0.6975448727607727,0.7130247503519058,1336
dmn_within,21,"('Dp1Yey', 'VEH')",50.0,0.8149962574243546,0.8082112550735474,0.8216006996110081,1336
dmn_within,21,"('Dp1Yey', 'VEH')",95.0,0.9535677209496498,0.9488286823034286,0.9579808637499809,1336
dmn_within,21,"('Dp1Yey', 'VEH')",99.0,0.9905884000938386,0.9805971099063755,0.9977180805173703,1336
dmn_within,21,"('Dp1Yey', 'LCTB92')",1.0,0.28587297797203065,0.28211987018585205,0.29433777928352356,1736
dmn_within,21,"('Dp1Yey', 'LCTB92')",5.0,0.40494753420352936,0.3873072534799576,0.4155847430229187,1736
dmn_within,21,"('Dp1Yey', 'LCTB92')",50.0,0.63206847012043,0.6240239292383194,0.6385429948568344,1736
dmn_within,21,"('Dp1Yey', 'LCTB92')",95.0,0.7946605421602726,0.7847619764506817,0.8023990988731384,1736
dmn_within,21,"('Dp1Yey', 'LCTB92')",99.0,0.830239149928093,0.824822187423706,0.8359773635864258,1736
dmn_within,21,"('Dp1Yey', 'VEH')",1.0,0.5008541196584702,0.4847018390893936,0.519427947960794,1736
dmn_within,21,"('Dp1Yey', 'VEH')",5.0,0.5861743986606598,0.5585533976554871,0.6099931001663208,1736
dmn_within,21,"('Dp1Yey', 'VEH')",50.0,0.7706767097115517,0.7661876231431961,0.7744837775826454,1736
dmn_within,21,"('Dp1Yey', 'VEH')",95.0,0.8940859753638506,0.889308512210846,0.8996605705469847,1736
dmn_within,21,"('Dp1Yey', 'VEH')",99.0,0.9206630632281304,0.9144904974848032,0.9263630215078594,1736
dmn_within,22,"('Dp1Yey', 'LCTB92')",1.0,0.44193643510341646,0.43273318544030187,0.47453870832920075,1324
dmn_within,22,"('Dp1Yey', 'LCTB92')",5.0,0.5309416636824608,0.5213794347271323,0.5418023288249969,1324
dmn_within,22,"('Dp1Yey', 'LCTB92')",50.0,0.75379478931427,0.749293639883399,0.7580665938556195,1324
dmn_within,22,"('Dp1Yey', 'LCTB92')",95.0,0.8771659571677446,0.8729204833507538,0.8813462100923061,1324
dmn_within,22,"('Dp1Yey', 'LCTB92')",99.0,0.903490562364459,0.897566594183445,0.9112717974185943,1324
dmn_within,22,"('Dp1Yey', 'VEH')",1.0,0.6681505078077317,0.6581808370351792,0.6785563826560974,1324
dmn_within,22,"('Dp1Yey', 'VEH')",5.0,0.695885106921196,0.6905831694602966,0.7027247369289398,1324
dmn_within,22,"('Dp1Yey', 'VEH')",50.0,0.7991473227739334,0.7932308837771416,0.8061761803925037,1324
dmn_within,22,"('Dp1Yey', 'VEH')",95.0,0.9454862071201205,0.9397490781592205,0.9515646398067474,1324
dmn_within,22,"('Dp1Yey', 'VEH')",99.0,0.9803097223117948,0.9750754806771874,0.9856604657135903,1324
dmn_within,22,"('Dp1Yey', 'LCTB92')",1.0,0.291598739027977,0.2803745287656784,0.29955718040466306,1724
dmn_within,22,"('Dp1Yey', 'LCTB92')",5.0,0.3944080054759979,0.37959013082087045,0.40783804655075073,1724
dmn_within,22,"('Dp1Yey', 'LCTB92')",50.0,0.622181162238121,0.6158475786447525,0.629938393831253,1724
dmn_within,22,"('Dp1Yey', 'LCTB92')",95.0,0.7804687932133673,0.7702651351504027,0.7973028918541966,1724
dmn_within,22,"('Dp1Yey', 'LCTB92')",99.0,0.8234575369954109,0.8152387802302837,0.8282168139517307,1724
dmn_within,22,"('Dp1Yey', 'VEH')",1.0,0.490167133808136,0.47689258456230166,0.5092080533504486,1724
dmn_within,22,"('Dp1Yey', 'VEH')",5.0,0.5724403738975525,0.5554885849356651,0.5940259769558907,1724
dmn_within,22,"('Dp1Yey', 'VEH')",50.0,0.7599728852510452,0.7558686792850494,0.7647240161895752,1724
dmn_within,22,"('Dp1Yey', 'VEH')",95.0,0.8819853253662586,0.877618633210659,0.8885010030120611,1724
dmn_within,22,"('Dp1Yey', 'VEH')",99.0,0.9193442102521658,0.913091082572937,0.9237911212444305,1724
dmn_within,23,"('Dp1Yey', 'LCTB92')",1.0,0.42124488174915314,0.4050709271430969,0.4399583166837692,1312
dmn_within,23,"('Dp1Yey', 'LCTB92')",5.0,0.5220387801527977,0.5071694061160088,0.5290655195713043,1312
dmn_within,23,"('Dp1Yey', 'LCTB92')",50.0,0.7483372092247009,0.7415728613734245,0.7541562169790268,1312
dmn_within,23,"('Dp1Yey', 'LCTB92')",95.0,0.864351624250412,0.8568748570978642,0.8704296350479126,1312
dmn_within,23,"('Dp1Yey', 'LCTB92')",99.0,0.9053691973537213,0.8893378600478172,0.9120275273174049,1312
dmn_within,23,"('Dp1Yey', 'VEH')",1.0,0.6627363160252571,0.6578228175640106,0.6689984500408173,1312
dmn_within,23,"('Dp1Yey', 'VEH')",5.0,0.6862260028719902,0.6824613109230995,0.6917466223239899,1312
dmn_within,23,"('Dp1Yey', 'VEH')",50.0,0.7887594029307365,0.7853781655430794,0.7933330586180091,1312
dmn_within,23,"('Dp1Yey', 'VEH')",95.0,0.9384478375315667,0.9321129029430449,0.9467918503051623,1312
dmn_within,23,"('Dp1Yey', 'VEH')",99.0,0.9716059724241496,0.9663695259019734,0.9781621256470681,1312
dmn_within,23,"('Dp1Yey', 'LCTB92')",1.0,0.2782281500101089,0.26306289076805117,0.29227662086486816,1712
dmn_within,23,"('Dp1Yey', 'LCTB92')",5.0,0.3902853399515152,0.3847257524728775,0.39723101556301116,1712
dmn_within,23,"('Dp1Yey', 'LCTB92')",50.0,0.613809660077095,0.6026047766208649,0.6203542947769165,1712
dmn_within,23,"('Dp1Yey', 'LCTB92')",95.0,0.7672330267727371,0.7558895543217659,0.7785837372206151,1712
dmn_within,23,"('Dp1Yey', 'LCTB92')",99.0,0.8195462629199026,0.8138674226403235,0.8279345437437294,1712
dmn_within,23,"('Dp1Yey', 'VEH')",1.0,0.48112936317920685,0.47201013565063477,0.4913750034570694,1712
dmn_within,23,"('Dp1Yey', 'VEH')",5.0,0.5553833663463593,0.5402969546616078,0.5687334620207548,1712
dmn_within,23,"('Dp1Yey', 'VEH')",50.0,0.7531392201781273,0.7494279891252518,0.7579872822389007,1712
dmn_within,23,"('Dp1Yey', 'VEH')",95.0,0.8748726941645145,0.871124629676342,0.8796687047928571,1712
dmn_within,23,"('Dp1Yey', 'VEH')",99.0,0.9172198797762393,0.9081357309743762,0.9231056123971939,1712
dmn_within,24,"('Dp1Yey', 'LCTB92')",1.0,0.40283757507801055,0.3986891508102417,0.42464168965816496,1300
dmn_within,24,"('Dp1Yey', 'LCTB92')",5.0,0.5115277513861656,0.5044769048690796,0.5199229719489813,1300
dmn_within,24,"('Dp1Yey', 'LCTB92')",50.0,0.7443673461675644,0.7369400560855865,0.7496759973466396,1300
dmn_within,24,"('Dp1Yey', 'LCTB92')",95.0,0.8502238810062408,0.844789217710495,0.8572471462190151,1300
dmn_within,24,"('Dp1Yey', 'LCTB92')",99.0,0.8999865230172872,0.886814323177561,0.9048241376876831,1300
dmn_within,24,"('Dp1Yey', 'VEH')",1.0,0.6467945915460587,0.6451829969882965,0.6524054625630379,1300
dmn_within,24,"('Dp1Yey', 'VEH')",5.0,0.6736031576991082,0.6662567853927612,0.678417007625103,1300
dmn_within,24,"('Dp1Yey', 'VEH')",50.0,0.7843800857663155,0.780005176924169,0.7886485457420349,1300
dmn_within,24,"('Dp1Yey', 'VEH')",95.0,0.9294673100113868,0.9235346548259258,0.9339446052908897,1300
dmn_within,24,"('Dp1Yey', 'VEH')",99.0,0.9603262707218527,0.9540859386324883,0.9700535126030445,1300
dmn_within,24,"('Dp1Yey', 'LCTB92')",1.0,0.287645691037178,0.2558969259262085,0.29564690589904785,1700
dmn_within,24,"('Dp1Yey', 'LCTB92')",5.0,0.38645749986171724,0.3825642105191946,0.39375359624624257,1700
dmn_within,24,"('Dp1Yey', 'LCTB92')",50.0,0.6032320857048035,0.5988093018531799,0.6110018454492092,1700
dmn_within,24,"('Dp1Yey', 'LCTB92')",95.0,0.7504609882831573,0.7445937693119049,0.7643865085206926,1700
dmn_within,24,"('Dp1Yey', 'LCTB92')",99.0,0.8069386358559132,0.8003815794102848,0.818030908703804,1700
dmn_within,24,"('Dp1Yey', 'VEH')",1.0,0.474917077422142,0.47154744029045104,0.48704667150974273,1700
dmn_within,24,"('Dp1Yey', 'VEH')",5.0,0.5409473896026611,0.5232564210891724,0.5655033833160996,1700
dmn_within,24,"('Dp1Yey', 'VEH')",50.0,0.7494797259569168,0.7449108310043812,0.7539213728159666,1700
dmn_within,24,"('Dp1Yey', 'VEH')",95.0,0.8719692625105381,0.8659307412803173,0.8778398562222719,1700
dmn_within,24,"('Dp1Yey', 'VEH')",99.0,0.9064494094252586,0.8966810527238995,0.9121844545006752,1700
dmn_within,25,"('Dp1Yey', 'LCTB92')",1.0,0.40733200788497925,0.4005868434906006,0.421113685965538,1288
dmn_within,25,"('Dp1Yey', 'LCTB92')",5.0,0.5038402810692787,0.4979945749044418,0.5095762357115745,1288
dmn_within,25,"('Dp1Yey', 'LCTB92')",50.0,0.736735463142395,0.7290162559598684,0.7429649334400892,1288
dmn_within,25,"('Dp1Yey', 'LCTB92')",95.0,0.840379961580038,0.8338639587163925,0.8477677769958972,1288
dmn_within,25,"('Dp1Yey', 'LCTB92')",99.0,0.8855140396207558,0.8696459978818893,0.9000943628698586,1288
dmn_within,25,"('Dp1Yey', 'VEH')",1.0,0.6333951389789582,0.6311613565683365,0.6384145021438599,1288
dmn_within,25,"('Dp1Yey', 'VEH')",5.0,0.6549647837877274,0.6489741595089435,0.661926531791687,1288
dmn_within,25,"('Dp1Yey', 'VEH')",50.0,0.7797214463353157,0.7755347965285182,0.7848591208457947,1288
dmn_within,25,"('Dp1Yey', 'VEH')",95.0,0.91896963827312,0.9143742460757494,0.9241960883140564,1288
dmn_within,25,"('Dp1Yey', 'VEH')",99.0,0.9474273215979334,0.9393126764148473,0.9608212560415268,1288
dmn_within,25,"('Dp1Yey', 'LCTB92')",1.0,0.27316554546356203,0.2509794586896896,0.298747718334198,1688
dmn_within,25,"('Dp1Yey', 'LCTB92')",5.0,0.38157674968242644,0.3706870675086975,0.3872183561325073,1688
dmn_within,25,"('Dp1Yey', 'LCTB92')",50.0,0.600107803940773,0.5945039093494415,0.6066468358039856,1688
dmn_within,25,"('Dp1Yey', 'LCTB92')",95.0,0.7383678585290908,0.7283684058487414,0.7476604282855988,1688
dmn_within,25,"('Dp1Yey', 'LCTB92')",99.0,0.7917754584550857,0.7822335958480835,0.7962745279073715,1688
dmn_within,25,"('Dp1Yey', 'VEH')",1.0,0.48298590660095214,0.47242194414138794,0.4867311143577098,1688
dmn_within,25,"('Dp1Yey', 'VEH')",5.0,0.5364073097705842,0.5214870184659958,0.557372222840786,1688
dmn_within,25,"('Dp1Yey', 'VEH')",50.0,0.7445184886455536,0.7390848398208618,0.7495652139186859,1688
dmn_within,25,"('Dp1Yey', 'VEH')",95.0,0.8652563720941543,0.8618226200342178,0.8695876747369766,1688
dmn_within,25,"('Dp1Yey', 'VEH')",99.0,0.8923941339552401,0.8875639348477125,0.8942548632621765,1688
dmn_within,26,"('Dp1Yey', 'LCTB92')",1.0,0.4072905033826828,0.4025462865829468,0.41868888735771176,1276
dmn_within,26,"('Dp1Yey', 'LCTB92')",5.0,0.4924590140581131,0.47910895496606826,0.4998544925823806,1276
dmn_within,26,"('Dp1Yey', 'LCTB92')",50.0,0.7289762943983078,0.7207883447408676,0.7352612536400557,1276
dmn_within,26,"('Dp1Yey', 'LCTB92')",95.0,0.8293442763388157,0.8247496634721756,0.836711011826992,1276
dmn_within,26,"('Dp1Yey', 'LCTB92')",99.0,0.8646745830774307,0.8580109402537346,0.8855572566390038,1276
dmn_within,26,"('Dp1Yey', 'VEH')",1.0,0.618190124630928,0.6082664430141449,0.6220631003379822,1276
dmn_within,26,"('Dp1Yey', 'VEH')",5.0,0.6383703052997589,0.6340526342391968,0.6437461972236633,1276
dmn_within,26,"('Dp1Yey', 'VEH')",50.0,0.7759146690368652,0.7709277100861073,0.7813297985121608,1276
dmn_within,26,"('Dp1Yey', 'VEH')",95.0,0.9146808348596096,0.9088926389813423,0.9195142257958651,1276
dmn_within,26,"('Dp1Yey', 'VEH')",99.0,0.9397280877456069,0.9332531094551086,0.9459587037563324,1276
dmn_within,26,"('Dp1Yey', 'LCTB92')",1.0,0.25359879434108734,0.24169284105300903,0.29408590495586395,1676
dmn_within,26,"('Dp1Yey', 'LCTB92')",5.0,0.37154683470726013,0.3593296531587839,0.3817894458770752,1676
dmn_within,26,"('Dp1Yey', 'LCTB92')",50.0,0.5939407646656036,0.585794472694397,0.6023388016968966,1676
dmn_within,26,"('Dp1Yey', 'LCTB92')",95.0,0.7271521911025047,0.7176258489489555,0.7346605956554413,1676
dmn_within,26,"('Dp1Yey', 'LCTB92')",99.0,0.7711267285048962,0.7634295262396336,0.7775361835956573,1676
dmn_within,26,"('Dp1Yey', 'VEH')",1.0,0.47586095333099365,0.46660202741622925,0.4865577667951584,1676
dmn_within,26,"('Dp1Yey', 'VEH')",5.0,0.5320393145084381,0.5174639374017715,0.5463974043726921,1676
dmn_within,26,"('Dp1Yey', 'VEH')",50.0,0.7379932999610901,0.7337353527545929,0.7437474381178617,1676
dmn_within,26,"('Dp1Yey', 'VEH')",95.0,0.8576220236718655,0.8518712371587753,0.8613894134759903,1676
dmn_within,26,"('Dp1Yey', 'VEH')",99.0,0.881834851577878,0.8754226544871926,0.889213852584362,1676
dmn_within,27,"('Dp1Yey', 'LCTB92')",1.0,0.4079576486349106,0.40318771958351135,0.41955377607047556,1264
dmn_within,27,"('Dp1Yey', 'LCTB92')",5.0,0.4724274933338165,0.4629572182893753,0.4807658791542053,1264
dmn_within,27,"('Dp1Yey', 'LCTB92')",50.0,0.7216629832983017,0.7147878706455231,0.7282675545662641,1264
dmn_within,27,"('Dp1Yey', 'LCTB92')",95.0,0.820181293785572,0.8143505752086639,0.8303850683569908,1264
dmn_within,27,"('Dp1Yey', 'LCTB92')",99.0,0.8527069588005542,0.8429308235645294,0.8594597727060318,1264
dmn_within,27,"('Dp1Yey', 'VEH')",1.0,0.5901261854171753,0.5836344957351685,0.5937887495756149,1264
dmn_within,27,"('Dp1Yey', 'VEH')",5.0,0.6234687462449073,0.6185978263616562,0.6316344007849694,1264
dmn_within,27,"('Dp1Yey', 'VEH')",50.0,0.7728222385048866,0.768045999109745,0.7790160924196243,1264
dmn_within,27,"('Dp1Yey', 'VEH')",95.0,0.9115594111382961,0.9040440103132276,0.9170273483172058,1264
dmn_within,27,"('Dp1Yey', 'VEH')",99.0,0.9321073634177446,0.9283822849392891,0.9363944760020815,1264
dmn_within,27,"('Dp1Yey', 'LCTB92')",1.0,0.24833512246608733,0.23849260985851287,0.28044067804515344,1664
dmn_within,27,"('Dp1Yey', 'LCTB92')",5.0,0.3659066468477249,0.35336485505104065,0.3716563582420349,1664
dmn_within,27,"('Dp1Yey', 'LCTB92')",50.0,0.5823118090629578,0.5737331345677376,0.5910807318985463,1664
dmn_within,27,"('Dp1Yey', 'LCTB92')",95.0,0.7177891388535499,0.7100717499852179,0.7267397344112396,1664
dmn_within,27,"('Dp1Yey', 'LCTB92')",99.0,0.7612647250294684,0.7509945176541805,0.7684754133224487,1664
dmn_within,27,"('Dp1Yey', 'VEH')",1.0,0.46410832345485686,0.45190781354904175,0.48359099915623666,1664
dmn_within,27,"('Dp1Yey', 'VEH')",5.0,0.522583757340908,0.5146705344319343,0.5293361842632294,1664
dmn_within,27,"('Dp1Yey', 'VEH')",50.0,0.7358277887105942,0.727740079164505,0.7406176168471574,1664
dmn_within,27,"('Dp1Yey', 'VEH')",95.0,0.8455747902393341,0.8423882409930229,0.8506083935499191,1664
dmn_within,27,"('Dp1Yey', 'VEH')",99.0,0.8764000906795263,0.8692630529403687,0.8799815095216036,1664
dmn_within,28,"('Dp1Yey', 'LCTB92')",1.0,0.4051269829273224,0.40044298470020295,0.41538929283618925,1252
dmn_within,28,"('Dp1Yey', 'LCTB92')",5.0,0.4588094174861908,0.4530941387265921,0.4676439255475998,1252
dmn_within,28,"('Dp1Yey', 'LCTB92')",50.0,0.7150705456733704,0.7081566523760557,0.7205853164196014,1252
dmn_within,28,"('Dp1Yey', 'LCTB92')",95.0,0.8124954208731652,0.8063740462064743,0.8186920136213303,1252
dmn_within,28,"('Dp1Yey', 'LCTB92')",99.0,0.8404727679491043,0.8355611919201911,0.8484281003475189,1252
dmn_within,28,"('Dp1Yey', 'VEH')",1.0,0.5753031745553017,0.5685872137546539,0.5837133526802063,1252
dmn_within,28,"('Dp1Yey', 'VEH')",5.0,0.6123281002044678,0.6057612478733063,0.6191385388374329,1252
dmn_within,28,"('Dp1Yey', 'VEH')",50.0,0.7708776667714119,0.7656898275017738,0.7775204576551914,1252
dmn_within,28,"('Dp1Yey', 'VEH')",95.0,0.9025619812309742,0.8952488560043276,0.9070743340998888,1252
dmn_within,28,"('Dp1Yey', 'VEH')",99.0,0.9351563467830419,0.9261916516907513,0.937406413257122,1252
dmn_within,28,"('Dp1Yey', 'LCTB92')",1.0,0.2462268590927124,0.23981552839279174,0.271751104593277,1652
dmn_within,28,"('Dp1Yey', 'LCTB92')",5.0,0.3589095860719681,0.3543898105621338,0.3633976489305496,1652
dmn_within,28,"('Dp1Yey', 'LCTB92')",50.0,0.5734612941741943,0.5669102221727371,0.5794247686862946,1652
dmn_within,28,"('Dp1Yey', 'LCTB92')",95.0,0.7134399890899658,0.7037429824471474,0.7209759056568146,1652
dmn_within,28,"('Dp1Yey', 'LCTB92')",99.0,0.7506095688045025,0.7474373281002045,0.758210763335228,1652
dmn_within,28,"('Dp1Yey', 'VEH')",1.0,0.4509546762704849,0.4441227912902832,0.479311466217041,1652
dmn_within,28,"('Dp1Yey', 'VEH')",5.0,0.5136284738779068,0.5051214098930359,0.519138714671135,1652
dmn_within,28,"('Dp1Yey', 'VEH')",50.0,0.72647824883461,0.7193469859659671,0.7343991491943598,1652
dmn_within,28,"('Dp1Yey', 'VEH')",95.0,0.8369957149028778,0.8332170590758323,0.8443047527037553,1652
dmn_within,28,"('Dp1Yey', 'VEH')",99.0,0.8633044303953648,0.8584611266851425,0.8724976246058941,1652
dmn_within,29,"('Dp1Yey', 'LCTB92')",1.0,0.40180848896503446,0.3878092432022095,0.4290144443511963,1240
dmn_within,29,"('Dp1Yey', 'LCTB92')",5.0,0.44994550943374634,0.44372830986976625,0.458493173122406,1240
dmn_within,29,"('Dp1Yey', 'LCTB92')",50.0,0.7098947912454605,0.7029854953289032,0.7145740687847137,1240
dmn_within,29,"('Dp1Yey', 'LCTB92')",95.0,0.8060804083943366,0.7955044656991959,0.8104720860719681,1240
dmn_within,29,"('Dp1Yey', 'LCTB92')",99.0,0.8320902341604233,0.8240711241960526,0.8399656265974045,1240
dmn_within,29,"('Dp1Yey', 'VEH')",1.0,0.5668269804120064,0.5627367496490479,0.5767045021057129,1240
dmn_within,29,"('Dp1Yey', 'VEH')",5.0,0.6040736541152001,0.5940953195095062,0.6112065017223358,1240
dmn_within,29,"('Dp1Yey', 'VEH')",50.0,0.7685619667172432,0.7634736686944962,0.7740424573421478,1240
dmn_within,29,"('Dp1Yey', 'VEH')",95.0,0.8999064039438963,0.893877100199461,0.904954083263874,1240
dmn_within,29,"('Dp1Yey', 'VEH')",99.0,0.9324652823805806,0.9257963202893732,0.9405861459672451,1240
dmn_within,29,"('Dp1Yey', 'LCTB92')",1.0,0.24463907122612,0.24133288860321045,0.2595300489664078,1640
dmn_within,29,"('Dp1Yey', 'LCTB92')",5.0,0.349680495262146,0.34294700920581817,0.3594425916671753,1640
dmn_within,29,"('Dp1Yey', 'LCTB92')",50.0,0.5665964335203171,0.5611668411642313,0.5739851593971252,1640
dmn_within,29,"('Dp1Yey', 'LCTB92')",95.0,0.7033940985798836,0.6997054132446646,0.7117522656917572,1640
dmn_within,29,"('Dp1Yey', 'LCTB92')",99.0,0.7441242510080337,0.740797925159335,0.749406635761261,1640
dmn_within,29,"('Dp1Yey', 'VEH')",1.0,0.4570597755908966,0.44164180755615234,0.4703133702278137,1640
dmn_within,29,"('Dp1Yey', 'VEH')",5.0,0.5018332496285438,0.49426801994442937,0.5107741384208202,1640
dmn_within,29,"('Dp1Yey', 'VEH')",50.0,0.7198068648576736,0.712045356631279,0.7274383753538132,1640
dmn_within,29,"('Dp1Yey', 'VEH')",95.0,0.8331808105111123,0.8288147248327732,0.8371183641254902,1640
dmn_within,29,"('Dp1Yey', 'VEH')",99.0,0.859718735218048,0.8536794702708721,0.8651355729736387,1640
dmn_within,30,"('Dp1Yey', 'LCTB92')",1.0,0.4203260737657547,0.4048904776573181,0.43075019282102583,1228
dmn_within,30,"('Dp1Yey', 'LCTB92')",5.0,0.4493183076381683,0.4436410665512085,0.4562643766403198,1228
dmn_within,30,"('Dp1Yey', 'LCTB92')",50.0,0.7011333554983139,0.6946871280670166,0.7059568166732788,1228
dmn_within,30,"('Dp1Yey', 'LCTB92')",95.0,0.7933905847370625,0.7856456786394119,0.8009398898109794,1228
dmn_within,30,"('Dp1Yey', 'LCTB92')",99.0,0.8328007560968399,0.8186629715561867,0.8362895155511796,1228
dmn_within,30,"('Dp1Yey', 'VEH')",1.0,0.5707298466563224,0.561238204240799,0.5730557274818421,1228
dmn_within,30,"('Dp1Yey', 'VEH')",5.0,0.5921210244297981,0.5851331859827041,0.5982991755008698,1228
dmn_within,30,"('Dp1Yey', 'VEH')",50.0,0.7667373418807983,0.7633143773302435,0.7732308730483055,1228
dmn_within,30,"('Dp1Yey', 'VEH')",95.0,0.9013024624437094,0.8962424140423536,0.9082553528249263,1228
dmn_within,30,"('Dp1Yey', 'VEH')",99.0,0.928270641118288,0.923228420317173,0.9307469949126244,1228
dmn_within,30,"('Dp1Yey', 'LCTB92')",1.0,0.2496927100419998,0.24266718797385692,0.25894297017157075,1628
dmn_within,30,"('Dp1Yey', 'LCTB92')",5.0,0.3426092088222504,0.3296666443347931,0.3479732275009155,1628
dmn_within,30,"('Dp1Yey', 'LCTB92')",50.0,0.5665891170501709,0.5587049379944802,0.5726311471313238,1628
dmn_within,30,"('Dp1Yey', 'LCTB92')",95.0,0.6986845791339874,0.6951948314905166,0.7067168122529983,1628
dmn_within,30,"('Dp1Yey', 'LCTB92')",99.0,0.7369370621442795,0.7343332701921463,0.7448141574859619,1628
dmn_within,30,"('Dp1Yey', 'VEH')",1.0,0.45978885114192963,0.45152735710144043,0.466859530210495,1628
dmn_within,30,"('Dp1Yey', 'VEH')",5.0,0.49059995710849763,0.48524485230445863,0.49904378652572634,1628
dmn_within,30,"('Dp1Yey', 'VEH')",50.0,0.715111643075943,0.7091733530163765,0.7252187579870224,1628
dmn_within,30,"('Dp1Yey', 'VEH')",95.0,0.8280850723385811,0.8226850299350917,0.8304037996195256,1628
dmn_within,30,"('Dp1Yey', 'VEH')",99.0,0.8534753066301346,0.8472872411869466,0.8573313355445862,1628
dmn_within,31,"('Dp1Yey', 'LCTB92')",1.0,0.4292090207338333,0.41832220554351807,0.43387503623962403,1216
dmn_within,31,"('Dp1Yey', 'LCTB92')",5.0,0.4527081847190857,0.44460688531398773,0.462730273604393,1216
dmn_within,31,"('Dp1Yey', 'LCTB92')",50.0,0.688174307346344,0.6832360178232193,0.6934558004140854,1216
dmn_within,31,"('Dp1Yey', 'LCTB92')",95.0,0.7859909124672413,0.780472919344902,0.7933314144611359,1216
dmn_within,31,"('Dp1Yey', 'LCTB92')",99.0,0.8275255262851714,0.8160782173275947,0.834292913973331,1216
dmn_within,31,"('Dp1Yey', 'VEH')",1.0,0.5691668182611466,0.5660822773724794,0.5730172593519092,1216
dmn_within,31,"('Dp1Yey', 'VEH')",5.0,0.5845524221658707,0.5823636129498482,0.5887536257505417,1216
dmn_within,31,"('Dp1Yey', 'VEH')",50.0,0.7680569812655449,0.7578002363443375,0.773372083902359,1216
dmn_within,31,"('Dp1Yey', 'VEH')",95.0,0.9022478498518467,0.8963023517280817,0.9053764501120894,1216
dmn_within,31,"('Dp1Yey', 'VEH')",99.0,0.91944678761065,0.9159898970276116,0.9236942157149315,1216
dmn_within,31,"('Dp1Yey', 'LCTB92')",1.0,0.2522525191307068,0.24519818723201753,0.2625881403684616,1616
dmn_within,31,"('Dp1Yey', 'LCTB92')",5.0,0.3219732642173767,0.30929864943027496,0.3396972417831421,1616
dmn_within,31,"('Dp1Yey', 'LCTB92')",50.0,0.5684960037469864,0.5611580729484558,0.5746806401759386,1616
dmn_within,31,"('Dp1Yey', 'LCTB92')",95.0,0.6985313221812248,0.6906912367790937,0.7042066752910614,1616
dmn_within,31,"('Dp1Yey', 'LCTB92')",99.0,0.7312019065022468,0.7280187487602233,0.7378481924533844,1616
dmn_within,31,"('Dp1Yey', 'VEH')",1.0,0.4536861091852188,0.4463355541229248,0.4609370827674866,1616
dmn_within,31,"('Dp1Yey', 'VEH')",5.0,0.48247578740119934,0.4779234677553177,0.48929731249809266,1616
dmn_within,31,"('Dp1Yey', 'VEH')",50.0,0.7136646807193756,0.7091071605682373,0.7202602624893188,1616
dmn_within,31,"('Dp1Yey', 'VEH')",95.0,0.8224399574100971,0.8176678568124771,0.8267082199454308,1616
dmn_within,31,"('Dp1Yey', 'VEH')",99.0,0.8455899350345134,0.8399728037416934,0.8547221854329108,1616
dmn_within,32,"('Dp1Yey', 'LCTB92')",1.0,0.432711940407753,0.429920517206192,0.4373128414154053,1204
dmn_within,32,"('Dp1Yey', 'LCTB92')",5.0,0.45263556838035585,0.44807476401329044,0.4578413963317871,1204
dmn_within,32,"('Dp1Yey', 'LCTB92')",50.0,0.6795615404844284,0.6728591304272413,0.6846570439636708,1204
dmn_within,32,"('Dp1Yey', 'LCTB92')",95.0,0.7863243430852889,0.7791036814451218,0.7933128950372338,1204
dmn_within,32,"('Dp1Yey', 'LCTB92')",99.0,0.8184712396562099,0.8136376814544202,0.8272394430637361,1204
dmn_within,32,"('Dp1Yey', 'VEH')",1.0,0.5534726247191429,0.5471755328774452,0.5606268900483847,1204
dmn_within,32,"('Dp1Yey', 'VEH')",5.0,0.5791156515479088,0.5743152797222137,0.5822068512439728,1204
dmn_within,32,"('Dp1Yey', 'VEH')",50.0,0.7640237137675285,0.7531023919582367,0.7716915681958199,1204
dmn_within,32,"('Dp1Yey', 'VEH')",95.0,0.8956066407263279,0.8906303476542234,0.9014298409223556,1204
dmn_within,32,"('Dp1Yey', 'VEH')",99.0,0.915010161548853,0.9104843810554595,0.9178536361455918,1204
dmn_within,32,"('Dp1Yey', 'LCTB92')",1.0,0.25460004806518555,0.249250590801239,0.26407691836357117,1604
dmn_within,32,"('Dp1Yey', 'LCTB92')",5.0,0.30680755972862245,0.2960144281387329,0.3278104692697525,1604
dmn_within,32,"('Dp1Yey', 'LCTB92')",50.0,0.5681373476982117,0.5613363087177277,0.5754782408475876,1604
dmn_within,32,"('Dp1Yey', 'LCTB92')",95.0,0.6978136673569678,0.6873400285840033,0.7059533894062042,1604
dmn_within,32,"('Dp1Yey', 'LCTB92')",99.0,0.7290433937311173,0.7241001687198878,0.7300028368830681,1604
dmn_within,32,"('Dp1Yey', 'VEH')",1.0,0.44364371061325075,0.43601560592651367,0.45229832410812376,1604
dmn_within,32,"('Dp1Yey', 'VEH')",5.0,0.4799909144639969,0.4722700273245573,0.4934278935194016,1604
dmn_within,32,"('Dp1Yey', 'VEH')",50.0,0.711923137307167,0.7067175507545471,0.7160226609557867,1604
dmn_within,32,"('Dp1Yey', 'VEH')",95.0,0.8150638572871685,0.8086110688745975,0.8199583142995834,1604
dmn_within,32,"('Dp1Yey', 'VEH')",99.0,0.8441856980323792,0.8372521907165646,0.848910465836525,1604
dmn_within,33,"('Dp1Yey', 'LCTB92')",1.0,0.43283228218555453,0.42885440587997437,0.43751243114471433,1192
dmn_within,33,"('Dp1Yey', 'LCTB92')",5.0,0.45082238912582395,0.4467271029949188,0.45415972769260404,1192
dmn_within,33,"('Dp1Yey', 'LCTB92')",50.0,0.6679554879665375,0.659670889377594,0.678040936589241,1192
dmn_within,33,"('Dp1Yey', 'LCTB92')",95.0,0.7847306899726391,0.7791197873651982,0.7977159328758718,1192
dmn_within,33,"('Dp1Yey', 'LCTB92')",99.0,0.8191931906342507,0.8136410987377164,0.8222226947546005,1192
dmn_within,33,"('Dp1Yey', 'VEH')",1.0,0.5396433219313621,0.533759355545044,0.5443034744262696,1192
dmn_within,33,"('Dp1Yey', 'VEH')",5.0,0.5626468762755394,0.5567825734615326,0.5697657655924558,1192
dmn_within,33,"('Dp1Yey', 'VEH')",50.0,0.7607283741235733,0.7543762028217316,0.7667443305253983,1192
dmn_within,33,"('Dp1Yey', 'VEH')",95.0,0.8875890407711268,0.8820252003427594,0.8951268713921309,1192
dmn_within,33,"('Dp1Yey', 'VEH')",99.0,0.9122753256559372,0.9065951100736857,0.9165611490607262,1192
dmn_within,33,"('Dp1Yey', 'LCTB92')",1.0,0.25537480890750885,0.24831142008304596,0.2647063672542572,1592
dmn_within,33,"('Dp1Yey', 'LCTB92')",5.0,0.2983085483312607,0.2864387959241867,0.3173659712076187,1592
dmn_within,33,"('Dp1Yey', 'LCTB92')",50.0,0.5680398046970367,0.5606729403138161,0.5736057460308075,1592
dmn_within,33,"('Dp1Yey', 'LCTB92')",95.0,0.6940475910902023,0.6863855183124541,0.6996290981769562,1592
dmn_within,33,"('Dp1Yey', 'LCTB92')",99.0,0.7232324990630149,0.7181875958070157,0.7292436957359314,1592
dmn_within,33,"('Dp1Yey', 'VEH')",1.0,0.42991094291210175,0.4226083755493164,0.4450316363573074,1592
dmn_within,33,"('Dp1Yey', 'VEH')",5.0,0.477500981092453,0.46858251094818115,0.4948053270578385,1592
dmn_within,33,"('Dp1Yey', 'VEH')",50.0,0.7056559175252914,0.7002615205943584,0.7102493744343519,1592
dmn_within,33,"('Dp1Yey', 'VEH')",95.0,0.8046599440276623,0.8018848380818963,0.8122196100652218,1592
dmn_within,33,"('Dp1Yey', 'VEH')",99.0,0.8422582815587519,0.8344870521128176,0.8466641123592853,1592
dmn_within,34,"('Dp1Yey', 'LCTB92')",1.0,0.4218951112031937,0.4145362848043442,0.42651906926929944,1180
dmn_within,34,"('Dp1Yey', 'LCTB92')",5.0,0.44991823434829714,0.4447426199913025,0.4567411878705025,1180
dmn_within,34,"('Dp1Yey', 'LCTB92')",50.0,0.6597631722688675,0.6510359197854996,0.668774763867259,1180
dmn_within,34,"('Dp1Yey', 'LCTB92')",95.0,0.7838507421314717,0.7764038085937499,0.7993046790361404,1180
dmn_within,34,"('Dp1Yey', 'LCTB92')",99.0,0.8176059532165527,0.8139383627474308,0.8201555460691452,1180
dmn_within,34,"('Dp1Yey', 'VEH')",1.0,0.5296722987294197,0.5255742967128754,0.5342709124088287,1180
dmn_within,34,"('Dp1Yey', 'VEH')",5.0,0.5492233321070671,0.5441966950893402,0.5569044589996338,1180
dmn_within,34,"('Dp1Yey', 'VEH')",50.0,0.7559338361024857,0.7510088235139847,0.761215552687645,1180
dmn_within,34,"('Dp1Yey', 'VEH')",95.0,0.880696539953351,0.8743176360055803,0.8848824504762888,1180
dmn_within,34,"('Dp1Yey', 'VEH')",99.0,0.9079485943168402,0.9015195957571268,0.9177038531005383,1180
dmn_within,34,"('Dp1Yey', 'LCTB92')",1.0,0.2546333980560303,0.24935877323150635,0.26244199872016905,1580
dmn_within,34,"('Dp1Yey', 'LCTB92')",5.0,0.3005890190601349,0.2888323664665222,0.31857748262584207,1580
dmn_within,34,"('Dp1Yey', 'LCTB92')",50.0,0.5658679157495499,0.5589476000517607,0.5713932551443577,1580
dmn_within,34,"('Dp1Yey', 'LCTB92')",95.0,0.6903823673725128,0.684255063533783,0.6974008351564407,1580
dmn_within,34,"('Dp1Yey', 'LCTB92')",99.0,0.7232576271891594,0.7175725143924356,0.7312898933887482,1580
dmn_within,34,"('Dp1Yey', 'VEH')",1.0,0.40770785689353944,0.4018554395139217,0.4195050070136785,1580
dmn_within,34,"('Dp1Yey', 'VEH')",5.0,0.48340462148189545,0.47691414654254916,0.5023317709565163,1580
dmn_within,34,"('Dp1Yey', 'VEH')",50.0,0.6995767802000046,0.6952645480632782,0.7048088762909174,1580
dmn_within,34,"('Dp1Yey', 'VEH')",95.0,0.7980144329369068,0.7930006511509419,0.8026491209864616,1580
dmn_within,34,"('Dp1Yey', 'VEH')",99.0,0.8323304446041585,0.8264561431109906,0.8436633795499802,1580
dmn_within,35,"('Dp1Yey', 'LCTB92')",1.0,0.41540345072746276,0.4099347541183233,0.4195156693458557,1168
dmn_within,35,"('Dp1Yey', 'LCTB92')",5.0,0.4483489215373993,0.4363422393798828,0.4562205670028925,1168
dmn_within,35,"('Dp1Yey', 'LCTB92')",50.0,0.6552854776382446,0.6426422845572233,0.6647884517908096,1168
dmn_within,35,"('Dp1Yey', 'LCTB92')",95.0,0.7831956200301647,0.7786115854978561,0.7893981337547302,1168
dmn_within,35,"('Dp1Yey', 'LCTB92')",99.0,0.815504325479269,0.8114023953676224,0.817111000418663,1168
dmn_within,35,"('Dp1Yey', 'VEH')",1.0,0.5218799543380738,0.5174677073955536,0.5240271449461579,1168
dmn_within,35,"('Dp1Yey', 'VEH')",5.0,0.5390096411108971,0.5338996722176671,0.5455762520432472,1168
dmn_within,35,"('Dp1Yey', 'VEH')",50.0,0.751687228679657,0.7465334236621857,0.7573500877246261,1168
dmn_within,35,"('Dp1Yey', 'VEH')",95.0,0.8708016075193881,0.8673419058322906,0.8750837631523609,1168
dmn_within,35,"('Dp1Yey', 'VEH')",99.0,0.9011109595000742,0.8952019076999277,0.9113740399479866,1168
dmn_within,35,"('Dp1Yey', 'LCTB92')",1.0,0.26036302745342255,0.2514076232910156,0.2654319530725479,1568
dmn_within,35,"('Dp1Yey', 'LCTB92')",5.0,0.3025613933801651,0.2952943444252014,0.31453375883400436,1568
dmn_within,35,"('Dp1Yey', 'LCTB92')",50.0,0.5609162747859955,0.556189239025116,0.5668492313474417,1568
dmn_within,35,"('Dp1Yey', 'LCTB92')",95.0,0.6875184699892998,0.6790302142500876,0.6913143694400787,1568
dmn_within,35,"('Dp1Yey', 'LCTB92')",99.0,0.7238538813591001,0.7113718314915894,0.7607424706220627,1568
dmn_within,35,"('Dp1Yey', 'VEH')",1.0,0.39730027854442596,0.38940109965205194,0.40370857417583467,1568
dmn_within,35,"('Dp1Yey', 'VEH')",5.0,0.4868212342262268,0.47457724809646606,0.5093672296777367,1568
dmn_within,35,"('Dp1Yey', 'VEH')",50.0,0.6924720853567123,0.688326895236969,0.6972623042762279,1568
dmn_within,35,"('Dp1Yey', 'VEH')",95.0,0.7903830274939537,0.7866506494581699,0.7962541729211807,1568
dmn_within,35,"('Dp1Yey', 'VEH')",99.0,0.8286321011185646,0.8215336693450809,0.8322671800851822,1568
dmn_within,36,"('Dp1Yey', 'LCTB92')",1.0,0.41510714292526246,0.41223806142807007,0.4182071775197983,1156
dmn_within,36,"('Dp1Yey', 'LCTB92')",5.0,0.43769147992134094,0.4331646114587784,0.4471566081047058,1156
dmn_within,36,"('Dp1Yey', 'LCTB92')",50.0,0.6474339067935944,0.640994518995285,0.6552066374570131,1156
dmn_within,36,"('Dp1Yey', 'LCTB92')",95.0,0.7813171222805977,0.7714648835361004,0.7865616083145142,1156
dmn_within,36,"('Dp1Yey', 'LCTB92')",99.0,0.8099552921950817,0.8053052611649038,0.8122284859418869,1156
dmn_within,36,"('Dp1Yey', 'VEH')",1.0,0.5094550967216491,0.5061370730400085,0.5133024647831916,1156
dmn_within,36,"('Dp1Yey', 'VEH')",5.0,0.5317644327878952,0.5265067838132381,0.5382474847137928,1156
dmn_within,36,"('Dp1Yey', 'VEH')",50.0,0.7464775443077087,0.7419044971466064,0.7524424493312836,1156
dmn_within,36,"('Dp1Yey', 'VEH')",95.0,0.8646064437925816,0.8613263564184308,0.8680526465177536,1156
dmn_within,36,"('Dp1Yey', 'VEH')",99.0,0.8880180425941945,0.8788649563770742,0.901787806302309,1156
dmn_within,36,"('Dp1Yey', 'LCTB92')",1.0,0.2547374367713928,0.23898792266845703,0.264144167304039,1556
dmn_within,36,"('Dp1Yey', 'LCTB92')",5.0,0.3043137192726135,0.29619654044508936,0.31651270389556885,1556
dmn_within,36,"('Dp1Yey', 'LCTB92')",50.0,0.5533536374568939,0.5466685593128204,0.5582753717899323,1556
dmn_within,36,"('Dp1Yey', 'LCTB92')",95.0,0.6801752671599388,0.6722487658262253,0.685729131102562,1556
dmn_within,36,"('Dp1Yey', 'LCTB92')",99.0,0.7241443365812305,0.7103748664259911,0.7840588241815567,1556
dmn_within,36,"('Dp1Yey', 'VEH')",1.0,0.38851648569107056,0.37593376636505127,0.4127852857112885,1556
dmn_within,36,"('Dp1Yey', 'VEH')",5.0,0.48858341574668884,0.476837158203125,0.5125826373696327,1556
dmn_within,36,"('Dp1Yey', 'VEH')",50.0,0.6872240751981735,0.6807654798030853,0.6910332541912794,1556
dmn_within,36,"('Dp1Yey', 'VEH')",95.0,0.7853521443903446,0.7815388329327106,0.7898787409067154,1556
dmn_within,36,"('Dp1Yey', 'VEH')",99.0,0.8182738617062569,0.8068823951296509,0.8233963496983052,1556
dmn_within,37,"('Dp1Yey', 'LCTB92')",1.0,0.4087218356132507,0.40650343894958496,0.41583222210407256,1144
dmn_within,37,"('Dp1Yey', 'LCTB92')",5.0,0.4320221394300461,0.4290015584975481,0.43788325786590576,1144
dmn_within,37,"('Dp1Yey', 'LCTB92')",50.0,0.6430925875902176,0.6338407397270203,0.648854672908783,1144
dmn_within,37,"('Dp1Yey', 'LCTB92')",95.0,0.7726166732609272,0.7649312816560268,0.7796537578105927,1144
dmn_within,37,"('Dp1Yey', 'LCTB92')",99.0,0.8008786633610725,0.7963798217475413,0.8027942478656769,1144
dmn_within,37,"('Dp1Yey', 'VEH')",1.0,0.5031623595952988,0.4916650456190109,0.5107808029651641,1144
dmn_within,37,"('Dp1Yey', 'VEH')",5.0,0.5233945548534393,0.5185433030128479,0.5281197130680084,1144
dmn_within,37,"('Dp1Yey', 'VEH')",50.0,0.7419002950191498,0.7364676747471094,0.7461400628089905,1144
dmn_within,37,"('Dp1Yey', 'VEH')",95.0,0.8572971686720848,0.8529430404491722,0.8603795170783997,1144
dmn_within,37,"('Dp1Yey', 'VEH')",99.0,0.8742021273076533,0.8673761742189526,0.8850201889872551,1144
dmn_within,37,"('Dp1Yey', 'LCTB92')",1.0,0.24048838257789612,0.2315753698348999,0.2619073987007141,1544
dmn_within,37,"('Dp1Yey', 'LCTB92')",5.0,0.3042962372303009,0.297579425573349,0.31536370515823364,1544
dmn_within,37,"('Dp1Yey', 'LCTB92')",50.0,0.5450893193483353,0.5362417150288821,0.5526133924722672,1544
dmn_within,37,"('Dp1Yey', 'LCTB92')",95.0,0.670746774971485,0.6637104928493499,0.6794235776364803,1544
dmn_within,37,"('Dp1Yey', 'LCTB92')",99.0,0.7524864856898784,0.7164791524410248,0.7901692241430283,1544
dmn_within,37,"('Dp1Yey', 'VEH')",1.0,0.39604209542274477,0.3823910355567932,0.4155587828159332,1544
dmn_within,37,"('Dp1Yey', 'VEH')",5.0,0.501204089820385,0.4817070156335831,0.5246191576123238,1544
dmn_within,37,"('Dp1Yey', 'VEH')",50.0,0.6809439957141876,0.6768839955329895,0.6870149970054626,1544
dmn_within,37,"('Dp1Yey', 'VEH')",95.0,0.7810586221516133,0.7767158448696136,0.7834975272417068,1544
dmn_within,37,"('Dp1Yey', 'VEH')",99.0,0.7987072078883647,0.7956942737139762,0.8039592275023458,1544
dmn_within,38,"('Dp1Yey', 'LCTB92')",1.0,0.39262308716773986,0.3885405659675598,0.40277385294437407,1132
dmn_within,38,"('Dp1Yey', 'LCTB92')",5.0,0.42758420705795286,0.42078620493412017,0.430837003365159,1132
dmn_within,38,"('Dp1Yey', 'LCTB92')",50.0,0.633146733045578,0.6268181037157774,0.6386179693043232,1132
dmn_within,38,"('Dp1Yey', 'LCTB92')",95.0,0.7666578084230423,0.7604674436151981,0.7778136387467385,1132
dmn_within,38,"('Dp1Yey', 'LCTB92')",99.0,0.7927590118348599,0.789589678645134,0.7960987248048189,1132
dmn_within,38,"('Dp1Yey', 'VEH')",1.0,0.48954187631607055,0.4847388923168182,0.49669014930725097,1132
dmn_within,38,"('Dp1Yey', 'VEH')",5.0,0.5155408829450607,0.5108721613883972,0.5205842047929764,1132
dmn_within,38,"('Dp1Yey', 'VEH')",50.0,0.7378754615783691,0.7287361271679401,0.7440643906593323,1132
dmn_within,38,"('Dp1Yey', 'VEH')",95.0,0.845871825516224,0.8409752905368806,0.8499861172027885,1132
dmn_within,38,"('Dp1Yey', 'VEH')",99.0,0.8662141247093678,0.8622603097558023,0.8713635206222534,1132
dmn_within,38,"('Dp1Yey', 'LCTB92')",1.0,0.23808566570281983,0.22768980264663696,0.27821226716041564,1532
dmn_within,38,"('Dp1Yey', 'LCTB92')",5.0,0.3042826443910599,0.2972519338130951,0.31166958808898926,1532
dmn_within,38,"('Dp1Yey', 'LCTB92')",50.0,0.5350224822759628,0.5273999571800232,0.5440201926976442,1532
dmn_within,38,"('Dp1Yey', 'LCTB92')",95.0,0.6611805751919747,0.657528540790081,0.6647283434867859,1532
dmn_within,38,"('Dp1Yey', 'LCTB92')",99.0,0.770395861119032,0.7368745803833008,0.7831497490406036,1532
dmn_within,38,"('Dp1Yey', 'VEH')",1.0,0.39320101499557497,0.388558030128479,0.4147089868783951,1532
dmn_within,38,"('Dp1Yey', 'VEH')",5.0,0.5154420182108879,0.49301575958728794,0.530010461807251,1532
dmn_within,38,"('Dp1Yey', 'VEH')",50.0,0.6764163374900818,0.671438604593277,0.6818611275404691,1532
dmn_within,38,"('Dp1Yey', 'VEH')",95.0,0.7738418690860271,0.7696160078048706,0.7772858051210643,1532
dmn_within,38,"('Dp1Yey', 'VEH')",99.0,0.7937366105616093,0.7866458147764206,0.7978782653808594,1532
dmn_within,39,"('Dp1Yey', 'LCTB92')",1.0,0.38015263676643374,0.37907302379608154,0.38672704219818116,1120
dmn_within,39,"('Dp1Yey', 'LCTB92')",5.0,0.4196725100278854,0.40579766035079956,0.42888790667057036,1120
dmn_within,39,"('Dp1Yey', 'LCTB92')",50.0,0.6237298399209976,0.6176112845540047,0.6297388523817062,1120
dmn_within,39,"('Dp1Yey', 'LCTB92')",95.0,0.7642319470643997,0.7583699271269142,0.7688493803143501,1120
dmn_within,39,"('Dp1Yey', 'LCTB92')",99.0,0.790643725246191,0.7868261143565177,0.7942909300327301,1120
dmn_within,39,"('Dp1Yey', 'VEH')",1.0,0.47657516956329343,0.47318798303604126,0.48305025458335876,1120
dmn_within,39,"('Dp1Yey', 'VEH')",5.0,0.5069880485534668,0.4966676026582718,0.5163418811187148,1120
dmn_within,39,"('Dp1Yey', 'VEH')",50.0,0.738913357257843,0.7285143945366144,0.7443042695522308,1120
dmn_within,39,"('Dp1Yey', 'VEH')",95.0,0.8407048381865024,0.8388378567993641,0.8452436029911041,1120
dmn_within,39,"('Dp1Yey', 'VEH')",99.0,0.8625359526276588,0.8575569321475923,0.8692940473556519,1120
dmn_within,39,"('Dp1Yey', 'LCTB92')",1.0,0.2706741267442703,0.24490129947662354,0.28289394855499267,1520
dmn_within,39,"('Dp1Yey', 'LCTB92')",5.0,0.30002422332763673,0.29306137561798096,0.30714224763214587,1520
dmn_within,39,"('Dp1Yey', 'LCTB92')",50.0,0.5300224721431732,0.5219093199819327,0.5381037145853043,1520
dmn_within,39,"('Dp1Yey', 'LCTB92')",95.0,0.6502746358513832,0.6452915042638778,0.6601063206791877,1520
dmn_within,39,"('Dp1Yey', 'LCTB92')",99.0,0.7749697732925415,0.7479516035318368,0.7852768003940582,1520
dmn_within,39,"('Dp1Yey', 'VEH')",1.0,0.3893948668241501,0.3770069479942322,0.4123321771621704,1520
dmn_within,39,"('Dp1Yey', 'VEH')",5.0,0.5217061385512352,0.5080830752849579,0.537139892578125,1520
dmn_within,39,"('Dp1Yey', 'VEH')",50.0,0.6719314157962799,0.6677885949611664,0.6749977298080921,1520
dmn_within,39,"('Dp1Yey', 'VEH')",95.0,0.7664302177727222,0.7608531326055527,0.7695292934775352,1520
dmn_within,39,"('Dp1Yey', 'VEH')",99.0,0.7912196160852908,0.7802292919158935,0.797126367688179,1520
dmn_within,40,"('Dp1Yey', 'LCTB92')",1.0,0.3702227699756622,0.36580371856689453,0.3817683106660843,1108
dmn_within,40,"('Dp1Yey', 'LCTB92')",5.0,0.40192623138427735,0.3950836956501007,0.41345315873622895,1108
dmn_within,40,"('Dp1Yey', 'LCTB92')",50.0,0.6158370971679688,0.6089326784014701,0.6200543642044067,1108
dmn_within,40,"('Dp1Yey', 'LCTB92')",95.0,0.76099369302392,0.7538869231939316,0.7679367810487747,1108
dmn_within,40,"('Dp1Yey', 'LCTB92')",99.0,0.7900258518755436,0.782698399193585,0.7945038080215454,1108
dmn_within,40,"('Dp1Yey', 'VEH')",1.0,0.46282367885112763,0.4565532483160496,0.4669694912433624,1108
dmn_within,40,"('Dp1Yey', 'VEH')",5.0,0.5027984902262688,0.4934564232826233,0.5118562951683998,1108
dmn_within,40,"('Dp1Yey', 'VEH')",50.0,0.7354797571897507,0.7264906167984009,0.741941288113594,1108
dmn_within,40,"('Dp1Yey', 'VEH')",95.0,0.8411957286298275,0.8361979871988297,0.8466749949008225,1108
dmn_within,40,"('Dp1Yey', 'VEH')",99.0,0.8622012376785279,0.8555585525929928,0.8701373785734177,1108
dmn_within,40,"('Dp1Yey', 'LCTB92')",1.0,0.2749998825788498,0.26173579692840576,0.28157607913017274,1508
dmn_within,40,"('Dp1Yey', 'LCTB92')",5.0,0.2964069664478302,0.29192885525524614,0.30356790170073505,1508
dmn_within,40,"('Dp1Yey', 'LCTB92')",50.0,0.5236307382583618,0.5172601994127035,0.528128981590271,1508
dmn_within,40,"('Dp1Yey', 'LCTB92')",95.0,0.6416425198316574,0.6337253525853157,0.6540125012397766,1508
dmn_within,40,"('Dp1Yey', 'LCTB92')",99.0,0.7776026025414468,0.7340856492519379,0.7866175174713135,1508
dmn_within,40,"('Dp1Yey', 'VEH')",1.0,0.3865356832742691,0.36900216341018677,0.4174813514947891,1508
dmn_within,40,"('Dp1Yey', 'VEH')",5.0,0.5262586876749993,0.5164781451225281,0.5417665595188738,1508
dmn_within,40,"('Dp1Yey', 'VEH')",50.0,0.6676237434148788,0.6623563583940267,0.6714877389371395,1508
dmn_within,40,"('Dp1Yey', 'VEH')",95.0,0.7624385714530945,0.7605305740982294,0.7645175009965897,1508
dmn_within,40,"('Dp1Yey', 'VEH')",99.0,0.7805256859958172,0.7751872390508652,0.7891955524682999,1508
dmn_within,41,"('Dp1Yey', 'LCTB92')",1.0,0.3658745765686035,0.3617786645889282,0.3743607997894287,1096
dmn_within,41,"('Dp1Yey', 'LCTB92')",5.0,0.3960108011960983,0.3907073736190796,0.40480154752731323,1096
dmn_within,41,"('Dp1Yey', 'LCTB92')",50.0,0.6042681634426117,0.5975616276264191,0.6111120577901602,1096
dmn_within,41,"('Dp1Yey', 'LCTB92')",95.0,0.7524259313941002,0.7426476180553436,0.7682845443487167,1096
dmn_within,41,"('Dp1Yey', 'LCTB92')",99.0,0.792459437996149,0.7884610876441002,0.7977617546916008,1096
dmn_within,41,"('Dp1Yey', 'VEH')",1.0,0.44485695362091066,0.43698257289826875,0.4542663111537695,1096
dmn_within,41,"('Dp1Yey', 'VEH')",5.0,0.49583832919597626,0.4840308725833893,0.5047100856900215,1096
dmn_within,41,"('Dp1Yey', 'VEH')",50.0,0.7326270490884781,0.7251585882157088,0.7364822328090668,1096
dmn_within,41,"('Dp1Yey', 'VEH')",95.0,0.8391413390636444,0.8330015540122986,0.8459919653832912,1096
dmn_within,41,"('Dp1Yey', 'VEH')",99.0,0.862035235017538,0.85558877363801,0.8668078571557999,1096
dmn_within,41,"('Dp1Yey', 'LCTB92')",1.0,0.27187838554382326,0.2671300768852234,0.27735029757022855,1496
dmn_within,41,"('Dp1Yey', 'LCTB92')",5.0,0.29779376089572906,0.29119010269641876,0.3026650547981262,1496
dmn_within,41,"('Dp1Yey', 'LCTB92')",50.0,0.517742469906807,0.5110516093671322,0.5225675825029612,1496
dmn_within,41,"('Dp1Yey', 'LCTB92')",95.0,0.6323756948113441,0.6225000321865082,0.6510923562571407,1496
dmn_within,41,"('Dp1Yey', 'LCTB92')",99.0,0.780081232637167,0.7198365975916379,0.791932013630867,1496
dmn_within,41,"('Dp1Yey', 'VEH')",1.0,0.4200173497200012,0.37823306024074554,0.42876712098717634,1496
dmn_within,41,"('Dp1Yey', 'VEH')",5.0,0.5316135287284851,0.5234526097774506,0.543255839496851,1496
dmn_within,41,"('Dp1Yey', 'VEH')",50.0,0.6610123962163925,0.6560578644275665,0.6660888195037842,1496
dmn_within,41,"('Dp1Yey', 'VEH')",95.0,0.7586119920015335,0.7527425593696535,0.7619552897289396,1496
dmn_within,41,"('Dp1Yey', 'VEH')",99.0,0.7757262326776981,0.7707125335931778,0.778668672312051,1496
dmn_within,42,"('Dp1Yey', 'LCTB92')",1.0,0.362525172829628,0.35939927875995636,0.36929702416062354,1084
dmn_within,42,"('Dp1Yey', 'LCTB92')",5.0,0.3944148629903793,0.38833115100860593,0.40540540620684623,1084
dmn_within,42,"('Dp1Yey', 'LCTB92')",50.0,0.5940809696912766,0.5888650268316269,0.6007703691720963,1084
dmn_within,42,"('Dp1Yey', 'LCTB92')",95.0,0.7415176630020139,0.7299647331237793,0.7654476553201675,1084
dmn_within,42,"('Dp1Yey', 'LCTB92')",99.0,0.7962657548487186,0.788202105473727,0.806591545343399,1084
dmn_within,42,"('Dp1Yey', 'VEH')",1.0,0.42186933040618896,0.4182561379671097,0.44595895349979403,1084
dmn_within,42,"('Dp1Yey', 'VEH')",5.0,0.4872661590576172,0.4757078170776367,0.499374258518219,1084
dmn_within,42,"('Dp1Yey', 'VEH')",50.0,0.7267681807279587,0.7214566837996245,0.7321960031986237,1084
dmn_within,42,"('Dp1Yey', 'VEH')",95.0,0.8407605290412903,0.8326478600502014,0.8459436556696892,1084
dmn_within,42,"('Dp1Yey', 'VEH')",99.0,0.8599022498726845,0.8561695809662343,0.8623748174309731,1084
dmn_within,42,"('Dp1Yey', 'LCTB92')",1.0,0.271910759806633,0.26510798931121826,0.27632966624200345,1484
dmn_within,42,"('Dp1Yey', 'LCTB92')",5.0,0.29712364375591277,0.2904286801815033,0.30311119556427,1484
dmn_within,42,"('Dp1Yey', 'LCTB92')",50.0,0.5098008662462234,0.5043714344501495,0.514173585921526,1484
dmn_within,42,"('Dp1Yey', 'LCTB92')",95.0,0.6320283889770507,0.6213187769055365,0.6406887173652649,1484
dmn_within,42,"('Dp1Yey', 'LCTB92')",99.0,0.7612957711517812,0.711187743842602,0.7899235683679587,1484
dmn_within,42,"('Dp1Yey', 'VEH')",1.0,0.4228672260046005,0.4190326797962189,0.4416459232568741,1484
dmn_within,42,"('Dp1Yey', 'VEH')",5.0,0.5348036855459213,0.5252027347683906,0.5458088033646344,1484
dmn_within,42,"('Dp1Yey', 'VEH')",50.0,0.6531711220741272,0.649739682674408,0.6596450805664062,1484
dmn_within,42,"('Dp1Yey', 'VEH')",95.0,0.7514118552207946,0.7469160556793213,0.7580149225890636,1484
dmn_within,42,"('Dp1Yey', 'VEH')",99.0,0.7683407542109489,0.7647338400743902,0.7712096527218819,1484
dmn_within,43,"('Dp1Yey', 'LCTB92')",1.0,0.36033731877803804,0.3538819062709808,0.3665832281112671,1072
dmn_within,43,"('Dp1Yey', 'LCTB92')",5.0,0.3969630539417267,0.3867247372865677,0.41271192617714403,1072
dmn_within,43,"('Dp1Yey', 'LCTB92')",50.0,0.588493600487709,0.5786511152982712,0.5948758456856013,1072
dmn_within,43,"('Dp1Yey', 'LCTB92')",95.0,0.7389832779765129,0.72309942394495,0.7565275646746158,1072
dmn_within,43,"('Dp1Yey', 'LCTB92')",99.0,0.7971493563055991,0.791070729792118,0.8075423833727836,1072
dmn_within,43,"('Dp1Yey', 'VEH')",1.0,0.4189626491069794,0.41554212152957914,0.4304878091812134,1072
dmn_within,43,"('Dp1Yey', 'VEH')",5.0,0.4783080041408539,0.45856985755264756,0.4922961384057999,1072
dmn_within,43,"('Dp1Yey', 'VEH')",50.0,0.7172099500894547,0.7083706259727478,0.7246505741029978,1072
dmn_within,43,"('Dp1Yey', 'VEH')",95.0,0.8381570510566234,0.8273916244506836,0.8429034925997257,1072
dmn_within,43,"('Dp1Yey', 'VEH')",99.0,0.8557891702651977,0.8526204080879688,0.8591773830354213,1072
dmn_within,43,"('Dp1Yey', 'LCTB92')",1.0,0.2735155636072159,0.2704885870218277,0.27596171259880065,1472
dmn_within,43,"('Dp1Yey', 'LCTB92')",5.0,0.2906778007745743,0.28604623675346375,0.29993210434913636,1472
dmn_within,43,"('Dp1Yey', 'LCTB92')",50.0,0.5018195509910583,0.49803924560546875,0.5056451857089996,1472
dmn_within,43,"('Dp1Yey', 'LCTB92')",95.0,0.6270881444215775,0.6182897607982161,0.6392615437507629,1472
dmn_within,43,"('Dp1Yey', 'LCTB92')",99.0,0.7438715478777883,0.6851409554481506,0.7694467641413212,1472
dmn_within,43,"('Dp1Yey', 'VEH')",1.0,0.4321030569076538,0.42144272327423093,0.46645528078079224,1472
dmn_within,43,"('Dp1Yey', 'VEH')",5.0,0.5406049460172653,0.5301793496310712,0.5486935093998909,1472
dmn_within,43,"('Dp1Yey', 'VEH')",50.0,0.6495808213949203,0.645903055742383,0.6532026827335358,1472
dmn_within,43,"('Dp1Yey', 'VEH')",95.0,0.7447169184684753,0.7420099511742592,0.7484278361871839,1472
dmn_within,43,"('Dp1Yey', 'VEH')",99.0,0.7647418682277203,0.7606336733698844,0.7659033738076687,1472
dmn_within,44,"('Dp1Yey', 'LCTB92')",1.0,0.35168163537979125,0.34486661970615384,0.3604172111302613,1060
dmn_within,44,"('Dp1Yey', 'LCTB92')",5.0,0.40544313788414,0.3848525881767273,0.4145830929279327,1060
dmn_within,44,"('Dp1Yey', 'LCTB92')",50.0,0.5815869718790054,0.5724050551652908,0.5893015414476395,1060
dmn_within,44,"('Dp1Yey', 'LCTB92')",95.0,0.7395137846469877,0.7189058661460876,0.7547503951564429,1060
dmn_within,44,"('Dp1Yey', 'LCTB92')",99.0,0.7958857198059559,0.7826927471160889,0.8000629991292953,1060
dmn_within,44,"('Dp1Yey', 'VEH')",1.0,0.41694740653038026,0.41499955236911773,0.42102813720703125,1060
dmn_within,44,"('Dp1Yey', 'VEH')",5.0,0.4636708676815033,0.45436049401760104,0.49003841280937194,1060
dmn_within,44,"('Dp1Yey', 'VEH')",50.0,0.7073499411344528,0.700228676199913,0.7135540097951889,1060
dmn_within,44,"('Dp1Yey', 'VEH')",95.0,0.8271363310515879,0.7998809521645308,0.8335652202367783,1060
dmn_within,44,"('Dp1Yey', 'VEH')",99.0,0.8513435071706772,0.8479869939386845,0.8561118870973587,1060
dmn_within,44,"('Dp1Yey', 'LCTB92')",1.0,0.27088296234607695,0.26845812797546387,0.27339357137680054,1460
dmn_within,44,"('Dp1Yey', 'LCTB92')",5.0,0.2838791966438293,0.2798574984073639,0.2929428541660307,1460
dmn_within,44,"('Dp1Yey', 'LCTB92')",50.0,0.49507778882980347,0.49210649728775024,0.4973641037940979,1460
dmn_within,44,"('Dp1Yey', 'LCTB92')",95.0,0.6230170741677283,0.6161410342529415,0.6346625983715057,1460
dmn_within,44,"('Dp1Yey', 'LCTB92')",99.0,0.7007488271594051,0.6804831293523327,0.74907304674387,1460
dmn_within,44,"('Dp1Yey', 'VEH')",1.0,0.4545033448934555,0.4305444359779358,0.4934126138687134,1460
dmn_within,44,"('Dp1Yey', 'VEH')",5.0,0.5412473484873772,0.5344130381941795,0.5495350122451782,1460
dmn_within,44,"('Dp1Yey', 'VEH')",50.0,0.645032599568367,0.6406354159116745,0.6490757763385773,1460
dmn_within,44,"('Dp1Yey', 'VEH')",95.0,0.7391024604439735,0.736824007332325,0.7411181926727295,1460
dmn_within,44,"('Dp1Yey', 'VEH')",99.0,0.7510002727806568,0.7485131371021271,0.757769837975502,1460
dmn_within,45,"('Dp1Yey', 'LCTB92')",1.0,0.3349432909488678,0.3249815934896469,0.35024911880493165,1048
dmn_within,45,"('Dp1Yey', 'LCTB92')",5.0,0.4071941912174225,0.39504295587539673,0.417475815564394,1048
dmn_within,45,"('Dp1Yey', 'LCTB92')",50.0,0.5741445869207382,0.5664177387952805,0.5798940777778625,1048
dmn_within,45,"('Dp1Yey', 'LCTB92')",95.0,0.7312571138143539,0.7175166010856628,0.7498533725738525,1048
dmn_within,45,"('Dp1Yey', 'LCTB92')",99.0,0.786537357866764,0.7782919934391975,0.7952161291241646,1048
dmn_within,45,"('Dp1Yey', 'VEH')",1.0,0.4138205546140671,0.4115187294781208,0.41731337547302244,1048
dmn_within,45,"('Dp1Yey', 'VEH')",5.0,0.4605829894542694,0.4525771886110306,0.4776808887720108,1048
dmn_within,45,"('Dp1Yey', 'VEH')",50.0,0.6979376077651978,0.6875985860824585,0.7049567401409149,1048
dmn_within,45,"('Dp1Yey', 'VEH')",95.0,0.8018167309463025,0.7824603103101253,0.8219485431909561,1048
dmn_within,45,"('Dp1Yey', 'VEH')",99.0,0.8483056056499481,0.8445511239767075,0.8538088235259055,1048
dmn_within,45,"('Dp1Yey', 'LCTB92')",1.0,0.2580286705493927,0.25628358125686646,0.2624889016151428,1448
dmn_within,45,"('Dp1Yey', 'LCTB92')",5.0,0.28201491832733155,0.27798353396356107,0.28674840927124023,1448
dmn_within,45,"('Dp1Yey', 'LCTB92')",50.0,0.48577436804771423,0.48328385353088377,0.48784664273262024,1448
dmn_within,45,"('Dp1Yey', 'LCTB92')",95.0,0.6220929145812988,0.6137788891792297,0.6291633144021033,1448
dmn_within,45,"('Dp1Yey', 'LCTB92')",99.0,0.6896094238758086,0.675040039874613,0.7098669269680976,1448
dmn_within,45,"('Dp1Yey', 'VEH')",1.0,0.48170232892036435,0.4679793292284012,0.4924347221851349,1448
dmn_within,45,"('Dp1Yey', 'VEH')",5.0,0.5434876903891563,0.5325109273195267,0.5496900215744972,1448
dmn_within,45,"('Dp1Yey', 'VEH')",50.0,0.640445351600647,0.6331977255642414,0.6444896854460239,1448
dmn_within,45,"('Dp1Yey', 'VEH')",95.0,0.7283306047320366,0.7252251684665679,0.7315185070037842,1448
dmn_within,45,"('Dp1Yey', 'VEH')",99.0,0.743195127248764,0.7406611144542694,0.7455193996429443,1448
dmn_within,46,"('Dp1Yey', 'LCTB92')",1.0,0.32171777784824374,0.31476861238479614,0.33121885657310485,1036
dmn_within,46,"('Dp1Yey', 'LCTB92')",5.0,0.41085727512836456,0.3931638851761818,0.4240761399269104,1036
dmn_within,46,"('Dp1Yey', 'LCTB92')",50.0,0.5672899931669235,0.560958980768919,0.5737392455339432,1036
dmn_within,46,"('Dp1Yey', 'LCTB92')",95.0,0.7336816936731339,0.7127244472503662,0.741540938615799,1036
dmn_within,46,"('Dp1Yey', 'LCTB92')",99.0,0.7812190592288974,0.7599636167287827,0.7880447007715703,1036
dmn_within,46,"('Dp1Yey', 'VEH')",1.0,0.4100982487201691,0.4062953621149063,0.42262091636657717,1036
dmn_within,46,"('Dp1Yey', 'VEH')",5.0,0.46009962260723114,0.45082587003707886,0.477585569024086,1036
dmn_within,46,"('Dp1Yey', 'VEH')",50.0,0.6873748302459717,0.6720184717327357,0.6950155396014452,1036
dmn_within,46,"('Dp1Yey', 'VEH')",95.0,0.7890778668224812,0.7749791480600834,0.8172571510076523,1036
dmn_within,46,"('Dp1Yey', 'VEH')",99.0,0.8423954144120216,0.8377123112604027,0.8449893981218339,1036
dmn_within,46,"('Dp1Yey', 'LCTB92')",1.0,0.2524998903274536,0.2502506971359253,0.2553384705632925,1436
dmn_within,46,"('Dp1Yey', 'LCTB92')",5.0,0.2803756594657898,0.2772523760795593,0.287672658637166,1436
dmn_within,46,"('Dp1Yey', 'LCTB92')",50.0,0.47745153307914734,0.47325778007507324,0.4819716215133667,1436
dmn_within,46,"('Dp1Yey', 'LCTB92')",95.0,0.613765686750412,0.6063028573989868,0.6296908557415009,1436
dmn_within,46,"('Dp1Yey', 'LCTB92')",99.0,0.6882265329360963,0.6671689420938494,0.6985808968544008,1436
dmn_within,46,"('Dp1Yey', 'VEH')",1.0,0.49366773664951324,0.48548364639282227,0.4999139100313187,1436
dmn_within,46,"('Dp1Yey', 'VEH')",5.0,0.5387655571103096,0.5323946923017502,0.5466790199279785,1436
dmn_within,46,"('Dp1Yey', 'VEH')",50.0,0.6342694759368896,0.6280215084552765,0.6403593122959137,1436
dmn_within,46,"('Dp1Yey', 'VEH')",95.0,0.7157083302736282,0.7114834263920784,0.721489317342639,1436
dmn_within,46,"('Dp1Yey', 'VEH')",99.0,0.7335670992732048,0.7319990217685699,0.7368228748440743,1436
dmn_within,47,"('Dp1Yey', 'LCTB92')",1.0,0.31434359192848205,0.3110935091972351,0.32364268720149997,1024
dmn_within,47,"('Dp1Yey', 'LCTB92')",5.0,0.4160324037075043,0.3905054420232773,0.4207751452922821,1024
dmn_within,47,"('Dp1Yey', 'LCTB92')",50.0,0.5622110664844513,0.5548135560005903,0.570834681391716,1024
dmn_within,47,"('Dp1Yey', 'LCTB92')",95.0,0.7261075124144554,0.7027866840362549,0.7360718965530395,1024
dmn_within,47,"('Dp1Yey', 'LCTB92')",99.0,0.7608464470505714,0.7506485617086291,0.7656401479244231,1024
dmn_within,47,"('Dp1Yey', 'VEH')",1.0,0.419101465344429,0.4053316521644592,0.4291649317741394,1024
dmn_within,47,"('Dp1Yey', 'VEH')",5.0,0.46582324206829073,0.45384703278541566,0.48160773515701294,1024
dmn_within,47,"('Dp1Yey', 'VEH')",50.0,0.6666330397129059,0.6567823193967343,0.6855755001306534,1024
dmn_within,47,"('Dp1Yey', 'VEH')",95.0,0.7821948669850823,0.7736327052116394,0.8093045080825686,1024
dmn_within,47,"('Dp1Yey', 'VEH')",99.0,0.8383435826003551,0.8300774544477463,0.8442241030931472,1024
dmn_within,47,"('Dp1Yey', 'LCTB92')",1.0,0.25168476641178134,0.24831177055835724,0.25603017848730086,1424
dmn_within,47,"('Dp1Yey', 'LCTB92')",5.0,0.2797175765037537,0.2740179032087326,0.2856632182747125,1424
dmn_within,47,"('Dp1Yey', 'LCTB92')",50.0,0.46867600083351135,0.4646955132484436,0.4724200792610645,1424
dmn_within,47,"('Dp1Yey', 'LCTB92')",95.0,0.6107448801398276,0.6021890572458505,0.6289264351502061,1424
dmn_within,47,"('Dp1Yey', 'LCTB92')",99.0,0.6845091632008552,0.6645891067385673,0.6953683373332024,1424
dmn_within,47,"('Dp1Yey', 'VEH')",1.0,0.5009507381916046,0.4966546130180359,0.5057262531295419,1424
dmn_within,47,"('Dp1Yey', 'VEH')",5.0,0.5348466396331787,0.5287979558110237,0.5423352882266045,1424
dmn_within,47,"('Dp1Yey', 'VEH')",50.0,0.6293032318353653,0.6245317757129669,0.6355000436306,1424
dmn_within,47,"('Dp1Yey', 'VEH')",95.0,0.7126725107431411,0.7087443888932466,0.7149388700723648,1424
dmn_within,47,"('Dp1Yey', 'VEH')",99.0,0.7275066909193992,0.7240964478254318,0.729295164346695,1424
dmn_within,48,"('Dp1Yey', 'LCTB92')",1.0,0.31601117193698885,0.3110888600349426,0.32251954078674316,1012
dmn_within,48,"('Dp1Yey', 'LCTB92')",5.0,0.41019870042800904,0.39543059170246125,0.4177827835083008,1012
dmn_within,48,"('Dp1Yey', 'LCTB92')",50.0,0.5582021176815033,0.549376605078578,0.5661490842700004,1012
dmn_within,48,"('Dp1Yey', 'LCTB92')",95.0,0.706749902665615,0.6939291104674339,0.7293149083852767,1012
dmn_within,48,"('Dp1Yey', 'LCTB92')",99.0,0.7518716542422771,0.74759586840868,0.7589037460088729,1012
dmn_within,48,"('Dp1Yey', 'VEH')",1.0,0.4223514002561569,0.41452860057353974,0.4333333516120911,1012
dmn_within,48,"('Dp1Yey', 'VEH')",5.0,0.47853828966617584,0.4588566064834595,0.4932998675853014,1012
dmn_within,48,"('Dp1Yey', 'VEH')",50.0,0.6540403217077255,0.6473633129149675,0.6695170402526855,1012
dmn_within,48,"('Dp1Yey', 'VEH')",95.0,0.7767661675810814,0.772967129945755,0.7965611517429352,1012
dmn_within,48,"('Dp1Yey', 'VEH')",99.0,0.8332677640020847,0.8203358797729016,0.8414328043162823,1012
dmn_within,48,"('Dp1Yey', 'LCTB92')",1.0,0.2534722238779068,0.25050872564315796,0.25965946972370146,1412
dmn_within,48,"('Dp1Yey', 'LCTB92')",5.0,0.2776707857847214,0.27250979401171205,0.28247580528259275,1412
dmn_within,48,"('Dp1Yey', 'LCTB92')",50.0,0.4604494273662567,0.4569889307022095,0.4641086459159851,1412
dmn_within,48,"('Dp1Yey', 'LCTB92')",95.0,0.6066919490695001,0.5925924465060235,0.6297225965186952,1412
dmn_within,48,"('Dp1Yey', 'LCTB92')",99.0,0.6724068266153337,0.6630924046039581,0.6840469837188721,1412
dmn_within,48,"('Dp1Yey', 'VEH')",1.0,0.5035795983672142,0.49785858392715454,0.5095109581947327,1412
dmn_within,48,"('Dp1Yey', 'VEH')",5.0,0.5330973789095879,0.5286230742931366,0.5400654375553131,1412
dmn_within,48,"('Dp1Yey', 'VEH')",50.0,0.6240141838788986,0.619351914897561,0.6304580569267273,1412
dmn_within,48,"('Dp1Yey', 'VEH')",95.0,0.7089588493108749,0.7057767510414124,0.711717477440834,1412
dmn_within,48,"('Dp1Yey', 'VEH')",99.0,0.7236289480328559,0.7198739492893219,0.7245395252108574,1412
dmn_within,49,"('Dp1Yey', 'LCTB92')",1.0,0.3174890238046646,0.313512921333313,0.34060370740294454,1000
dmn_within,49,"('Dp1Yey', 'LCTB92')",5.0,0.40976439118385316,0.3900115072727203,0.4169001042842865,1000
dmn_within,49,"('Dp1Yey', 'LCTB92')",50.0,0.5564952045679092,0.5465236894786358,0.5638214334845543,1000
dmn_within,49,"('Dp1Yey', 'LCTB92')",95.0,0.7056518256664276,0.6942702531814575,0.7177319899201393,1000
dmn_within,49,"('Dp1Yey', 'LCTB92')",99.0,0.7452661275863648,0.7383001068234444,0.7523128241300583,1000
dmn_within,49,"('Dp1Yey', 'VEH')",1.0,0.422926579117775,0.41549956798553467,0.4500875627994537,1000
dmn_within,49,"('Dp1Yey', 'VEH')",5.0,0.4828593134880066,0.4733278751373291,0.49855502545833585,1000
dmn_within,49,"('Dp1Yey', 'VEH')",50.0,0.6461494415998459,0.6386678468436002,0.6582000255584717,1000
dmn_within,49,"('Dp1Yey', 'VEH')",95.0,0.777307252585888,0.7727071940898895,0.786518158018589,1000
dmn_within,49,"('Dp1Yey', 'VEH')",99.0,0.8342033959925175,0.8131603747606277,0.8402265621721744,1000
dmn_within,49,"('Dp1Yey', 'LCTB92')",1.0,0.25718996465206145,0.2501242858171463,0.2591560488939285,1400
dmn_within,49,"('Dp1Yey', 'LCTB92')",5.0,0.2732959032058716,0.2706693530082703,0.2782057821750641,1400
dmn_within,49,"('Dp1Yey', 'LCTB92')",50.0,0.4555661678314209,0.45177221298217773,0.4581523112952709,1400
dmn_within,49,"('Dp1Yey', 'LCTB92')",95.0,0.6013403758406639,0.5859832480549813,0.6321629673242568,1400
dmn_within,49,"('Dp1Yey', 'LCTB92')",99.0,0.6705413830280303,0.6601300010308623,0.6758097794651985,1400
dmn_within,49,"('Dp1Yey', 'VEH')",1.0,0.5017632901668548,0.4958552122116089,0.5119238492846488,1400
dmn_within,49,"('Dp1Yey', 'VEH')",5.0,0.530537086725235,0.5268467610329389,0.5346649989485741,1400
dmn_within,49,"('Dp1Yey', 'VEH')",50.0,0.6195158660411835,0.6145975224673748,0.624661898612976,1400
dmn_within,49,"('Dp1Yey', 'VEH')",95.0,0.704109525680542,0.7006776079535484,0.7101405262947083,1400
dmn_within,49,"('Dp1Yey', 'VEH')",99.0,0.7215445038676261,0.7175266745686532,0.7234373709559441,1400
dmn_within,50,"('Dp1Yey', 'LCTB92')",1.0,0.33486112117767336,0.3146094161272049,0.34991331577301027,988
dmn_within,50,"('Dp1Yey', 'LCTB92')",5.0,0.40904841721057894,0.39240530133247375,0.4148484255373478,988
dmn_within,50,"('Dp1Yey', 'LCTB92')",50.0,0.5534380525350571,0.5429105758666992,0.5622830301523208,988
dmn_within,50,"('Dp1Yey', 'LCTB92')",95.0,0.7020018890500068,0.6924984268471598,0.7135121804848313,988
dmn_within,50,"('Dp1Yey', 'LCTB92')",99.0,0.7387399509549141,0.72869839258492,0.7413506832718849,988
dmn_within,50,"('Dp1Yey', 'VEH')",1.0,0.439699804186821,0.43485246463119986,0.4560073381662369,988
dmn_within,50,"('Dp1Yey', 'VEH')",5.0,0.496369281411171,0.4823755710572004,0.5019500464200973,988
dmn_within,50,"('Dp1Yey', 'VEH')",50.0,0.6375469416379929,0.6323051452636719,0.6514344558119773,988
dmn_within,50,"('Dp1Yey', 'VEH')",95.0,0.7801034778356553,0.7763566061854362,0.7873845988139508,988
dmn_within,50,"('Dp1Yey', 'VEH')",99.0,0.8252437055110932,0.8079820076599717,0.8300614356994629,988
dmn_within,50,"('Dp1Yey', 'LCTB92')",1.0,0.25187209725379944,0.24942822694778444,0.25971615672111514,1388
dmn_within,50,"('Dp1Yey', 'LCTB92')",5.0,0.27341726422309875,0.2711094385385513,0.277637591958046,1388
dmn_within,50,"('Dp1Yey', 'LCTB92')",50.0,0.4491148889064789,0.4456204555928707,0.45249501839280126,1388
dmn_within,50,"('Dp1Yey', 'LCTB92')",95.0,0.5940439701080322,0.5744829995557665,0.6221241354942322,1388
dmn_within,50,"('Dp1Yey', 'LCTB92')",99.0,0.6620326825976366,0.6544689694046969,0.6768038651421666,1388
dmn_within,50,"('Dp1Yey', 'VEH')",1.0,0.5027068603038788,0.5008793771266937,0.5093701183795929,1388
dmn_within,50,"('Dp1Yey', 'VEH')",5.0,0.5284723892807961,0.526362806558609,0.5307241082191467,1388
dmn_within,50,"('Dp1Yey', 'VEH')",50.0,0.6150262355804443,0.6081310212612152,0.6212022304534912,1388
dmn_within,50,"('Dp1Yey', 'VEH')",95.0,0.6996252745389938,0.6934659329801798,0.703759640455246,1388
dmn_within,50,"('Dp1Yey', 'VEH')",99.0,0.7176212692260742,0.7156693947315216,0.7213290631771088,1388
dmn_within,51,"('Dp1Yey', 'LCTB92')",1.0,0.3399019092321396,0.33624929189682007,0.3469738353043795,976
dmn_within,51,"('Dp1Yey', 'LCTB92')",5.0,0.41112759709358215,0.3957085609436035,0.41361552476882935,976
dmn_within,51,"('Dp1Yey', 'LCTB92')",50.0,0.5493611544370651,0.5362846404314041,0.5571441948413849,976
dmn_within,51,"('Dp1Yey', 'LCTB92')",95.0,0.7009682059288025,0.6899460703134537,0.712024062871933,976
dmn_within,51,"('Dp1Yey', 'LCTB92')",99.0,0.729699432849884,0.7225389182567596,0.7361701428890228,976
dmn_within,51,"('Dp1Yey', 'VEH')",1.0,0.46109554171562195,0.4497486352920532,0.47737082839012146,976
dmn_within,51,"('Dp1Yey', 'VEH')",5.0,0.49761033058166504,0.49403202533721924,0.5066051781177521,976
dmn_within,51,"('Dp1Yey', 'VEH')",50.0,0.6306531131267548,0.6242120563983917,0.6476075649261475,976
dmn_within,51,"('Dp1Yey', 'VEH')",95.0,0.7800559662282467,0.7746175974607468,0.7841242365539074,976
dmn_within,51,"('Dp1Yey', 'VEH')",99.0,0.8171943463385105,0.8057223506271839,0.8222559874877333,976
dmn_within,51,"('Dp1Yey', 'LCTB92')",1.0,0.24850916862487793,0.24451595544815063,0.25377658009529114,1376
dmn_within,51,"('Dp1Yey', 'LCTB92')",5.0,0.2732701003551483,0.27115944027900696,0.27666857838630676,1376
dmn_within,51,"('Dp1Yey', 'LCTB92')",50.0,0.4421858787536621,0.43881383538246155,0.4462501108646393,1376
dmn_within,51,"('Dp1Yey', 'LCTB92')",95.0,0.5844228267669678,0.5721952095627785,0.6018774807453156,1376
dmn_within,51,"('Dp1Yey', 'LCTB92')",99.0,0.6431046426296234,0.636981338262558,0.6658071950078011,1376
dmn_within,51,"('Dp1Yey', 'VEH')",1.0,0.5005966946482658,0.49726587533950806,0.5059817060828209,1376
dmn_within,51,"('Dp1Yey', 'VEH')",5.0,0.525910273194313,0.521979883313179,0.528475433588028,1376
dmn_within,51,"('Dp1Yey', 'VEH')",50.0,0.6092924624681473,0.6042889058589935,0.6143832504749298,1376
dmn_within,51,"('Dp1Yey', 'VEH')",95.0,0.696202240884304,0.6885174736380577,0.701381079852581,1376
dmn_within,51,"('Dp1Yey', 'VEH')",99.0,0.7148075103759766,0.711637519299984,0.7182104140520096,1376
dmn_within,52,"('Dp1Yey', 'LCTB92')",1.0,0.34446405589580537,0.34044104278087617,0.35062230288982393,964
dmn_within,52,"('Dp1Yey', 'LCTB92')",5.0,0.40813671350479125,0.4024347811937332,0.413369807600975,964
dmn_within,52,"('Dp1Yey', 'LCTB92')",50.0,0.5436840653419495,0.5330367509275675,0.553802952170372,964
dmn_within,52,"('Dp1Yey', 'LCTB92')",95.0,0.6985300973057746,0.6858294039964673,0.7056612744927406,964
dmn_within,52,"('Dp1Yey', 'LCTB92')",99.0,0.7246902829408646,0.7146783018112183,0.7331010401248932,964
dmn_within,52,"('Dp1Yey', 'VEH')",1.0,0.483905143737793,0.480106395483017,0.49021641492843626,964
dmn_within,52,"('Dp1Yey', 'VEH')",5.0,0.507478442788124,0.4991854727268219,0.5151776373386383,964
dmn_within,52,"('Dp1Yey', 'VEH')",50.0,0.621731698513031,0.6145336329936981,0.6355500668287277,964
dmn_within,52,"('Dp1Yey', 'VEH')",95.0,0.7764263488352299,0.7731967888772487,0.7813511043787003,964
dmn_within,52,"('Dp1Yey', 'VEH')",99.0,0.8086691410839557,0.8042320013046265,0.8109640927612781,964
dmn_within,52,"('Dp1Yey', 'LCTB92')",1.0,0.24670975983142854,0.24396418446302415,0.25290249168872836,1364
dmn_within,52,"('Dp1Yey', 'LCTB92')",5.0,0.272197550535202,0.2665929615497589,0.27873304076492783,1364
dmn_within,52,"('Dp1Yey', 'LCTB92')",50.0,0.43567705154418945,0.4297689199447632,0.4407009482383728,1364
dmn_within,52,"('Dp1Yey', 'LCTB92')",95.0,0.5773055702447891,0.5670292217656969,0.5895341634750366,1364
dmn_within,52,"('Dp1Yey', 'LCTB92')",99.0,0.6214307141304015,0.6137167179584502,0.627779205739498,1364
dmn_within,52,"('Dp1Yey', 'VEH')",1.0,0.4995430564880371,0.4961025357246399,0.5045601010322571,1364
dmn_within,52,"('Dp1Yey', 'VEH')",5.0,0.5227689802646637,0.5185158133134246,0.5256325140595436,1364
dmn_within,52,"('Dp1Yey', 'VEH')",50.0,0.605184018611908,0.5996736660599709,0.6089499592781067,1364
dmn_within,52,"('Dp1Yey', 'VEH')",95.0,0.6888466402888298,0.6805748426169157,0.6943979650735855,1364
dmn_within,52,"('Dp1Yey', 'VEH')",99.0,0.7108344122767448,0.7081392252445221,0.7132036557793616,1364
dmn_within,53,"('Dp1Yey', 'LCTB92')",1.0,0.3523710173368454,0.3495628023147583,0.37025572180747984,952
dmn_within,53,"('Dp1Yey', 'LCTB92')",5.0,0.40071880221366885,0.39619332551956177,0.40385943949222564,952
dmn_within,53,"('Dp1Yey', 'LCTB92')",50.0,0.5395937114953995,0.5300853699445724,0.5488719791173935,952
dmn_within,53,"('Dp1Yey', 'LCTB92')",95.0,0.6919656425714492,0.6723391905426979,0.7022885084152222,952
dmn_within,53,"('Dp1Yey', 'LCTB92')",99.0,0.7166954302787781,0.7120399743318557,0.7279794216156006,952
dmn_within,53,"('Dp1Yey', 'VEH')",1.0,0.49277077555656434,0.48714131116867065,0.4978093636035919,952
dmn_within,53,"('Dp1Yey', 'VEH')",5.0,0.5133483529090881,0.5082683861255646,0.5189117133617401,952
dmn_within,53,"('Dp1Yey', 'VEH')",50.0,0.6160206347703934,0.6099171705543995,0.6263029646128416,952
dmn_within,53,"('Dp1Yey', 'VEH')",95.0,0.7734939530491829,0.7692539095878601,0.776318934559822,952
dmn_within,53,"('Dp1Yey', 'VEH')",99.0,0.8038684213161469,0.7953881357610226,0.808176441192627,952
dmn_within,53,"('Dp1Yey', 'LCTB92')",1.0,0.2506712692975998,0.24759924411773682,0.2532290470600128,1352
dmn_within,53,"('Dp1Yey', 'LCTB92')",5.0,0.2692720413208008,0.263127738237381,0.28611490726470945,1352
dmn_within,53,"('Dp1Yey', 'LCTB92')",50.0,0.42495617270469666,0.4178379774093628,0.43355744406580926,1352
dmn_within,53,"('Dp1Yey', 'LCTB92')",95.0,0.5713673874735833,0.5609469786286354,0.5829140410572291,1352
dmn_within,53,"('Dp1Yey', 'LCTB92')",99.0,0.6130329215526581,0.6082332590371371,0.6170578598976135,1352
dmn_within,53,"('Dp1Yey', 'VEH')",1.0,0.4932506394386291,0.49156453371047976,0.49819504022598265,1352
dmn_within,53,"('Dp1Yey', 'VEH')",5.0,0.5157105028629303,0.5126535296440125,0.5188780784606933,1352
dmn_within,53,"('Dp1Yey', 'VEH')",50.0,0.6024276912212372,0.5977396972477436,0.6067426055669785,1352
dmn_within,53,"('Dp1Yey', 'VEH')",95.0,0.6815034344792366,0.6767584845423699,0.6857799723744393,1352
dmn_within,53,"('Dp1Yey', 'VEH')",99.0,0.7075880163908005,0.7025808089971542,0.711952041387558,1352
dmn_within,54,"('Dp1Yey', 'LCTB92')",1.0,0.35531275629997255,0.35089546501636504,0.3662922054976225,940
dmn_within,54,"('Dp1Yey', 'LCTB92')",5.0,0.3926795423030853,0.38637232780456543,0.3982924811542034,940
dmn_within,54,"('Dp1Yey', 'LCTB92')",50.0,0.5369872450828552,0.523662805557251,0.543623223900795,940
dmn_within,54,"('Dp1Yey', 'LCTB92')",95.0,0.6728789925575256,0.6602585613727568,0.6930535197257994,940
dmn_within,54,"('Dp1Yey', 'LCTB92')",99.0,0.7115258485078811,0.7033835649490356,0.7217005744576455,940
dmn_within,54,"('Dp1Yey', 'VEH')",1.0,0.4986387252807617,0.4932117784023285,0.502140462398529,940
dmn_within,54,"('Dp1Yey', 'VEH')",5.0,0.513526825606823,0.5112807214260101,0.5214161843061447,940
dmn_within,54,"('Dp1Yey', 'VEH')",50.0,0.611480712890625,0.6076961301267148,0.6180863827466965,940
dmn_within,54,"('Dp1Yey', 'VEH')",95.0,0.7708764523267746,0.7617000740952788,0.7741557665541767,940
dmn_within,54,"('Dp1Yey', 'VEH')",99.0,0.7970878528058529,0.7858811905980111,0.8014821043610573,940
dmn_within,54,"('Dp1Yey', 'LCTB92')",1.0,0.2524953192472458,0.25022220849990845,0.2538729714900255,1340
dmn_within,54,"('Dp1Yey', 'LCTB92')",5.0,0.2709096759557724,0.2617469817399979,0.2907582312822342,1340
dmn_within,54,"('Dp1Yey', 'LCTB92')",50.0,0.41296401619911194,0.40913441106677056,0.42011988162994385,1340
dmn_within,54,"('Dp1Yey', 'LCTB92')",95.0,0.5672307401895522,0.5565363138914108,0.5827705711126328,1340
dmn_within,54,"('Dp1Yey', 'LCTB92')",99.0,0.6153813666105269,0.6105319264531135,0.6226756867766378,1340
dmn_within,54,"('Dp1Yey', 'VEH')",1.0,0.48732936203479765,0.48437567710876467,0.49389204601943487,1340
dmn_within,54,"('Dp1Yey', 'VEH')",5.0,0.5093745812773705,0.5059021711349487,0.5126256297156214,1340
dmn_within,54,"('Dp1Yey', 'VEH')",50.0,0.5982060134410858,0.5941607058048248,0.6027511209249496,1340
dmn_within,54,"('Dp1Yey', 'VEH')",95.0,0.6755450770258903,0.6668745875358582,0.6810271441936493,1340
dmn_within,54,"('Dp1Yey', 'VEH')",99.0,0.7034986087679863,0.69682776927948,0.7067538979649544,1340
dmn_within,55,"('Dp1Yey', 'LCTB92')",1.0,0.34608578860759737,0.3397960168123245,0.3544734239578247,928
dmn_within,55,"('Dp1Yey', 'LCTB92')",5.0,0.38724416494369507,0.377954363822937,0.39602792263031006,928
dmn_within,55,"('Dp1Yey', 'LCTB92')",50.0,0.530602291226387,0.5182008594274521,0.5403145402669907,928
dmn_within,55,"('Dp1Yey', 'LCTB92')",95.0,0.6655547499656677,0.6502192697301507,0.6747729435563087,928
dmn_within,55,"('Dp1Yey', 'LCTB92')",99.0,0.7054924485087395,0.696384996175766,0.7120423793792725,928
dmn_within,55,"('Dp1Yey', 'VEH')",1.0,0.49816703975200655,0.4894286501407623,0.5043519139289856,928
dmn_within,55,"('Dp1Yey', 'VEH')",5.0,0.5146385282278061,0.5114473700523376,0.5192377388477325,928
dmn_within,55,"('Dp1Yey', 'VEH')",50.0,0.608913317322731,0.605747863650322,0.6120587479323149,928
dmn_within,55,"('Dp1Yey', 'VEH')",95.0,0.7625684224069118,0.754639795422554,0.7677441537380219,928
dmn_within,55,"('Dp1Yey', 'VEH')",99.0,0.7893258883059024,0.7780703309178353,0.7956371945142746,928
dmn_within,55,"('Dp1Yey', 'LCTB92')",1.0,0.24826622664928436,0.24649593353271484,0.2513798222094774,1328
dmn_within,55,"('Dp1Yey', 'LCTB92')",5.0,0.2802359461784363,0.26445627212524414,0.29431450366973877,1328
dmn_within,55,"('Dp1Yey', 'LCTB92')",50.0,0.40489712357521057,0.4017573595046997,0.40906286239624023,1328
dmn_within,55,"('Dp1Yey', 'LCTB92')",95.0,0.5634500503540038,0.5528627693653104,0.5840151101350783,1328
dmn_within,55,"('Dp1Yey', 'LCTB92')",99.0,0.6205972224473953,0.612408007979393,0.6249090531468392,1328
dmn_within,55,"('Dp1Yey', 'VEH')",1.0,0.48522989094257357,0.4823246937990189,0.48908513724803926,1328
dmn_within,55,"('Dp1Yey', 'VEH')",5.0,0.5028637453913689,0.49856351912021635,0.5084426864981652,1328
dmn_within,55,"('Dp1Yey', 'VEH')",50.0,0.593915268778801,0.58983314037323,0.5976380541920662,1328
dmn_within,55,"('Dp1Yey', 'VEH')",95.0,0.6679834723472595,0.662728754170239,0.6736025214195251,1328
dmn_within,55,"('Dp1Yey', 'VEH')",99.0,0.6966342416405679,0.6897055038809776,0.7061320143938065,1328
dmn_within,56,"('Dp1Yey', 'LCTB92')",1.0,0.339176207780838,0.3368632197380066,0.3430643081665039,916
dmn_within,56,"('Dp1Yey', 'LCTB92')",5.0,0.3848818689584732,0.3729025274515152,0.3975844383239746,916
dmn_within,56,"('Dp1Yey', 'LCTB92')",50.0,0.5262044072151184,0.5100760459899902,0.5369113236665726,916
dmn_within,56,"('Dp1Yey', 'LCTB92')",95.0,0.6544793024659157,0.6453638970851898,0.661417044699192,916
dmn_within,56,"('Dp1Yey', 'LCTB92')",99.0,0.6906507715582848,0.6847346037626267,0.6962434262037277,916
dmn_within,56,"('Dp1Yey', 'VEH')",1.0,0.5033568710088729,0.4845638185739517,0.5063098162412644,916
dmn_within,56,"('Dp1Yey', 'VEH')",5.0,0.5163874924182892,0.5131285488605499,0.5209653452038765,916
dmn_within,56,"('Dp1Yey', 'VEH')",50.0,0.6056958585977554,0.6027203626930714,0.6091437935829163,916
dmn_within,56,"('Dp1Yey', 'VEH')",95.0,0.756055474281311,0.742809921503067,0.7611135106533765,916
dmn_within,56,"('Dp1Yey', 'VEH')",99.0,0.7824713364243507,0.7724336760863661,0.7852601997554303,916
dmn_within,56,"('Dp1Yey', 'LCTB92')",1.0,0.25078455805778505,0.24913253784179687,0.2544886410236359,1316
dmn_within,56,"('Dp1Yey', 'LCTB92')",5.0,0.2883461266756058,0.275097131729126,0.29775482416152954,1316
dmn_within,56,"('Dp1Yey', 'LCTB92')",50.0,0.40135458111763,0.39771148562431335,0.4052446447312832,1316
dmn_within,56,"('Dp1Yey', 'LCTB92')",95.0,0.5623714327812195,0.5406886637210846,0.5704659223556519,1316
dmn_within,56,"('Dp1Yey', 'LCTB92')",99.0,0.623210299015045,0.6163698211312294,0.6259482309222221,1316
dmn_within,56,"('Dp1Yey', 'VEH')",1.0,0.4785077959299088,0.4729005604982376,0.48280598521232604,1316
dmn_within,56,"('Dp1Yey', 'VEH')",5.0,0.49679751694202423,0.4924285411834717,0.50027746707201,1316
dmn_within,56,"('Dp1Yey', 'VEH')",50.0,0.5912743359804153,0.5858315974473953,0.5959256291389465,1316
dmn_within,56,"('Dp1Yey', 'VEH')",95.0,0.6624703407287598,0.6576556265354156,0.6676089316606522,1316
dmn_within,56,"('Dp1Yey', 'VEH')",99.0,0.6871091783046721,0.6786727905273438,0.695353627204895,1316
dmn_within,57,"('Dp1Yey', 'LCTB92')",1.0,0.3407625794410706,0.3379369229078293,0.34220099449157715,904
dmn_within,57,"('Dp1Yey', 'LCTB92')",5.0,0.3900803804397583,0.38017735481262205,0.4016457836329937,904
dmn_within,57,"('Dp1Yey', 'LCTB92')",50.0,0.5196361541748047,0.5042113840579987,0.5342883478850127,904
dmn_within,57,"('Dp1Yey', 'LCTB92')",95.0,0.6472186684608459,0.6361357271671295,0.6504612267017365,904
dmn_within,57,"('Dp1Yey', 'LCTB92')",99.0,0.6758554884791375,0.6687147617340088,0.6800279653072357,904
dmn_within,57,"('Dp1Yey', 'VEH')",1.0,0.49486734747886657,0.488962219953537,0.5059103018045426,904
dmn_within,57,"('Dp1Yey', 'VEH')",5.0,0.5188887223601342,0.5144858226180077,0.5235264003276825,904
dmn_within,57,"('Dp1Yey', 'VEH')",50.0,0.6021673232316971,0.5983080565929413,0.6065101943910122,904
dmn_within,57,"('Dp1Yey', 'VEH')",95.0,0.7361422270536423,0.7270749509334564,0.7518988847732544,904
dmn_within,57,"('Dp1Yey', 'VEH')",99.0,0.7668484455347061,0.7624417416751386,0.769937993735075,904
dmn_within,57,"('Dp1Yey', 'LCTB92')",1.0,0.25541749894618987,0.2536033755540848,0.2577052712440491,1304
dmn_within,57,"('Dp1Yey', 'LCTB92')",5.0,0.28997802734375,0.2848969956487417,0.3260280579328537,1304
dmn_within,57,"('Dp1Yey', 'LCTB92')",50.0,0.3964722156524658,0.3925522267818451,0.4009404808282852,1304
dmn_within,57,"('Dp1Yey', 'LCTB92')",95.0,0.5574289843440055,0.5373825892806052,0.5682761326432226,1304
dmn_within,57,"('Dp1Yey', 'LCTB92')",99.0,0.6166727191209793,0.6047659814357758,0.6271090027689934,1304
dmn_within,57,"('Dp1Yey', 'VEH')",1.0,0.468596248626709,0.46558063447475434,0.47363992246985437,1304
dmn_within,57,"('Dp1Yey', 'VEH')",5.0,0.49182058572769166,0.4854122340679169,0.4958110362291336,1304
dmn_within,57,"('Dp1Yey', 'VEH')",50.0,0.5893315374851227,0.5839307542890311,0.5950217545032501,1304
dmn_within,57,"('Dp1Yey', 'VEH')",95.0,0.657588392496109,0.6535602785274386,0.6611782908439636,1304
dmn_within,57,"('Dp1Yey', 'VEH')",99.0,0.6770424839854241,0.6712186276614667,0.6825005462765694,1304
dmn_within,58,"('Dp1Yey', 'LCTB92')",1.0,0.345043762922287,0.3406553268432617,0.3535131812095642,892
dmn_within,58,"('Dp1Yey', 'LCTB92')",5.0,0.39205715954303744,0.38558173179626465,0.3994181974977255,892
dmn_within,58,"('Dp1Yey', 'LCTB92')",50.0,0.5184887796640396,0.5002897083759308,0.5279787018895149,892
dmn_within,58,"('Dp1Yey', 'LCTB92')",95.0,0.6328129962086677,0.6297381147742271,0.6418164092302321,892
dmn_within,58,"('Dp1Yey', 'LCTB92')",99.0,0.6568992483615876,0.6512428757548333,0.6721906065940857,892
dmn_within,58,"('Dp1Yey', 'VEH')",1.0,0.4968533790111542,0.4941283094882965,0.5046315667033195,892
dmn_within,58,"('Dp1Yey', 'VEH')",5.0,0.521946533024311,0.5166898667812347,0.5254559606313706,892
dmn_within,58,"('Dp1Yey', 'VEH')",50.0,0.5990718603134155,0.5947904139757156,0.6026088040322065,892
dmn_within,58,"('Dp1Yey', 'VEH')",95.0,0.7203841894865035,0.7156754150986671,0.7347907945513724,892
dmn_within,58,"('Dp1Yey', 'VEH')",99.0,0.7548999404907227,0.751100167632103,0.7620976269245148,892
dmn_within,58,"('Dp1Yey', 'LCTB92')",1.0,0.2569223552942276,0.2545422911643982,0.2609170079231262,1292
dmn_within,58,"('Dp1Yey', 'LCTB92')",5.0,0.29945371150970457,0.28832152485847473,0.3199361264705658,1292
dmn_within,58,"('Dp1Yey', 'LCTB92')",50.0,0.3922404944896698,0.38795178309082984,0.3987433075904846,1292
dmn_within,58,"('Dp1Yey', 'LCTB92')",95.0,0.5541851490736008,0.5365266366675497,0.5662939339876175,1292
dmn_within,58,"('Dp1Yey', 'LCTB92')",99.0,0.5984075644612311,0.5890616774559021,0.606914758682251,1292
dmn_within,58,"('Dp1Yey', 'VEH')",1.0,0.4640790843963623,0.4627847516536713,0.4653399306535721,1292
dmn_within,58,"('Dp1Yey', 'VEH')",5.0,0.48856174051761625,0.4790870249271393,0.4959025505930185,1292
dmn_within,58,"('Dp1Yey', 'VEH')",50.0,0.5853710174560547,0.5800172846764327,0.5897814333438873,1292
dmn_within,58,"('Dp1Yey', 'VEH')",95.0,0.6509239032864571,0.6480361971259118,0.6559601128101349,1292
dmn_within,58,"('Dp1Yey', 'VEH')",99.0,0.6671712073683738,0.6627259212732315,0.6699633002281189,1292
dmn_within,59,"('Dp1Yey', 'LCTB92')",1.0,0.35707755863666535,0.3488178253173828,0.36283997893333436,880
dmn_within,59,"('Dp1Yey', 'LCTB92')",5.0,0.3913779228925705,0.38511329889297485,0.3995278477668762,880
dmn_within,59,"('Dp1Yey', 'LCTB92')",50.0,0.5113978981971741,0.4990632236003876,0.5205060504376888,880
dmn_within,59,"('Dp1Yey', 'LCTB92')",95.0,0.628004164993763,0.6238580775260925,0.6323337450623512,880
dmn_within,59,"('Dp1Yey', 'LCTB92')",99.0,0.6505466079711915,0.6459776356816292,0.6516889333724976,880
dmn_within,59,"('Dp1Yey', 'VEH')",1.0,0.4985523593425751,0.49188417196273804,0.5049063265323639,880
dmn_within,59,"('Dp1Yey', 'VEH')",5.0,0.5220587715506554,0.5156303673982621,0.5244330376386642,880
dmn_within,59,"('Dp1Yey', 'VEH')",50.0,0.5956720113754272,0.5911695875227452,0.5993517488241196,880
dmn_within,59,"('Dp1Yey', 'VEH')",95.0,0.7131439685821533,0.7073005601763724,0.7184726238250732,880
dmn_within,59,"('Dp1Yey', 'VEH')",99.0,0.748924497961998,0.7420018875598907,0.7514006942510605,880
dmn_within,59,"('Dp1Yey', 'LCTB92')",1.0,0.26120465755462646,0.25829243659973145,0.2727945739030838,1280
dmn_within,59,"('Dp1Yey', 'LCTB92')",5.0,0.3081222504377365,0.29605144560337066,0.31431873805820937,1280
dmn_within,59,"('Dp1Yey', 'LCTB92')",50.0,0.3888916075229645,0.38422685861587524,0.39420867189764974,1280
dmn_within,59,"('Dp1Yey', 'LCTB92')",95.0,0.5436918810009956,0.5319913983345032,0.5649262231215835,1280
dmn_within,59,"('Dp1Yey', 'LCTB92')",99.0,0.5832579720020294,0.579222054474056,0.5972275733947754,1280
dmn_within,59,"('Dp1Yey', 'VEH')",1.0,0.4612704938650131,0.4588471257686615,0.46348442673683166,1280
dmn_within,59,"('Dp1Yey', 'VEH')",5.0,0.4767305672168732,0.4685114026069641,0.4895019084215164,1280
dmn_within,59,"('Dp1Yey', 'VEH')",50.0,0.5818887650966644,0.5778530985116959,0.5857863575220108,1280
dmn_within,59,"('Dp1Yey', 'VEH')",95.0,0.6451056405901908,0.6419500568509101,0.6483004152774811,1280
dmn_within,59,"('Dp1Yey', 'VEH')",99.0,0.6608093720674515,0.656622382491827,0.6634666323661804,1280
dmn_within,5,"('Dp1Yey', 'LCTB92')",1.0,0.7517051462829113,0.7363677620887756,0.7679053282737732,1528
dmn_within,5,"('Dp1Yey', 'LCTB92')",5.0,0.8183317311108113,0.8084969066083432,0.8312200104258954,1528
dmn_within,5,"('Dp1Yey', 'LCTB92')",50.0,0.9598181862384081,0.956193782389164,0.9640002809464931,1528
dmn_within,5,"('Dp1Yey', 'LCTB92')",95.0,1.034173494577408,1.030791787430644,1.0394583203457295,1528
dmn_within,5,"('Dp1Yey', 'LCTB92')",99.0,1.0608573964610697,1.0546866735070943,1.0672896653413773,1528
dmn_within,5,"('Dp1Yey', 'VEH')",1.0,0.7677267390489578,0.7374125123023987,0.7908795312047004,1528
dmn_within,5,"('Dp1Yey', 'VEH')",5.0,0.8599255830049515,0.8500003457069397,0.8681924863904714,1528
dmn_within,5,"('Dp1Yey', 'VEH')",50.0,0.9797883061692119,0.9762400975450873,0.9836703015258536,1528
dmn_within,5,"('Dp1Yey', 'VEH')",95.0,1.041614924930036,1.0399151977151633,1.0452023351565003,1528
dmn_within,5,"('Dp1Yey', 'VEH')",99.0,1.0617394001781941,1.0553602885063738,1.066597357392311,1528
dmn_within,5,"('Dp1Yey', 'LCTB92')",1.0,0.5115336644649505,0.49729240119457246,0.5380414691567421,1928
dmn_within,5,"('Dp1Yey', 'LCTB92')",5.0,0.6498300030827522,0.6338475942611694,0.6666177213191986,1928
dmn_within,5,"('Dp1Yey', 'LCTB92')",50.0,0.9095894135534763,0.9040568694472313,0.9163037836551666,1928
dmn_within,5,"('Dp1Yey', 'LCTB92')",95.0,1.0215175647288561,1.016272272914648,1.0257839903212151,1928
dmn_within,5,"('Dp1Yey', 'LCTB92')",99.0,1.0514530209451913,1.0466886907815933,1.0546044372022152,1928
dmn_within,5,"('Dp1Yey', 'VEH')",1.0,0.7305529350042343,0.6857807338237762,0.7608938185870647,1928
dmn_within,5,"('Dp1Yey', 'VEH')",5.0,0.8337882854044437,0.8272295892238617,0.846424805521965,1928
dmn_within,5,"('Dp1Yey', 'VEH')",50.0,0.9696627808734775,0.9667565868236124,0.9724619198590517,1928
dmn_within,5,"('Dp1Yey', 'VEH')",95.0,1.04676418248564,1.0430754734342917,1.0505455326288937,1928
dmn_within,5,"('Dp1Yey', 'VEH')",99.0,1.070032523497939,1.0665659215301275,1.075705885887146,1928
dmn_within,60,"('Dp1Yey', 'LCTB92')",1.0,0.36277283132076266,0.3515937924385071,0.3714878410100937,868
dmn_within,60,"('Dp1Yey', 'LCTB92')",5.0,0.3933022230863571,0.384088996052742,0.3998802244663239,868
dmn_within,60,"('Dp1Yey', 'LCTB92')",50.0,0.5057752579450607,0.49906569719314575,0.5168213546276093,868
dmn_within,60,"('Dp1Yey', 'LCTB92')",95.0,0.6213274106383324,0.6167927026748657,0.6268232762813568,868
dmn_within,60,"('Dp1Yey', 'LCTB92')",99.0,0.6351623034477234,0.6312692177295685,0.6417284905910492,868
dmn_within,60,"('Dp1Yey', 'VEH')",1.0,0.5045657989382744,0.4963287115097046,0.5081064403057098,868
dmn_within,60,"('Dp1Yey', 'VEH')",5.0,0.5163420960307121,0.5115648508071899,0.5203588336706162,868
dmn_within,60,"('Dp1Yey', 'VEH')",50.0,0.5922505110502243,0.586289718747139,0.5967442695051431,868
dmn_within,60,"('Dp1Yey', 'VEH')",95.0,0.707463389635086,0.6997728645801544,0.7159322649240494,868
dmn_within,60,"('Dp1Yey', 'VEH')",99.0,0.7388530817627907,0.7306870818138123,0.7422938942909241,868
dmn_within,60,"('Dp1Yey', 'LCTB92')",1.0,0.2701311296224594,0.2599073052406311,0.28865667930245387,1268
dmn_within,60,"('Dp1Yey', 'LCTB92')",5.0,0.30618093013763426,0.30235177278518677,0.3089414119720459,1268
dmn_within,60,"('Dp1Yey', 'LCTB92')",50.0,0.3856380879878998,0.3812853693962097,0.39051467180252075,1268
dmn_within,60,"('Dp1Yey', 'LCTB92')",95.0,0.5405137121677398,0.531146880686283,0.5520131543278692,1268
dmn_within,60,"('Dp1Yey', 'LCTB92')",99.0,0.5785846570134162,0.5729530173465608,0.5829732120037079,1268
dmn_within,60,"('Dp1Yey', 'VEH')",1.0,0.459964212179184,0.45703357458114624,0.46153342723846436,1268
dmn_within,60,"('Dp1Yey', 'VEH')",5.0,0.46841215789318086,0.4656778335571289,0.47196188271045686,1268
dmn_within,60,"('Dp1Yey', 'VEH')",50.0,0.5759402066469193,0.5716829005628824,0.580627903342247,1268
dmn_within,60,"('Dp1Yey', 'VEH')",95.0,0.6407623067498207,0.6384604623913764,0.6433249190449715,1268
dmn_within,60,"('Dp1Yey', 'VEH')",99.0,0.6559066781401633,0.6502411067485809,0.6581267714500427,1268
dmn_within,61,"('Dp1Yey', 'LCTB92')",1.0,0.3669025212526321,0.3640180230140686,0.37180645763874054,856
dmn_within,61,"('Dp1Yey', 'LCTB92')",5.0,0.39381128549575806,0.3878982663154602,0.3996600117534399,856
dmn_within,61,"('Dp1Yey', 'LCTB92')",50.0,0.5033821910619736,0.4981520362198353,0.5104641512036323,856
dmn_within,61,"('Dp1Yey', 'LCTB92')",95.0,0.6150369569659233,0.6125669106841087,0.6171466352418065,856
dmn_within,61,"('Dp1Yey', 'LCTB92')",99.0,0.6260777041316032,0.6235656641423702,0.6295337378978729,856
dmn_within,61,"('Dp1Yey', 'VEH')",1.0,0.5033912703394889,0.5019743740558624,0.5068388879299164,856
dmn_within,61,"('Dp1Yey', 'VEH')",5.0,0.5142756402492523,0.5102446377277374,0.5195026695728302,856
dmn_within,61,"('Dp1Yey', 'VEH')",50.0,0.5897984355688095,0.5847473293542862,0.5962069142609835,856
dmn_within,61,"('Dp1Yey', 'VEH')",95.0,0.7031617686152458,0.6970814540982246,0.7099284753203392,856
dmn_within,61,"('Dp1Yey', 'VEH')",99.0,0.7264013886451722,0.7215714156627655,0.7342364192008972,856
dmn_within,61,"('Dp1Yey', 'LCTB92')",1.0,0.28238924145698546,0.27576208114624023,0.29117101430892944,1256
dmn_within,61,"('Dp1Yey', 'LCTB92')",5.0,0.30164313316345215,0.29905015230178833,0.30375367403030396,1256
dmn_within,61,"('Dp1Yey', 'LCTB92')",50.0,0.3834742307662964,0.3790732130408287,0.3872887745499611,1256
dmn_within,61,"('Dp1Yey', 'LCTB92')",95.0,0.5402903258800507,0.5245298977941275,0.5495370626449585,1256
dmn_within,61,"('Dp1Yey', 'LCTB92')",99.0,0.5738514468073845,0.56386154409498,0.5810116574168206,1256
dmn_within,61,"('Dp1Yey', 'VEH')",1.0,0.4564894467592239,0.45400418937206266,0.45937204360961914,1256
dmn_within,61,"('Dp1Yey', 'VEH')",5.0,0.4657324552536011,0.4641006886959076,0.4678857624530792,1256
dmn_within,61,"('Dp1Yey', 'VEH')",50.0,0.5714309811592102,0.5685456190258265,0.5750134289264679,1256
dmn_within,61,"('Dp1Yey', 'VEH')",95.0,0.6373595967888832,0.6339716613292694,0.6402350844815373,1256
dmn_within,61,"('Dp1Yey', 'VEH')",99.0,0.6505077123641968,0.6468029335141182,0.6533221006393433,1256
dmn_within,62,"('Dp1Yey', 'LCTB92')",1.0,0.3686699330806732,0.36643534898757935,0.3740622401237488,844
dmn_within,62,"('Dp1Yey', 'LCTB92')",5.0,0.3915529787540436,0.38367950916290283,0.4002160459756851,844
dmn_within,62,"('Dp1Yey', 'LCTB92')",50.0,0.5014370381832123,0.4940109886229038,0.5098363608121872,844
dmn_within,62,"('Dp1Yey', 'LCTB92')",95.0,0.6099019765853881,0.607446551322937,0.6116130352020264,844
dmn_within,62,"('Dp1Yey', 'LCTB92')",99.0,0.6171189746260642,0.6146892032027245,0.6193126142024994,844
dmn_within,62,"('Dp1Yey', 'VEH')",1.0,0.5041462355852127,0.5007414519786835,0.5073312520980835,844
dmn_within,62,"('Dp1Yey', 'VEH')",5.0,0.5133953377604484,0.510398180373013,0.5189168530330062,844
dmn_within,62,"('Dp1Yey', 'VEH')",50.0,0.5907317698001862,0.5852107211947442,0.5963064879179001,844
dmn_within,62,"('Dp1Yey', 'VEH')",95.0,0.6999854281544685,0.6957008896768092,0.704704445078969,844
dmn_within,62,"('Dp1Yey', 'VEH')",99.0,0.7198069033026693,0.7120069906115531,0.7234470331072805,844
dmn_within,62,"('Dp1Yey', 'LCTB92')",1.0,0.2832272863388062,0.2812686836719513,0.2851558184623718,1244
dmn_within,62,"('Dp1Yey', 'LCTB92')",5.0,0.29656808972358706,0.2931008994579315,0.2997284770011902,1244
dmn_within,62,"('Dp1Yey', 'LCTB92')",50.0,0.38085660338401794,0.3758280277252197,0.38527828454971313,1244
dmn_within,62,"('Dp1Yey', 'LCTB92')",95.0,0.5386493891477584,0.5204653143882751,0.5457662254571914,1244
dmn_within,62,"('Dp1Yey', 'LCTB92')",99.0,0.5705000436305997,0.5599173507094383,0.5809182524681091,1244
dmn_within,62,"('Dp1Yey', 'VEH')",1.0,0.45301435112953187,0.4508716928958893,0.45547317862510683,1244
dmn_within,62,"('Dp1Yey', 'VEH')",5.0,0.46261513531208037,0.4603278637677431,0.4659385078400374,1244
dmn_within,62,"('Dp1Yey', 'VEH')",50.0,0.5678092539310455,0.56496656909585,0.5709647387266159,1244
dmn_within,62,"('Dp1Yey', 'VEH')",95.0,0.6338468104600906,0.6319224581122398,0.6361398324370384,1244
dmn_within,62,"('Dp1Yey', 'VEH')",99.0,0.6457118371129036,0.6413726806640625,0.6500192880630493,1244
dmn_within,63,"('Dp1Yey', 'LCTB92')",1.0,0.37224729359149933,0.3685685992240906,0.37718353348970407,832
dmn_within,63,"('Dp1Yey', 'LCTB92')",5.0,0.3913964778184891,0.38675058186054234,0.39645369350910187,832
dmn_within,63,"('Dp1Yey', 'LCTB92')",50.0,0.49925291538238525,0.49001455307006836,0.5126244425773621,832
dmn_within,63,"('Dp1Yey', 'LCTB92')",95.0,0.6053632870316505,0.6032047424092889,0.6069590414315462,832
dmn_within,63,"('Dp1Yey', 'LCTB92')",99.0,0.6149050372838973,0.6107042095065116,0.6235917806625366,832
dmn_within,63,"('Dp1Yey', 'VEH')",1.0,0.5035309466719627,0.5015124678611755,0.5051651498675347,832
dmn_within,63,"('Dp1Yey', 'VEH')",5.0,0.5096907004714012,0.5081136435270309,0.5114676356315613,832
dmn_within,63,"('Dp1Yey', 'VEH')",50.0,0.591460108757019,0.5863945368677378,0.5971334874629974,832
dmn_within,63,"('Dp1Yey', 'VEH')",95.0,0.6925554484128952,0.6872438102960586,0.6976600125432014,832
dmn_within,63,"('Dp1Yey', 'VEH')",99.0,0.7116287475824356,0.7046706727147102,0.7193502998352049,832
dmn_within,63,"('Dp1Yey', 'LCTB92')",1.0,0.274574499130249,0.2729992008209228,0.2769915461540222,1232
dmn_within,63,"('Dp1Yey', 'LCTB92')",5.0,0.2867350161075592,0.28262613117694857,0.29060815274715424,1232
dmn_within,63,"('Dp1Yey', 'LCTB92')",50.0,0.375882089138031,0.3716700702905655,0.38179114311933515,1232
dmn_within,63,"('Dp1Yey', 'LCTB92')",95.0,0.5316157430410386,0.5227772891521454,0.5419549145177007,1232
dmn_within,63,"('Dp1Yey', 'LCTB92')",99.0,0.5626402488350869,0.5552754402160645,0.5774851304069161,1232
dmn_within,63,"('Dp1Yey', 'VEH')",1.0,0.4492101061344147,0.4474344253540039,0.4521160650253296,1232
dmn_within,63,"('Dp1Yey', 'VEH')",5.0,0.4587132126092911,0.45723640702664853,0.46325594186782837,1232
dmn_within,63,"('Dp1Yey', 'VEH')",50.0,0.5646966844797134,0.561049222946167,0.5673001389950514,1232
dmn_within,63,"('Dp1Yey', 'VEH')",95.0,0.6318523436784744,0.6297258988022805,0.6327916924655438,1232
dmn_within,63,"('Dp1Yey', 'VEH')",99.0,0.6402875486016274,0.6373859664797783,0.643244057893753,1232
dmn_within,64,"('Dp1Yey', 'LCTB92')",1.0,0.3765938496589661,0.3744942545890808,0.382986444234848,820
dmn_within,64,"('Dp1Yey', 'LCTB92')",5.0,0.39325055181980134,0.38922540843486786,0.39637871593236923,820
dmn_within,64,"('Dp1Yey', 'LCTB92')",50.0,0.494139164686203,0.486375629901886,0.508028122037649,820
dmn_within,64,"('Dp1Yey', 'LCTB92')",95.0,0.6024785578250885,0.6007214486598969,0.6040009260177612,820
dmn_within,64,"('Dp1Yey', 'LCTB92')",99.0,0.626356082856655,0.6105128824710846,0.6284108459949493,820
dmn_within,64,"('Dp1Yey', 'VEH')",1.0,0.4902313095331192,0.4865664839744568,0.4956632894277573,820
dmn_within,64,"('Dp1Yey', 'VEH')",5.0,0.5048482730984688,0.5023780331015587,0.5071739122271538,820
dmn_within,64,"('Dp1Yey', 'VEH')",50.0,0.5894398242235184,0.5846652686595917,0.5987482666969299,820
dmn_within,64,"('Dp1Yey', 'VEH')",95.0,0.6837147042155266,0.6772308945655823,0.6879315853118897,820
dmn_within,64,"('Dp1Yey', 'VEH')",99.0,0.7057308092713356,0.701876150369644,0.7106141448020935,820
dmn_within,64,"('Dp1Yey', 'LCTB92')",1.0,0.2648416233062744,0.26133501529693604,0.2685733234882355,1220
dmn_within,64,"('Dp1Yey', 'LCTB92')",5.0,0.28000996112823484,0.2761641025543213,0.2861201763153076,1220
dmn_within,64,"('Dp1Yey', 'LCTB92')",50.0,0.37263602018356323,0.36872708797454834,0.3771805763244629,1220
dmn_within,64,"('Dp1Yey', 'LCTB92')",95.0,0.5316520884633065,0.5246902704238892,0.5388427525758743,1220
dmn_within,64,"('Dp1Yey', 'LCTB92')",99.0,0.5564794331789015,0.5470745220780373,0.5699871480464935,1220
dmn_within,64,"('Dp1Yey', 'VEH')",1.0,0.44421766102314,0.43965343952178954,0.4492467458099127,1220
dmn_within,64,"('Dp1Yey', 'VEH')",5.0,0.45665405690670013,0.45485840149223805,0.4604706255346537,1220
dmn_within,64,"('Dp1Yey', 'VEH')",50.0,0.5577974915504456,0.554144561290741,0.5618840754032135,1220
dmn_within,64,"('Dp1Yey', 'VEH')",95.0,0.627749890089035,0.624399115294218,0.6299238204956055,1220
dmn_within,64,"('Dp1Yey', 'VEH')",99.0,0.6357056903839111,0.6335644069314003,0.6372182855010032,1220
dmn_within,65,"('Dp1Yey', 'LCTB92')",1.0,0.3826079946756363,0.3815597891807556,0.38653707683086397,808
dmn_within,65,"('Dp1Yey', 'LCTB92')",5.0,0.39467463195323943,0.3913349575549364,0.3976787328720093,808
dmn_within,65,"('Dp1Yey', 'LCTB92')",50.0,0.49019673466682434,0.4816633202135563,0.5122023522853851,808
dmn_within,65,"('Dp1Yey', 'LCTB92')",95.0,0.6006476074457169,0.5980181900411844,0.603650076687336,808
dmn_within,65,"('Dp1Yey', 'LCTB92')",99.0,0.6270344087481498,0.6096350249648094,0.629316121339798,808
dmn_within,65,"('Dp1Yey', 'VEH')",1.0,0.4790967732667923,0.4764830666780472,0.4824378544092178,808
dmn_within,65,"('Dp1Yey', 'VEH')",5.0,0.49535548090934756,0.4904869496822357,0.4997905492782593,808
dmn_within,65,"('Dp1Yey', 'VEH')",50.0,0.5879591852426529,0.5817758988589048,0.6008287817239761,808
dmn_within,65,"('Dp1Yey', 'VEH')",95.0,0.6770671680569649,0.6751134693622589,0.6795346438884735,808
dmn_within,65,"('Dp1Yey', 'VEH')",99.0,0.6966423171758649,0.6882704856991768,0.7015171349048615,808
dmn_within,65,"('Dp1Yey', 'LCTB92')",1.0,0.2531435054540634,0.2501789575815201,0.26304593443870544,1208
dmn_within,65,"('Dp1Yey', 'LCTB92')",5.0,0.2741636633872986,0.27078641951084137,0.2793191075325012,1208
dmn_within,65,"('Dp1Yey', 'LCTB92')",50.0,0.36970165371894836,0.36519078090786933,0.37485264241695404,1208
dmn_within,65,"('Dp1Yey', 'LCTB92')",95.0,0.5283707410097122,0.5241864025592804,0.5338412565737961,1208
dmn_within,65,"('Dp1Yey', 'LCTB92')",99.0,0.5487584921717644,0.5443812310695648,0.5575110018253326,1208
dmn_within,65,"('Dp1Yey', 'VEH')",1.0,0.4428360444307327,0.4402211727648973,0.44572585821151733,1208
dmn_within,65,"('Dp1Yey', 'VEH')",5.0,0.455954709649086,0.45337599515914917,0.4583774387836456,1208
dmn_within,65,"('Dp1Yey', 'VEH')",50.0,0.5521716922521591,0.5482461553066968,0.5559575118124485,1208
dmn_within,65,"('Dp1Yey', 'VEH')",95.0,0.6223763212561607,0.6211654916405678,0.6239564120769501,1208
dmn_within,65,"('Dp1Yey', 'VEH')",99.0,0.6332169276475906,0.6302011013031006,0.6357763566821815,1208
dmn_within,66,"('Dp1Yey', 'LCTB92')",1.0,0.3855208486318588,0.38271252073347567,0.38823073521256446,796
dmn_within,66,"('Dp1Yey', 'LCTB92')",5.0,0.3935178369283676,0.39086270332336426,0.3959803432226181,796
dmn_within,66,"('Dp1Yey', 'LCTB92')",50.0,0.4931347966194153,0.47918158769607544,0.5116239223629236,796
dmn_within,66,"('Dp1Yey', 'LCTB92')",95.0,0.6013021171092987,0.5966216698288918,0.6064668595790863,796
dmn_within,66,"('Dp1Yey', 'LCTB92')",99.0,0.6249500468373298,0.6187985524535179,0.629810781776905,796
dmn_within,66,"('Dp1Yey', 'VEH')",1.0,0.46705720126628875,0.4642010569572449,0.47389711692929265,796
dmn_within,66,"('Dp1Yey', 'VEH')",5.0,0.4863554388284683,0.47959399223327637,0.49347950518131256,796
dmn_within,66,"('Dp1Yey', 'VEH')",50.0,0.5853722095489502,0.5796233266592026,0.5995652377605438,796
dmn_within,66,"('Dp1Yey', 'VEH')",95.0,0.676861122250557,0.6715340178459883,0.6805236116051674,796
dmn_within,66,"('Dp1Yey', 'VEH')",99.0,0.6865451768040656,0.6838243812322616,0.6954472333192824,796
dmn_within,66,"('Dp1Yey', 'LCTB92')",1.0,0.25187560319900515,0.2493588924407959,0.25834721326828003,1196
dmn_within,66,"('Dp1Yey', 'LCTB92')",5.0,0.2681609094142914,0.2665414076298475,0.27188658714294434,1196
dmn_within,66,"('Dp1Yey', 'LCTB92')",50.0,0.36964479088783264,0.36440813541412354,0.3735840320587158,1196
dmn_within,66,"('Dp1Yey', 'LCTB92')",95.0,0.5264610275626183,0.5199881047010422,0.5320983231067657,1196
dmn_within,66,"('Dp1Yey', 'LCTB92')",99.0,0.5481198087334632,0.5450224092975259,0.5506111489981409,1196
dmn_within,66,"('Dp1Yey', 'VEH')",1.0,0.44118811190128326,0.43887293338775635,0.44482015669345853,1196
dmn_within,66,"('Dp1Yey', 'VEH')",5.0,0.4558245986700058,0.4530454773455858,0.4581645134836435,1196
dmn_within,66,"('Dp1Yey', 'VEH')",50.0,0.5474411696195602,0.5435799360275269,0.5507457599043846,1196
dmn_within,66,"('Dp1Yey', 'VEH')",95.0,0.6216457709670067,0.6197108998894691,0.6243700683116913,1196
dmn_within,66,"('Dp1Yey', 'VEH')",99.0,0.6319098681211471,0.629348212480545,0.6342944800853729,1196
dmn_within,67,"('Dp1Yey', 'LCTB92')",1.0,0.38625347673892974,0.38457357466220854,0.38833029091358184,784
dmn_within,67,"('Dp1Yey', 'LCTB92')",5.0,0.3930103540420532,0.39142784737050534,0.3945643901824951,784
dmn_within,67,"('Dp1Yey', 'LCTB92')",50.0,0.49198824167251587,0.47870843335986135,0.5076201260089873,784
dmn_within,67,"('Dp1Yey', 'LCTB92')",95.0,0.6023575171828269,0.5980886536464095,0.6067739591002463,784
dmn_within,67,"('Dp1Yey', 'LCTB92')",99.0,0.6255729264020919,0.6190375712513924,0.6289933285117149,784
dmn_within,67,"('Dp1Yey', 'VEH')",1.0,0.44561227679252624,0.4377007484436035,0.45722404956817625,784
dmn_within,67,"('Dp1Yey', 'VEH')",5.0,0.4795891374349594,0.470714807510376,0.48768826588988307,784
dmn_within,67,"('Dp1Yey', 'VEH')",50.0,0.5851587951183319,0.579727828502655,0.5972824543714523,784
dmn_within,67,"('Dp1Yey', 'VEH')",95.0,0.6720343276858329,0.6685457071661949,0.6785387098789215,784
dmn_within,67,"('Dp1Yey', 'VEH')",99.0,0.688966172337532,0.6851870554685593,0.6905291730165481,784
dmn_within,67,"('Dp1Yey', 'LCTB92')",1.0,0.25343876361846923,0.2498660182952881,0.25692466020584104,1184
dmn_within,67,"('Dp1Yey', 'LCTB92')",5.0,0.2653053909540176,0.26321080029010774,0.26754454158246516,1184
dmn_within,67,"('Dp1Yey', 'LCTB92')",50.0,0.36914584040641785,0.3657507002353668,0.3728514350950718,1184
dmn_within,67,"('Dp1Yey', 'LCTB92')",95.0,0.5238690093159676,0.5195424437522888,0.5307874381542206,1184
dmn_within,67,"('Dp1Yey', 'LCTB92')",99.0,0.5471815341711045,0.5414027231931688,0.5504761636257172,1184
dmn_within,67,"('Dp1Yey', 'VEH')",1.0,0.437761310338974,0.43490415811538696,0.4420452117919922,1184
dmn_within,67,"('Dp1Yey', 'VEH')",5.0,0.4513740956783295,0.4484807848930359,0.45480847358703613,1184
dmn_within,67,"('Dp1Yey', 'VEH')",50.0,0.5421057045459747,0.5387098133563996,0.546699196100235,1184
dmn_within,67,"('Dp1Yey', 'VEH')",95.0,0.6201756745576859,0.6177147552371025,0.6215820297598839,1184
dmn_within,67,"('Dp1Yey', 'VEH')",99.0,0.6332202172279359,0.6302322447299957,0.6381728634238244,1184
dmn_within,68,"('Dp1Yey', 'LCTB92')",1.0,0.37408574163913727,0.36947762966156006,0.3832372522354126,772
dmn_within,68,"('Dp1Yey', 'LCTB92')",5.0,0.3913176506757736,0.3878940731287003,0.3946890503168106,772
dmn_within,68,"('Dp1Yey', 'LCTB92')",50.0,0.49242815375328064,0.4766160249710083,0.5092751286923886,772
dmn_within,68,"('Dp1Yey', 'LCTB92')",95.0,0.6049024596810341,0.5986481788009405,0.6093621954321861,772
dmn_within,68,"('Dp1Yey', 'LCTB92')",99.0,0.624077712893486,0.617664882838726,0.627974893450737,772
dmn_within,68,"('Dp1Yey', 'VEH')",1.0,0.42851927936077117,0.42264608193933967,0.4368973743915558,772
dmn_within,68,"('Dp1Yey', 'VEH')",5.0,0.4661402881145477,0.4545510411262512,0.48371332868933675,772
dmn_within,68,"('Dp1Yey', 'VEH')",50.0,0.5830922871828079,0.5785715743899346,0.5951037105172873,772
dmn_within,68,"('Dp1Yey', 'VEH')",95.0,0.6692375257611275,0.6659626528620719,0.6735790073871613,772
dmn_within,68,"('Dp1Yey', 'VEH')",99.0,0.6877105796337127,0.683500576019287,0.6916155749559402,772
dmn_within,68,"('Dp1Yey', 'LCTB92')",1.0,0.2531688803434372,0.2521324157714844,0.25417170584201815,1172
dmn_within,68,"('Dp1Yey', 'LCTB92')",5.0,0.26049216389656066,0.2582632303237915,0.2640221530199051,1172
dmn_within,68,"('Dp1Yey', 'LCTB92')",50.0,0.36827802658081055,0.36502933502197266,0.3717336654663086,1172
dmn_within,68,"('Dp1Yey', 'LCTB92')",95.0,0.5217624932527543,0.515407882630825,0.5281616941094399,1172
dmn_within,68,"('Dp1Yey', 'LCTB92')",99.0,0.5395934361219406,0.534473252363503,0.5435406863689423,1172
dmn_within,68,"('Dp1Yey', 'VEH')",1.0,0.4347978001832962,0.43303918838500977,0.43697557508945467,1172
dmn_within,68,"('Dp1Yey', 'VEH')",5.0,0.44794476628303526,0.44481495916843417,0.45118600130081177,1172
dmn_within,68,"('Dp1Yey', 'VEH')",50.0,0.5374514013528824,0.5319574922323227,0.5425286591053009,1172
dmn_within,68,"('Dp1Yey', 'VEH')",95.0,0.6202059477567673,0.6180747434496879,0.6230340725928545,1172
dmn_within,68,"('Dp1Yey', 'VEH')",99.0,0.6328576439619065,0.630482459962368,0.6359139382839203,1172
dmn_within,69,"('Dp1Yey', 'LCTB92')",1.0,0.3702167218923569,0.36649948358535767,0.37614691257476807,760
dmn_within,69,"('Dp1Yey', 'LCTB92')",5.0,0.3873176395893097,0.38400906324386597,0.3913146615028381,760
dmn_within,69,"('Dp1Yey', 'LCTB92')",50.0,0.4928945004940033,0.47127554565668106,0.5059004042297601,760
dmn_within,69,"('Dp1Yey', 'LCTB92')",95.0,0.6065518602728843,0.6011007890105247,0.608346976339817,760
dmn_within,69,"('Dp1Yey', 'LCTB92')",99.0,0.6172876134514809,0.6146149438619614,0.6243791341781616,760
dmn_within,69,"('Dp1Yey', 'VEH')",1.0,0.41729527175426484,0.4148026674985886,0.4271111911684275,760
dmn_within,69,"('Dp1Yey', 'VEH')",5.0,0.453897088766098,0.4395733058452606,0.4671832412481308,760
dmn_within,69,"('Dp1Yey', 'VEH')",50.0,0.5830464214086533,0.5786922872066498,0.5911689102649689,760
dmn_within,69,"('Dp1Yey', 'VEH')",95.0,0.6685567185282707,0.6647695572301745,0.6707827746868134,760
dmn_within,69,"('Dp1Yey', 'VEH')",99.0,0.6904138541221618,0.683856222629547,0.6923587584495544,760
dmn_within,69,"('Dp1Yey', 'LCTB92')",1.0,0.25096511721611026,0.2492593401670456,0.25286348938941955,1160
dmn_within,69,"('Dp1Yey', 'LCTB92')",5.0,0.2582178026437759,0.25668609142303467,0.26207160353660586,1160
dmn_within,69,"('Dp1Yey', 'LCTB92')",50.0,0.36600279808044434,0.36229637265205383,0.36930434629321096,1160
dmn_within,69,"('Dp1Yey', 'LCTB92')",95.0,0.5180955067276954,0.5137497916072606,0.5242006778717041,1160
dmn_within,69,"('Dp1Yey', 'LCTB92')",99.0,0.5376926970481872,0.5355002191662789,0.5390388667583466,1160
dmn_within,69,"('Dp1Yey', 'VEH')",1.0,0.4338016712665558,0.43074152135849,0.4363523095846176,1160
dmn_within,69,"('Dp1Yey', 'VEH')",5.0,0.4468392252922058,0.4411669373512268,0.44938795268535614,1160
dmn_within,69,"('Dp1Yey', 'VEH')",50.0,0.5305937081575394,0.5262830421328545,0.5360666364431381,1160
dmn_within,69,"('Dp1Yey', 'VEH')",95.0,0.6206255465745926,0.6181757748126984,0.6247870922088623,1160
dmn_within,69,"('Dp1Yey', 'VEH')",99.0,0.6318966987729072,0.6304730987548829,0.634500652551651,1160
dmn_within,6,"('Dp1Yey', 'LCTB92')",1.0,0.7469712316989898,0.736275315284729,0.7595974080264568,1516
dmn_within,6,"('Dp1Yey', 'LCTB92')",5.0,0.8026615381240845,0.793432142585516,0.8133728057146072,1516
dmn_within,6,"('Dp1Yey', 'LCTB92')",50.0,0.944636894389987,0.941177636384964,0.9485948085784912,1516
dmn_within,6,"('Dp1Yey', 'LCTB92')",95.0,1.0210885684937239,1.019218788901344,1.0236848235595972,1516
dmn_within,6,"('Dp1Yey', 'LCTB92')",99.0,1.0466980325058102,1.0365503720659763,1.0582414055243132,1516
dmn_within,6,"('Dp1Yey', 'VEH')",1.0,0.7365626722574234,0.6999751925468445,0.7579056769609451,1516
dmn_within,6,"('Dp1Yey', 'VEH')",5.0,0.828968983143568,0.8140724785625935,0.8457505889236927,1516
dmn_within,6,"('Dp1Yey', 'VEH')",50.0,0.9687211625277996,0.9653744920156896,0.9731220901012421,1516
dmn_within,6,"('Dp1Yey', 'VEH')",95.0,1.0412116441875696,1.0373717974871397,1.0437419647350907,1516
dmn_within,6,"('Dp1Yey', 'VEH')",99.0,1.0595697458833455,1.0562285371124744,1.0635053887963295,1516
dmn_within,6,"('Dp1Yey', 'LCTB92')",1.0,0.48526889979839327,0.42949527502059937,0.5377932772040367,1916
dmn_within,6,"('Dp1Yey', 'LCTB92')",5.0,0.6204337924718857,0.5923152044415474,0.6366178393363953,1916
dmn_within,6,"('Dp1Yey', 'LCTB92')",50.0,0.8869195803999901,0.8814322501420975,0.8913955725729465,1916
dmn_within,6,"('Dp1Yey', 'LCTB92')",95.0,1.0123485089279711,1.0047263097512769,1.016642365604639,1916
dmn_within,6,"('Dp1Yey', 'LCTB92')",99.0,1.0408621348440645,1.0349697006680072,1.0489607565104961,1916
dmn_within,6,"('Dp1Yey', 'VEH')",1.0,0.6937572434544563,0.6786428093910217,0.7181161039322614,1916
dmn_within,6,"('Dp1Yey', 'VEH')",5.0,0.810110080987215,0.7925640307366848,0.8189517930150032,1916
dmn_within,6,"('Dp1Yey', 'VEH')",50.0,0.9559685308486223,0.9526269808411598,0.9590063579380512,1916
dmn_within,6,"('Dp1Yey', 'VEH')",95.0,1.0366566414013505,1.0326796397566795,1.0420748088508844,1916
dmn_within,6,"('Dp1Yey', 'VEH')",99.0,1.0695929907262325,1.060533599848859,1.0763236209750175,1916
dmn_within,70,"('Dp1Yey', 'LCTB92')",1.0,0.3709236592054367,0.36620020866394043,0.3784139233827591,748
dmn_within,70,"('Dp1Yey', 'LCTB92')",5.0,0.38621895015239716,0.38169904351234435,0.3885598748922348,748
dmn_within,70,"('Dp1Yey', 'LCTB92')",50.0,0.49183690547943115,0.46751323342323303,0.5057567801326514,748
dmn_within,70,"('Dp1Yey', 'LCTB92')",95.0,0.5996012672781944,0.5969281390309333,0.6023261547088623,748
dmn_within,70,"('Dp1Yey', 'LCTB92')",99.0,0.6198603421449661,0.6072529882192611,0.6265454429388047,748
dmn_within,70,"('Dp1Yey', 'VEH')",1.0,0.41652689039707186,0.41443393647670745,0.41867154836654663,748
dmn_within,70,"('Dp1Yey', 'VEH')",5.0,0.4408942848443985,0.4285486895591021,0.4545476339012384,748
dmn_within,70,"('Dp1Yey', 'VEH')",50.0,0.5834673345088959,0.5774040520191193,0.5928355008363724,748
dmn_within,70,"('Dp1Yey', 'VEH')",95.0,0.6689654603600502,0.6654733434319496,0.6704636931419372,748
dmn_within,70,"('Dp1Yey', 'VEH')",99.0,0.6901008039712906,0.6829245734214783,0.6918277740478516,748
dmn_within,70,"('Dp1Yey', 'LCTB92')",1.0,0.24824375987052918,0.2462613582611084,0.25076967434585096,1148
dmn_within,70,"('Dp1Yey', 'LCTB92')",5.0,0.2579138308763504,0.2564341574907303,0.2599805980920792,1148
dmn_within,70,"('Dp1Yey', 'LCTB92')",50.0,0.3622921407222748,0.35850125551223755,0.364803359657526,1148
dmn_within,70,"('Dp1Yey', 'LCTB92')",95.0,0.5156728997826575,0.5094024494290352,0.5202711224555969,1148
dmn_within,70,"('Dp1Yey', 'LCTB92')",99.0,0.53778648853302,0.5320621809363365,0.5420352318882942,1148
dmn_within,70,"('Dp1Yey', 'VEH')",1.0,0.43141670048236846,0.4290323704481125,0.43415342569351195,1148
dmn_within,70,"('Dp1Yey', 'VEH')",5.0,0.4443224549293518,0.4416697509586811,0.4474737671017647,1148
dmn_within,70,"('Dp1Yey', 'VEH')",50.0,0.5247698426246643,0.5208828747272491,0.5296236749738454,1148
dmn_within,70,"('Dp1Yey', 'VEH')",95.0,0.6176310166716575,0.6135372474789619,0.6213134586811065,1148
dmn_within,70,"('Dp1Yey', 'VEH')",99.0,0.6320099401473999,0.6301711368560791,0.6329476237297058,1148
dmn_within,71,"('Dp1Yey', 'LCTB92')",1.0,0.36658587753772737,0.3631672292947769,0.3747881054878235,736
dmn_within,71,"('Dp1Yey', 'LCTB92')",5.0,0.3852629214525223,0.3817967176437378,0.38808752596378326,736
dmn_within,71,"('Dp1Yey', 'LCTB92')",50.0,0.4967172145843506,0.46811169385910034,0.5037991192191839,736
dmn_within,71,"('Dp1Yey', 'LCTB92')",95.0,0.594924807548523,0.5916004490107298,0.5985452516004444,736
dmn_within,71,"('Dp1Yey', 'LCTB92')",99.0,0.6191713586449623,0.6058078929781914,0.6222704350948334,736
dmn_within,71,"('Dp1Yey', 'VEH')",1.0,0.41576713025569917,0.41442137658596034,0.4186558083444834,736
dmn_within,71,"('Dp1Yey', 'VEH')",5.0,0.42900072038173676,0.42320244014263153,0.4437901854515075,736
dmn_within,71,"('Dp1Yey', 'VEH')",50.0,0.58694888651371,0.5780170321464538,0.5966480672359467,736
dmn_within,71,"('Dp1Yey', 'VEH')",95.0,0.6701749712228775,0.6676710726693272,0.6727737486362457,736
dmn_within,71,"('Dp1Yey', 'VEH')",99.0,0.6891804307699203,0.6827571228146553,0.6924673676490783,736
dmn_within,71,"('Dp1Yey', 'LCTB92')",1.0,0.24759861826896667,0.24627017974853516,0.2493760347366333,1136
dmn_within,71,"('Dp1Yey', 'LCTB92')",5.0,0.2577868700027466,0.25398266315460205,0.25964661985635756,1136
dmn_within,71,"('Dp1Yey', 'LCTB92')",50.0,0.3587549328804016,0.35633552074432373,0.3620092570781708,1136
dmn_within,71,"('Dp1Yey', 'LCTB92')",95.0,0.5114865899085999,0.5074003264307976,0.5209158062934875,1136
dmn_within,71,"('Dp1Yey', 'LCTB92')",99.0,0.5344171166419984,0.530387419462204,0.536304235458374,1136
dmn_within,71,"('Dp1Yey', 'VEH')",1.0,0.42935712039470675,0.42682164907455444,0.43201249837875366,1136
dmn_within,71,"('Dp1Yey', 'VEH')",5.0,0.44222410023212433,0.4390803575515747,0.4460786134004593,1136
dmn_within,71,"('Dp1Yey', 'VEH')",50.0,0.5190301239490509,0.513572484254837,0.5252514917403459,1136
dmn_within,71,"('Dp1Yey', 'VEH')",95.0,0.6119968965649605,0.6093389987945557,0.6168455258011818,1136
dmn_within,71,"('Dp1Yey', 'VEH')",99.0,0.6323049068450928,0.6292352974414825,0.6359620094299316,1136
dmn_within,72,"('Dp1Yey', 'LCTB92')",1.0,0.36585002064704897,0.36161816120147705,0.36851934194564817,724
dmn_within,72,"('Dp1Yey', 'LCTB92')",5.0,0.3840471565723419,0.37959790229797363,0.3874475836753845,724
dmn_within,72,"('Dp1Yey', 'LCTB92')",50.0,0.49541378021240234,0.4706885926425457,0.5024174749851227,724
dmn_within,72,"('Dp1Yey', 'LCTB92')",95.0,0.5902883291244507,0.5872032310813665,0.5948732420802116,724
dmn_within,72,"('Dp1Yey', 'LCTB92')",99.0,0.6110291028022766,0.6034842431545258,0.6142676907777785,724
dmn_within,72,"('Dp1Yey', 'VEH')",1.0,0.4171453070640564,0.41432470083236694,0.41839442908763885,724
dmn_within,72,"('Dp1Yey', 'VEH')",5.0,0.42535875737667084,0.4212304353713989,0.4341856837272644,724
dmn_within,72,"('Dp1Yey', 'VEH')",50.0,0.5856757462024689,0.5790182828903199,0.5972921848297119,724
dmn_within,72,"('Dp1Yey', 'VEH')",95.0,0.6708281919360161,0.6682598292827606,0.6728976160287857,724
dmn_within,72,"('Dp1Yey', 'VEH')",99.0,0.6918612539768219,0.6853442490100861,0.6962969622015953,724
dmn_within,72,"('Dp1Yey', 'LCTB92')",1.0,0.24634594559669495,0.24404269456863403,0.24772434385120867,1124
dmn_within,72,"('Dp1Yey', 'LCTB92')",5.0,0.2564269781112671,0.25356365278363224,0.25863872945308686,1124
dmn_within,72,"('Dp1Yey', 'LCTB92')",50.0,0.35602274537086487,0.3502916395664215,0.35958683490753174,1124
dmn_within,72,"('Dp1Yey', 'LCTB92')",95.0,0.5081899046897889,0.5046050948277115,0.5125244557857513,1124
dmn_within,72,"('Dp1Yey', 'LCTB92')",99.0,0.5335126334428787,0.5259493681788444,0.5372941493988037,1124
dmn_within,72,"('Dp1Yey', 'VEH')",1.0,0.42682243168354034,0.42587675209343434,0.42807459831237793,1124
dmn_within,72,"('Dp1Yey', 'VEH')",5.0,0.43639143705368044,0.4328159332275391,0.43975585997104644,1124
dmn_within,72,"('Dp1Yey', 'VEH')",50.0,0.5139768570661545,0.5113990910351276,0.5192308723926544,1124
dmn_within,72,"('Dp1Yey', 'VEH')",95.0,0.6103856489062309,0.6066251115128397,0.6145639717578888,1124
dmn_within,72,"('Dp1Yey', 'VEH')",99.0,0.6359410482645035,0.6307706877589225,0.6384699845314026,1124
dmn_within,73,"('Dp1Yey', 'LCTB92')",1.0,0.36315643548965454,0.35827459692955016,0.36807529389858246,712
dmn_within,73,"('Dp1Yey', 'LCTB92')",5.0,0.38068273663520813,0.37497085332870483,0.38344975166022777,712
dmn_within,73,"('Dp1Yey', 'LCTB92')",50.0,0.4943712651729584,0.47247958183288574,0.49855563193559643,712
dmn_within,73,"('Dp1Yey', 'LCTB92')",95.0,0.5889002531766891,0.5865718245506286,0.5921227931976318,712
dmn_within,73,"('Dp1Yey', 'LCTB92')",99.0,0.6031768244504928,0.5996294131875038,0.6086424589157104,712
dmn_within,73,"('Dp1Yey', 'VEH')",1.0,0.41567607402801515,0.4130652916431427,0.41729309916496277,712
dmn_within,73,"('Dp1Yey', 'VEH')",5.0,0.4236135333776474,0.4218297600746155,0.429043173789978,712
dmn_within,73,"('Dp1Yey', 'VEH')",50.0,0.588471382856369,0.5800695512443781,0.5993999768048525,712
dmn_within,73,"('Dp1Yey', 'VEH')",95.0,0.6750323191285134,0.6707605689764022,0.678452334180474,712
dmn_within,73,"('Dp1Yey', 'VEH')",99.0,0.6916670134663582,0.6885587590932846,0.6953374382853508,712
dmn_within,73,"('Dp1Yey', 'LCTB92')",1.0,0.24522828459739685,0.24420762062072754,0.247447669506073,1112
dmn_within,73,"('Dp1Yey', 'LCTB92')",5.0,0.25479919612407687,0.25212128460407257,0.2572094929218292,1112
dmn_within,73,"('Dp1Yey', 'LCTB92')",50.0,0.34900397062301636,0.34343618154525757,0.354874288290739,1112
dmn_within,73,"('Dp1Yey', 'LCTB92')",95.0,0.506506934762001,0.5006594457477331,0.5105133056640625,1112
dmn_within,73,"('Dp1Yey', 'LCTB92')",99.0,0.5306987178325654,0.5258945293948055,0.5343261232972147,1112
dmn_within,73,"('Dp1Yey', 'VEH')",1.0,0.42333700478076935,0.4200723171234131,0.42540586422383786,1112
dmn_within,73,"('Dp1Yey', 'VEH')",5.0,0.43329870104789736,0.43073623776435854,0.43633242979645726,1112
dmn_within,73,"('Dp1Yey', 'VEH')",50.0,0.5118895322084427,0.5085460990667343,0.5145187854766846,1112
dmn_within,73,"('Dp1Yey', 'VEH')",95.0,0.610062013566494,0.6059170663356781,0.6163678765296936,1112
dmn_within,73,"('Dp1Yey', 'VEH')",99.0,0.6343069827556611,0.6293447315692902,0.6417025625705719,1112
dmn_within,74,"('Dp1Yey', 'LCTB92')",1.0,0.36215381681919095,0.3581388854980469,0.37050020694732666,700
dmn_within,74,"('Dp1Yey', 'LCTB92')",5.0,0.37814525663852694,0.37532520294189453,0.38286582827568055,700
dmn_within,74,"('Dp1Yey', 'LCTB92')",50.0,0.4919809103012085,0.4709758758544922,0.4952302001416683,700
dmn_within,74,"('Dp1Yey', 'LCTB92')",95.0,0.586802713572979,0.582816407829523,0.5892327830195426,700
dmn_within,74,"('Dp1Yey', 'LCTB92')",99.0,0.5982441508769989,0.5952972634807229,0.6069374978542328,700
dmn_within,74,"('Dp1Yey', 'VEH')",1.0,0.41400449454784394,0.41185390889644624,0.41625663655996326,700
dmn_within,74,"('Dp1Yey', 'VEH')",5.0,0.4218264162540436,0.41930848360061646,0.42774637043476105,700
dmn_within,74,"('Dp1Yey', 'VEH')",50.0,0.5878048241138458,0.5773236155509949,0.6004229933023453,700
dmn_within,74,"('Dp1Yey', 'VEH')",95.0,0.6765973091125488,0.6714586301147938,0.6824443101882934,700
dmn_within,74,"('Dp1Yey', 'VEH')",99.0,0.6921186327934266,0.6889227151870727,0.6955196309089661,700
dmn_within,74,"('Dp1Yey', 'LCTB92')",1.0,0.24577538728713988,0.2435236644744873,0.2469124186038971,1100
dmn_within,74,"('Dp1Yey', 'LCTB92')",5.0,0.25269157290458677,0.2502657175064087,0.2546410709619522,1100
dmn_within,74,"('Dp1Yey', 'LCTB92')",50.0,0.34420445561408997,0.3403918519616127,0.3474985361099243,1100
dmn_within,74,"('Dp1Yey', 'LCTB92')",95.0,0.499222132563591,0.4951859712600708,0.5084229856729507,1100
dmn_within,74,"('Dp1Yey', 'LCTB92')",99.0,0.5277581679821014,0.5249222606420517,0.5299476400017739,1100
dmn_within,74,"('Dp1Yey', 'VEH')",1.0,0.4151724672317505,0.41278059482574464,0.42266231775283813,1100
dmn_within,74,"('Dp1Yey', 'VEH')",5.0,0.43036738634109495,0.42914760708808897,0.4319999605417252,1100
dmn_within,74,"('Dp1Yey', 'VEH')",50.0,0.5066368281841278,0.50291398614645,0.5104139447212219,1100
dmn_within,74,"('Dp1Yey', 'VEH')",95.0,0.6093479797244072,0.6045251160860061,0.6159313336014748,1100
dmn_within,74,"('Dp1Yey', 'VEH')",99.0,0.6291630056500435,0.6238965223953128,0.6329462212324143,1100
dmn_within,75,"('Dp1Yey', 'LCTB92')",1.0,0.36350551545619963,0.3604620695114136,0.36672832250595094,688
dmn_within,75,"('Dp1Yey', 'LCTB92')",5.0,0.3764020502567291,0.3697718381881714,0.3807559937238693,688
dmn_within,75,"('Dp1Yey', 'LCTB92')",50.0,0.4876580834388733,0.47082293033599854,0.49355110749602316,688
dmn_within,75,"('Dp1Yey', 'LCTB92')",95.0,0.5812843754887581,0.5776888430118561,0.5837912679091096,688
dmn_within,75,"('Dp1Yey', 'LCTB92')",99.0,0.6017140561342239,0.590273046195507,0.6053381562232971,688
dmn_within,75,"('Dp1Yey', 'VEH')",1.0,0.4145510196685791,0.4122009712457657,0.4160088986158371,688
dmn_within,75,"('Dp1Yey', 'VEH')",5.0,0.42159182727336886,0.4183543771505356,0.42516628205776213,688
dmn_within,75,"('Dp1Yey', 'VEH')",50.0,0.5854995399713516,0.5749275982379913,0.5986970961093903,688
dmn_within,75,"('Dp1Yey', 'VEH')",95.0,0.6782619848847389,0.6724096738547086,0.6826267674565315,688
dmn_within,75,"('Dp1Yey', 'VEH')",99.0,0.6906477361917496,0.6873776614665985,0.6918705701828003,688
dmn_within,75,"('Dp1Yey', 'LCTB92')",1.0,0.24221789538860322,0.23962043941020966,0.24354684293270112,1088
dmn_within,75,"('Dp1Yey', 'LCTB92')",5.0,0.24991705119609833,0.24731671810150146,0.2517216205596924,1088
dmn_within,75,"('Dp1Yey', 'LCTB92')",50.0,0.34209367632865906,0.3389390707015991,0.3441213294863701,1088
dmn_within,75,"('Dp1Yey', 'LCTB92')",95.0,0.494317951798439,0.4907649202644825,0.4993918538093567,1088
dmn_within,75,"('Dp1Yey', 'LCTB92')",99.0,0.5251520916819572,0.5223249369859695,0.5278698176145553,1088
dmn_within,75,"('Dp1Yey', 'VEH')",1.0,0.4137925261259079,0.4116528970003128,0.41630006849765777,1088
dmn_within,75,"('Dp1Yey', 'VEH')",5.0,0.4277430921792984,0.42336559295654297,0.4296663999557495,1088
dmn_within,75,"('Dp1Yey', 'VEH')",50.0,0.5012905448675156,0.4973843641579151,0.5046158511191606,1088
dmn_within,75,"('Dp1Yey', 'VEH')",95.0,0.6072486728429793,0.6021905899047851,0.6099945098161695,1088
dmn_within,75,"('Dp1Yey', 'VEH')",99.0,0.6225788766145705,0.6193630352616311,0.6239392253756523,1088
dmn_within,76,"('Dp1Yey', 'LCTB92')",1.0,0.36135032773017883,0.3594302833080292,0.36324137449264526,676
dmn_within,76,"('Dp1Yey', 'LCTB92')",5.0,0.37277311086654663,0.3665069341659546,0.3822702616453171,676
dmn_within,76,"('Dp1Yey', 'LCTB92')",50.0,0.4854244291782379,0.4689885377883911,0.4944577217102051,676
dmn_within,76,"('Dp1Yey', 'LCTB92')",95.0,0.5778299793601036,0.5759339928627014,0.5816023200750351,676
dmn_within,76,"('Dp1Yey', 'LCTB92')",99.0,0.5971114113926888,0.5890986762940884,0.6023247465491295,676
dmn_within,76,"('Dp1Yey', 'VEH')",1.0,0.41113653779029846,0.40711507201194763,0.4155264366418123,676
dmn_within,76,"('Dp1Yey', 'VEH')",5.0,0.42135871946811676,0.4187104403972626,0.4254674017429352,676
dmn_within,76,"('Dp1Yey', 'VEH')",50.0,0.5877109915018082,0.5721750855445862,0.5986937284469604,676
dmn_within,76,"('Dp1Yey', 'VEH')",95.0,0.6779710650444031,0.6746819913387299,0.6809476763010025,676
dmn_within,76,"('Dp1Yey', 'VEH')",99.0,0.6858652606606483,0.6832460165023804,0.6896167397499084,676
dmn_within,76,"('Dp1Yey', 'LCTB92')",1.0,0.2386208474636078,0.23784783482551575,0.24039660282433034,1076
dmn_within,76,"('Dp1Yey', 'LCTB92')",5.0,0.2466980665922165,0.24500540234148502,0.24889923632144928,1076
dmn_within,76,"('Dp1Yey', 'LCTB92')",50.0,0.3398379385471344,0.33664470911026,0.342949465662241,1076
dmn_within,76,"('Dp1Yey', 'LCTB92')",95.0,0.49157537519931793,0.48541945219039917,0.49356263875961304,1076
dmn_within,76,"('Dp1Yey', 'LCTB92')",99.0,0.5239231586456299,0.5177953541278839,0.5256603434681892,1076
dmn_within,76,"('Dp1Yey', 'VEH')",1.0,0.4109744131565094,0.40946443378925323,0.4124401956796646,1076
dmn_within,76,"('Dp1Yey', 'VEH')",5.0,0.4234229028224945,0.4185760021209717,0.4264242649078369,1076
dmn_within,76,"('Dp1Yey', 'VEH')",50.0,0.4972052574157715,0.4926596455276012,0.5022552583366633,1076
dmn_within,76,"('Dp1Yey', 'VEH')",95.0,0.6016895100474358,0.5988932562991977,0.6063753664493561,1076
dmn_within,76,"('Dp1Yey', 'VEH')",99.0,0.6174806579947472,0.6160427331924438,0.6198452040553093,1076
dmn_within,77,"('Dp1Yey', 'LCTB92')",1.0,0.3584403973817825,0.3536583686172962,0.36126249657571313,664
dmn_within,77,"('Dp1Yey', 'LCTB92')",5.0,0.3795682340860367,0.36740855872631073,0.3872498869895935,664
dmn_within,77,"('Dp1Yey', 'LCTB92')",50.0,0.48393526673316956,0.46870002150535583,0.4936431646347046,664
dmn_within,77,"('Dp1Yey', 'LCTB92')",95.0,0.5787546962499619,0.5753817543387413,0.5823425290733576,664
dmn_within,77,"('Dp1Yey', 'LCTB92')",99.0,0.587129280269146,0.5846769213676453,0.5903812620043755,664
dmn_within,77,"('Dp1Yey', 'VEH')",1.0,0.40433372497558595,0.4007421815395355,0.4113147258758545,664
dmn_within,77,"('Dp1Yey', 'VEH')",5.0,0.42476136088371275,0.417502760887146,0.4284956783056259,664
dmn_within,77,"('Dp1Yey', 'VEH')",50.0,0.590254619717598,0.5717686712741852,0.5968503214418888,664
dmn_within,77,"('Dp1Yey', 'VEH')",95.0,0.6760478168725967,0.6729231544956565,0.6782102239876985,664
dmn_within,77,"('Dp1Yey', 'VEH')",99.0,0.6821868994832039,0.6809038368314505,0.6838396632745861,664
dmn_within,77,"('Dp1Yey', 'LCTB92')",1.0,0.23804333806037903,0.2357654458284378,0.23885701386630534,1064
dmn_within,77,"('Dp1Yey', 'LCTB92')",5.0,0.24423503279685974,0.24269852794706823,0.24681327641010284,1064
dmn_within,77,"('Dp1Yey', 'LCTB92')",50.0,0.3377554714679718,0.33194810152053833,0.3420884139835834,1064
dmn_within,77,"('Dp1Yey', 'LCTB92')",95.0,0.4870294481515884,0.48016583919525146,0.4890308856964111,1064
dmn_within,77,"('Dp1Yey', 'LCTB92')",99.0,0.5120731961727142,0.5058884584903717,0.5190267652273176,1064
dmn_within,77,"('Dp1Yey', 'VEH')",1.0,0.4069997429847717,0.4056834423542023,0.4082086682319641,1064
dmn_within,77,"('Dp1Yey', 'VEH')",5.0,0.41845445334911346,0.4133789360523224,0.4240244388580322,1064
dmn_within,77,"('Dp1Yey', 'VEH')",50.0,0.4923132658004761,0.4873112142086029,0.4994279444217682,1064
dmn_within,77,"('Dp1Yey', 'VEH')",95.0,0.5999111533164978,0.5947550147771835,0.6023723855614662,1064
dmn_within,77,"('Dp1Yey', 'VEH')",99.0,0.6114035579562187,0.6068031376600265,0.6179556712508201,1064
dmn_within,78,"('Dp1Yey', 'LCTB92')",1.0,0.3519699001312256,0.3433138620853424,0.362490713596344,652
dmn_within,78,"('Dp1Yey', 'LCTB92')",5.0,0.38757939338684083,0.37892877630889416,0.39313650131225586,652
dmn_within,78,"('Dp1Yey', 'LCTB92')",50.0,0.48478204011917114,0.4742518663406372,0.49265971779823303,652
dmn_within,78,"('Dp1Yey', 'LCTB92')",95.0,0.5758824437856674,0.5720725958049298,0.5783553779125213,652
dmn_within,78,"('Dp1Yey', 'LCTB92')",99.0,0.5851469910144806,0.5815092017725111,0.5879869228601455,652
dmn_within,78,"('Dp1Yey', 'VEH')",1.0,0.4035170692205429,0.3996805089712143,0.4111978131532669,652
dmn_within,78,"('Dp1Yey', 'VEH')",5.0,0.42367422580718994,0.4167018532752991,0.4289462625980377,652
dmn_within,78,"('Dp1Yey', 'VEH')",50.0,0.5881046950817108,0.575109139084816,0.5962159186601639,652
dmn_within,78,"('Dp1Yey', 'VEH')",95.0,0.6741548299789428,0.6721744000911712,0.6759048670530319,652
dmn_within,78,"('Dp1Yey', 'VEH')",99.0,0.6801848316192627,0.6781575420498848,0.6827658495306969,652
dmn_within,78,"('Dp1Yey', 'LCTB92')",1.0,0.2346389502286911,0.2329776446670294,0.23789292573928833,1052
dmn_within,78,"('Dp1Yey', 'LCTB92')",5.0,0.24277306497097015,0.2407766580581665,0.24585902214050293,1052
dmn_within,78,"('Dp1Yey', 'LCTB92')",50.0,0.332829087972641,0.32816481590270996,0.3375363349914551,1052
dmn_within,78,"('Dp1Yey', 'LCTB92')",95.0,0.4827330321073532,0.4762120455503463,0.48625238172709934,1052
dmn_within,78,"('Dp1Yey', 'LCTB92')",99.0,0.5027289938926697,0.4949496072530747,0.5090903455018997,1052
dmn_within,78,"('Dp1Yey', 'VEH')",1.0,0.4019739586114883,0.39909799277782443,0.4061660861968994,1052
dmn_within,78,"('Dp1Yey', 'VEH')",5.0,0.41723082959651947,0.4128311038017273,0.4198163390159607,1052
dmn_within,78,"('Dp1Yey', 'VEH')",50.0,0.4885639548301697,0.48296546936035156,0.4949776016175747,1052
dmn_within,78,"('Dp1Yey', 'VEH')",95.0,0.5932483360171318,0.5892073008418083,0.5967899113893509,1052
dmn_within,78,"('Dp1Yey', 'VEH')",99.0,0.6072023084759712,0.6040782043114304,0.6113971257209778,1052
dmn_within,79,"('Dp1Yey', 'LCTB92')",1.0,0.34817471086978913,0.33976373851299285,0.36709752798080447,640
dmn_within,79,"('Dp1Yey', 'LCTB92')",5.0,0.39596090614795687,0.38477039337158203,0.4026835262775421,640
dmn_within,79,"('Dp1Yey', 'LCTB92')",50.0,0.4806393086910248,0.47075169906020164,0.4941150061786175,640
dmn_within,79,"('Dp1Yey', 'LCTB92')",95.0,0.5721352696418762,0.5689756512641907,0.5759536251425742,640
dmn_within,79,"('Dp1Yey', 'LCTB92')",99.0,0.5859495770931243,0.5825287154316903,0.5881861853599548,640
dmn_within,79,"('Dp1Yey', 'VEH')",1.0,0.40865561604499817,0.40476224780082704,0.413363042473793,640
dmn_within,79,"('Dp1Yey', 'VEH')",5.0,0.42428415417671206,0.4178938388824463,0.4280549883842468,640
dmn_within,79,"('Dp1Yey', 'VEH')",50.0,0.5884357243776321,0.576034352183342,0.5948216021060944,640
dmn_within,79,"('Dp1Yey', 'VEH')",95.0,0.6712065547704696,0.6690176010131836,0.6737440927326679,640
dmn_within,79,"('Dp1Yey', 'VEH')",99.0,0.6807006466388702,0.6767394307255745,0.6826299428939819,640
dmn_within,79,"('Dp1Yey', 'LCTB92')",1.0,0.23305513620376586,0.23165546655654906,0.23653706002235408,1040
dmn_within,79,"('Dp1Yey', 'LCTB92')",5.0,0.2416136234998703,0.24035702645778656,0.24313796788454056,1040
dmn_within,79,"('Dp1Yey', 'LCTB92')",50.0,0.32891568541526794,0.32333260774612427,0.3323226571083069,1040
dmn_within,79,"('Dp1Yey', 'LCTB92')",95.0,0.47550793886184684,0.4723861813545227,0.4815188229084015,1040
dmn_within,79,"('Dp1Yey', 'LCTB92')",99.0,0.49368813395500144,0.48869769334793084,0.5026458296179764,1040
dmn_within,79,"('Dp1Yey', 'VEH')",1.0,0.39788073420524595,0.39470079362392424,0.4041361027956009,1040
dmn_within,79,"('Dp1Yey', 'VEH')",5.0,0.4179444074630737,0.4123666375875473,0.4209727168083191,1040
dmn_within,79,"('Dp1Yey', 'VEH')",50.0,0.4838462173938751,0.47854024171829224,0.4909561239182949,1040
dmn_within,79,"('Dp1Yey', 'VEH')",95.0,0.5870935037732125,0.5841889262199401,0.590946227312088,1040
dmn_within,79,"('Dp1Yey', 'VEH')",99.0,0.5994759935140609,0.5965042412281036,0.602219580411911,1040
dmn_within,7,"('Dp1Yey', 'LCTB92')",1.0,0.7292739644646644,0.7216064929962158,0.7437410950660706,1504
dmn_within,7,"('Dp1Yey', 'LCTB92')",5.0,0.7835191316902638,0.7766455085389317,0.7950381181947886,1504
dmn_within,7,"('Dp1Yey', 'LCTB92')",50.0,0.9300018176436424,0.9254521323367954,0.9347597062587738,1504
dmn_within,7,"('Dp1Yey', 'LCTB92')",95.0,1.013079086272046,1.0080309270182624,1.0160105178016239,1504
dmn_within,7,"('Dp1Yey', 'LCTB92')",99.0,1.0354532400146126,1.0294550072588027,1.0440543927252293,1504
dmn_within,7,"('Dp1Yey', 'VEH')",1.0,0.7238749703764915,0.703133761882782,0.7462386381626129,1504
dmn_within,7,"('Dp1Yey', 'VEH')",5.0,0.8189134389162064,0.8002070588432252,0.8293162472359836,1504
dmn_within,7,"('Dp1Yey', 'VEH')",50.0,0.9594161007553339,0.9532914478331804,0.9648201431613416,1504
dmn_within,7,"('Dp1Yey', 'VEH')",95.0,1.0407662609592079,1.0357552936300634,1.045223195105791,1504
dmn_within,7,"('Dp1Yey', 'VEH')",99.0,1.0631243093311786,1.0585946301305666,1.0682930573821068,1504
dmn_within,7,"('Dp1Yey', 'LCTB92')",1.0,0.46013593673706055,0.43752914667129517,0.48921279191970823,1904
dmn_within,7,"('Dp1Yey', 'LCTB92')",5.0,0.5755241677165032,0.5606072202324868,0.5958171188831329,1904
dmn_within,7,"('Dp1Yey', 'LCTB92')",50.0,0.8559816628694534,0.8490696284919977,0.8646085023880005,1904
dmn_within,7,"('Dp1Yey', 'LCTB92')",95.0,1.0019709255080669,0.994990793018951,1.0072349552065134,1904
dmn_within,7,"('Dp1Yey', 'LCTB92')",99.0,1.0405214599147439,1.0313337221741676,1.0468188263475895,1904
dmn_within,7,"('Dp1Yey', 'VEH')",1.0,0.671315168440342,0.6603680849075317,0.697641521692276,1904
dmn_within,7,"('Dp1Yey', 'VEH')",5.0,0.7867683939635753,0.7719708830118179,0.7985893793404102,1904
dmn_within,7,"('Dp1Yey', 'VEH')",50.0,0.9398710299283266,0.9362724721431732,0.943412478454411,1904
dmn_within,7,"('Dp1Yey', 'VEH')",95.0,1.0286627813242375,1.0217181800864636,1.033412430435419,1904
dmn_within,7,"('Dp1Yey', 'VEH')",99.0,1.0647884675860406,1.0554077376052737,1.0784357815980914,1904
dmn_within,80,"('Dp1Yey', 'LCTB92')",1.0,0.36627075374126433,0.35316599130630494,0.3748111128807068,628
dmn_within,80,"('Dp1Yey', 'LCTB92')",5.0,0.3993478059768677,0.39141857624053955,0.40886796116828916,628
dmn_within,80,"('Dp1Yey', 'LCTB92')",50.0,0.47871169447898865,0.4703528881072998,0.49613265320658684,628
dmn_within,80,"('Dp1Yey', 'LCTB92')",95.0,0.5701661884784698,0.5656127324327826,0.577288955450058,628
dmn_within,80,"('Dp1Yey', 'LCTB92')",99.0,0.586378148496151,0.5823143732547761,0.5879111045598984,628
dmn_within,80,"('Dp1Yey', 'VEH')",1.0,0.4148161333799362,0.41248979459702967,0.41841399669647217,628
dmn_within,80,"('Dp1Yey', 'VEH')",5.0,0.42410305738449094,0.42115882933139803,0.4275201678276062,628
dmn_within,80,"('Dp1Yey', 'VEH')",50.0,0.5864263325929642,0.5740698013454676,0.5950254153460264,628
dmn_within,80,"('Dp1Yey', 'VEH')",95.0,0.6712455838918686,0.6679031163454056,0.6747062802314758,628
dmn_within,80,"('Dp1Yey', 'VEH')",99.0,0.6797150057554245,0.6774345636367798,0.6840696319937706,628
dmn_within,80,"('Dp1Yey', 'LCTB92')",1.0,0.2316605693101883,0.23057717978954315,0.23408881077170365,1028
dmn_within,80,"('Dp1Yey', 'LCTB92')",5.0,0.2398299217224121,0.23851293325424194,0.24144209623336793,1028
dmn_within,80,"('Dp1Yey', 'LCTB92')",50.0,0.3247402012348175,0.3192225441336632,0.3278286650776863,1028
dmn_within,80,"('Dp1Yey', 'LCTB92')",95.0,0.47222247123718264,0.4629139095544815,0.4765528440475464,1028
dmn_within,80,"('Dp1Yey', 'LCTB92')",99.0,0.48702138125896455,0.48284705460071564,0.49257743775844576,1028
dmn_within,80,"('Dp1Yey', 'VEH')",1.0,0.3954909360408783,0.39459930300712587,0.3998337072134018,1028
dmn_within,80,"('Dp1Yey', 'VEH')",5.0,0.41662264466285703,0.4132148027420044,0.4196553261578083,1028
dmn_within,80,"('Dp1Yey', 'VEH')",50.0,0.47961312532424927,0.47630561962723733,0.4853718876838684,1028
dmn_within,80,"('Dp1Yey', 'VEH')",95.0,0.5828157722949981,0.5789519637823105,0.584693755209446,1028
dmn_within,80,"('Dp1Yey', 'VEH')",99.0,0.5933317729830742,0.5907330650091172,0.5961529922485351,1028
dmn_within,81,"('Dp1Yey', 'LCTB92')",1.0,0.3863023787736893,0.37596645653247834,0.3928455114364624,616
dmn_within,81,"('Dp1Yey', 'LCTB92')",5.0,0.409123957157135,0.398123562335968,0.41394615173339844,616
dmn_within,81,"('Dp1Yey', 'LCTB92')",50.0,0.47907862067222595,0.468500554561615,0.4996800869703293,616
dmn_within,81,"('Dp1Yey', 'LCTB92')",95.0,0.5673531070351601,0.5605774000287056,0.5704092383384705,616
dmn_within,81,"('Dp1Yey', 'LCTB92')",99.0,0.5831476911902428,0.5766748785972595,0.5868592396378517,616
dmn_within,81,"('Dp1Yey', 'VEH')",1.0,0.41714784502983093,0.41553004771471025,0.4201281237602234,616
dmn_within,81,"('Dp1Yey', 'VEH')",5.0,0.4259425848722458,0.424282431602478,0.4300783608108759,616
dmn_within,81,"('Dp1Yey', 'VEH')",50.0,0.584732249379158,0.5759124606847763,0.5910217463970184,616
dmn_within,81,"('Dp1Yey', 'VEH')",95.0,0.6699832379817963,0.6665243867784738,0.6740309596061707,616
dmn_within,81,"('Dp1Yey', 'VEH')",99.0,0.6802851855754852,0.6770111918449402,0.6828985333442689,616
dmn_within,81,"('Dp1Yey', 'LCTB92')",1.0,0.22669486403465272,0.22405847907066345,0.23087108433246611,1016
dmn_within,81,"('Dp1Yey', 'LCTB92')",5.0,0.2372235804796219,0.23550862073898315,0.2393421620130539,1016
dmn_within,81,"('Dp1Yey', 'LCTB92')",50.0,0.3198395073413849,0.3164999186992645,0.32392123341560364,1016
dmn_within,81,"('Dp1Yey', 'LCTB92')",95.0,0.46374912559986115,0.45860736072063446,0.4689142405986786,1016
dmn_within,81,"('Dp1Yey', 'LCTB92')",99.0,0.4797970175743103,0.47656095027923584,0.48380895853042605,1016
dmn_within,81,"('Dp1Yey', 'VEH')",1.0,0.39511231780052186,0.393535178899765,0.3994110941886902,1016
dmn_within,81,"('Dp1Yey', 'VEH')",5.0,0.41253891587257385,0.4078934881836176,0.4154205918312073,1016
dmn_within,81,"('Dp1Yey', 'VEH')",50.0,0.4755966365337372,0.47282636165618896,0.4789710231125355,1016
dmn_within,81,"('Dp1Yey', 'VEH')",95.0,0.5797110348939896,0.5742261558771133,0.5815106738358736,1016
dmn_within,81,"('Dp1Yey', 'VEH')",99.0,0.5869631260633469,0.5856899797916413,0.5890318766236305,1016
dmn_within,82,"('Dp1Yey', 'LCTB92')",1.0,0.4036670392751694,0.39875324308872223,0.41015318512916565,604
dmn_within,82,"('Dp1Yey', 'LCTB92')",5.0,0.4141281932592392,0.4124429106712341,0.4174516201019287,604
dmn_within,82,"('Dp1Yey', 'LCTB92')",50.0,0.4820612370967865,0.4679019547998905,0.5023783892393112,604
dmn_within,82,"('Dp1Yey', 'LCTB92')",95.0,0.5632291704416275,0.5572173309698701,0.5662159368395805,604
dmn_within,82,"('Dp1Yey', 'LCTB92')",99.0,0.5730946561694146,0.5701985865831375,0.5787486052513123,604
dmn_within,82,"('Dp1Yey', 'VEH')",1.0,0.41817344844341275,0.41397661983966827,0.4201454520225525,604
dmn_within,82,"('Dp1Yey', 'VEH')",5.0,0.42732707858085633,0.4243459105491638,0.43217748403549194,604
dmn_within,82,"('Dp1Yey', 'VEH')",50.0,0.5814086347818375,0.5728110820055008,0.5881176739931107,604
dmn_within,82,"('Dp1Yey', 'VEH')",95.0,0.6690483927726746,0.6627563010156154,0.6735542118549347,604
dmn_within,82,"('Dp1Yey', 'VEH')",99.0,0.6805660417675973,0.6766231903508306,0.6878099989891053,604
dmn_within,82,"('Dp1Yey', 'LCTB92')",1.0,0.22395534873008727,0.22336512923240662,0.22567936182022094,1004
dmn_within,82,"('Dp1Yey', 'LCTB92')",5.0,0.2339726746082306,0.23134646557271482,0.23643017709255218,1004
dmn_within,82,"('Dp1Yey', 'LCTB92')",50.0,0.3162054121494293,0.31266593784093855,0.31882941722869873,1004
dmn_within,82,"('Dp1Yey', 'LCTB92')",95.0,0.45651681423187246,0.45383082926273344,0.46084501147270196,1004
dmn_within,82,"('Dp1Yey', 'LCTB92')",99.0,0.47631581425666814,0.472110390663147,0.47806984186172485,1004
dmn_within,82,"('Dp1Yey', 'VEH')",1.0,0.39497881531715395,0.39289897441864013,0.39684051275253296,1004
dmn_within,82,"('Dp1Yey', 'VEH')",5.0,0.41053529977798464,0.4056602120399475,0.41399073600769043,1004
dmn_within,82,"('Dp1Yey', 'VEH')",50.0,0.47322383522987366,0.46924006938934326,0.47552475854754445,1004
dmn_within,82,"('Dp1Yey', 'VEH')",95.0,0.5734005481004715,0.5684092476963997,0.579185426235199,1004
dmn_within,82,"('Dp1Yey', 'VEH')",99.0,0.5839493867754936,0.5831160950660705,0.585160066485405,1004
dmn_within,83,"('Dp1Yey', 'LCTB92')",1.0,0.41152982771396635,0.4105880856513977,0.413670270845294,592
dmn_within,83,"('Dp1Yey', 'LCTB92')",5.0,0.4171485275030136,0.4155337274074554,0.4201545178890228,592
dmn_within,83,"('Dp1Yey', 'LCTB92')",50.0,0.4835752546787262,0.4699799932539463,0.5009281039237976,592
dmn_within,83,"('Dp1Yey', 'LCTB92')",95.0,0.5562215015292168,0.5537393391132355,0.5611104965209961,592
dmn_within,83,"('Dp1Yey', 'LCTB92')",99.0,0.5666675201058388,0.5651644891500474,0.568692535161972,592
dmn_within,83,"('Dp1Yey', 'VEH')",1.0,0.4143788015842438,0.4109521508216858,0.41878050565719604,592
dmn_within,83,"('Dp1Yey', 'VEH')",5.0,0.4268485575914383,0.42291778028011323,0.43041705787181855,592
dmn_within,83,"('Dp1Yey', 'VEH')",50.0,0.5751250088214874,0.5710052829235792,0.5805057797580957,592
dmn_within,83,"('Dp1Yey', 'VEH')",95.0,0.6661275431513787,0.6628027781844139,0.6706333852559327,592
dmn_within,83,"('Dp1Yey', 'VEH')",99.0,0.6815369468927385,0.6774935722351074,0.6874192357063293,592
dmn_within,83,"('Dp1Yey', 'LCTB92')",1.0,0.2201604551076889,0.21801116108894347,0.22337085962295533,992
dmn_within,83,"('Dp1Yey', 'LCTB92')",5.0,0.23051006197929383,0.22745949029922485,0.23317000806331636,992
dmn_within,83,"('Dp1Yey', 'LCTB92')",50.0,0.31316062808036804,0.30903621688485144,0.3162108063697815,992
dmn_within,83,"('Dp1Yey', 'LCTB92')",95.0,0.451914444565773,0.44904996544122694,0.4551973342895508,992
dmn_within,83,"('Dp1Yey', 'LCTB92')",99.0,0.4734070444107056,0.4652426201105118,0.47501423843204976,992
dmn_within,83,"('Dp1Yey', 'VEH')",1.0,0.3879039144515991,0.38335571825504305,0.3957196169793606,992
dmn_within,83,"('Dp1Yey', 'VEH')",5.0,0.41097792983055115,0.4046436548233032,0.41421687602996826,992
dmn_within,83,"('Dp1Yey', 'VEH')",50.0,0.47099563479423523,0.4665678933262825,0.4738028645515442,992
dmn_within,83,"('Dp1Yey', 'VEH')",95.0,0.5705260172486305,0.5651722422614693,0.5758991733193397,992
dmn_within,83,"('Dp1Yey', 'VEH')",99.0,0.5859066241979599,0.5827190962433815,0.5884087383747101,992
dmn_within,84,"('Dp1Yey', 'LCTB92')",1.0,0.41217399656772613,0.40858811140060425,0.41545623540878296,580
dmn_within,84,"('Dp1Yey', 'LCTB92')",5.0,0.41867822110652925,0.41679316759109497,0.42234235055744646,580
dmn_within,84,"('Dp1Yey', 'LCTB92')",50.0,0.4882417619228363,0.478651762008667,0.4967872157692909,580
dmn_within,84,"('Dp1Yey', 'LCTB92')",95.0,0.5515900582075118,0.5490236945450305,0.555984729528427,580
dmn_within,84,"('Dp1Yey', 'LCTB92')",99.0,0.5624946802854538,0.5599782368540764,0.5638951659202576,580
dmn_within,84,"('Dp1Yey', 'VEH')",1.0,0.4097981870174408,0.4080234169960022,0.4149949892610312,580
dmn_within,84,"('Dp1Yey', 'VEH')",5.0,0.4224961459636688,0.4172341704368591,0.42736472487449645,580
dmn_within,84,"('Dp1Yey', 'VEH')",50.0,0.5713850259780884,0.5683504275977611,0.5768229763954877,580
dmn_within,84,"('Dp1Yey', 'VEH')",95.0,0.6689905658364296,0.662509024143219,0.6720495492219924,580
dmn_within,84,"('Dp1Yey', 'VEH')",99.0,0.6772988843917847,0.6756545367836952,0.6804370284080505,580
dmn_within,84,"('Dp1Yey', 'LCTB92')",1.0,0.2137542575597763,0.21201092183589934,0.2193337446451187,980
dmn_within,84,"('Dp1Yey', 'LCTB92')",5.0,0.22886619865894317,0.22591064110398293,0.23078076541423798,980
dmn_within,84,"('Dp1Yey', 'LCTB92')",50.0,0.3112930953502655,0.30628523230552673,0.3150584101676941,980
dmn_within,84,"('Dp1Yey', 'LCTB92')",95.0,0.4471329152584076,0.44348329305648804,0.45042499005794523,980
dmn_within,84,"('Dp1Yey', 'LCTB92')",99.0,0.4653030705451966,0.45728027199208743,0.4716431963443756,980
dmn_within,84,"('Dp1Yey', 'VEH')",1.0,0.38641290068626405,0.38183031618595126,0.39161823749542235,980
dmn_within,84,"('Dp1Yey', 'VEH')",5.0,0.4083676367998123,0.40321971774101256,0.4111776351928711,980
dmn_within,84,"('Dp1Yey', 'VEH')",50.0,0.46937233209609985,0.4651111364364624,0.4736306667327881,980
dmn_within,84,"('Dp1Yey', 'VEH')",95.0,0.5680066302418708,0.5646062538027763,0.5722862838953734,980
dmn_within,84,"('Dp1Yey', 'VEH')",99.0,0.5820141825079918,0.5798091849684716,0.5832391068339348,980
dmn_within,85,"('Dp1Yey', 'LCTB92')",1.0,0.4109454756975174,0.4090225100517273,0.41399967670440674,568
dmn_within,85,"('Dp1Yey', 'LCTB92')",5.0,0.42049485743045806,0.4174038380384445,0.42389923334121704,568
dmn_within,85,"('Dp1Yey', 'LCTB92')",50.0,0.48870375752449036,0.4815516471862793,0.49747210890054705,568
dmn_within,85,"('Dp1Yey', 'LCTB92')",95.0,0.5479904249310493,0.5466186881065369,0.5496685361489654,568
dmn_within,85,"('Dp1Yey', 'LCTB92')",99.0,0.5564857840538024,0.5520100891590118,0.5588241517543793,568
dmn_within,85,"('Dp1Yey', 'VEH')",1.0,0.4097274774312973,0.40792590379714966,0.4118127226829529,568
dmn_within,85,"('Dp1Yey', 'VEH')",5.0,0.4161381721496582,0.4141501784324646,0.4193890064954758,568
dmn_within,85,"('Dp1Yey', 'VEH')",50.0,0.5713516473770142,0.5677851278334856,0.5762282609939575,568
dmn_within,85,"('Dp1Yey', 'VEH')",95.0,0.6666319146752357,0.6621660888195038,0.6694477227702738,568
dmn_within,85,"('Dp1Yey', 'VEH')",99.0,0.6746981680393219,0.673061728477478,0.6788887679576874,568
dmn_within,85,"('Dp1Yey', 'LCTB92')",1.0,0.21035714864730834,0.20721481919288634,0.21291108044981957,968
dmn_within,85,"('Dp1Yey', 'LCTB92')",5.0,0.22729424238204957,0.22189612358808516,0.2299970141798258,968
dmn_within,85,"('Dp1Yey', 'LCTB92')",50.0,0.30950334668159485,0.3007150888442993,0.3137269616127014,968
dmn_within,85,"('Dp1Yey', 'LCTB92')",95.0,0.4425000101327896,0.438779354095459,0.44809828102588656,968
dmn_within,85,"('Dp1Yey', 'LCTB92')",99.0,0.45740936219692246,0.4529403683245182,0.4628570580482483,968
dmn_within,85,"('Dp1Yey', 'VEH')",1.0,0.3878272420167923,0.38630722980201243,0.39108570635318757,968
dmn_within,85,"('Dp1Yey', 'VEH')",5.0,0.4027725160121918,0.39919739961624146,0.40797048807144165,968
dmn_within,85,"('Dp1Yey', 'VEH')",50.0,0.4672403633594513,0.4640045553445816,0.4711498126387596,968
dmn_within,85,"('Dp1Yey', 'VEH')",95.0,0.566537594795227,0.5617084741592407,0.5702235221862793,968
dmn_within,85,"('Dp1Yey', 'VEH')",99.0,0.5770306915044785,0.5743390023708344,0.5791028189659119,968
dmn_within,86,"('Dp1Yey', 'LCTB92')",1.0,0.4106622993946075,0.4081777334213257,0.41309240251779555,556
dmn_within,86,"('Dp1Yey', 'LCTB92')",5.0,0.41884593665599823,0.41697458922863007,0.4236950967460871,556
dmn_within,86,"('Dp1Yey', 'LCTB92')",50.0,0.48981717228889465,0.4790952205657959,0.4993048310279846,556
dmn_within,86,"('Dp1Yey', 'LCTB92')",95.0,0.5467051640152931,0.5434937849640846,0.549576461315155,556
dmn_within,86,"('Dp1Yey', 'LCTB92')",99.0,0.5528031289577484,0.5507792830467224,0.5540911257266998,556
dmn_within,86,"('Dp1Yey', 'VEH')",1.0,0.40356542468070983,0.3968570828437805,0.4099648517370224,556
dmn_within,86,"('Dp1Yey', 'VEH')",5.0,0.4147859662771225,0.41148610413074493,0.4167703092098236,556
dmn_within,86,"('Dp1Yey', 'VEH')",50.0,0.5713969469070435,0.5678628236055374,0.575418908894062,556
dmn_within,86,"('Dp1Yey', 'VEH')",95.0,0.6630157604813576,0.6611391678452492,0.6659181416034698,556
dmn_within,86,"('Dp1Yey', 'VEH')",99.0,0.6732391938567162,0.6700050830841064,0.6745053231716156,556
dmn_within,86,"('Dp1Yey', 'LCTB92')",1.0,0.2054527372121811,0.2033111870288849,0.21049976348876953,956
dmn_within,86,"('Dp1Yey', 'LCTB92')",5.0,0.22334697842597961,0.21557864546775818,0.22821566462516785,956
dmn_within,86,"('Dp1Yey', 'LCTB92')",50.0,0.30379346013069153,0.2945624887943268,0.3110984265804291,956
dmn_within,86,"('Dp1Yey', 'LCTB92')",95.0,0.43870405852794647,0.43598759174346924,0.4425065517425537,956
dmn_within,86,"('Dp1Yey', 'LCTB92')",99.0,0.4550123274326324,0.4501492083072663,0.45681698918342595,956
dmn_within,86,"('Dp1Yey', 'VEH')",1.0,0.39190668761730196,0.38769210278987887,0.3954221093654633,956
dmn_within,86,"('Dp1Yey', 'VEH')",5.0,0.4008353650569916,0.39964430034160614,0.4029931277036667,956
dmn_within,86,"('Dp1Yey', 'VEH')",50.0,0.46478885412216187,0.4599739521741867,0.4689651131629944,956
dmn_within,86,"('Dp1Yey', 'VEH')",95.0,0.562063992023468,0.5587573945522308,0.5665564835071564,956
dmn_within,86,"('Dp1Yey', 'VEH')",99.0,0.5714015141129494,0.5690591037273407,0.5727458134293556,956
dmn_within,87,"('Dp1Yey', 'LCTB92')",1.0,0.41155145347118377,0.40934228897094727,0.41378146409988403,544
dmn_within,87,"('Dp1Yey', 'LCTB92')",5.0,0.41774532198905945,0.4154908195883036,0.4216569185256958,544
dmn_within,87,"('Dp1Yey', 'LCTB92')",50.0,0.4898768365383148,0.4794735908508301,0.4995615594089031,544
dmn_within,87,"('Dp1Yey', 'LCTB92')",95.0,0.5427296802401542,0.5412045032158495,0.5442955017089843,544
dmn_within,87,"('Dp1Yey', 'LCTB92')",99.0,0.5485001161694527,0.5456259712576866,0.5508560240268707,544
dmn_within,87,"('Dp1Yey', 'VEH')",1.0,0.39626206398010255,0.38762444257736206,0.40062728643417356,544
dmn_within,87,"('Dp1Yey', 'VEH')",5.0,0.4129116714000702,0.4094337850809097,0.4143110364675522,544
dmn_within,87,"('Dp1Yey', 'VEH')",50.0,0.5697326213121414,0.5665042996406555,0.5760355889797211,544
dmn_within,87,"('Dp1Yey', 'VEH')",95.0,0.6619603857398033,0.6578073099255561,0.6633128628134728,544
dmn_within,87,"('Dp1Yey', 'VEH')",99.0,0.6673456659913064,0.6643551650643349,0.6694702208042145,544
dmn_within,87,"('Dp1Yey', 'LCTB92')",1.0,0.20374503672122957,0.2012256056070328,0.2062137806415558,944
dmn_within,87,"('Dp1Yey', 'LCTB92')",5.0,0.21732843518257142,0.21366192698478698,0.22133802093565463,944
dmn_within,87,"('Dp1Yey', 'LCTB92')",50.0,0.29963234066963196,0.2881637215614319,0.3064380019903183,944
dmn_within,87,"('Dp1Yey', 'LCTB92')",95.0,0.43478702306747435,0.4318792223930359,0.4380698800086975,944
dmn_within,87,"('Dp1Yey', 'LCTB92')",99.0,0.4513990414142608,0.44711454562842845,0.4570985436439514,944
dmn_within,87,"('Dp1Yey', 'VEH')",1.0,0.39259411454200743,0.39154087960720063,0.39377993464469907,944
dmn_within,87,"('Dp1Yey', 'VEH')",5.0,0.4015710085630417,0.3988901972770691,0.4032796621322632,944
dmn_within,87,"('Dp1Yey', 'VEH')",50.0,0.4610258936882019,0.4582518056035042,0.4662279650568962,944
dmn_within,87,"('Dp1Yey', 'VEH')",95.0,0.5542483985424042,0.5487901812419296,0.561569994688034,944
dmn_within,87,"('Dp1Yey', 'VEH')",99.0,0.5688180190324783,0.5661272835731507,0.5698422676324844,944
dmn_within,88,"('Dp1Yey', 'LCTB92')",1.0,0.41015672624111177,0.40763169527053833,0.4122430419921875,532
dmn_within,88,"('Dp1Yey', 'LCTB92')",5.0,0.4166457116603851,0.41422395907342435,0.42086535394191743,532
dmn_within,88,"('Dp1Yey', 'LCTB92')",50.0,0.4924243092536926,0.48068466782569885,0.5039719641208649,532
dmn_within,88,"('Dp1Yey', 'LCTB92')",95.0,0.5398074805736541,0.5385616015642881,0.5414440333843231,532
dmn_within,88,"('Dp1Yey', 'LCTB92')",99.0,0.5452545914053917,0.5436104774475098,0.5480475425720215,532
dmn_within,88,"('Dp1Yey', 'VEH')",1.0,0.3966181093454361,0.38926440477371216,0.3998517692089081,532
dmn_within,88,"('Dp1Yey', 'VEH')",5.0,0.41061489284038544,0.4035711884498596,0.41325461864471436,532
dmn_within,88,"('Dp1Yey', 'VEH')",50.0,0.566918134689331,0.5633372068405151,0.5735282897949219,532
dmn_within,88,"('Dp1Yey', 'VEH')",95.0,0.6571185886859894,0.65560352653265,0.6596666574478149,532
dmn_within,88,"('Dp1Yey', 'VEH')",99.0,0.6628354653716088,0.6606330257654189,0.664279967546463,532
dmn_within,88,"('Dp1Yey', 'LCTB92')",1.0,0.2026013594865799,0.20102309167385102,0.20390605926513672,932
dmn_within,88,"('Dp1Yey', 'LCTB92')",5.0,0.21479421257972717,0.20854382514953615,0.2194712430238724,932
dmn_within,88,"('Dp1Yey', 'LCTB92')",50.0,0.29528534412384033,0.2772480845451355,0.301815003156662,932
dmn_within,88,"('Dp1Yey', 'LCTB92')",95.0,0.4324628353118896,0.4262022376060486,0.4345002621412277,932
dmn_within,88,"('Dp1Yey', 'LCTB92')",99.0,0.45188411295413966,0.4443882215023038,0.4563282883167266,932
dmn_within,88,"('Dp1Yey', 'VEH')",1.0,0.391862508058548,0.3898417526483536,0.39269962668418884,932
dmn_within,88,"('Dp1Yey', 'VEH')",5.0,0.4003401130437851,0.39853386878967284,0.4024278998374939,932
dmn_within,88,"('Dp1Yey', 'VEH')",50.0,0.4583342969417572,0.4548545263707638,0.46180564910173416,932
dmn_within,88,"('Dp1Yey', 'VEH')",95.0,0.5459435373544693,0.5423078238964081,0.5547071397304535,932
dmn_within,88,"('Dp1Yey', 'VEH')",99.0,0.5669950324296952,0.5650568604469299,0.5685147735476493,932
dmn_within,89,"('Dp1Yey', 'LCTB92')",1.0,0.4068456757068634,0.40588802099227905,0.4115146118402481,520
dmn_within,89,"('Dp1Yey', 'LCTB92')",5.0,0.41643021404743197,0.4142181873321533,0.42034195363521576,520
dmn_within,89,"('Dp1Yey', 'LCTB92')",50.0,0.4956412613391876,0.4862859845161438,0.5057365745306015,520
dmn_within,89,"('Dp1Yey', 'LCTB92')",95.0,0.5404261097311973,0.5376704096794128,0.5425170600414276,520
dmn_within,89,"('Dp1Yey', 'LCTB92')",99.0,0.5480328327417373,0.5440537664294243,0.5497013628482819,520
dmn_within,89,"('Dp1Yey', 'VEH')",1.0,0.397193044424057,0.3914310932159424,0.3984818458557129,520
dmn_within,89,"('Dp1Yey', 'VEH')",5.0,0.4109841376543045,0.4036254346370697,0.4137016922235489,520
dmn_within,89,"('Dp1Yey', 'VEH')",50.0,0.5660862475633621,0.5612834095954895,0.571588322520256,520
dmn_within,89,"('Dp1Yey', 'VEH')",95.0,0.653072053194046,0.6501181691884994,0.6555107831954956,520
dmn_within,89,"('Dp1Yey', 'VEH')",99.0,0.6611612167954445,0.6588404870033264,0.6639236509799957,520
dmn_within,89,"('Dp1Yey', 'LCTB92')",1.0,0.20279915869235993,0.20078633427619935,0.20354296326637267,920
dmn_within,89,"('Dp1Yey', 'LCTB92')",5.0,0.2109238475561142,0.20709238946437836,0.21738773882389067,920
dmn_within,89,"('Dp1Yey', 'LCTB92')",50.0,0.2896408140659332,0.27141411378979685,0.29579980745911594,920
dmn_within,89,"('Dp1Yey', 'LCTB92')",95.0,0.42811107933521264,0.41858666539192196,0.4325004816055298,920
dmn_within,89,"('Dp1Yey', 'LCTB92')",99.0,0.44960308253765097,0.44064603388309476,0.4534605145454407,920
dmn_within,89,"('Dp1Yey', 'VEH')",1.0,0.3874236160516739,0.38605660617351534,0.38945615887641905,920
dmn_within,89,"('Dp1Yey', 'VEH')",5.0,0.39983457922935484,0.3975923150777817,0.4033044010400772,920
dmn_within,89,"('Dp1Yey', 'VEH')",50.0,0.4556867778301239,0.45292159020900724,0.4585839994251728,920
dmn_within,89,"('Dp1Yey', 'VEH')",95.0,0.545355886220932,0.542214785516262,0.550631195306778,920
dmn_within,89,"('Dp1Yey', 'VEH')",99.0,0.5664389303326607,0.5627650618553162,0.5694427788257599,920
dmn_within,8,"('Dp1Yey', 'LCTB92')",1.0,0.6943071189522744,0.6823122853040695,0.7121653261780739,1492
dmn_within,8,"('Dp1Yey', 'LCTB92')",5.0,0.7586659409105778,0.7517759501934052,0.7732531726360321,1492
dmn_within,8,"('Dp1Yey', 'LCTB92')",50.0,0.910703532397747,0.9057497978210449,0.9165975506417453,1492
dmn_within,8,"('Dp1Yey', 'LCTB92')",95.0,1.0066406399942935,1.000457434988857,1.0113675164524467,1492
dmn_within,8,"('Dp1Yey', 'LCTB92')",99.0,1.0348646176606418,1.0303390690227971,1.0426746010780334,1492
dmn_within,8,"('Dp1Yey', 'VEH')",1.0,0.7367099085450173,0.7239465117454529,0.753141992688179,1492
dmn_within,8,"('Dp1Yey', 'VEH')",5.0,0.8183706074953079,0.8083867639489472,0.8266802022792399,1492
dmn_within,8,"('Dp1Yey', 'VEH')",50.0,0.9515130948275328,0.9469952888786792,0.9556111655663699,1492
dmn_within,8,"('Dp1Yey', 'VEH')",95.0,1.0334064476191998,1.0291123818606138,1.0387166617438197,1492
dmn_within,8,"('Dp1Yey', 'VEH')",99.0,1.06672109387815,1.0604526499062776,1.0705549666285514,1492
dmn_within,8,"('Dp1Yey', 'LCTB92')",1.0,0.4467661929130554,0.43316969454288484,0.46070298150181765,1892
dmn_within,8,"('Dp1Yey', 'LCTB92')",5.0,0.5366493433713913,0.518910258822143,0.5533281490206718,1892
dmn_within,8,"('Dp1Yey', 'LCTB92')",50.0,0.8319613412022591,0.822385311126709,0.8398340348154306,1892
dmn_within,8,"('Dp1Yey', 'LCTB92')",95.0,0.9835091387853026,0.9788038066378795,0.9921848006080836,1892
dmn_within,8,"('Dp1Yey', 'LCTB92')",99.0,1.0338448021188378,1.0242193173617125,1.0391475800052279,1892
dmn_within,8,"('Dp1Yey', 'VEH')",1.0,0.628144054710865,0.6187876740098,0.6751650869846344,1892
dmn_within,8,"('Dp1Yey', 'VEH')",5.0,0.754429753869772,0.7444459263980389,0.7710843926854432,1892
dmn_within,8,"('Dp1Yey', 'VEH')",50.0,0.9255235455930233,0.9213066436350346,0.9292099567130208,1892
dmn_within,8,"('Dp1Yey', 'VEH')",95.0,1.0189413604326547,1.015467083081603,1.0221766606904565,1892
dmn_within,8,"('Dp1Yey', 'VEH')",99.0,1.0493766010552645,1.0390215472504496,1.0816644375771283,1892
dmn_within,90,"('Dp1Yey', 'LCTB92')",1.0,0.407276394367218,0.4055425524711609,0.41131128907203673,508
dmn_within,90,"('Dp1Yey', 'LCTB92')",5.0,0.4161038726568222,0.4135987254232168,0.4205475449562073,508
dmn_within,90,"('Dp1Yey', 'LCTB92')",50.0,0.4921674430370331,0.48693010210990906,0.5001802615821361,508
dmn_within,90,"('Dp1Yey', 'LCTB92')",95.0,0.5441296264529228,0.5400526746362447,0.545832385122776,508
dmn_within,90,"('Dp1Yey', 'LCTB92')",99.0,0.5546461373567582,0.547787016555667,0.558703750371933,508
dmn_within,90,"('Dp1Yey', 'VEH')",1.0,0.39678356766700745,0.39372193813323975,0.4012195134162903,508
dmn_within,90,"('Dp1Yey', 'VEH')",5.0,0.4093065023422241,0.4039119172096252,0.41432300209999084,508
dmn_within,90,"('Dp1Yey', 'VEH')",50.0,0.5645632296800613,0.5581226430833339,0.5725025702267885,508
dmn_within,90,"('Dp1Yey', 'VEH')",95.0,0.6485218241810798,0.6421315103769302,0.6525601148605347,508
dmn_within,90,"('Dp1Yey', 'VEH')",99.0,0.6590385881066322,0.6550586888194084,0.6599313616752625,508
dmn_within,90,"('Dp1Yey', 'LCTB92')",1.0,0.20307470738887787,0.20148102521896363,0.2038053548336029,908
dmn_within,90,"('Dp1Yey', 'LCTB92')",5.0,0.2086086541414261,0.20632219314575195,0.2119675874710083,908
dmn_within,90,"('Dp1Yey', 'LCTB92')",50.0,0.28399592638015747,0.25891876220703125,0.2924495339393616,908
dmn_within,90,"('Dp1Yey', 'LCTB92')",95.0,0.42539950609207156,0.4145158439874649,0.4314319908618927,908
dmn_within,90,"('Dp1Yey', 'LCTB92')",99.0,0.4428422290086746,0.44013956372439855,0.4468381881713866,908
dmn_within,90,"('Dp1Yey', 'VEH')",1.0,0.3796192532777786,0.3753390681743622,0.38536614179611206,908
dmn_within,90,"('Dp1Yey', 'VEH')",5.0,0.400370317697525,0.39690208435058594,0.4035781383514404,908
dmn_within,90,"('Dp1Yey', 'VEH')",50.0,0.4541715979576111,0.4507637917995453,0.45597293972969055,908
dmn_within,90,"('Dp1Yey', 'VEH')",95.0,0.545428366959095,0.5425765663385391,0.5479655101895332,908
dmn_within,90,"('Dp1Yey', 'VEH')",99.0,0.5627667582035064,0.558636369407177,0.5657301703095436,908
dmn_within,91,"('Dp1Yey', 'LCTB92')",1.0,0.40806842744350436,0.4069027781486511,0.41214835047721865,496
dmn_within,91,"('Dp1Yey', 'LCTB92')",5.0,0.4160882979631424,0.41339492723345755,0.4203906521201134,496
dmn_within,91,"('Dp1Yey', 'LCTB92')",50.0,0.48906227946281433,0.4852067232131958,0.49932798743247986,496
dmn_within,91,"('Dp1Yey', 'LCTB92')",95.0,0.5470871329307556,0.5416439026594162,0.5515217483043671,496
dmn_within,91,"('Dp1Yey', 'LCTB92')",99.0,0.558338512480259,0.5551430627703666,0.5640518516302109,496
dmn_within,91,"('Dp1Yey', 'VEH')",1.0,0.4008146286010742,0.39850139021873476,0.40372479856014254,496
dmn_within,91,"('Dp1Yey', 'VEH')",5.0,0.40926337242126465,0.4051339626312256,0.4161404155194759,496
dmn_within,91,"('Dp1Yey', 'VEH')",50.0,0.5590902417898178,0.5537938475608826,0.5689960420131683,496
dmn_within,91,"('Dp1Yey', 'VEH')",95.0,0.6391310021281242,0.6355599761009216,0.644970566034317,496
dmn_within,91,"('Dp1Yey', 'VEH')",99.0,0.6511159524321556,0.648915246129036,0.6541003748774529,496
dmn_within,91,"('Dp1Yey', 'LCTB92')",1.0,0.20284111499786378,0.20114213228225708,0.20422337219119072,896
dmn_within,91,"('Dp1Yey', 'LCTB92')",5.0,0.20821288228034973,0.20596355199813843,0.20926019549369812,896
dmn_within,91,"('Dp1Yey', 'LCTB92')",50.0,0.2747974097728729,0.25807130336761475,0.28865814208984375,896
dmn_within,91,"('Dp1Yey', 'LCTB92')",95.0,0.41993483901023865,0.4082566499710083,0.43050459101796146,896
dmn_within,91,"('Dp1Yey', 'LCTB92')",99.0,0.43760749995708464,0.4352558530867099,0.43873053789138794,896
dmn_within,91,"('Dp1Yey', 'VEH')",1.0,0.3778558820486069,0.364901602268219,0.38544592231512054,896
dmn_within,91,"('Dp1Yey', 'VEH')",5.0,0.3995785415172577,0.39461737871170044,0.4024154245853424,896
dmn_within,91,"('Dp1Yey', 'VEH')",50.0,0.45125311613082886,0.44849297404289246,0.4538551464676857,896
dmn_within,91,"('Dp1Yey', 'VEH')",95.0,0.5423525497317314,0.538942851126194,0.5456915497779846,896
dmn_within,91,"('Dp1Yey', 'VEH')",99.0,0.5604865819215774,0.5555642634630203,0.562541127204895,896
dmn_within,92,"('Dp1Yey', 'LCTB92')",1.0,0.4105127680301666,0.40771581828594206,0.41214579252898687,484
dmn_within,92,"('Dp1Yey', 'LCTB92')",5.0,0.41670083701610566,0.4134782403707504,0.42153674364089966,484
dmn_within,92,"('Dp1Yey', 'LCTB92')",50.0,0.49315398931503296,0.48597532510757446,0.4998156428337097,484
dmn_within,92,"('Dp1Yey', 'LCTB92')",95.0,0.5499295517802238,0.5391412938386202,0.5537129938602448,484
dmn_within,92,"('Dp1Yey', 'LCTB92')",99.0,0.5587584862112999,0.5559383434057236,0.5598788401484489,484
dmn_within,92,"('Dp1Yey', 'VEH')",1.0,0.40570105850696564,0.40154110312461855,0.40887879610061645,484
dmn_within,92,"('Dp1Yey', 'VEH')",5.0,0.41280963122844694,0.4101225405931473,0.41611183285713194,484
dmn_within,92,"('Dp1Yey', 'VEH')",50.0,0.55604387819767,0.5507639348506927,0.5632461607456207,484
dmn_within,92,"('Dp1Yey', 'VEH')",95.0,0.6374190405011176,0.6320010259747505,0.639275312423706,484
dmn_within,92,"('Dp1Yey', 'VEH')",99.0,0.6434422019124031,0.6412619167566299,0.644327101111412,484
dmn_within,92,"('Dp1Yey', 'LCTB92')",1.0,0.20196889400482176,0.20096755027770996,0.20391213770210742,884
dmn_within,92,"('Dp1Yey', 'LCTB92')",5.0,0.20689041316509246,0.20557250678539277,0.20883399546146392,884
dmn_within,92,"('Dp1Yey', 'LCTB92')",50.0,0.2701415419578552,0.2563265264034271,0.28600865602493286,884
dmn_within,92,"('Dp1Yey', 'LCTB92')",95.0,0.41011196672916406,0.39005833864212036,0.4220565974712372,884
dmn_within,92,"('Dp1Yey', 'LCTB92')",99.0,0.43306372761726375,0.428278156518936,0.4353393316268921,884
dmn_within,92,"('Dp1Yey', 'VEH')",1.0,0.37459949672222137,0.36582016944885254,0.3844493990838527,884
dmn_within,92,"('Dp1Yey', 'VEH')",5.0,0.3954648733139038,0.393915992975235,0.3981824254989624,884
dmn_within,92,"('Dp1Yey', 'VEH')",50.0,0.45016640424728394,0.44632405042648315,0.45294076204299927,884
dmn_within,92,"('Dp1Yey', 'VEH')",95.0,0.5410747155547142,0.5373775959014893,0.5463820695877075,884
dmn_within,92,"('Dp1Yey', 'VEH')",99.0,0.5572205871343613,0.5549851782768965,0.5599362850189209,884
dmn_within,93,"('Dp1Yey', 'LCTB92')",1.0,0.41046457588672636,0.40762010872364046,0.4140976995229721,472
dmn_within,93,"('Dp1Yey', 'LCTB92')",5.0,0.417837581038475,0.41486754417419436,0.42314058542251587,472
dmn_within,93,"('Dp1Yey', 'LCTB92')",50.0,0.49372807145118713,0.4894854724407196,0.4980001151561737,472
dmn_within,93,"('Dp1Yey', 'LCTB92')",95.0,0.5424539387226105,0.5341627568006515,0.5489924470707773,472
dmn_within,93,"('Dp1Yey', 'LCTB92')",99.0,0.5551557973027229,0.5521492660045624,0.5566873535513878,472
dmn_within,93,"('Dp1Yey', 'VEH')",1.0,0.4094276970624924,0.4081718820333481,0.4134638869762421,472
dmn_within,93,"('Dp1Yey', 'VEH')",5.0,0.4169436484575272,0.415150703266263,0.42107319831848145,472
dmn_within,93,"('Dp1Yey', 'VEH')",50.0,0.5521043986082077,0.5481877624988556,0.5601867437362671,472
dmn_within,93,"('Dp1Yey', 'VEH')",95.0,0.6294275403022765,0.6243050262331963,0.6352781300991773,472
dmn_within,93,"('Dp1Yey', 'VEH')",99.0,0.6404941135644913,0.63707639336586,0.6430334508419037,472
dmn_within,93,"('Dp1Yey', 'LCTB92')",1.0,0.20157985925674438,0.20053279399871826,0.2027854323387146,872
dmn_within,93,"('Dp1Yey', 'LCTB92')",5.0,0.207048761844635,0.20480467975139618,0.20896923542022705,872
dmn_within,93,"('Dp1Yey', 'LCTB92')",50.0,0.26901260018348694,0.2541792392730713,0.2824574336409569,872
dmn_within,93,"('Dp1Yey', 'LCTB92')",95.0,0.4046948790550231,0.38109922409057617,0.4112173318862915,872
dmn_within,93,"('Dp1Yey', 'LCTB92')",99.0,0.42455816149711606,0.42280519008636475,0.427933931350708,872
dmn_within,93,"('Dp1Yey', 'VEH')",1.0,0.3761098939180374,0.37425893545150757,0.38383646552264694,872
dmn_within,93,"('Dp1Yey', 'VEH')",5.0,0.39379591345787046,0.39160698652267456,0.3960396647453308,872
dmn_within,93,"('Dp1Yey', 'VEH')",50.0,0.4480404257774353,0.44472092390060425,0.45180878043174744,872
dmn_within,93,"('Dp1Yey', 'VEH')",95.0,0.5422101721167564,0.537225317955017,0.545437216758728,872
dmn_within,93,"('Dp1Yey', 'VEH')",99.0,0.5552701768279075,0.5513465675711632,0.5577841401100159,872
dmn_within,94,"('Dp1Yey', 'LCTB92')",1.0,0.4117776370048523,0.4106949496269226,0.4150883901119232,460
dmn_within,94,"('Dp1Yey', 'LCTB92')",5.0,0.4197545200586319,0.41614274978637694,0.4266793131828308,460
dmn_within,94,"('Dp1Yey', 'LCTB92')",50.0,0.4935014247894287,0.4903402030467987,0.49820294603705406,460
dmn_within,94,"('Dp1Yey', 'LCTB92')",95.0,0.533208854496479,0.5308270812034607,0.537589792907238,460
dmn_within,94,"('Dp1Yey', 'LCTB92')",99.0,0.5447691690921783,0.5401819425821305,0.551041294336319,460
dmn_within,94,"('Dp1Yey', 'VEH')",1.0,0.41515581429004667,0.413161558508873,0.41769932611286636,460
dmn_within,94,"('Dp1Yey', 'VEH')",5.0,0.4242818862199783,0.41987669467926025,0.42787737846374513,460
dmn_within,94,"('Dp1Yey', 'VEH')",50.0,0.5499249547719955,0.5474009066820145,0.5567702680826186,460
dmn_within,94,"('Dp1Yey', 'VEH')",95.0,0.6260222822427749,0.6192337781190872,0.6300924882292748,460
dmn_within,94,"('Dp1Yey', 'VEH')",99.0,0.638246808052063,0.6328371679782867,0.6394098427891731,460
dmn_within,94,"('Dp1Yey', 'LCTB92')",1.0,0.2021412020921707,0.2012425661087036,0.2027645707130432,860
dmn_within,94,"('Dp1Yey', 'LCTB92')",5.0,0.20622823834419252,0.2050493359565735,0.2076198160648346,860
dmn_within,94,"('Dp1Yey', 'LCTB92')",50.0,0.2672901153564453,0.254588782787323,0.2742965519428253,860
dmn_within,94,"('Dp1Yey', 'LCTB92')",95.0,0.3977216362953186,0.37503627389669414,0.4009561330080032,860
dmn_within,94,"('Dp1Yey', 'LCTB92')",99.0,0.4225299084186554,0.41870633538067326,0.42451924085617065,860
dmn_within,94,"('Dp1Yey', 'VEH')",1.0,0.37733157455921174,0.3747726082801819,0.3801314204931259,860
dmn_within,94,"('Dp1Yey', 'VEH')",5.0,0.39279391169548034,0.3907283693552017,0.3948322206735611,860
dmn_within,94,"('Dp1Yey', 'VEH')",50.0,0.447894424200058,0.4430333040654659,0.4503609612584114,860
dmn_within,94,"('Dp1Yey', 'VEH')",95.0,0.5389303654432296,0.5341203033924102,0.5426747873425484,860
dmn_within,94,"('Dp1Yey', 'VEH')",99.0,0.5521351832151412,0.5458897739648819,0.5604067444801331,860
dmn_within,95,"('Dp1Yey', 'LCTB92')",1.0,0.41401444613933563,0.41250425577163696,0.41934600089490415,448
dmn_within,95,"('Dp1Yey', 'LCTB92')",5.0,0.42327992618083954,0.4204413741827011,0.43286067247390747,448
dmn_within,95,"('Dp1Yey', 'LCTB92')",50.0,0.49598413705825806,0.49164345040917395,0.5007528066635132,448
dmn_within,95,"('Dp1Yey', 'LCTB92')",95.0,0.5297040775418281,0.5250390583276748,0.5326200157403946,448
dmn_within,95,"('Dp1Yey', 'LCTB92')",99.0,0.5383250266313553,0.5342259407043457,0.5416025969386101,448
dmn_within,95,"('Dp1Yey', 'VEH')",1.0,0.41945977091789244,0.41761079788208005,0.42382984851300715,448
dmn_within,95,"('Dp1Yey', 'VEH')",5.0,0.42964376211166383,0.42666876316070557,0.43393558263778687,448
dmn_within,95,"('Dp1Yey', 'VEH')",50.0,0.5483156889677048,0.5453679859638214,0.5561950746923685,448
dmn_within,95,"('Dp1Yey', 'VEH')",95.0,0.6226515293121337,0.6181441843509674,0.6258938938379287,448
dmn_within,95,"('Dp1Yey', 'VEH')",99.0,0.6324707409739494,0.6288636273518204,0.6341742599010467,448
dmn_within,95,"('Dp1Yey', 'LCTB92')",1.0,0.20185284018516542,0.20083081722259521,0.20309746265411377,848
dmn_within,95,"('Dp1Yey', 'LCTB92')",5.0,0.20569790303707122,0.20490115880966187,0.20767455488443373,848
dmn_within,95,"('Dp1Yey', 'LCTB92')",50.0,0.2654900848865509,0.2594213061034679,0.27142500728368757,848
dmn_within,95,"('Dp1Yey', 'LCTB92')",95.0,0.3816190063953399,0.36958346962928773,0.3932766944169998,848
dmn_within,95,"('Dp1Yey', 'LCTB92')",99.0,0.4102781796455383,0.40286014634370804,0.41971713304519653,848
dmn_within,95,"('Dp1Yey', 'VEH')",1.0,0.3756185036897659,0.37078940868377686,0.3790314841270447,848
dmn_within,95,"('Dp1Yey', 'VEH')",5.0,0.3902211368083954,0.3852840065956116,0.39313810780644415,848
dmn_within,95,"('Dp1Yey', 'VEH')",50.0,0.44549795985221863,0.4419021442532539,0.4493958353996277,848
dmn_within,95,"('Dp1Yey', 'VEH')",95.0,0.5362781241536141,0.5342265922576189,0.538486897945404,848
dmn_within,95,"('Dp1Yey', 'VEH')",99.0,0.546868181526661,0.5422762930393219,0.5512804985046387,848
dmn_within,96,"('Dp1Yey', 'LCTB92')",1.0,0.4195282608270645,0.41835245192050935,0.42284905910491943,436
dmn_within,96,"('Dp1Yey', 'LCTB92')",5.0,0.4311572462320328,0.42514777183532715,0.435435776039958,436
dmn_within,96,"('Dp1Yey', 'LCTB92')",50.0,0.4964410066604614,0.4926505386829376,0.49992203786969186,436
dmn_within,96,"('Dp1Yey', 'LCTB92')",95.0,0.5253829583525658,0.5204165801405907,0.5297751426696777,436
dmn_within,96,"('Dp1Yey', 'LCTB92')",99.0,0.5366568312048912,0.5317362546920776,0.5404368311166763,436
dmn_within,96,"('Dp1Yey', 'VEH')",1.0,0.4249364107847214,0.4229868441820145,0.4290315806865692,436
dmn_within,96,"('Dp1Yey', 'VEH')",5.0,0.4345988482236862,0.43036460876464844,0.44292629472911355,436
dmn_within,96,"('Dp1Yey', 'VEH')",50.0,0.5461722612380981,0.5427305996417999,0.5535061657428741,436
dmn_within,96,"('Dp1Yey', 'VEH')",95.0,0.620819479227066,0.6043810311704874,0.6231622025370598,436
dmn_within,96,"('Dp1Yey', 'VEH')",99.0,0.6306364938616752,0.6255205571651459,0.6321899592876434,436
dmn_within,96,"('Dp1Yey', 'LCTB92')",1.0,0.20035692155361176,0.19788748025894165,0.20370555818080902,836
dmn_within,96,"('Dp1Yey', 'LCTB92')",5.0,0.20710353553295135,0.20562885701656342,0.2086505889892578,836
dmn_within,96,"('Dp1Yey', 'LCTB92')",50.0,0.2653810381889343,0.2604316771030426,0.27273237705230713,836
dmn_within,96,"('Dp1Yey', 'LCTB92')",95.0,0.3741918355226517,0.3679225295782089,0.3824190054088831,836
dmn_within,96,"('Dp1Yey', 'LCTB92')",99.0,0.4004180759191513,0.3955187797546386,0.40358263552188867,836
dmn_within,96,"('Dp1Yey', 'VEH')",1.0,0.3692415118217468,0.36537832021713257,0.3763731837272644,836
dmn_within,96,"('Dp1Yey', 'VEH')",5.0,0.38686928153038025,0.3821313977241516,0.3903133310377598,836
dmn_within,96,"('Dp1Yey', 'VEH')",50.0,0.4427979588508606,0.440024134516716,0.4468531012535095,836
dmn_within,96,"('Dp1Yey', 'VEH')",95.0,0.535348042845726,0.532173253595829,0.5368184149265289,836
dmn_within,96,"('Dp1Yey', 'VEH')",99.0,0.5416722565889358,0.5388880670070648,0.5449397727847098,836
dmn_within,97,"('Dp1Yey', 'LCTB92')",1.0,0.4259801495075226,0.42309347927570345,0.42974911749362943,424
dmn_within,97,"('Dp1Yey', 'LCTB92')",5.0,0.4357284873723984,0.4327421247959137,0.4386964440345764,424
dmn_within,97,"('Dp1Yey', 'LCTB92')",50.0,0.4946872889995575,0.49194568395614624,0.49639755487442017,424
dmn_within,97,"('Dp1Yey', 'LCTB92')",95.0,0.5235420048236846,0.5171718195080757,0.5262990295886993,424
dmn_within,97,"('Dp1Yey', 'LCTB92')",99.0,0.5294078043103218,0.5272617638111115,0.5331749576330185,424
dmn_within,97,"('Dp1Yey', 'VEH')",1.0,0.42905079245567324,0.4244992136955261,0.43435026705265045,424
dmn_within,97,"('Dp1Yey', 'VEH')",5.0,0.4437240093946457,0.43935216665267945,0.47235845029354095,424
dmn_within,97,"('Dp1Yey', 'VEH')",50.0,0.5443135648965836,0.5411519195884467,0.5485498309135437,424
dmn_within,97,"('Dp1Yey', 'VEH')",95.0,0.6172294408082961,0.5974130183458327,0.6235496237874031,424
dmn_within,97,"('Dp1Yey', 'VEH')",99.0,0.6258925795555115,0.6239914894104004,0.6283037376403808,424
dmn_within,97,"('Dp1Yey', 'LCTB92')",1.0,0.19985271930694581,0.19815897941589355,0.20325128197669984,824
dmn_within,97,"('Dp1Yey', 'LCTB92')",5.0,0.20674990117549896,0.20547189116477965,0.20780748426914214,824
dmn_within,97,"('Dp1Yey', 'LCTB92')",50.0,0.2660422623157501,0.2595232665538788,0.27385779619216916,824
dmn_within,97,"('Dp1Yey', 'LCTB92')",95.0,0.3708080053329467,0.36065404616296254,0.37811535000801083,824
dmn_within,97,"('Dp1Yey', 'LCTB92')",99.0,0.39171031415462493,0.38654659867286684,0.39379388093948364,824
dmn_within,97,"('Dp1Yey', 'VEH')",1.0,0.3625046443939209,0.3593684434890747,0.37202687063813206,824
dmn_within,97,"('Dp1Yey', 'VEH')",5.0,0.3834663450717926,0.3794120281934738,0.3867830276489258,824
dmn_within,97,"('Dp1Yey', 'VEH')",50.0,0.4417099356651306,0.4380074739456177,0.44445186853408813,824
dmn_within,97,"('Dp1Yey', 'VEH')",95.0,0.5318918421864509,0.5292819097638131,0.5355506837368011,824
dmn_within,97,"('Dp1Yey', 'VEH')",99.0,0.5433647939562798,0.5394578760862351,0.5469656586647034,824
dmn_within,98,"('Dp1Yey', 'LCTB92')",1.0,0.43048419773578644,0.4271661984920502,0.4344088572412729,412
dmn_within,98,"('Dp1Yey', 'LCTB92')",5.0,0.43942737877368926,0.4356074333190918,0.4419085294008255,412
dmn_within,98,"('Dp1Yey', 'LCTB92')",50.0,0.4928993284702301,0.491181880235672,0.4950791001319885,412
dmn_within,98,"('Dp1Yey', 'LCTB92')",95.0,0.5183166056871414,0.5135061934590339,0.5212400853633881,412
dmn_within,98,"('Dp1Yey', 'LCTB92')",99.0,0.5263350954651832,0.5231901144981385,0.5281140401959419,412
dmn_within,98,"('Dp1Yey', 'VEH')",1.0,0.4405253267288208,0.43448890566825865,0.4489731788635254,412
dmn_within,98,"('Dp1Yey', 'VEH')",5.0,0.4686753571033478,0.45260339975357056,0.48462735712528227,412
dmn_within,98,"('Dp1Yey', 'VEH')",50.0,0.5435929596424103,0.5401806831359863,0.5466458957642317,412
dmn_within,98,"('Dp1Yey', 'VEH')",95.0,0.6154936090111732,0.5884758380800484,0.6185067296028137,412
dmn_within,98,"('Dp1Yey', 'VEH')",99.0,0.622139390707016,0.6191801428794861,0.6250220748782158,412
dmn_within,98,"('Dp1Yey', 'LCTB92')",1.0,0.19992924392223357,0.19881576299667358,0.20193827152252197,812
dmn_within,98,"('Dp1Yey', 'LCTB92')",5.0,0.2057378351688385,0.2044306844472885,0.20658450789749622,812
dmn_within,98,"('Dp1Yey', 'LCTB92')",50.0,0.26687192916870117,0.2619993984699249,0.2781405448913574,812
dmn_within,98,"('Dp1Yey', 'LCTB92')",95.0,0.36558260917663565,0.35650256261229507,0.3748692065477371,812
dmn_within,98,"('Dp1Yey', 'LCTB92')",99.0,0.3827684623003006,0.3798985004425049,0.3878291845321655,812
dmn_within,98,"('Dp1Yey', 'VEH')",1.0,0.3580328530073166,0.35462023079395294,0.3643342661857605,812
dmn_within,98,"('Dp1Yey', 'VEH')",5.0,0.3767812579870224,0.37386631965637207,0.38398357927799226,812
dmn_within,98,"('Dp1Yey', 'VEH')",50.0,0.4398510456085205,0.4355010688304901,0.4447207450866699,812
dmn_within,98,"('Dp1Yey', 'VEH')",95.0,0.5300847738981247,0.5259704545512796,0.5344691872596741,812
dmn_within,98,"('Dp1Yey', 'VEH')",99.0,0.5471513131260872,0.5408483219146728,0.5501755475997925,812
dmn_within,99,"('Dp1Yey', 'LCTB92')",1.0,0.42893288791179657,0.4269018769264221,0.4356197714805603,400
dmn_within,99,"('Dp1Yey', 'LCTB92')",5.0,0.44191416501998904,0.43624168634414673,0.44459857046604156,400
dmn_within,99,"('Dp1Yey', 'LCTB92')",50.0,0.49133652448654175,0.48846232891082764,0.49327552318573,400
dmn_within,99,"('Dp1Yey', 'LCTB92')",95.0,0.5168216213583946,0.510866093635559,0.5207725763320923,400
dmn_within,99,"('Dp1Yey', 'LCTB92')",99.0,0.5285967561602593,0.5224441299214958,0.5312663912773132,400
dmn_within,99,"('Dp1Yey', 'VEH')",1.0,0.45397745370864867,0.44932055473327637,0.4716178542375565,400
dmn_within,99,"('Dp1Yey', 'VEH')",5.0,0.48687908947467806,0.48369677960872653,0.4953295737504959,400
dmn_within,99,"('Dp1Yey', 'VEH')",50.0,0.5442677438259125,0.5395366549491882,0.5472629558295011,400
dmn_within,99,"('Dp1Yey', 'VEH')",95.0,0.6053983926773069,0.584057480096817,0.6163152426481247,400
dmn_within,99,"('Dp1Yey', 'VEH')",99.0,0.6207308247685432,0.6178473830223083,0.6247888207435608,400
dmn_within,99,"('Dp1Yey', 'LCTB92')",1.0,0.2003513526916504,0.19963322818279267,0.20143377780914307,800
dmn_within,99,"('Dp1Yey', 'LCTB92')",5.0,0.20461177229881286,0.2035234659910202,0.20616819262504577,800
dmn_within,99,"('Dp1Yey', 'LCTB92')",50.0,0.26968610286712646,0.2633730784058571,0.2863180607557297,800
dmn_within,99,"('Dp1Yey', 'LCTB92')",95.0,0.36028401851654035,0.353025996685028,0.37283694446086885,800
dmn_within,99,"('Dp1Yey', 'LCTB92')",99.0,0.3792513382434845,0.3779300973713398,0.3807273495197296,800
dmn_within,99,"('Dp1Yey', 'VEH')",1.0,0.3558100438117981,0.3547849631309509,0.35966106414794924,800
dmn_within,99,"('Dp1Yey', 'VEH')",5.0,0.37276978194713595,0.36803185343742373,0.37992361769080163,800
dmn_within,99,"('Dp1Yey', 'VEH')",50.0,0.44013991951942444,0.4344649314880371,0.4435299038887024,800
dmn_within,99,"('Dp1Yey', 'VEH')",95.0,0.528935581445694,0.5239364355802536,0.5321803867816924,800
dmn_within,99,"('Dp1Yey', 'VEH')",99.0,0.5530054360628128,0.54153111577034,0.5565578392148017,800
dmn_within,9,"('Dp1Yey', 'LCTB92')",1.0,0.6873004022240639,0.6687746942043304,0.7004759603738785,1480
dmn_within,9,"('Dp1Yey', 'LCTB92')",5.0,0.7445488646626472,0.7349876165390015,0.7538691050745546,1480
dmn_within,9,"('Dp1Yey', 'LCTB92')",50.0,0.8860021829605103,0.8808277174830437,0.8914070992730558,1480
dmn_within,9,"('Dp1Yey', 'LCTB92')",95.0,0.997460363234859,0.9904912393540144,1.0028673210181296,1480
dmn_within,9,"('Dp1Yey', 'LCTB92')",99.0,1.0305534320510923,1.024799411483109,1.035784514658153,1480
dmn_within,9,"('Dp1Yey', 'VEH')",1.0,0.7405635851621628,0.7206808891892433,0.759575794748962,1480
dmn_within,9,"('Dp1Yey', 'VEH')",5.0,0.805797491967678,0.7944039396941662,0.818569982983172,1480
dmn_within,9,"('Dp1Yey', 'VEH')",50.0,0.9409208074212074,0.9373238038271665,0.9442925602197647,1480
dmn_within,9,"('Dp1Yey', 'VEH')",95.0,1.0223029657267033,1.0183068949193692,1.0263147686608136,1480
dmn_within,9,"('Dp1Yey', 'VEH')",99.0,1.0646136646717788,1.0489430710300804,1.069755879715085,1480
dmn_within,9,"('Dp1Yey', 'LCTB92')",1.0,0.433141804933548,0.4235046714544296,0.43973334431648253,1880
dmn_within,9,"('Dp1Yey', 'LCTB92')",5.0,0.4940581977367401,0.4784379035234451,0.5190048502013087,1880
dmn_within,9,"('Dp1Yey', 'LCTB92')",50.0,0.8138270676136017,0.8066448919475079,0.8202620271593333,1880
dmn_within,9,"('Dp1Yey', 'LCTB92')",95.0,0.9736924502998591,0.9677800793061033,0.9797010600520298,1880
dmn_within,9,"('Dp1Yey', 'LCTB92')",99.0,1.0169071225635709,1.0071509631723168,1.0246053518541158,1880
dmn_within,9,"('Dp1Yey', 'VEH')",1.0,0.5903159791231155,0.5747491073608398,0.613047488629818,1880
dmn_within,9,"('Dp1Yey', 'VEH')",5.0,0.733265046775341,0.7248425288498401,0.741543173789978,1880
dmn_within,9,"('Dp1Yey', 'VEH')",50.0,0.9083135724067688,0.9037519510835409,0.9112009108066559,1880
dmn_within,9,"('Dp1Yey', 'VEH')",95.0,1.011375733744353,1.0073547606589273,1.016404374826234,1880
dmn_within,9,"('Dp1Yey', 'VEH')",99.0,1.045326473377645,1.0345370973646641,1.055936116639525,1880
dmn_within,short,"('Dp1Yey', 'LCTB92')",1.0,0.26592379808425903,0.26503331430256366,0.26685513071715833,158016
dmn_within,short,"('Dp1Yey', 'LCTB92')",5.0,0.331076979637146,0.3290449302643538,0.33316349647939203,158016
dmn_within,short,"('Dp1Yey', 'LCTB92')",50.0,0.5911915004253387,0.5900424353778362,0.5921607315540314,158016
dmn_within,short,"('Dp1Yey', 'LCTB92')",95.0,0.910766251385212,0.9094631468411535,0.9119101744145155,158016
dmn_within,short,"('Dp1Yey', 'LCTB92')",99.0,0.9885829957202077,0.9868547581136227,0.9901827126741409,158016
dmn_within,short,"('Dp1Yey', 'VEH')",1.0,0.4676976203918457,0.4649194210767746,0.4700796604156494,158016
dmn_within,short,"('Dp1Yey', 'VEH')",5.0,0.5440171360969543,0.5424408422783017,0.5454063415527344,158016
dmn_within,short,"('Dp1Yey', 'VEH')",50.0,0.7395937591791153,0.7387636601924896,0.7404546141624451,158016
dmn_within,short,"('Dp1Yey', 'VEH')",95.0,0.9697569534182549,0.9687823373824358,0.9708140566945076,158016
dmn_within,short,"('Dp1Yey', 'VEH')",99.0,1.0213897339999676,1.0205724028870464,1.0227086748927832,158016
dmn_within,long,"('Dp1Yey', 'LCTB92')",1.0,0.20568777978420258,0.20543015003204346,0.20590484142303467,102720
dmn_within,long,"('Dp1Yey', 'LCTB92')",5.0,0.2239460825920105,0.2233245597034693,0.22468829154968262,102720
dmn_within,long,"('Dp1Yey', 'LCTB92')",50.0,0.34897515177726746,0.348405995965004,0.3496667742729187,102720
dmn_within,long,"('Dp1Yey', 'LCTB92')",95.0,0.511512632668018,0.5105549734458326,0.5123887614160773,102720
dmn_within,long,"('Dp1Yey', 'LCTB92')",99.0,0.5660540914535521,0.5638595223426819,0.5685309168845415,102720
dmn_within,long,"('Dp1Yey', 'VEH')",1.0,0.3880939108133316,0.38719016313552856,0.38901875825226306,102720
dmn_within,long,"('Dp1Yey', 'VEH')",5.0,0.4076903581619263,0.4073780834674835,0.4079962968826294,102720
dmn_within,long,"('Dp1Yey', 'VEH')",50.0,0.5188372135162354,0.5182709611952305,0.5194103747606278,102720
dmn_within,long,"('Dp1Yey', 'VEH')",95.0,0.630677135288715,0.6302354633808136,0.6312555164471267,102720
dmn_within,long,"('Dp1Yey', 'VEH')",99.0,0.6606389173865317,0.6595251739025114,0.6615598797798157,102720
dmn_within,all,"('Dp1Yey', 'LCTB92')",1.0,0.2128371298313141,0.21241021156311035,0.21322931349277496,260736
dmn_within,all,"('Dp1Yey', 'LCTB92')",5.0,0.24736320972442627,0.24704042747616767,0.24779564067721366,260736
dmn_within,all,"('Dp1Yey', 'LCTB92')",50.0,0.47810596227645874,0.4770664982497692,0.47906636297702787,260736
dmn_within,all,"('Dp1Yey', 'LCTB92')",95.0,0.8731693774461746,0.87151172272861,0.8745516687631607,260736
dmn_within,all,"('Dp1Yey', 'LCTB92')",99.0,0.9717057577334344,0.970215231180191,0.9730874300003052,260736
dmn_within,all,"('Dp1Yey', 'VEH')",1.0,0.39803552329540254,0.397452712059021,0.39848473817110064,260736
dmn_within,all,"('Dp1Yey', 'VEH')",5.0,0.43097376823425293,0.43039074577391145,0.4315265864133835,260736
dmn_within,all,"('Dp1Yey', 'VEH')",50.0,0.6329875141382217,0.6323171854019165,0.6337978839874268,260736
dmn_within,all,"('Dp1Yey', 'VEH')",95.0,0.9407244995236397,0.939605563133955,0.9418860918842256,260736
dmn_within,all,"('Dp1Yey', 'VEH')",99.0,1.0088445202447474,1.0079016042873263,1.0098221702501178,260736
